#Datasets	 AA_0001_diamond_output_below	 AA_0003_diamond_output_below	 AA_0004_diamond_output_below	 AA_0006_diamond_output_below	 AA_0008_diamond_output_above	 AA_0009_diamond_output_above	 AA_0010_diamond_output_below	 AA_0012_diamond_output_above	 AA_0013_diamond_output_below	 AA_0014_diamond_output_below	 AA_0015_diamond_output_above	 AA_0016_diamond_output_below	 AA_0017_diamond_output_below	 AA_0018_diamond_output_below	 AA_0019_diamond_output_below	 AA_0021_diamond_output_above	 AA_0023_diamond_output_below	 AA_0025_diamond_output_above	 AA_0026_diamond_output_below	 AA_0027_diamond_output_above	 AA_0030_diamond_output_below	 AA_0032_diamond_output_above	 AA_0033_diamond_output_below	 AA_0034_diamond_output_below	 AA_0035_diamond_output_above	 AA_0036_diamond_output_below	 AA_0037_diamond_output_below	 AA_0038_diamond_output_below	 AA_0039_diamond_output_below	 AA_0040_diamond_output_below	 AA_0041_diamond_output_below	 AA_0042_diamond_output_below	 AA_0043_diamond_output_above	 AA_0044_diamond_output_below	 AA_0045_diamond_output_below	 AA_0046_diamond_output_below	 AA_0047_diamond_output_above	 AA_0048_diamond_output_above	 AA_0049_diamond_output_above	 AA_0050_diamond_output_below	 AA_0052_diamond_output_above	 AA_0053_diamond_output_above	 AA_0054_diamond_output_below	 AA_0055_diamond_output_below	 AA_0057_diamond_output_above	 AA_0058_diamond_output_below	 AA_0060_diamond_output_below	 AA_0061_diamond_output_above	 AA_0062_diamond_output_below	 AA_0065_diamond_output_below	 AA_0071_diamond_output_above	 AA_0080_diamond_output_above	 AA_0092_diamond_output_above	 AA_0093_diamond_output_below	 AA_0096_diamond_output_above	 AA_0097_diamond_output_above	 AA_0098_diamond_output_below	 AA_0099_diamond_output_above	 AA_0100_diamond_output_below	 AA_0102_diamond_output_below	 AA_0103_diamond_output_below	 AA_0104_diamond_output_above	 AA_0105_diamond_output_below	 AA_0106_diamond_output_above	 AA_0109_diamond_output_below	 AA_0111_diamond_output_below	 AA_0112_diamond_output_below	 AA_0113_diamond_output_below	 AA_0115_diamond_output_below	 AA_0116_diamond_output_above	 AA_0117_diamond_output_below	 AA_0118_diamond_output_above	 AA_0119_diamond_output_above	 AA_0120_diamond_output_below	 AA_0121_diamond_output_below	 AA_0123_diamond_output_below	 AA_0125_diamond_output_above	 AA_0126_diamond_output_below	 AA_0127_diamond_output_below	 AA_0128_diamond_output_below	 AA_0129_diamond_output_below	 AA_0130_diamond_output_below	 AA_0131_diamond_output_below	 AA_0132_diamond_output_below	 AA_0133_diamond_output_below	 AA_0134_diamond_output_above	 AA_0135_diamond_output_below	 AA_0136_diamond_output_below	 AA_0137_diamond_output_below	 AA_0138_diamond_output_above	 AA_0139_diamond_output_above	 AA_0141_diamond_output_below	 AA_0142_diamond_output_above	 AA_0143_diamond_output_below	 AA_0151_diamond_output_below	 AA_0152_diamond_output_above	 AA_0153_diamond_output_below
"Actinomyces"	 0	 0	 0	 0	 0	 0	 0	 0	 0	 42	 0	 0	 0	 0	 0	 0	 0	 0	 0	 0	 0	 0	 0	 0	 0	 0	 0	 0	 0	 0	 0	 0	 0	 0	 0	 0	 0	 0	 0	 73	 0	 0	 0	 0	 0	 0	 0	 0	 0	 0	 0	 0	 0	 0	 0	 0	 0	 0	 0	 0	 0	 0	 0	 0	 0	 161	 0	 0	 0	 0	 0	 0	 0	 0	 0	 0	 0	 0	 0	 0	 0	 0	 0	 0	 0	 0	 0	 0	 0	 0	 0	 0	 0	 0	 0	 0	 0
"Pauljensenia"	 0	 0	 0	 0	 0	 0	 0	 132	 0	 338	 0	 77	 0	 46	 0	 0	 0	 0	 0	 0	 0	 0	 0	 0	 0	 0	 0	 0	 0	 0	 0	 0	 0	 0	 0	 0	 0	 0	 0	 166	 0	 0	 0	 0	 43	 0	 0	 0	 89	 0	 0	 0	 0	 0	 0	 0	 0	 0	 0	 0	 0	 0	 45	 116	 0	 585	 0	 0	 0	 0	 0	 0	 0	 0	 0	 0	 0	 0	 0	 0	 0	 0	 0	 0	 0	 0	 0	 221	 0	 0	 0	 0	 0	 42	 0	 0	 0
"Bifidobacterium"	 1273	 2065	 3267	 5476	 4532	 929	 2295	 3093	 2925	 4708	 4194	 3156	 4408	 3904	 1004	 2900	 5189	 0	 0	 1713	 3591	 2909	 4726	 1747	 2362	 3947	 2917	 3934	 3434	 4285	 4811	 0	 2236	 2333	 2589	 1210	 2605	 4584	 3768	 4329	 3497	 3386	 3103	 484	 3729	 2421	 4684	 0	 3146	 2062	 1190	 2291	 3356	 4219	 3759	 1261	 3912	 4545	 1290	 3199	 3505	 4250	 2952	 3363	 2958	 2062	 493	 3431	 3715	 4151	 3179	 2223	 3179	 3151	 823	 2629	 3266	 3121	 4039	 2615	 1954	 1661	 4315	 2263	 992	 2710	 2228	 2127	 4136	 4917	 2253	 1866	 0	 1754	 2671	 2981	 83
"Rothia"	 0	 0	 0	 0	 0	 0	 0	 0	 0	 943	 0	 0	 0	 0	 29	 0	 0	 0	 0	 0	 0	 0	 0	 0	 0	 0	 0	 0	 0	 0	 0	 0	 0	 0	 0	 0	 0	 0	 0	 0	 0	 0	 0	 0	 0	 0	 0	 0	 0	 0	 0	 0	 0	 0	 0	 0	 0	 0	 0	 0	 0	 0	 0	 0	 0	 115	 0	 0	 0	 0	 0	 0	 0	 0	 0	 0	 0	 0	 0	 0	 0	 0	 0	 0	 0	 0	 0	 0	 0	 0	 0	 0	 0	 0	 0	 0	 0
"Olsenella"	 0	 0	 0	 0	 0	 0	 0	 0	 0	 0	 0	 0	 0	 0	 0	 0	 0	 0	 0	 0	 0	 0	 0	 220	 0	 0	 0	 0	 0	 0	 0	 0	 0	 0	 0	 0	 0	 0	 0	 0	 0	 0	 0	 0	 0	 0	 0	 0	 0	 0	 0	 0	 0	 0	 0	 0	 0	 0	 0	 0	 0	 0	 0	 0	 0	 0	 0	 0	 0	 0	 0	 0	 0	 0	 0	 0	 0	 0	 0	 0	 0	 0	 0	 0	 0	 0	 0	 0	 0	 0	 0	 0	 0	 0	 0	 0	 0
"Olsenella_B"	 0	 0	 0	 1161	 2027	 0	 0	 0	 0	 0	 2091	 0	 0	 2338	 639	 0	 1271	 0	 0	 0	 0	 0	 0	 377	 0	 1146	 0	 0	 225	 0	 286	 0	 0	 0	 0	 0	 0	 0	 124	 0	 317	 1868	 0	 0	 0	 0	 489	 0	 226	 0	 0	 0	 0	 0	 0	 0	 2222	 39	 337	 972	 1963	 0	 1818	 0	 0	 514	 0	 0	 304	 0	 0	 0	 0	 56	 0	 0	 0	 0	 0	 79	 0	 0	 1883	 0	 534	 0	 0	 0	 763	 0	 964	 0	 0	 43	 0	 0	 0
"Olsenella_E"	 0	 0	 0	 561	 0	 0	 0	 726	 0	 0	 0	 0	 0	 0	 0	 0	 0	 0	 0	 555	 621	 956	 853	 92	 0	 725	 0	 718	 0	 890	 147	 0	 0	 0	 0	 0	 0	 0	 0	 0	 0	 722	 74	 0	 0	 0	 842	 0	 0	 0	 0	 0	 93	 0	 0	 0	 0	 0	 16	 0	 0	 0	 0	 0	 0	 0	 0	 773	 0	 715	 0	 0	 0	 0	 0	 720	 96	 0	 0	 0	 0	 0	 138	 0	 0	 0	 0	 0	 0	 0	 854	 619	 459	 14	 1510	 0	 0
"Parolsenella"	 0	 0	 0	 0	 0	 0	 0	 0	 0	 0	 0	 0	 0	 0	 0	 0	 0	 0	 0	 0	 0	 0	 45	 0	 0	 0	 0	 0	 0	 0	 0	 0	 0	 0	 0	 0	 0	 0	 0	 0	 0	 0	 0	 0	 0	 0	 0	 0	 0	 0	 0	 0	 0	 0	 0	 0	 0	 0	 0	 0	 0	 0	 0	 0	 0	 0	 0	 0	 0	 0	 0	 0	 0	 0	 0	 390	 0	 0	 0	 0	 0	 0	 0	 0	 0	 0	 0	 0	 0	 0	 0	 0	 0	 0	 213	 0	 0
"Collinsella"	 445	 473	 918	 982	 670	 616	 769	 1960	 630	 1264	 0	 450	 940	 1551	 598	 2252	 1039	 0	 620	 1871	 2374	 1346	 1233	 673	 550	 1280	 619	 978	 1049	 2204	 992	 632	 1475	 847	 1371	 1631	 576	 1470	 1799	 1868	 943	 2216	 1524	 0	 0	 0	 1017	 1419	 1645	 738	 0	 0	 1785	 2924	 2401	 1253	 1098	 1144	 445	 869	 645	 689	 926	 647	 624	 1740	 871	 1642	 996	 1534	 1573	 0	 638	 1462	 1113	 1468	 949	 707	 338	 825	 1576	 848	 1629	 1658	 802	 756	 756	 0	 1788	 1152	 1053	 653	 2100	 702	 1031	 628	 907
"Enorma"	 0	 0	 0	 0	 0	 0	 0	 0	 0	 0	 0	 0	 0	 0	 95	 0	 0	 0	 0	 0	 0	 0	 0	 0	 0	 0	 0	 519	 0	 0	 0	 0	 0	 0	 117	 0	 0	 0	 0	 0	 0	 0	 312	 0	 0	 0	 0	 0	 0	 0	 0	 0	 0	 0	 0	 0	 0	 0	 67	 0	 729	 0	 0	 0	 0	 0	 0	 0	 0	 0	 0	 0	 0	 0	 0	 0	 0	 0	 0	 0	 0	 0	 0	 0	 0	 0	 0	 607	 0	 0	 0	 0	 0	 31	 0	 0	 0
"Adlercreutzia"	 0	 0	 0	 130	 131	 380	 0	 0	 0	 0	 0	 0	 311	 309	 0	 478	 261	 0	 0	 40	 424	 0	 0	 0	 0	 0	 0	 0	 66	 0	 0	 0	 0	 418	 0	 0	 0	 0	 345	 0	 305	 0	 342	 0	 0	 0	 0	 98	 257	 77	 360	 451	 350	 0	 370	 0	 379	 0	 0	 0	 188	 0	 0	 0	 156	 0	 0	 0	 256	 63	 222	 447	 97	 152	 33	 0	 131	 386	 0	 42	 183	 0	 584	 431	 249	 0	 347	 0	 285	 0	 101	 0	 0	 0	 0	 0	 0
"CAG-1427"	 29	 243	 97	 429	 0	 0	 0	 331	 0	 385	 0	 0	 0	 246	 51	 428	 334	 0	 0	 93	 349	 325	 229	 209	 0	 559	 61	 627	 1064	 109	 381	 0	 204	 215	 426	 0	 0	 0	 481	 116	 227	 277	 787	 0	 0	 0	 113	 0	 0	 292	 0	 0	 332	 0	 273	 0	 154	 0	 13	 634	 431	 0	 0	 0	 180	 225	 1751	 412	 0	 107	 0	 46	 0	 0	 0	 133	 699	 256	 0	 0	 0	 0	 342	 679	 0	 0	 0	 0	 551	 277	 464	 0	 0	 0	 250	 38	 351
"Eggerthella"	 0	 205	 0	 0	 0	 698	 0	 50	 1334	 0	 1359	 1573	 1094	 0	 889	 0	 131	 1087	 1023	 107	 0	 0	 138	 0	 547	 0	 0	 163	 0	 76	 1092	 1985	 67	 52	 1084	 1094	 1807	 878	 74	 1338	 0	 0	 0	 2233	 0	 2222	 767	 452	 0	 0	 922	 1981	 671	 0	 0	 2116	 0	 1565	 0	 0	 334	 1837	 46	 2531	 73	 0	 0	 0	 0	 0	 401	 1605	 778	 0	 0	 59	 364	 0	 843	 727	 882	 1133	 175	 368	 0	 2064	 806	 1251	 53	 0	 0	 211	 73	 0	 0	 1161	 254
"Enteroscipio"	 0	 0	 0	 0	 0	 0	 0	 0	 31	 0	 0	 0	 0	 0	 0	 0	 0	 0	 0	 0	 0	 0	 0	 0	 0	 0	 0	 0	 0	 0	 0	 0	 0	 0	 0	 0	 0	 0	 0	 0	 0	 0	 0	 0	 0	 0	 0	 0	 0	 0	 0	 0	 0	 0	 0	 0	 0	 80	 0	 0	 0	 0	 0	 61	 0	 0	 0	 0	 0	 0	 0	 0	 0	 0	 0	 0	 0	 0	 0	 0	 0	 0	 0	 0	 0	 0	 0	 0	 0	 0	 0	 0	 0	 0	 0	 0	 0
"Gordonibacter"	 0	 51	 0	 0	 0	 513	 0	 0	 248	 48	 54	 161	 100	 0	 60	 0	 161	 0	 0	 0	 119	 92	 513	 0	 151	 0	 0	 546	 0	 0	 29	 0	 0	 0	 385	 28	 0	 0	 121	 130	 64	 0	 291	 0	 0	 0	 42	 122	 0	 0	 66	 126	 460	 0	 0	 0	 0	 42	 0	 0	 1152	 0	 0	 906	 0	 0	 0	 0	 51	 310	 68	 404	 0	 60	 50	 0	 419	 81	 422	 317	 0	 0	 0	 1350	 0	 0	 237	 90	 395	 0	 0	 0	 0	 0	 0	 517	 46
"Paraeggerthella"	 0	 0	 0	 0	 0	 0	 0	 0	 0	 0	 0	 0	 0	 0	 0	 0	 0	 0	 0	 0	 0	 0	 0	 0	 0	 0	 0	 0	 0	 0	 0	 0	 0	 0	 0	 0	 0	 0	 0	 0	 0	 0	 0	 0	 0	 0	 0	 0	 0	 0	 0	 98	 0	 0	 0	 0	 0	 0	 0	 0	 0	 0	 0	 0	 0	 0	 0	 0	 0	 0	 0	 0	 0	 0	 0	 0	 0	 0	 0	 0	 0	 0	 0	 0	 0	 0	 0	 0	 0	 0	 0	 75	 0	 0	 0	 0	 0
"Raoultibacter"	 0	 0	 0	 0	 0	 0	 0	 0	 0	 0	 0	 0	 36	 0	 0	 1297	 74	 0	 124	 0	 89	 0	 40	 0	 0	 27	 0	 0	 0	 0	 0	 0	 0	 0	 0	 0	 0	 0	 0	 0	 0	 0	 0	 1436	 0	 0	 0	 0	 0	 0	 0	 0	 0	 0	 0	 1021	 0	 0	 0	 0	 220	 0	 0	 137	 71	 0	 0	 0	 0	 0	 0	 46	 0	 0	 0	 0	 0	 0	 0	 0	 0	 0	 0	 0	 0	 0	 0	 0	 0	 0	 0	 0	 0	 0	 0	 48	 0
"Rubneribacter"	 0	 0	 0	 0	 0	 0	 0	 0	 0	 0	 0	 0	 0	 0	 0	 0	 0	 0	 0	 0	 0	 0	 0	 0	 0	 0	 0	 0	 0	 0	 0	 0	 0	 0	 0	 0	 0	 0	 0	 0	 0	 0	 0	 0	 0	 0	 0	 0	 0	 0	 0	 0	 0	 0	 0	 0	 0	 0	 0	 0	 0	 0	 0	 49	 0	 0	 0	 0	 0	 0	 0	 0	 0	 0	 0	 0	 0	 0	 0	 0	 0	 0	 0	 0	 0	 0	 0	 0	 0	 0	 0	 0	 0	 0	 0	 0	 0
"Senegalimassilia"	 0	 0	 91	 0	 0	 0	 0	 313	 0	 0	 304	 0	 0	 0	 0	 280	 0	 0	 0	 228	 277	 45	 160	 69	 0	 31	 84	 0	 251	 144	 0	 0	 479	 299	 0	 0	 0	 413	 225	 0	 0	 61	 0	 0	 0	 0	 0	 0	 51	 229	 0	 0	 54	 0	 254	 0	 0	 0	 0	 0	 230	 0	 319	 0	 0	 0	 584	 197	 291	 319	 0	 0	 411	 0	 142	 295	 0	 46	 0	 0	 0	 236	 0	 0	 0	 0	 0	 0	 260	 0	 270	 0	 81	 0	 0	 0	 0
"Slackia_A"	 0	 0	 0	 0	 402	 0	 214	 225	 0	 155	 0	 0	 0	 0	 0	 0	 0	 0	 0	 0	 0	 0	 147	 0	 0	 34	 126	 141	 0	 392	 0	 0	 524	 272	 0	 0	 0	 466	 0	 471	 0	 266	 187	 0	 0	 0	 0	 0	 0	 0	 0	 0	 0	 773	 267	 0	 422	 0	 0	 0	 0	 0	 43	 0	 0	 167	 0	 236	 0	 0	 0	 0	 0	 353	 0	 184	 0	 0	 0	 0	 0	 0	 0	 0	 0	 0	 0	 0	 459	 0	 155	 0	 35	 15	 66	 0	 0
"UMGS1773"	 0	 0	 0	 0	 0	 0	 0	 0	 0	 0	 0	 0	 0	 0	 0	 0	 0	 0	 0	 0	 0	 0	 0	 0	 0	 122	 151	 0	 0	 0	 0	 0	 44	 0	 0	 0	 0	 0	 0	 0	 0	 193	 0	 0	 0	 0	 0	 0	 0	 49	 0	 0	 0	 0	 0	 0	 0	 0	 0	 0	 0	 0	 0	 0	 0	 0	 0	 0	 0	 0	 0	 0	 0	 0	 0	 0	 0	 0	 0	 0	 0	 0	 0	 0	 0	 0	 0	 0	 0	 0	 0	 0	 0	 0	 0	 0	 0
"QAMH01"	 0	 0	 0	 1112	 525	 0	 0	 103	 0	 0	 0	 0	 0	 0	 0	 0	 0	 0	 0	 0	 1018	 0	 0	 0	 0	 0	 0	 0	 0	 0	 0	 0	 0	 0	 0	 0	 0	 0	 0	 0	 0	 0	 146	 0	 0	 0	 0	 0	 0	 0	 0	 0	 0	 0	 181	 0	 212	 0	 0	 0	 0	 0	 0	 0	 1026	 0	 1226	 0	 0	 0	 0	 0	 0	 0	 0	 0	 0	 0	 0	 0	 0	 0	 1065	 0	 0	 0	 0	 0	 0	 0	 1704	 0	 0	 0	 0	 0	 0
"43-108"	 61	 62	 60	 0	 47	 0	 58	 63	 67	 0	 0	 45	 0	 25	 0	 39	 68	 22	 57	 44	 0	 45	 0	 0	 0	 0	 53	 41	 0	 100	 29	 0	 0	 57	 72	 77	 31	 55	 67	 51	 0	 78	 52	 0	 0	 42	 49	 54	 0	 69	 42	 0	 41	 29	 44	 66	 35	 38	 0	 90	 0	 0	 44	 48	 45	 0	 66	 0	 45	 0	 75	 0	 53	 0	 50	 0	 71	 0	 61	 64	 60	 26	 0	 0	 0	 40	 0	 54	 86	 71	 0	 0	 42	 0	 0	 37	 46
"Bacteroides"	 15866	 22376	 28161	 13213	 15561	 15880	 5699	 9191	 18333	 10149	 8996	 20458	 16107	 5372	 12438	 11622	 11157	 8303	 16164	 20764	 15460	 13683	 18995	 9125	 13847	 10214	 20835	 13308	 14062	 8993	 9451	 22633	 6113	 13559	 17467	 14779	 10915	 14899	 14694	 12668	 10762	 16772	 13558	 7396	 1805	 9095	 17977	 15211	 12061	 16537	 19758	 11617	 14722	 14261	 11907	 16585	 13757	 13310	 3865	 13861	 17575	 19206	 12009	 16538	 19137	 2470	 20468	 7348	 11719	 18109	 13341	 19125	 7908	 9285	 20265	 150	 14905	 10266	 16915	 18193	 15997	 12432	 14098	 11977	 14770	 11663	 16315	 17136	 14006	 13352	 7235	 15409	 2102	 6032	 1718	 15875	 18991
"CAG-462"	 0	 0	 108	 0	 0	 0	 0	 0	 0	 0	 0	 0	 0	 0	 0	 0	 0	 0	 0	 0	 0	 0	 0	 0	 0	 0	 0	 0	 0	 0	 0	 0	 0	 0	 0	 0	 0	 0	 0	 0	 0	 0	 274	 0	 0	 0	 0	 0	 0	 0	 0	 0	 0	 0	 0	 0	 0	 0	 0	 0	 0	 0	 0	 0	 0	 0	 0	 0	 0	 0	 0	 0	 0	 0	 0	 0	 0	 0	 0	 0	 0	 0	 0	 0	 0	 0	 0	 0	 0	 0	 0	 0	 0	 0	 0	 0	 0
"OM05-12"	 0	 0	 3996	 0	 0	 0	 0	 0	 0	 0	 0	 0	 0	 0	 0	 0	 1280	 0	 0	 0	 0	 0	 0	 0	 0	 0	 2582	 2743	 0	 0	 0	 0	 0	 0	 0	 0	 0	 0	 0	 0	 0	 0	 106	 0	 0	 0	 0	 2406	 0	 0	 0	 0	 0	 0	 0	 0	 0	 0	 0	 0	 0	 0	 0	 0	 0	 0	 1325	 0	 0	 0	 1632	 0	 0	 0	 3305	 0	 0	 0	 0	 0	 0	 0	 0	 0	 0	 0	 0	 0	 0	 0	 0	 0	 0	 0	 0	 0	 0
"Paraprevotella"	 0	 0	 0	 0	 0	 0	 0	 0	 0	 0	 0	 0	 0	 0	 0	 1885	 0	 0	 0	 0	 0	 0	 0	 0	 0	 0	 0	 1102	 0	 0	 0	 0	 1365	 796	 844	 0	 0	 0	 0	 0	 0	 824	 0	 0	 0	 0	 0	 0	 0	 0	 0	 0	 0	 0	 855	 0	 0	 0	 293	 0	 0	 0	 0	 0	 819	 1039	 0	 831	 1729	 0	 0	 0	 0	 907	 0	 0	 710	 0	 0	 901	 0	 0	 0	 1080	 0	 0	 0	 0	 0	 0	 0	 0	 887	 0	 924	 0	 0
"Phocaeicola"	 4046	 4047	 6789	 8551	 3604	 2726	 6787	 6611	 4607	 7592	 3497	 5142	 5284	 4518	 4625	 3579	 3887	 2646	 5803	 3025	 7049	 6180	 4338	 5514	 3230	 4472	 5616	 5056	 4497	 7038	 3405	 3450	 3024	 6488	 6272	 4930	 3525	 2908	 3419	 4621	 3936	 4486	 4940	 2934	 3212	 2649	 5421	 3365	 3289	 3982	 5392	 2932	 7240	 4999	 5081	 3132	 4960	 5385	 1996	 7739	 3540	 2885	 3189	 5320	 3589	 2808	 3320	 4789	 5058	 4832	 3793	 5191	 6622	 9103	 5248	 751	 3859	 3614	 3430	 4775	 4001	 6649	 3609	 5323	 4348	 6166	 4476	 3169	 6240	 3644	 3678	 3025	 3266	 3821	 2269	 4374	 4828
"Prevotella"	 32	 43	 930	 2085	 1031	 0	 1545	 963	 0	 580	 0	 0	 0	 4223	 0	 625	 1249	 0	 567	 1441	 332	 1476	 0	 2242	 0	 0	 0	 45	 563	 1702	 0	 37	 5950	 931	 0	 1234	 0	 0	 624	 1065	 655	 905	 1562	 0	 1300	 0	 39	 0	 2156	 0	 28	 0	 0	 0	 52	 1430	 0	 0	 0	 0	 0	 0	 0	 0	 0	 4577	 0	 2659	 0	 568	 0	 73	 0	 1711	 42	 8935	 992	 563	 43	 1309	 549	 0	 2777	 2280	 0	 0	 0	 35	 898	 0	 4235	 0	 5822	 14	 2802	 45	 62
"Prevotellamassilia"	 0	 0	 0	 0	 0	 0	 0	 0	 0	 62	 0	 0	 0	 0	 0	 0	 0	 0	 0	 0	 0	 0	 0	 0	 0	 0	 0	 0	 0	 0	 0	 0	 910	 0	 0	 0	 0	 0	 0	 0	 0	 0	 0	 0	 0	 0	 0	 0	 0	 0	 0	 0	 0	 0	 0	 0	 0	 0	 0	 0	 0	 0	 0	 0	 0	 211	 0	 0	 0	 0	 0	 0	 0	 0	 0	 175	 0	 0	 0	 0	 0	 0	 0	 962	 0	 0	 0	 0	 0	 0	 0	 0	 890	 0	 0	 0	 0
"UBA6398"	 0	 0	 0	 0	 0	 0	 0	 0	 0	 0	 0	 0	 0	 0	 0	 0	 0	 0	 0	 0	 0	 0	 0	 0	 0	 0	 0	 0	 0	 0	 0	 0	 0	 0	 0	 0	 0	 0	 0	 0	 62	 0	 0	 0	 0	 0	 0	 0	 0	 60	 0	 0	 0	 0	 0	 0	 0	 0	 0	 0	 0	 0	 0	 0	 0	 334	 0	 0	 0	 0	 0	 52	 0	 0	 0	 0	 0	 0	 0	 320	 0	 0	 0	 0	 54	 0	 0	 0	 0	 0	 0	 0	 0	 0	 0	 0	 0
"Barnesiella"	 26	 0	 859	 0	 1107	 795	 564	 48	 0	 0	 0	 1632	 0	 922	 0	 0	 0	 0	 241	 0	 201	 984	 0	 1991	 976	 0	 0	 1933	 386	 0	 0	 0	 0	 71	 1608	 928	 0	 0	 1879	 0	 1693	 965	 979	 0	 0	 0	 0	 1540	 0	 225	 1007	 0	 1083	 0	 959	 0	 0	 993	 0	 1364	 0	 0	 1170	 0	 0	 0	 723	 0	 1025	 0	 0	 0	 0	 1488	 0	 0	 1486	 68	 0	 988	 0	 0	 0	 0	 0	 0	 987	 0	 246	 527	 99	 0	 0	 0	 932	 1002	 1446
"Coprobacter"	 89	 592	 456	 0	 0	 199	 0	 715	 0	 0	 0	 0	 0	 47	 0	 800	 65	 0	 0	 0	 143	 0	 1040	 0	 0	 0	 0	 171	 0	 0	 0	 0	 0	 653	 0	 0	 0	 0	 697	 1084	 395	 855	 0	 0	 0	 0	 0	 140	 0	 0	 0	 0	 209	 20	 896	 1050	 0	 317	 0	 0	 0	 0	 306	 350	 971	 0	 1073	 0	 0	 147	 0	 1065	 37	 0	 939	 0	 939	 0	 0	 0	 0	 0	 0	 383	 887	 794	 848	 1336	 0	 0	 0	 0	 0	 1342	 0	 0	 816
"Butyricimonas"	 40	 452	 456	 1921	 1485	 1484	 0	 381	 0	 0	 0	 1814	 3281	 77	 0	 702	 723	 0	 1147	 911	 1363	 1504	 4742	 3807	 2099	 2606	 1995	 1365	 1343	 1575	 0	 988	 86	 1535	 2865	 0	 0	 0	 0	 1429	 1994	 1508	 2621	 0	 0	 0	 0	 1938	 0	 1119	 446	 0	 143	 0	 686	 1979	 0	 194	 10	 221	 2151	 1202	 1342	 1676	 1921	 403	 1111	 0	 797	 1279	 450	 1831	 0	 637	 821	 0	 293	 670	 0	 805	 2766	 56	 767	 2405	 980	 0	 0	 2167	 0	 0	 190	 0	 383	 0	 62	 771	 2470
"Gabonibacter"	 0	 0	 0	 119	 0	 0	 0	 0	 0	 0	 0	 0	 0	 0	 0	 0	 0	 0	 0	 0	 0	 0	 0	 0	 0	 0	 0	 0	 0	 0	 0	 0	 0	 0	 0	 0	 0	 0	 0	 0	 0	 0	 0	 0	 0	 0	 0	 0	 0	 0	 0	 0	 0	 0	 0	 0	 0	 0	 0	 0	 0	 0	 0	 0	 0	 0	 0	 0	 0	 0	 0	 0	 0	 0	 0	 0	 0	 0	 0	 0	 0	 0	 0	 0	 0	 0	 0	 0	 0	 0	 0	 0	 0	 0	 0	 0	 0
"Odoribacter"	 2643	 2721	 2328	 4121	 735	 2166	 170	 2470	 0	 1185	 0	 2439	 2567	 599	 847	 1722	 2576	 0	 1710	 2505	 2514	 2539	 2491	 2499	 1572	 330	 2086	 1767	 1490	 2650	 0	 0	 0	 423	 2077	 2170	 0	 2667	 2532	 2068	 2027	 268	 1460	 0	 0	 0	 0	 1836	 2594	 2446	 1703	 0	 2499	 53	 1784	 1454	 996	 591	 314	 2602	 0	 2725	 1672	 231	 2030	 132	 1486	 0	 1017	 2449	 2713	 2296	 0	 2042	 2121	 415	 3031	 1108	 0	 2638	 1089	 2352	 152	 2483	 2123	 411	 2467	 2313	 855	 0	 2353	 0	 0	 0	 1304	 1490	 1996
"CAG-1031"	 0	 0	 0	 1170	 0	 0	 0	 0	 0	 0	 0	 0	 0	 0	 0	 0	 0	 0	 0	 0	 0	 0	 0	 0	 0	 0	 0	 0	 0	 0	 0	 0	 0	 0	 0	 0	 0	 0	 0	 0	 0	 0	 0	 0	 0	 0	 0	 0	 0	 0	 0	 0	 0	 0	 0	 0	 0	 0	 0	 0	 0	 0	 0	 0	 0	 0	 0	 0	 0	 0	 0	 0	 0	 0	 0	 0	 0	 0	 0	 0	 0	 0	 0	 0	 0	 0	 0	 0	 0	 0	 0	 0	 0	 0	 0	 1162	 0
"CAG-279"	 0	 0	 0	 0	 0	 0	 0	 834	 0	 0	 0	 0	 0	 0	 0	 0	 0	 0	 0	 0	 948	 0	 0	 0	 0	 0	 0	 0	 0	 0	 0	 0	 963	 0	 0	 820	 0	 0	 0	 0	 0	 0	 0	 0	 0	 0	 0	 0	 0	 0	 0	 0	 0	 0	 0	 0	 0	 0	 0	 0	 0	 0	 0	 0	 0	 46	 0	 872	 0	 0	 0	 0	 0	 0	 0	 196	 0	 0	 0	 0	 0	 0	 867	 922	 0	 0	 0	 0	 0	 0	 0	 0	 882	 0	 0	 0	 0
"CAG-485"	 0	 0	 0	 112	 0	 0	 0	 0	 0	 0	 0	 0	 0	 0	 0	 0	 0	 0	 0	 0	 0	 0	 0	 0	 0	 0	 0	 0	 0	 0	 0	 0	 0	 0	 0	 0	 0	 0	 0	 0	 0	 0	 0	 0	 0	 0	 0	 0	 0	 0	 0	 0	 0	 0	 0	 0	 0	 0	 0	 0	 0	 0	 0	 0	 0	 0	 0	 0	 0	 0	 0	 0	 0	 0	 0	 0	 0	 0	 0	 0	 0	 0	 0	 0	 0	 0	 0	 0	 0	 0	 0	 0	 0	 0	 0	 0	 0
"Muribaculum"	 60	 80	 0	 0	 0	 0	 0	 0	 0	 0	 0	 0	 0	 0	 0	 0	 0	 0	 0	 0	 0	 0	 0	 109	 0	 0	 0	 0	 0	 0	 0	 0	 0	 0	 0	 0	 0	 0	 0	 0	 0	 0	 0	 0	 0	 0	 0	 0	 0	 0	 0	 0	 0	 0	 0	 0	 0	 0	 0	 0	 0	 0	 0	 0	 0	 0	 1481	 0	 0	 0	 0	 0	 0	 0	 0	 0	 0	 0	 0	 0	 0	 0	 0	 0	 0	 0	 0	 0	 0	 0	 0	 0	 0	 0	 0	 0	 0
"Alistipes"	 4102	 4478	 3757	 4435	 5839	 3521	 0	 4310	 0	 1210	 1073	 3031	 2440	 2085	 1414	 1137	 5394	 23	 2871	 2889	 5934	 5737	 3000	 3917	 2689	 4499	 4771	 1750	 2654	 0	 129	 2318	 1119	 5065	 5529	 3620	 62	 0	 1047	 3527	 5562	 6536	 6020	 0	 0	 0	 3096	 2792	 996	 4909	 3049	 0	 3480	 0	 2897	 1368	 1814	 2598	 1358	 3376	 1927	 552	 1984	 6084	 2127	 683	 6814	 121	 1346	 5238	 1604	 2939	 977	 3279	 3878	 0	 5959	 2840	 4810	 5387	 2393	 0	 2950	 6300	 3270	 0	 4022	 4032	 4721	 1616	 3328	 2592	 1647	 97	 969	 5102	 5215
"Alistipes_A"	 80	 761	 169	 0	 1132	 128	 0	 768	 371	 92	 0	 333	 321	 0	 0	 904	 934	 0	 585	 91	 1172	 421	 446	 926	 0	 0	 179	 158	 1122	 0	 0	 0	 0	 295	 225	 555	 0	 0	 1652	 313	 616	 1354	 1839	 0	 0	 0	 234	 420	 218	 78	 0	 0	 190	 0	 105	 0	 0	 0	 11	 0	 1697	 98	 0	 1089	 686	 109	 1908	 0	 251	 155	 945	 85	 0	 224	 145	 0	 1638	 175	 329	 333	 449	 0	 1722	 2308	 0	 0	 0	 1141	 47	 0	 118	 201	 106	 0	 0	 981	 607
"Tidjanibacter"	 0	 0	 0	 441	 0	 460	 0	 0	 432	 589	 0	 0	 590	 0	 0	 0	 0	 0	 0	 0	 0	 0	 0	 0	 0	 0	 0	 0	 0	 0	 0	 0	 0	 0	 0	 0	 0	 0	 0	 0	 1131	 0	 0	 0	 0	 0	 0	 0	 0	 0	 0	 0	 832	 0	 0	 0	 0	 694	 0	 0	 0	 0	 97	 0	 0	 0	 0	 0	 446	 812	 0	 0	 0	 0	 0	 0	 0	 0	 0	 0	 0	 0	 0	 0	 0	 0	 450	 772	 0	 0	 0	 0	 0	 0	 0	 0	 0
"Parabacteroides"	 1883	 3083	 5275	 4063	 5988	 6276	 1409	 1161	 3084	 3965	 4965	 4408	 5102	 4534	 3195	 5414	 5988	 2175	 3213	 4488	 4995	 2908	 4516	 3278	 5057	 5857	 4163	 4096	 4739	 3366	 2176	 2645	 1276	 3863	 5074	 2037	 2263	 5173	 3914	 3199	 5183	 4056	 5383	 2399	 1793	 2520	 5872	 3123	 3847	 5422	 5080	 5173	 5409	 4223	 4789	 5079	 1700	 5139	 864	 5283	 5219	 3692	 4477	 6165	 6536	 1147	 2824	 4642	 2332	 4898	 3760	 2820	 3284	 4161	 3378	 0	 3658	 4300	 4402	 2736	 4580	 1638	 4283	 8285	 4060	 5010	 5359	 6393	 2503	 2293	 4575	 3582	 3000	 51	 2030	 3579	 5473
"UBA11471"	 0	 0	 1611	 1773	 0	 0	 0	 0	 0	 0	 0	 0	 1879	 0	 0	 0	 1881	 0	 0	 0	 0	 0	 0	 0	 0	 0	 0	 0	 68	 0	 0	 0	 0	 0	 0	 0	 0	 0	 0	 0	 0	 0	 0	 0	 0	 0	 0	 0	 0	 166	 0	 0	 0	 0	 0	 0	 0	 0	 0	 0	 0	 0	 0	 0	 0	 0	 1734	 0	 0	 756	 0	 0	 0	 0	 0	 0	 0	 0	 0	 0	 0	 0	 0	 302	 513	 0	 1653	 0	 0	 0	 0	 0	 0	 0	 1360	 0	 0
"RC9"	 0	 0	 0	 0	 0	 0	 0	 0	 0	 0	 0	 0	 0	 0	 0	 0	 0	 0	 0	 0	 0	 0	 0	 0	 0	 0	 0	 0	 0	 766	 0	 0	 0	 0	 0	 0	 0	 0	 0	 0	 0	 0	 0	 0	 0	 0	 0	 0	 0	 0	 0	 0	 0	 0	 0	 0	 0	 0	 0	 0	 0	 0	 0	 0	 0	 0	 0	 0	 0	 0	 0	 0	 0	 0	 0	 1166	 0	 0	 0	 277	 0	 0	 0	 0	 0	 0	 0	 0	 0	 0	 0	 0	 0	 0	 276	 0	 0
"UBA1820"	 0	 0	 0	 0	 377	 0	 0	 0	 301	 0	 0	 0	 0	 0	 0	 0	 0	 0	 0	 0	 796	 0	 0	 0	 0	 0	 0	 0	 0	 0	 0	 0	 0	 0	 0	 0	 0	 0	 0	 0	 0	 0	 1086	 0	 0	 0	 0	 0	 0	 0	 0	 0	 0	 0	 0	 0	 0	 0	 0	 0	 0	 0	 0	 464	 0	 0	 0	 0	 0	 0	 0	 0	 0	 0	 0	 0	 0	 0	 0	 0	 0	 0	 0	 90	 0	 0	 0	 0	 0	 0	 0	 0	 0	 0	 0	 0	 0
"CAG-196"	 53	 64	 0	 0	 0	 66	 0	 0	 41	 0	 0	 0	 51	 0	 0	 0	 2545	 0	 35	 0	 0	 51	 0	 158	 0	 0	 38	 39	 0	 0	 0	 0	 0	 46	 0	 38	 0	 0	 0	 46	 0	 0	 0	 0	 0	 31	 0	 36	 0	 0	 43	 0	 0	 34	 56	 0	 0	 35	 0	 42	 0	 41	 33	 0	 50	 33	 69	 39	 0	 0	 0	 68	 59	 0	 0	 0	 53	 0	 0	 0	 0	 47	 49	 0	 45	 0	 41	 0	 40	 0	 0	 36	 0	 30	 0	 35	 38
"CAG-484"	 0	 0	 0	 0	 0	 0	 0	 0	 0	 0	 0	 0	 0	 0	 0	 0	 91	 0	 0	 0	 0	 0	 0	 0	 0	 0	 0	 0	 0	 0	 0	 0	 0	 0	 0	 0	 0	 0	 0	 0	 0	 0	 0	 0	 0	 0	 0	 0	 0	 0	 0	 0	 0	 0	 0	 0	 0	 0	 0	 0	 0	 0	 0	 0	 0	 0	 148	 0	 0	 0	 0	 0	 0	 0	 0	 0	 0	 0	 0	 0	 0	 0	 0	 0	 0	 0	 0	 0	 0	 0	 0	 0	 0	 0	 0	 0	 0
"QAMI01"	 0	 0	 0	 0	 0	 0	 0	 0	 0	 0	 0	 0	 0	 0	 0	 0	 419	 0	 0	 0	 0	 0	 0	 0	 0	 0	 0	 0	 0	 0	 0	 0	 0	 0	 0	 0	 0	 0	 0	 0	 0	 0	 0	 0	 0	 0	 0	 0	 0	 0	 0	 0	 0	 0	 0	 0	 0	 0	 0	 0	 0	 0	 0	 0	 0	 0	 209	 0	 0	 0	 0	 0	 0	 0	 0	 0	 0	 0	 0	 0	 0	 0	 0	 0	 0	 0	 0	 0	 0	 0	 0	 0	 0	 0	 0	 0	 0
"UBA6984"	 0	 0	 0	 0	 0	 0	 0	 0	 0	 0	 0	 0	 0	 0	 0	 0	 0	 0	 0	 0	 0	 0	 0	 0	 0	 0	 0	 0	 0	 0	 0	 0	 0	 0	 0	 0	 0	 0	 0	 0	 0	 0	 0	 0	 0	 0	 0	 0	 0	 0	 0	 0	 0	 0	 0	 0	 0	 0	 0	 0	 0	 0	 0	 0	 0	 0	 0	 0	 0	 0	 0	 0	 0	 0	 0	 0	 0	 0	 0	 0	 0	 0	 0	 0	 0	 0	 0	 0	 0	 0	 0	 0	 0	 0	 1716	 0	 0
"Zag1"	 0	 0	 0	 0	 0	 0	 0	 0	 0	 0	 0	 0	 0	 0	 0	 0	 251	 0	 0	 0	 0	 0	 0	 0	 0	 0	 0	 0	 0	 0	 0	 0	 0	 0	 0	 0	 0	 0	 0	 0	 0	 0	 0	 0	 0	 0	 0	 0	 0	 0	 0	 0	 0	 0	 0	 0	 0	 0	 0	 0	 0	 0	 0	 0	 0	 0	 0	 0	 0	 0	 0	 0	 0	 0	 0	 0	 0	 0	 0	 0	 0	 0	 0	 0	 0	 0	 0	 0	 0	 0	 0	 0	 0	 0	 1893	 0	 0
"Zag111"	 0	 0	 0	 0	 0	 0	 0	 0	 0	 0	 0	 0	 0	 0	 0	 0	 0	 0	 0	 0	 0	 0	 0	 0	 0	 0	 0	 0	 0	 0	 0	 0	 0	 0	 0	 0	 0	 0	 0	 0	 0	 0	 0	 0	 0	 0	 0	 0	 0	 0	 0	 0	 0	 0	 0	 0	 0	 0	 0	 0	 0	 0	 0	 0	 0	 0	 0	 0	 0	 0	 0	 0	 0	 0	 0	 857	 0	 0	 0	 0	 0	 0	 0	 0	 0	 0	 0	 0	 0	 0	 0	 0	 0	 0	 0	 0	 0
"Bilophila"	 765	 1661	 445	 127	 414	 1526	 58	 453	 1662	 465	 2519	 2658	 1430	 860	 1372	 2216	 853	 0	 0	 966	 1471	 649	 1502	 94	 1161	 1222	 894	 1176	 899	 1311	 92	 1288	 955	 842	 628	 1260	 1470	 1453	 1318	 920	 962	 1375	 1667	 1488	 0	 108	 67	 1449	 981	 139	 1582	 1611	 1509	 0	 1170	 1658	 1465	 894	 64	 640	 1522	 1245	 1310	 2038	 1067	 1148	 364	 0	 121	 741	 1580	 160	 746	 320	 1103	 567	 924	 1076	 136	 111	 120	 54	 1564	 1700	 1493	 1258	 1508	 1517	 895	 0	 1369	 1168	 51	 136	 157	 1414	 1540
"Desulfovibrio"	 0	 58	 288	 1492	 0	 0	 0	 0	 0	 0	 0	 328	 0	 0	 0	 0	 228	 0	 0	 0	 875	 0	 0	 724	 0	 0	 0	 526	 712	 0	 0	 0	 0	 311	 0	 0	 0	 0	 0	 0	 0	 0	 457	 0	 0	 0	 0	 0	 0	 841	 0	 0	 0	 0	 0	 0	 0	 785	 234	 506	 103	 0	 0	 0	 880	 243	 314	 0	 0	 0	 0	 0	 0	 0	 32	 196	 0	 0	 414	 327	 0	 0	 0	 216	 0	 34	 0	 0	 262	 0	 0	 0	 0	 31	 191	 0	 857
"Mailhella"	 0	 0	 61	 160	 0	 0	 0	 0	 0	 42	 0	 989	 0	 0	 0	 48	 0	 0	 0	 0	 1477	 0	 0	 158	 0	 0	 0	 576	 0	 0	 0	 0	 0	 0	 108	 0	 0	 0	 0	 0	 0	 0	 2939	 0	 0	 0	 37	 530	 0	 149	 0	 0	 2564	 0	 0	 0	 0	 0	 0	 0	 0	 0	 0	 406	 0	 0	 263	 0	 0	 0	 0	 0	 0	 0	 0	 0	 52	 0	 0	 0	 0	 0	 300	 0	 0	 0	 118	 43	 0	 0	 183	 0	 324	 16	 0	 264	 0
"CAG-307"	 0	 0	 0	 0	 0	 0	 0	 0	 0	 0	 0	 0	 0	 0	 0	 0	 0	 0	 0	 0	 0	 0	 0	 0	 0	 0	 0	 0	 0	 0	 0	 0	 0	 0	 0	 0	 0	 0	 0	 0	 0	 0	 0	 0	 0	 0	 0	 0	 0	 0	 0	 0	 0	 0	 0	 0	 0	 0	 0	 0	 0	 0	 0	 0	 0	 0	 0	 0	 0	 0	 0	 0	 0	 0	 0	 0	 0	 0	 0	 0	 0	 0	 0	 0	 0	 0	 0	 0	 0	 0	 0	 0	 0	 0	 163	 0	 0
"Beduini"	 0	 0	 0	 0	 0	 0	 0	 0	 0	 0	 0	 0	 0	 0	 0	 0	 0	 0	 0	 0	 0	 0	 0	 0	 0	 0	 0	 0	 0	 0	 0	 0	 0	 0	 0	 0	 0	 0	 0	 0	 0	 0	 0	 0	 0	 0	 0	 0	 0	 0	 0	 0	 0	 0	 0	 0	 0	 0	 0	 0	 0	 0	 0	 0	 0	 0	 0	 623	 0	 0	 0	 0	 0	 0	 0	 0	 0	 0	 0	 0	 0	 0	 0	 0	 0	 0	 0	 0	 0	 0	 0	 0	 0	 0	 0	 0	 0
"Catenibacterium"	 0	 0	 880	 0	 698	 0	 0	 0	 0	 839	 944	 0	 0	 0	 0	 0	 0	 0	 0	 0	 0	 0	 925	 0	 0	 954	 779	 0	 0	 891	 0	 0	 446	 0	 0	 0	 0	 0	 0	 0	 697	 856	 0	 0	 0	 0	 0	 0	 0	 0	 0	 0	 0	 0	 0	 954	 0	 0	 0	 0	 0	 0	 0	 0	 0	 918	 0	 0	 0	 0	 0	 0	 0	 0	 0	 935	 0	 0	 0	 0	 0	 0	 0	 458	 0	 0	 0	 0	 0	 0	 0	 0	 0	 0	 676	 0	 0
"Coprobacillus"	 0	 0	 0	 873	 0	 0	 0	 0	 0	 0	 0	 0	 0	 0	 0	 0	 0	 0	 144	 0	 0	 0	 0	 0	 0	 100	 0	 0	 0	 0	 0	 0	 0	 77	 371	 0	 0	 62	 0	 0	 0	 0	 0	 99	 0	 0	 0	 0	 0	 0	 0	 0	 0	 0	 0	 0	 31	 0	 0	 0	 1777	 0	 0	 0	 0	 0	 0	 0	 0	 0	 0	 0	 0	 0	 0	 0	 0	 0	 0	 0	 0	 0	 131	 0	 0	 0	 0	 0	 0	 0	 0	 0	 0	 0	 0	 0	 0
"Erysipelatoclostridium"	 687	 1885	 1562	 0	 68	 1932	 0	 1339	 733	 55	 66	 274	 1758	 42	 497	 0	 1518	 1529	 187	 101	 1190	 82	 0	 81	 1659	 0	 0	 219	 2450	 0	 183	 423	 145	 1977	 173	 545	 1788	 1053	 1348	 927	 0	 2305	 2172	 2215	 2534	 1438	 1555	 790	 217	 866	 656	 1463	 0	 1397	 1437	 1590	 556	 0	 156	 1681	 2063	 1341	 140	 1517	 1425	 0	 1342	 1648	 1832	 1175	 203	 629	 1446	 1356	 1806	 0	 472	 1396	 1575	 1230	 193	 1556	 581	 0	 916	 2285	 1070	 35	 1264	 1444	 1541	 1618	 1388	 12	 0	 0	 937
"Longibaculum"	 0	 0	 0	 0	 0	 0	 0	 0	 0	 0	 0	 0	 0	 0	 0	 0	 0	 0	 0	 0	 0	 0	 0	 0	 0	 0	 0	 0	 0	 0	 0	 0	 0	 48	 0	 0	 0	 0	 0	 0	 0	 0	 0	 0	 0	 0	 0	 0	 0	 0	 0	 0	 0	 0	 0	 0	 0	 0	 0	 0	 0	 0	 0	 0	 750	 0	 0	 0	 0	 0	 0	 0	 0	 0	 0	 0	 0	 0	 0	 0	 0	 0	 0	 0	 0	 0	 0	 0	 0	 0	 0	 0	 0	 0	 0	 0	 0
"Massiliomicrobiota"	 0	 0	 0	 0	 0	 60	 0	 0	 85	 0	 0	 65	 0	 0	 0	 0	 0	 0	 32	 0	 0	 0	 0	 0	 0	 0	 0	 0	 0	 0	 0	 0	 0	 1238	 0	 0	 0	 0	 0	 90	 0	 0	 0	 1747	 0	 191	 0	 0	 0	 0	 0	 0	 59	 0	 0	 0	 0	 419	 0	 0	 0	 0	 0	 0	 0	 0	 0	 0	 64	 0	 0	 190	 0	 215	 0	 0	 0	 0	 0	 0	 0	 0	 0	 0	 0	 0	 39	 0	 0	 0	 104	 0	 0	 0	 0	 0	 0
"Stoquefichus"	 0	 0	 0	 0	 0	 0	 0	 0	 0	 0	 0	 0	 0	 0	 0	 0	 0	 0	 0	 0	 0	 0	 0	 0	 0	 0	 0	 0	 0	 0	 0	 0	 0	 194	 0	 0	 0	 0	 0	 0	 0	 0	 0	 428	 0	 0	 0	 0	 0	 0	 0	 60	 0	 0	 0	 0	 0	 0	 0	 0	 0	 0	 0	 0	 0	 0	 0	 0	 0	 0	 67	 0	 0	 0	 0	 0	 0	 0	 0	 0	 0	 127	 96	 0	 0	 52	 0	 0	 0	 0	 0	 0	 0	 0	 0	 0	 0
"CAG-536"	 0	 0	 0	 0	 0	 0	 0	 0	 0	 772	 0	 0	 0	 0	 0	 0	 0	 0	 0	 0	 0	 0	 0	 0	 0	 0	 0	 0	 0	 0	 0	 0	 0	 0	 0	 0	 0	 0	 0	 0	 0	 0	 103	 0	 0	 0	 0	 0	 0	 0	 0	 0	 0	 0	 0	 0	 0	 0	 0	 0	 0	 0	 0	 0	 0	 0	 0	 0	 0	 0	 0	 0	 0	 0	 0	 0	 0	 0	 0	 0	 0	 0	 0	 0	 0	 0	 0	 0	 0	 525	 0	 0	 0	 0	 0	 0	 0
"Dielma"	 0	 0	 0	 0	 0	 0	 0	 0	 0	 0	 0	 0	 44	 0	 0	 0	 0	 0	 0	 0	 0	 0	 0	 0	 0	 0	 0	 0	 0	 0	 0	 0	 0	 0	 0	 0	 0	 57	 0	 0	 0	 0	 0	 0	 0	 0	 0	 0	 0	 0	 0	 0	 0	 0	 0	 0	 0	 0	 0	 0	 0	 0	 0	 0	 0	 0	 0	 0	 0	 0	 0	 0	 0	 0	 0	 0	 0	 0	 0	 0	 0	 0	 0	 0	 0	 0	 69	 0	 0	 0	 0	 0	 0	 0	 0	 0	 0
"Faecalicoccus"	 0	 0	 0	 0	 0	 0	 0	 0	 0	 0	 0	 0	 0	 0	 0	 1461	 0	 0	 0	 0	 0	 0	 0	 0	 0	 0	 0	 0	 0	 0	 0	 0	 0	 0	 0	 0	 0	 0	 84	 0	 0	 0	 0	 0	 0	 0	 0	 0	 0	 0	 0	 0	 0	 0	 0	 0	 0	 0	 14	 0	 0	 0	 0	 0	 0	 0	 0	 0	 0	 0	 0	 0	 0	 0	 0	 0	 0	 0	 0	 0	 0	 0	 0	 0	 0	 0	 0	 0	 0	 0	 0	 0	 0	 0	 0	 0	 0
"Faecalitalea"	 0	 0	 0	 84	 0	 0	 0	 0	 0	 0	 0	 0	 0	 0	 0	 0	 0	 0	 0	 0	 836	 0	 0	 0	 0	 0	 0	 0	 0	 0	 0	 0	 0	 0	 0	 0	 0	 0	 0	 0	 0	 0	 0	 0	 0	 0	 0	 0	 0	 0	 0	 0	 0	 0	 0	 0	 0	 0	 0	 0	 0	 0	 0	 0	 0	 0	 497	 0	 0	 0	 0	 0	 0	 0	 0	 0	 0	 0	 0	 0	 0	 0	 0	 0	 0	 0	 0	 0	 590	 0	 315	 0	 0	 0	 0	 0	 150
"Holdemanella"	 0	 0	 271	 0	 0	 0	 0	 541	 0	 524	 659	 0	 0	 0	 0	 0	 0	 0	 0	 0	 0	 967	 0	 0	 0	 568	 247	 0	 692	 307	 0	 0	 693	 0	 1028	 290	 0	 0	 0	 0	 255	 0	 0	 0	 0	 0	 0	 0	 0	 295	 0	 0	 0	 0	 0	 0	 0	 0	 0	 0	 0	 0	 0	 0	 0	 0	 0	 249	 0	 288	 0	 0	 709	 0	 0	 378	 0	 0	 0	 0	 0	 0	 670	 283	 0	 0	 0	 0	 0	 0	 994	 296	 0	 0	 393	 0	 0
"Holdemania"	 0	 128	 0	 0	 69	 1170	 0	 0	 542	 0	 0	 0	 103	 0	 0	 0	 0	 0	 301	 36	 170	 0	 192	 0	 84	 71	 53	 0	 0	 0	 0	 0	 54	 192	 1029	 0	 90	 67	 0	 0	 0	 53	 143	 392	 0	 0	 46	 62	 0	 0	 0	 265	 0	 0	 0	 0	 60	 58	 0	 0	 635	 294	 59	 0	 109	 0	 0	 0	 47	 0	 632	 449	 48	 0	 0	 0	 45	 0	 75	 0	 141	 203	 416	 831	 0	 907	 288	 107	 71	 0	 75	 171	 0	 0	 0	 303	 150
"Ileibacterium"	 0	 0	 0	 0	 0	 0	 0	 0	 0	 0	 0	 0	 0	 0	 0	 0	 0	 0	 0	 0	 0	 0	 0	 122	 0	 0	 0	 0	 0	 0	 0	 0	 0	 0	 0	 0	 0	 0	 0	 0	 0	 0	 0	 0	 0	 0	 0	 0	 0	 0	 0	 0	 0	 0	 0	 0	 0	 0	 0	 0	 0	 0	 0	 0	 0	 0	 0	 0	 0	 0	 0	 0	 0	 0	 0	 0	 0	 0	 0	 0	 0	 0	 0	 0	 0	 0	 0	 0	 0	 0	 0	 0	 0	 0	 0	 0	 0
"Longicatena"	 22	 0	 95	 0	 0	 1641	 22	 113	 182	 44	 118	 7079	 1416	 110	 115	 63	 0	 570	 3270	 77	 121	 0	 704	 0	 49	 415	 79	 513	 98	 0	 3453	 1586	 0	 335	 242	 96	 74	 749	 106	 39	 43	 1925	 1897	 3656	 39	 3092	 58	 94	 33	 78	 196	 2052	 0	 254	 0	 1163	 1304	 34	 12	 119	 44	 90	 163	 251	 84	 34	 0	 125	 749	 67	 570	 104	 42	 490	 52	 0	 579	 334	 51	 0	 48	 281	 110	 121	 0	 757	 951	 85	 83	 42	 124	 108	 43	 17	 0	 47	 72
"Merdibacter"	 0	 0	 0	 0	 0	 0	 0	 0	 0	 0	 0	 0	 0	 0	 0	 0	 0	 0	 0	 0	 0	 0	 0	 0	 0	 0	 0	 0	 0	 0	 0	 0	 0	 0	 0	 0	 0	 0	 0	 0	 0	 0	 0	 0	 0	 0	 0	 0	 0	 0	 0	 0	 0	 0	 0	 0	 0	 0	 0	 0	 0	 0	 0	 0	 0	 0	 139	 0	 0	 0	 0	 0	 0	 0	 0	 0	 119	 0	 0	 0	 0	 0	 0	 0	 0	 0	 0	 0	 0	 0	 0	 0	 0	 0	 0	 0	 0
"OEMR01"	 0	 0	 0	 0	 0	 0	 0	 0	 0	 0	 0	 62	 0	 0	 0	 0	 0	 0	 0	 0	 0	 0	 0	 0	 0	 0	 0	 0	 0	 0	 0	 0	 0	 0	 0	 0	 0	 0	 0	 0	 0	 0	 0	 0	 0	 0	 0	 0	 0	 0	 0	 0	 0	 0	 0	 0	 0	 0	 0	 0	 0	 0	 0	 42	 0	 0	 0	 0	 0	 0	 0	 0	 0	 0	 0	 0	 0	 0	 0	 0	 0	 0	 0	 0	 0	 0	 0	 0	 0	 0	 0	 0	 0	 0	 0	 0	 0
"Turicibacter"	 0	 0	 0	 0	 0	 0	 1287	 0	 0	 0	 0	 0	 0	 0	 0	 0	 0	 0	 0	 0	 0	 0	 0	 0	 0	 0	 0	 0	 0	 0	 0	 0	 0	 0	 1143	 0	 0	 0	 0	 0	 0	 0	 0	 0	 504	 0	 0	 0	 0	 0	 0	 0	 0	 0	 0	 0	 0	 0	 0	 0	 0	 0	 0	 0	 0	 0	 0	 307	 0	 0	 0	 82	 0	 753	 0	 0	 0	 0	 686	 0	 0	 0	 0	 0	 0	 155	 0	 0	 0	 1887	 0	 0	 0	 0	 0	 0	 0
"Carnobacterium"	 0	 0	 0	 0	 0	 0	 0	 0	 0	 0	 0	 0	 0	 0	 0	 0	 0	 0	 0	 0	 0	 0	 0	 0	 0	 0	 0	 0	 0	 0	 0	 0	 0	 0	 0	 0	 60	 0	 0	 0	 0	 0	 0	 0	 76	 0	 0	 0	 0	 0	 0	 0	 0	 0	 0	 0	 0	 0	 0	 0	 0	 0	 0	 0	 0	 0	 0	 0	 0	 0	 0	 0	 0	 0	 0	 0	 0	 0	 0	 0	 0	 0	 0	 0	 0	 0	 0	 0	 0	 0	 0	 0	 0	 0	 0	 0	 0
"Enterococcus"	 0	 0	 0	 0	 0	 0	 0	 0	 0	 0	 0	 97	 0	 0	 0	 0	 0	 0	 0	 0	 0	 0	 0	 0	 0	 0	 0	 0	 0	 218	 0	 0	 0	 0	 163	 0	 0	 0	 0	 0	 0	 90	 0	 0	 0	 0	 0	 0	 61	 0	 0	 0	 0	 0	 0	 0	 0	 0	 0	 0	 0	 0	 0	 0	 0	 113	 0	 0	 0	 0	 0	 0	 0	 159	 0	 0	 0	 0	 0	 0	 0	 0	 0	 0	 0	 0	 0	 0	 0	 0	 0	 0	 0	 0	 0	 0	 0
"Enterococcus_A"	 0	 0	 0	 0	 0	 0	 0	 0	 0	 0	 0	 414	 0	 0	 0	 0	 0	 0	 0	 0	 0	 0	 0	 0	 0	 0	 0	 0	 0	 0	 0	 0	 0	 0	 0	 0	 0	 0	 0	 0	 0	 0	 0	 0	 0	 0	 0	 0	 0	 0	 0	 0	 0	 0	 0	 0	 0	 0	 0	 0	 0	 0	 0	 0	 0	 0	 0	 0	 0	 0	 0	 0	 0	 0	 0	 0	 0	 0	 0	 0	 0	 0	 0	 0	 0	 0	 0	 0	 0	 0	 0	 0	 0	 0	 0	 0	 0
"Enterococcus_B"	 0	 0	 0	 0	 0	 0	 0	 0	 0	 0	 0	 0	 0	 0	 0	 0	 1287	 0	 0	 0	 0	 0	 0	 0	 0	 0	 0	 0	 0	 0	 0	 0	 0	 0	 1476	 0	 0	 0	 0	 0	 0	 0	 96	 0	 0	 28	 0	 0	 0	 0	 0	 98	 0	 0	 0	 0	 0	 0	 0	 0	 63	 0	 0	 0	 0	 0	 0	 0	 0	 0	 0	 0	 0	 132	 0	 0	 0	 1353	 89	 0	 0	 26	 221	 0	 0	 0	 0	 0	 1262	 0	 0	 0	 0	 0	 0	 0	 0
"Enterococcus_C"	 0	 0	 0	 0	 0	 0	 0	 0	 0	 0	 0	 0	 0	 0	 0	 0	 0	 0	 0	 0	 0	 0	 0	 0	 0	 0	 0	 0	 0	 0	 0	 0	 0	 0	 0	 0	 0	 0	 0	 0	 0	 0	 0	 0	 0	 965	 0	 0	 0	 0	 0	 0	 0	 0	 0	 0	 0	 0	 0	 0	 0	 0	 0	 0	 0	 0	 0	 0	 0	 0	 0	 0	 0	 0	 0	 0	 0	 0	 0	 0	 0	 0	 0	 0	 0	 0	 0	 0	 0	 0	 0	 0	 0	 0	 0	 0	 0
"Enterococcus_D"	 0	 0	 0	 0	 0	 0	 0	 0	 0	 0	 0	 0	 0	 0	 0	 0	 0	 0	 0	 0	 0	 0	 0	 0	 0	 0	 0	 0	 0	 1079	 0	 0	 0	 0	 0	 0	 0	 0	 0	 0	 0	 0	 0	 0	 109	 0	 0	 0	 0	 0	 0	 0	 0	 0	 0	 0	 0	 0	 0	 0	 0	 0	 0	 0	 0	 0	 0	 0	 0	 0	 0	 0	 0	 254	 0	 0	 0	 0	 0	 0	 0	 0	 0	 0	 0	 0	 0	 0	 0	 0	 0	 0	 0	 0	 0	 0	 0
"Enterococcus_G"	 0	 0	 0	 0	 0	 0	 0	 0	 0	 0	 0	 0	 0	 0	 0	 0	 0	 0	 0	 0	 0	 0	 0	 0	 0	 0	 0	 0	 0	 116	 0	 0	 0	 0	 0	 0	 0	 0	 0	 0	 0	 0	 0	 0	 0	 0	 0	 0	 0	 0	 0	 0	 0	 0	 0	 0	 0	 0	 0	 0	 0	 0	 0	 0	 0	 0	 0	 0	 0	 0	 0	 0	 0	 0	 0	 0	 0	 0	 0	 0	 0	 0	 0	 0	 0	 0	 0	 0	 0	 0	 0	 0	 0	 0	 0	 0	 0
"Companilactobacillus"	 0	 0	 0	 0	 0	 0	 0	 0	 0	 0	 0	 0	 0	 0	 0	 0	 0	 0	 0	 0	 0	 0	 0	 0	 0	 0	 0	 0	 0	 0	 46	 0	 0	 0	 0	 0	 0	 0	 0	 0	 0	 0	 0	 0	 0	 0	 0	 0	 0	 0	 0	 0	 0	 0	 0	 0	 0	 0	 0	 0	 0	 0	 0	 0	 0	 0	 0	 0	 0	 0	 0	 0	 0	 0	 0	 0	 0	 0	 0	 0	 0	 0	 0	 0	 0	 0	 0	 0	 0	 0	 0	 0	 57	 0	 0	 0	 0
"Lacticaseibacillus"	 0	 0	 0	 0	 0	 0	 0	 0	 0	 0	 0	 0	 0	 0	 0	 453	 0	 0	 0	 0	 0	 0	 0	 0	 0	 0	 0	 0	 0	 0	 0	 0	 0	 0	 0	 0	 0	 0	 0	 0	 0	 0	 0	 0	 0	 0	 261	 0	 0	 0	 0	 0	 0	 0	 0	 0	 0	 0	 0	 0	 0	 0	 0	 128	 0	 0	 0	 0	 0	 0	 0	 0	 0	 0	 0	 0	 0	 0	 0	 0	 0	 0	 0	 0	 0	 1086	 0	 0	 0	 0	 0	 0	 0	 0	 0	 0	 0
"Lactiplantibacillus"	 0	 0	 0	 0	 0	 0	 0	 0	 0	 0	 0	 0	 0	 0	 0	 0	 0	 0	 0	 0	 0	 0	 0	 0	 0	 0	 0	 0	 0	 0	 0	 0	 0	 0	 0	 0	 0	 0	 0	 0	 0	 0	 0	 0	 0	 0	 0	 0	 0	 0	 0	 0	 0	 0	 0	 0	 59	 0	 20	 0	 0	 0	 0	 329	 0	 0	 0	 0	 0	 0	 0	 0	 0	 0	 0	 0	 0	 0	 0	 0	 0	 0	 0	 0	 0	 0	 0	 0	 2011	 0	 0	 0	 0	 0	 0	 0	 0
"Lactobacillus"	 0	 0	 0	 0	 1233	 0	 0	 0	 0	 219	 0	 0	 0	 0	 0	 0	 0	 0	 0	 0	 198	 0	 0	 0	 0	 631	 0	 0	 0	 328	 0	 0	 0	 0	 0	 1097	 0	 0	 0	 0	 0	 0	 0	 0	 0	 0	 0	 0	 54	 0	 31	 0	 0	 81	 0	 0	 0	 0	 0	 0	 0	 0	 0	 0	 0	 0	 0	 0	 0	 0	 0	 0	 0	 0	 478	 0	 0	 0	 0	 0	 0	 0	 0	 0	 0	 0	 0	 0	 0	 0	 0	 0	 0	 0	 175	 0	 0
"Leuconostoc"	 0	 0	 0	 0	 0	 0	 0	 0	 0	 0	 0	 0	 0	 186	 0	 0	 0	 0	 0	 0	 0	 0	 0	 0	 0	 57	 0	 0	 0	 714	 0	 0	 0	 0	 263	 0	 0	 0	 0	 0	 0	 0	 0	 0	 0	 0	 0	 0	 0	 0	 407	 0	 0	 0	 0	 0	 0	 0	 0	 0	 0	 0	 0	 0	 43	 0	 0	 0	 0	 0	 0	 0	 0	 959	 0	 0	 0	 0	 0	 0	 0	 0	 0	 0	 0	 0	 0	 0	 0	 0	 0	 0	 0	 0	 0	 0	 0
"Ligilactobacillus"	 0	 0	 0	 1062	 0	 0	 0	 0	 0	 965	 0	 0	 0	 0	 0	 0	 0	 0	 0	 88	 0	 0	 0	 993	 0	 0	 0	 0	 984	 1736	 900	 0	 0	 0	 1062	 166	 0	 0	 0	 0	 1009	 0	 815	 0	 0	 0	 0	 0	 2280	 0	 0	 0	 977	 0	 0	 0	 0	 0	 239	 0	 0	 0	 976	 0	 0	 1133	 0	 0	 252	 795	 733	 0	 0	 0	 0	 1142	 0	 0	 0	 0	 0	 0	 0	 637	 0	 0	 429	 0	 0	 0	 1050	 1268	 0	 0	 993	 0	 0
"Limosilactobacillus"	 0	 0	 0	 458	 0	 0	 0	 0	 0	 790	 0	 0	 0	 0	 0	 0	 0	 19	 0	 96	 0	 0	 754	 0	 0	 750	 0	 0	 0	 143	 946	 0	 0	 0	 38	 142	 0	 0	 0	 0	 0	 0	 50	 0	 0	 0	 0	 0	 0	 0	 0	 0	 0	 0	 0	 0	 0	 0	 15	 0	 0	 0	 0	 0	 0	 264	 0	 0	 0	 0	 0	 0	 0	 0	 225	 0	 0	 0	 0	 0	 0	 0	 0	 0	 0	 0	 0	 0	 0	 0	 0	 0	 0	 0	 0	 0	 0
"Pediococcus"	 0	 0	 0	 273	 0	 0	 0	 0	 0	 0	 0	 0	 0	 0	 0	 0	 0	 0	 0	 0	 0	 0	 0	 0	 0	 0	 0	 0	 0	 0	 0	 0	 0	 0	 0	 0	 0	 0	 0	 0	 0	 0	 0	 0	 0	 0	 0	 0	 0	 0	 0	 0	 0	 0	 0	 0	 0	 0	 0	 0	 0	 0	 0	 0	 0	 0	 0	 0	 0	 0	 0	 0	 0	 0	 0	 0	 0	 0	 0	 0	 0	 0	 0	 0	 0	 0	 0	 0	 0	 0	 0	 0	 0	 0	 0	 0	 0
"Weissella"	 0	 0	 0	 394	 0	 790	 0	 0	 0	 101	 0	 173	 0	 0	 95	 81	 462	 0	 0	 0	 207	 0	 0	 0	 0	 0	 0	 0	 0	 762	 93	 0	 0	 0	 0	 0	 0	 0	 215	 1574	 0	 0	 0	 0	 0	 0	 0	 0	 759	 0	 0	 0	 0	 0	 0	 0	 0	 0	 12	 216	 0	 0	 0	 125	 0	 936	 0	 0	 0	 0	 0	 0	 0	 1108	 0	 0	 0	 0	 0	 0	 0	 0	 70	 0	 0	 0	 0	 0	 0	 0	 0	 0	 0	 0	 0	 0	 0
"Lactococcus"	 0	 0	 0	 374	 0	 566	 0	 0	 0	 0	 0	 1546	 0	 0	 0	 0	 0	 0	 0	 0	 0	 0	 0	 0	 0	 0	 0	 0	 0	 1392	 0	 0	 0	 0	 1232	 0	 0	 0	 0	 975	 0	 0	 0	 0	 1749	 0	 0	 0	 431	 0	 0	 0	 0	 0	 0	 0	 0	 0	 0	 0	 0	 0	 0	 0	 0	 0	 0	 0	 0	 0	 0	 0	 0	 66	 0	 0	 0	 0	 0	 447	 0	 0	 0	 0	 0	 0	 0	 0	 0	 0	 0	 0	 0	 0	 0	 0	 0
"Streptococcus"	 59	 532	 0	 955	 163	 2467	 618	 4039	 127	 4788	 228	 5246	 627	 892	 1966	 0	 867	 121	 36	 902	 0	 76	 41	 0	 116	 975	 124	 3434	 0	 3702	 79	 2120	 157	 674	 763	 0	 34	 659	 1585	 3079	 621	 644	 0	 592	 3850	 405	 111	 0	 3202	 66	 51	 1028	 1296	 1877	 0	 589	 74	 987	 109	 876	 906	 239	 640	 638	 117	 6587	 73	 319	 1275	 60	 0	 1407	 725	 2648	 0	 4195	 88	 59	 0	 554	 1371	 485	 618	 0	 35	 716	 459	 2678	 0	 274	 1767	 1136	 492	 159	 0	 0	 102
"CAG-313"	 0	 0	 0	 601	 0	 0	 0	 0	 0	 0	 0	 0	 0	 0	 0	 0	 161	 0	 0	 0	 0	 0	 0	 0	 0	 0	 0	 0	 0	 0	 0	 0	 0	 0	 0	 0	 0	 0	 0	 0	 0	 0	 0	 0	 0	 0	 0	 0	 0	 0	 0	 0	 0	 0	 0	 0	 0	 0	 0	 0	 0	 0	 0	 0	 0	 0	 280	 0	 0	 0	 0	 0	 0	 0	 0	 0	 1325	 0	 0	 0	 0	 0	 0	 0	 0	 0	 0	 0	 0	 0	 149	 0	 0	 0	 270	 0	 0
"CAG-1000"	 0	 0	 0	 0	 0	 0	 0	 0	 0	 0	 0	 0	 0	 0	 0	 0	 0	 0	 0	 0	 0	 0	 0	 0	 0	 0	 0	 0	 0	 0	 0	 0	 0	 0	 0	 0	 0	 0	 0	 0	 0	 0	 0	 0	 0	 0	 0	 0	 0	 0	 0	 0	 0	 0	 0	 0	 0	 0	 0	 0	 0	 0	 0	 0	 0	 0	 0	 0	 0	 0	 0	 0	 0	 0	 0	 0	 0	 0	 0	 0	 0	 0	 0	 0	 0	 0	 0	 0	 0	 0	 0	 0	 0	 0	 85	 0	 0
"CAG-460"	 0	 0	 0	 0	 0	 0	 0	 0	 0	 0	 0	 0	 0	 0	 0	 0	 0	 0	 0	 0	 0	 0	 0	 505	 0	 0	 0	 0	 0	 0	 0	 0	 0	 0	 0	 0	 0	 0	 0	 0	 0	 0	 0	 0	 0	 0	 0	 0	 0	 0	 0	 0	 0	 0	 0	 0	 0	 0	 0	 0	 0	 0	 0	 0	 0	 0	 0	 0	 0	 0	 0	 0	 0	 0	 0	 0	 0	 0	 0	 0	 0	 0	 0	 0	 0	 0	 0	 0	 0	 0	 615	 0	 0	 0	 762	 0	 0
"CAG-533"	 0	 0	 0	 0	 0	 0	 0	 100	 0	 0	 0	 0	 0	 0	 0	 0	 0	 0	 0	 0	 0	 0	 0	 0	 0	 0	 0	 0	 0	 0	 0	 0	 0	 59	 0	 0	 0	 0	 0	 0	 0	 0	 0	 0	 0	 0	 0	 0	 0	 0	 0	 27	 47	 0	 0	 0	 0	 0	 0	 0	 0	 0	 41	 0	 0	 0	 0	 0	 0	 0	 0	 0	 0	 0	 0	 0	 0	 0	 0	 0	 0	 0	 0	 0	 0	 0	 0	 0	 0	 0	 83	 0	 0	 0	 100	 0	 0
"CAG-582"	 0	 0	 0	 0	 0	 0	 0	 0	 0	 0	 0	 0	 0	 0	 0	 0	 0	 0	 0	 0	 0	 0	 0	 0	 0	 0	 0	 0	 0	 0	 0	 0	 0	 0	 0	 0	 0	 0	 0	 0	 0	 0	 0	 0	 0	 0	 0	 0	 0	 0	 0	 0	 0	 0	 0	 0	 0	 0	 0	 0	 0	 0	 0	 0	 0	 0	 0	 0	 0	 0	 0	 0	 0	 0	 0	 0	 0	 0	 0	 0	 0	 0	 0	 0	 0	 0	 0	 0	 0	 0	 797	 0	 0	 0	 385	 0	 0
"CAG-605"	 0	 0	 0	 0	 0	 0	 0	 0	 0	 0	 0	 0	 0	 0	 0	 0	 0	 0	 0	 0	 0	 0	 0	 0	 0	 0	 0	 0	 0	 0	 0	 0	 0	 0	 0	 0	 0	 0	 0	 0	 0	 0	 0	 0	 0	 0	 0	 0	 0	 0	 0	 0	 0	 0	 0	 0	 0	 0	 0	 0	 0	 0	 0	 0	 0	 0	 0	 0	 0	 0	 0	 0	 0	 0	 0	 0	 0	 0	 0	 0	 0	 0	 0	 0	 0	 0	 0	 0	 0	 0	 0	 0	 0	 0	 1759	 0	 0
"CAG-628"	 0	 0	 0	 0	 0	 0	 0	 0	 0	 0	 0	 0	 0	 0	 0	 0	 0	 0	 0	 0	 0	 0	 0	 0	 0	 0	 0	 0	 0	 0	 0	 0	 0	 0	 0	 0	 0	 0	 0	 0	 0	 0	 0	 0	 0	 0	 0	 0	 0	 0	 0	 0	 0	 0	 0	 0	 0	 0	 0	 0	 0	 0	 0	 0	 0	 0	 0	 0	 0	 0	 0	 0	 0	 0	 0	 0	 0	 0	 0	 0	 0	 0	 0	 0	 0	 0	 0	 0	 0	 0	 0	 0	 0	 0	 85	 0	 0
"CAG-302"	 0	 0	 203	 890	 0	 841	 0	 1358	 0	 0	 0	 0	 0	 0	 0	 0	 985	 0	 0	 0	 0	 1411	 0	 0	 0	 0	 0	 0	 0	 0	 0	 0	 0	 0	 0	 0	 0	 0	 0	 379	 494	 0	 509	 0	 0	 0	 0	 0	 0	 0	 0	 0	 0	 0	 0	 0	 0	 0	 0	 0	 0	 0	 0	 0	 0	 0	 0	 0	 0	 0	 0	 0	 0	 0	 0	 0	 465	 0	 0	 0	 0	 0	 0	 446	 316	 0	 0	 0	 503	 0	 1037	 0	 0	 0	 261	 0	 0
"CAG-762"	 0	 0	 0	 0	 0	 0	 0	 0	 0	 0	 0	 0	 0	 0	 0	 0	 0	 0	 0	 0	 0	 0	 0	 0	 0	 0	 0	 0	 0	 0	 0	 0	 0	 0	 0	 0	 0	 0	 0	 0	 0	 0	 0	 0	 0	 0	 0	 0	 0	 0	 0	 0	 0	 0	 0	 0	 0	 0	 0	 0	 0	 0	 0	 0	 0	 0	 932	 0	 0	 0	 0	 0	 0	 0	 0	 0	 0	 0	 0	 0	 0	 0	 0	 0	 0	 0	 0	 0	 0	 0	 0	 0	 0	 0	 988	 0	 0
"CAG-914"	 0	 0	 0	 0	 0	 0	 0	 0	 0	 0	 0	 0	 0	 0	 0	 0	 0	 0	 0	 0	 0	 0	 0	 0	 0	 0	 0	 0	 0	 0	 0	 0	 0	 0	 0	 0	 0	 0	 0	 0	 0	 0	 0	 0	 0	 0	 0	 0	 0	 0	 0	 0	 0	 0	 0	 0	 0	 0	 0	 0	 0	 0	 0	 0	 0	 0	 0	 0	 0	 0	 0	 0	 0	 0	 0	 0	 0	 0	 0	 0	 0	 0	 0	 0	 0	 0	 0	 0	 0	 0	 0	 0	 0	 0	 348	 0	 0
"CAG-433"	 0	 0	 0	 0	 0	 0	 0	 0	 0	 0	 0	 0	 0	 0	 0	 0	 0	 0	 0	 0	 0	 0	 0	 0	 0	 0	 0	 0	 0	 0	 0	 0	 0	 0	 0	 0	 0	 0	 0	 0	 0	 0	 0	 0	 0	 0	 0	 0	 0	 0	 0	 0	 0	 0	 0	 0	 0	 0	 0	 0	 0	 0	 0	 0	 0	 0	 650	 0	 0	 0	 0	 0	 0	 0	 0	 1369	 0	 0	 0	 0	 0	 0	 0	 0	 0	 0	 0	 0	 0	 0	 0	 0	 0	 0	 80	 0	 0
"CAG-594"	 0	 0	 0	 0	 0	 0	 0	 0	 0	 0	 0	 0	 0	 0	 0	 0	 0	 0	 0	 0	 0	 0	 0	 0	 0	 0	 0	 0	 0	 0	 0	 0	 0	 0	 0	 0	 0	 0	 0	 0	 0	 0	 0	 0	 0	 0	 0	 0	 0	 0	 0	 0	 0	 0	 0	 0	 0	 0	 0	 0	 0	 0	 0	 0	 0	 0	 0	 0	 0	 0	 0	 0	 0	 0	 0	 0	 0	 0	 0	 0	 0	 0	 0	 0	 0	 0	 0	 0	 0	 0	 0	 0	 0	 0	 1158	 0	 0
"CAG-417"	 0	 0	 0	 730	 0	 0	 0	 0	 0	 0	 0	 0	 0	 0	 0	 0	 0	 0	 0	 0	 112	 0	 0	 0	 0	 0	 0	 0	 0	 0	 0	 0	 0	 0	 0	 0	 0	 0	 0	 0	 0	 0	 0	 0	 0	 0	 0	 0	 0	 0	 0	 0	 0	 0	 0	 0	 0	 0	 0	 0	 0	 0	 0	 0	 0	 0	 0	 0	 0	 0	 0	 0	 0	 0	 0	 0	 0	 0	 0	 0	 0	 0	 0	 766	 0	 0	 0	 0	 721	 0	 0	 0	 0	 0	 0	 0	 0
"CAG-451"	 0	 0	 0	 0	 0	 0	 0	 0	 0	 0	 0	 0	 0	 0	 0	 0	 622	 0	 0	 0	 0	 0	 0	 0	 0	 0	 0	 0	 0	 0	 0	 0	 0	 0	 0	 0	 0	 0	 0	 0	 0	 0	 0	 0	 0	 0	 0	 0	 0	 0	 0	 0	 0	 0	 0	 0	 0	 0	 0	 0	 0	 0	 0	 0	 0	 0	 0	 0	 0	 0	 0	 0	 0	 0	 0	 0	 0	 0	 0	 0	 0	 0	 0	 0	 0	 0	 0	 0	 0	 0	 0	 0	 0	 0	 102	 0	 0
"CAG-611"	 0	 0	 0	 0	 0	 0	 0	 0	 0	 0	 0	 0	 0	 0	 0	 0	 0	 0	 0	 0	 0	 0	 0	 0	 0	 0	 0	 0	 0	 0	 0	 0	 0	 0	 0	 0	 0	 0	 0	 0	 0	 0	 0	 0	 0	 0	 0	 0	 0	 0	 0	 0	 0	 0	 0	 0	 0	 0	 0	 0	 0	 0	 0	 0	 0	 0	 0	 0	 0	 0	 0	 0	 0	 0	 0	 0	 0	 0	 0	 0	 0	 0	 0	 0	 0	 0	 0	 0	 0	 0	 369	 0	 0	 0	 436	 0	 0
"CAG-710"	 0	 0	 0	 0	 0	 0	 0	 0	 0	 0	 0	 0	 0	 0	 0	 0	 0	 0	 0	 0	 0	 0	 0	 0	 0	 0	 0	 0	 0	 0	 0	 0	 0	 0	 0	 0	 0	 0	 0	 0	 0	 0	 0	 0	 0	 0	 0	 0	 0	 0	 0	 0	 0	 0	 0	 0	 0	 0	 0	 0	 0	 0	 0	 0	 0	 0	 0	 0	 0	 0	 0	 0	 0	 0	 0	 0	 0	 0	 0	 0	 0	 0	 0	 0	 0	 0	 0	 0	 0	 0	 0	 0	 0	 0	 304	 0	 0
"CAG-877"	 0	 0	 0	 0	 0	 0	 0	 0	 0	 0	 0	 0	 0	 0	 0	 0	 0	 0	 0	 0	 0	 0	 0	 1106	 0	 0	 0	 0	 0	 0	 0	 0	 0	 0	 0	 0	 0	 0	 0	 0	 0	 0	 0	 0	 0	 0	 0	 0	 0	 0	 0	 0	 0	 0	 0	 0	 0	 0	 0	 0	 0	 0	 0	 0	 0	 0	 0	 0	 0	 0	 0	 0	 0	 0	 0	 0	 0	 0	 0	 0	 0	 0	 0	 0	 0	 0	 0	 0	 0	 0	 0	 0	 0	 0	 731	 0	 0
"CAG-878"	 0	 0	 0	 0	 0	 0	 0	 0	 0	 0	 0	 0	 0	 0	 0	 0	 0	 0	 0	 0	 0	 0	 0	 0	 0	 0	 0	 0	 0	 0	 0	 0	 0	 0	 0	 0	 0	 0	 0	 0	 0	 0	 0	 0	 0	 0	 0	 0	 0	 0	 0	 0	 0	 0	 0	 0	 0	 0	 0	 0	 0	 0	 0	 0	 0	 0	 0	 0	 0	 0	 0	 0	 0	 0	 0	 0	 0	 0	 0	 0	 0	 0	 0	 0	 0	 0	 0	 0	 0	 0	 0	 0	 0	 0	 627	 0	 0
"CAG-884"	 0	 0	 0	 0	 0	 0	 0	 0	 0	 0	 0	 0	 0	 0	 0	 0	 0	 0	 0	 0	 0	 0	 0	 0	 0	 0	 0	 0	 0	 0	 0	 0	 0	 0	 0	 0	 0	 0	 0	 0	 0	 0	 0	 0	 0	 0	 0	 0	 0	 0	 0	 0	 0	 0	 0	 0	 0	 0	 0	 0	 0	 0	 0	 0	 0	 0	 0	 0	 0	 0	 0	 0	 0	 0	 0	 0	 0	 0	 0	 0	 0	 0	 0	 0	 0	 0	 0	 0	 0	 0	 0	 0	 0	 0	 133	 0	 0
"CAG-1193"	 0	 0	 0	 0	 0	 0	 0	 0	 0	 0	 0	 0	 0	 0	 0	 0	 0	 0	 0	 0	 0	 0	 0	 0	 0	 0	 0	 0	 0	 0	 0	 0	 0	 0	 0	 0	 0	 0	 0	 0	 0	 0	 0	 0	 0	 0	 0	 0	 0	 0	 0	 0	 0	 0	 0	 0	 0	 0	 0	 0	 0	 0	 0	 0	 0	 0	 0	 0	 0	 0	 0	 0	 0	 0	 0	 0	 0	 0	 0	 0	 0	 0	 0	 0	 0	 0	 0	 0	 0	 0	 372	 0	 0	 0	 755	 0	 0
"CAG-288"	 0	 0	 0	 0	 0	 0	 0	 0	 0	 0	 0	 0	 0	 0	 0	 0	 0	 0	 0	 0	 0	 0	 0	 0	 0	 0	 0	 0	 0	 0	 0	 0	 0	 2058	 0	 0	 0	 0	 0	 0	 0	 0	 0	 0	 0	 0	 0	 0	 0	 0	 0	 0	 0	 0	 0	 0	 0	 0	 0	 0	 0	 0	 0	 0	 0	 0	 1587	 0	 0	 0	 0	 0	 0	 0	 0	 0	 0	 0	 0	 0	 0	 0	 0	 0	 0	 0	 0	 0	 0	 0	 0	 0	 0	 0	 0	 0	 0
"CAG-345"	 0	 0	 0	 0	 0	 0	 0	 0	 0	 0	 0	 0	 0	 0	 0	 0	 0	 0	 0	 0	 0	 0	 0	 0	 0	 0	 0	 0	 0	 0	 0	 0	 0	 0	 0	 0	 0	 0	 0	 0	 0	 0	 0	 0	 0	 0	 0	 0	 0	 0	 0	 0	 0	 0	 0	 0	 0	 0	 0	 0	 0	 0	 0	 0	 0	 0	 0	 0	 0	 0	 0	 0	 0	 0	 0	 0	 0	 0	 0	 0	 0	 0	 0	 0	 0	 0	 0	 0	 0	 0	 0	 0	 0	 0	 61	 0	 0
"CAG-568"	 0	 0	 0	 0	 0	 0	 0	 0	 0	 0	 0	 0	 0	 0	 0	 0	 0	 0	 0	 0	 0	 0	 0	 0	 0	 0	 0	 0	 0	 0	 0	 0	 0	 0	 0	 0	 0	 0	 0	 0	 0	 0	 0	 0	 0	 0	 0	 0	 0	 0	 0	 0	 0	 0	 0	 0	 0	 0	 0	 0	 0	 0	 0	 0	 0	 0	 0	 0	 0	 0	 0	 0	 0	 0	 0	 397	 0	 0	 0	 0	 0	 0	 0	 0	 0	 0	 0	 0	 0	 0	 0	 0	 0	 0	 562	 0	 0
"CAG-449"	 0	 0	 0	 0	 0	 0	 0	 0	 0	 0	 0	 0	 0	 0	 0	 0	 0	 0	 0	 0	 0	 0	 0	 0	 0	 0	 0	 0	 0	 0	 0	 0	 0	 0	 0	 0	 0	 0	 0	 0	 0	 0	 0	 0	 0	 0	 0	 0	 0	 0	 0	 0	 0	 0	 0	 0	 0	 0	 0	 0	 0	 0	 0	 0	 0	 0	 0	 0	 0	 0	 0	 0	 0	 0	 0	 0	 0	 0	 0	 0	 0	 0	 0	 0	 0	 0	 0	 0	 0	 0	 0	 0	 0	 0	 103	 0	 0
"CAG-826"	 0	 0	 0	 0	 0	 0	 0	 0	 0	 0	 0	 0	 0	 0	 0	 0	 0	 0	 0	 0	 0	 0	 0	 0	 0	 0	 0	 0	 0	 0	 0	 0	 0	 0	 0	 0	 0	 0	 0	 0	 0	 0	 0	 0	 0	 0	 0	 0	 0	 0	 0	 0	 0	 0	 0	 0	 0	 0	 0	 0	 0	 0	 0	 0	 0	 0	 0	 0	 0	 0	 0	 0	 0	 0	 0	 0	 0	 0	 0	 0	 0	 0	 0	 0	 0	 0	 0	 0	 0	 0	 0	 0	 0	 0	 1277	 0	 0
"Gemella"	 0	 0	 0	 0	 0	 0	 0	 0	 0	 47	 0	 0	 0	 0	 0	 0	 0	 0	 0	 0	 0	 0	 0	 0	 0	 0	 0	 0	 0	 0	 0	 0	 0	 0	 0	 0	 0	 0	 0	 0	 0	 0	 0	 0	 0	 0	 0	 0	 0	 0	 0	 0	 0	 0	 0	 0	 0	 0	 0	 0	 0	 0	 0	 0	 0	 0	 0	 0	 0	 0	 0	 0	 0	 0	 0	 0	 0	 0	 0	 0	 0	 0	 0	 0	 0	 0	 0	 0	 0	 0	 0	 0	 0	 0	 0	 0	 0
"Clostridium"	 0	 0	 72	 0	 2122	 0	 4633	 215	 0	 0	 0	 0	 0	 0	 0	 61	 0	 0	 0	 0	 0	 0	 0	 0	 0	 0	 0	 0	 77	 214	 0	 2550	 0	 0	 2069	 0	 0	 256	 47	 0	 0	 0	 0	 98	 4707	 0	 0	 0	 0	 0	 0	 36	 0	 0	 0	 0	 0	 0	 259	 0	 218	 166	 0	 0	 73	 0	 100	 2666	 319	 0	 0	 69	 0	 3798	 0	 0	 0	 0	 122	 0	 0	 0	 0	 0	 0	 0	 0	 0	 0	 3078	 0	 0	 0	 0	 0	 0	 0
"Clostridium_P"	 0	 0	 0	 0	 62	 85	 332	 0	 0	 0	 0	 0	 0	 0	 0	 0	 0	 0	 0	 0	 0	 0	 0	 0	 0	 0	 0	 0	 186	 0	 0	 0	 0	 0	 0	 0	 0	 0	 0	 0	 0	 0	 0	 113	 0	 0	 0	 0	 0	 0	 0	 0	 0	 0	 0	 0	 0	 0	 0	 0	 0	 0	 0	 0	 0	 0	 0	 0	 0	 0	 0	 0	 0	 0	 0	 0	 0	 0	 0	 0	 0	 0	 0	 0	 0	 0	 0	 0	 0	 0	 0	 0	 0	 0	 0	 0	 0
"Anaerofustis"	 0	 0	 0	 0	 0	 0	 0	 0	 187	 0	 0	 0	 0	 0	 0	 0	 0	 0	 0	 0	 0	 0	 0	 0	 0	 0	 0	 0	 0	 0	 0	 0	 0	 0	 0	 0	 0	 0	 0	 0	 0	 0	 0	 0	 0	 0	 0	 0	 0	 0	 0	 0	 0	 0	 0	 0	 0	 0	 0	 0	 0	 0	 0	 0	 0	 0	 0	 0	 0	 0	 0	 0	 0	 0	 0	 0	 0	 0	 0	 0	 0	 0	 0	 0	 0	 0	 0	 0	 0	 0	 0	 0	 0	 0	 0	 0	 0
"Eubacterium"	 0	 0	 0	 0	 0	 0	 0	 0	 51	 0	 0	 384	 0	 0	 150	 0	 0	 0	 2175	 0	 0	 0	 946	 0	 0	 0	 0	 2292	 0	 1173	 0	 0	 0	 0	 0	 0	 0	 0	 0	 0	 0	 0	 2733	 102	 0	 0	 0	 0	 0	 0	 0	 97	 0	 0	 0	 0	 1020	 0	 0	 0	 0	 0	 907	 0	 0	 0	 146	 0	 0	 0	 2471	 0	 0	 0	 0	 0	 0	 0	 0	 0	 0	 0	 0	 62	 0	 2328	 87	 1437	 0	 0	 284	 490	 0	 0	 0	 0	 0
"Anaerotignum"	 47	 457	 350	 246	 425	 1061	 199	 1514	 93	 1145	 0	 1060	 1170	 0	 0	 655	 93	 0	 324	 302	 91	 352	 1308	 1292	 1183	 0	 1219	 1212	 1439	 0	 1295	 112	 1161	 966	 128	 0	 0	 88	 285	 1313	 203	 85	 97	 1052	 0	 19	 600	 483	 0	 0	 0	 1158	 996	 0	 67	 918	 382	 947	 0	 781	 1128	 46	 0	 1960	 1301	 592	 0	 189	 1244	 292	 0	 220	 1038	 103	 322	 129	 959	 896	 0	 1168	 944	 0	 808	 1041	 769	 781	 677	 0	 75	 0	 397	 1035	 1167	 0	 0	 142	 470
"UMGS1670"	 0	 0	 0	 0	 0	 0	 0	 0	 0	 0	 0	 0	 0	 0	 0	 0	 0	 0	 0	 0	 0	 0	 0	 0	 0	 0	 0	 0	 0	 0	 0	 0	 0	 0	 0	 0	 526	 0	 0	 0	 0	 0	 0	 0	 0	 0	 0	 0	 0	 0	 0	 0	 0	 0	 0	 0	 0	 0	 0	 0	 0	 0	 0	 0	 0	 0	 0	 0	 0	 0	 0	 0	 0	 0	 155	 0	 0	 0	 0	 0	 0	 0	 0	 0	 0	 0	 137	 66	 41	 0	 0	 0	 36	 0	 0	 0	 0
"CAG-274"	 213	 386	 315	 0	 0	 854	 0	 0	 0	 899	 225	 0	 805	 0	 0	 350	 0	 769	 0	 0	 0	 0	 0	 0	 345	 0	 0	 0	 0	 0	 231	 0	 0	 0	 0	 0	 0	 311	 323	 0	 0	 295	 0	 0	 0	 0	 883	 0	 0	 465	 237	 0	 787	 0	 0	 0	 958	 0	 130	 0	 0	 0	 0	 0	 523	 0	 0	 0	 0	 230	 0	 0	 218	 0	 217	 0	 0	 261	 0	 0	 0	 0	 337	 0	 0	 0	 0	 0	 989	 0	 0	 294	 0	 0	 0	 0	 0
"AF33-28"	 0	 0	 0	 0	 0	 213	 0	 0	 132	 0	 0	 0	 0	 0	 0	 0	 0	 0	 0	 0	 88	 0	 0	 0	 0	 0	 0	 0	 0	 0	 0	 0	 0	 48	 0	 0	 0	 0	 0	 0	 0	 0	 991	 0	 0	 0	 0	 0	 0	 0	 0	 0	 0	 0	 0	 0	 0	 0	 0	 0	 0	 0	 0	 0	 0	 0	 0	 0	 0	 0	 0	 0	 0	 0	 0	 0	 59	 0	 0	 0	 0	 0	 5538	 0	 0	 0	 439	 0	 492	 0	 0	 0	 0	 0	 0	 0	 0
"AM51-8"	 0	 0	 893	 0	 0	 0	 599	 60	 0	 0	 0	 0	 0	 0	 1445	 0	 0	 0	 0	 0	 0	 133	 0	 1543	 0	 0	 156	 0	 0	 0	 0	 0	 169	 0	 0	 0	 1346	 1449	 1585	 0	 408	 0	 0	 0	 0	 0	 0	 0	 78	 0	 0	 1556	 1615	 0	 1362	 0	 0	 0	 281	 0	 0	 50	 0	 1411	 0	 0	 0	 1396	 1447	 0	 0	 0	 1589	 1174	 1417	 0	 0	 0	 0	 691	 162	 0	 0	 70	 0	 0	 0	 0	 281	 0	 635	 0	 0	 0	 1008	 1361	 1266
"Acetatifactor"	 981	 2053	 2373	 2447	 2905	 1493	 154	 1677	 2541	 1709	 2134	 42	 1275	 36	 58	 2118	 2686	 122	 0	 2949	 2990	 2758	 889	 2034	 1995	 51	 2111	 0	 2371	 1329	 980	 1155	 1459	 2387	 1965	 1813	 2009	 352	 1150	 2072	 1188	 2369	 82	 2092	 106	 26	 1474	 46	 62	 310	 2262	 1642	 1854	 39	 2002	 1911	 2242	 347	 42	 2193	 154	 2017	 93	 434	 2021	 1935	 1218	 2438	 1442	 2726	 0	 2117	 161	 2009	 1123	 3595	 3307	 2189	 1934	 702	 1981	 1734	 1326	 1686	 2088	 64	 1463	 0	 552	 2040	 2876	 52	 1020	 39	 2261	 2031	 2372
"Agathobacter"	 1960	 2016	 1086	 2003	 2194	 144	 554	 1996	 175	 1937	 1964	 1660	 163	 36	 1795	 2296	 1832	 1843	 0	 1774	 645	 1998	 1899	 1775	 2182	 2039	 1874	 38	 2275	 1724	 2130	 1979	 1807	 1982	 211	 1860	 58	 2030	 1977	 247	 2088	 2182	 57	 836	 176	 31	 2244	 45	 187	 1941	 46	 1916	 2014	 1868	 1951	 314	 1737	 1782	 532	 1979	 1813	 2056	 1950	 1949	 301	 213	 1934	 1843	 1953	 1930	 32	 2109	 243	 1982	 1968	 1772	 400	 2170	 1846	 211	 68	 183	 1968	 914	 2173	 1747	 1777	 35	 1788	 296	 2091	 171	 1370	 1552	 1471	 180	 188
"Anaerobutyricum"	 33	 191	 2188	 1713	 1747	 2361	 1350	 2997	 1355	 1504	 1715	 263	 1726	 1679	 0	 1857	 2768	 2252	 0	 1647	 2346	 2540	 1549	 2092	 1731	 1243	 1505	 0	 1817	 52	 1737	 1356	 1899	 1740	 1263	 1442	 31	 1650	 1964	 1501	 2770	 1751	 1585	 1356	 1333	 37	 1759	 1742	 1131	 1504	 1488	 0	 1990	 1453	 1466	 1720	 44	 2050	 551	 2034	 1675	 1708	 49	 1515	 2849	 467	 1765	 1713	 2916	 2084	 0	 1760	 2163	 3103	 1885	 1930	 2199	 1748	 1669	 1474	 1639	 1895	 1757	 1854	 2199	 35	 1491	 36	 2805	 2363	 1924	 0	 2268	 1094	 1485	 1412	 263
"Anaerostipes"	 28	 234	 2072	 1324	 1561	 1555	 1425	 1839	 1384	 1632	 963	 2049	 2158	 0	 1261	 1332	 1193	 2014	 0	 850	 1640	 1630	 2004	 1940	 1782	 1480	 1547	 2282	 770	 78	 1495	 1566	 1728	 306	 1035	 1574	 2611	 1749	 1105	 1800	 1630	 1249	 0	 1284	 1496	 2147	 1894	 1241	 1490	 1316	 1591	 1810	 1809	 1861	 1599	 2628	 1440	 1779	 435	 1903	 1564	 1760	 1567	 1944	 1861	 0	 110	 2281	 1906	 1214	 644	 2056	 1708	 1919	 528	 636	 1523	 1330	 1139	 1760	 1132	 2300	 886	 1226	 788	 1056	 1341	 1774	 1864	 2027	 2016	 888	 981	 361	 358	 262	 1558
"Bacteroides_F"	 0	 0	 0	 0	 0	 113	 0	 0	 0	 0	 0	 0	 0	 0	 0	 0	 0	 0	 0	 0	 0	 0	 0	 0	 0	 0	 0	 0	 0	 0	 0	 0	 0	 0	 0	 0	 0	 0	 0	 0	 0	 0	 0	 0	 0	 0	 0	 0	 0	 0	 0	 0	 0	 0	 0	 0	 0	 0	 0	 0	 0	 0	 0	 0	 0	 0	 0	 0	 0	 0	 0	 0	 0	 0	 0	 0	 0	 0	 0	 0	 0	 0	 0	 0	 0	 0	 0	 0	 0	 0	 1139	 0	 0	 0	 864	 0	 0
"Bariatricus"	 1002	 1315	 1733	 1321	 1675	 1859	 34	 1534	 47	 56	 0	 0	 64	 1900	 44	 1499	 1633	 1430	 37	 0	 972	 1173	 1340	 1272	 242	 1528	 1435	 47	 1822	 0	 1372	 1676	 1948	 402	 517	 1297	 34	 0	 1421	 58	 1127	 1549	 174	 52	 66	 54	 1502	 1754	 1583	 1416	 62	 35	 47	 43	 0	 34	 432	 363	 446	 1619	 1571	 42	 67	 39	 1253	 1485	 153	 1659	 1773	 87	 46	 41	 1785	 1458	 1566	 1250	 0	 1429	 305	 1279	 70	 1412	 311	 1518	 1076	 32	 38	 120	 1251	 1839	 1540	 32	 1605	 12	 925	 37	 804
"Blautia"	 37	 246	 1359	 301	 0	 1147	 0	 1371	 130	 1976	 866	 2432	 874	 0	 169	 115	 89	 638	 3717	 477	 89	 0	 2461	 0	 75	 0	 1394	 1035	 67	 104	 56	 30	 0	 98	 172	 660	 3983	 2225	 1412	 132	 0	 98	 264	 1611	 1550	 3335	 0	 2408	 0	 636	 1415	 3882	 1494	 785	 226	 78	 140	 59	 13	 1036	 1309	 75	 464	 803	 121	 0	 0	 0	 228	 118	 1748	 84	 0	 1268	 929	 0	 79	 1417	 168	 166	 168	 1277	 107	 65	 62	 1399	 2257	 4239	 57	 916	 66	 1149	 1327	 1207	 88	 47	 1269
"Blautia_A"	 1447	 3162	 8029	 6431	 8424	 9792	 5033	 7709	 6996	 4769	 7732	 4641	 7490	 3498	 9073	 8703	 7703	 7696	 3129	 9644	 6420	 7222	 8144	 9334	 7816	 5416	 8547	 3912	 14088	 10658	 8452	 10215	 8098	 10786	 7829	 7124	 5291	 5398	 9074	 5588	 9528	 9193	 10016	 6726	 6114	 4346	 8280	 6891	 6440	 7401	 7311	 5903	 10457	 6783	 7634	 7415	 5809	 5631	 2351	 8699	 8150	 6181	 5277	 8756	 11145	 7959	 7346	 10945	 9364	 9008	 3097	 10148	 10260	 7751	 6435	 5143	 9145	 8135	 6048	 10201	 8381	 6432	 7387	 9577	 6560	 3332	 5822	 5746	 9421	 9413	 10213	 3204	 3998	 3000	 4491	 7519	 4134
"Butyrivibrio_A"	 0	 0	 0	 0	 0	 0	 0	 0	 0	 0	 0	 0	 0	 0	 0	 0	 0	 0	 0	 0	 0	 1858	 0	 0	 0	 0	 0	 0	 0	 0	 0	 0	 0	 0	 0	 0	 0	 0	 0	 0	 0	 0	 0	 0	 0	 0	 0	 0	 0	 0	 0	 0	 0	 0	 0	 0	 0	 0	 0	 0	 0	 0	 0	 0	 0	 0	 0	 0	 0	 0	 0	 0	 0	 0	 0	 0	 0	 0	 0	 0	 0	 0	 0	 0	 0	 0	 0	 0	 0	 0	 0	 0	 0	 0	 1460	 0	 0
"CAG-127"	 0	 0	 0	 1057	 765	 1333	 0	 0	 0	 0	 0	 0	 0	 0	 0	 0	 0	 0	 0	 0	 0	 0	 0	 1347	 0	 0	 0	 0	 0	 0	 0	 0	 123	 1274	 0	 0	 0	 0	 0	 0	 1308	 1157	 0	 0	 0	 0	 0	 0	 0	 75	 0	 0	 0	 0	 0	 0	 0	 0	 0	 0	 0	 0	 0	 0	 0	 0	 808	 0	 0	 273	 0	 0	 0	 0	 0	 805	 0	 0	 0	 1284	 0	 0	 0	 327	 1225	 0	 0	 0	 0	 0	 1256	 0	 681	 0	 0	 0	 0
"CAG-194"	 0	 0	 0	 1676	 0	 0	 0	 0	 0	 0	 0	 0	 0	 0	 0	 0	 0	 0	 0	 0	 0	 0	 0	 0	 0	 0	 0	 0	 0	 0	 0	 0	 0	 0	 0	 0	 0	 0	 0	 0	 0	 0	 0	 0	 0	 0	 0	 0	 0	 0	 0	 0	 0	 0	 0	 0	 0	 0	 0	 0	 0	 0	 0	 0	 0	 0	 1867	 0	 0	 0	 0	 0	 0	 0	 0	 0	 0	 0	 0	 214	 0	 0	 0	 0	 0	 0	 0	 0	 0	 0	 0	 0	 0	 0	 1389	 0	 0
"CAG-303"	 0	 0	 0	 0	 0	 0	 0	 0	 0	 0	 0	 0	 0	 0	 0	 0	 0	 0	 0	 0	 0	 0	 0	 0	 0	 0	 0	 0	 0	 0	 0	 0	 0	 0	 0	 0	 0	 0	 0	 0	 0	 0	 0	 1619	 0	 0	 0	 0	 0	 0	 0	 0	 306	 0	 0	 0	 0	 0	 0	 0	 0	 0	 0	 0	 2280	 0	 0	 0	 0	 0	 0	 0	 0	 0	 0	 0	 0	 0	 0	 0	 0	 0	 0	 0	 0	 0	 0	 0	 0	 0	 0	 0	 0	 0	 0	 0	 0
"CAG-45"	 29	 38	 60	 1958	 65	 1215	 0	 1659	 0	 52	 32	 0	 37	 0	 44	 59	 114	 19	 0	 513	 86	 49	 0	 489	 47	 0	 35	 1532	 56	 0	 197	 42	 0	 61	 0	 0	 0	 43	 49	 43	 0	 59	 0	 1963	 0	 0	 57	 0	 0	 110	 0	 0	 42	 0	 48	 2010	 32	 38	 0	 44	 50	 44	 0	 0	 2098	 34	 0	 103	 0	 191	 1841	 75	 40	 838	 58	 116	 87	 37	 43	 58	 0	 28	 0	 0	 69	 33	 43	 0	 94	 165	 851	 0	 49	 14	 1264	 36	 0
"CAG-510"	 0	 0	 0	 0	 0	 0	 0	 0	 0	 0	 0	 0	 0	 0	 0	 0	 0	 0	 0	 0	 0	 0	 0	 0	 0	 0	 0	 0	 0	 0	 0	 0	 0	 0	 0	 0	 0	 0	 0	 0	 0	 0	 0	 0	 0	 0	 0	 0	 0	 0	 0	 0	 0	 0	 0	 0	 0	 0	 0	 0	 0	 0	 0	 0	 0	 0	 618	 0	 0	 0	 0	 0	 0	 0	 0	 0	 0	 0	 0	 0	 0	 0	 0	 0	 0	 0	 0	 0	 0	 0	 0	 0	 0	 0	 86	 0	 0
"CAG-590"	 25	 0	 0	 0	 0	 0	 0	 0	 0	 0	 0	 0	 0	 0	 0	 0	 0	 0	 0	 0	 0	 0	 0	 0	 0	 0	 0	 0	 0	 0	 0	 0	 0	 0	 0	 0	 0	 0	 0	 0	 0	 0	 0	 0	 0	 0	 0	 0	 0	 0	 0	 0	 0	 0	 0	 0	 0	 0	 0	 0	 0	 0	 0	 0	 0	 0	 0	 0	 0	 0	 0	 0	 0	 0	 0	 0	 0	 0	 0	 0	 0	 0	 0	 0	 0	 0	 0	 0	 0	 0	 1362	 0	 29	 0	 0	 0	 0
"CAG-603"	 0	 0	 0	 0	 0	 0	 0	 0	 0	 0	 0	 0	 0	 0	 0	 0	 0	 0	 0	 0	 0	 0	 0	 0	 0	 0	 0	 0	 0	 0	 0	 0	 0	 0	 0	 0	 0	 0	 0	 0	 0	 0	 0	 0	 0	 0	 0	 0	 0	 0	 0	 0	 0	 0	 0	 0	 0	 0	 0	 0	 0	 31	 0	 0	 0	 0	 0	 0	 0	 0	 0	 0	 0	 0	 0	 0	 0	 0	 0	 0	 0	 0	 0	 0	 0	 0	 0	 0	 0	 0	 0	 0	 0	 0	 0	 0	 0
"CAG-81"	 574	 2333	 1312	 802	 1667	 966	 2414	 3111	 625	 76	 782	 42	 2396	 1963	 2017	 2173	 1383	 2120	 58	 767	 620	 2535	 1267	 3807	 2876	 1320	 2910	 1913	 1799	 1653	 145	 2493	 2999	 2966	 2902	 2175	 1993	 1396	 1667	 1773	 1272	 3193	 903	 1396	 1653	 0	 2091	 2957	 2185	 2525	 1888	 1480	 1914	 75	 964	 2040	 591	 2129	 709	 1706	 2564	 115	 1639	 1132	 2275	 830	 212	 3976	 2916	 2089	 51	 2113	 2907	 2039	 3070	 2371	 1697	 2534	 97	 1867	 2027	 158	 217	 2409	 3841	 44	 2199	 177	 1233	 2187	 1519	 84	 857	 42	 2016	 813	 2356
"CAG-882"	 0	 0	 0	 0	 0	 0	 0	 0	 0	 0	 0	 0	 0	 0	 0	 0	 0	 0	 0	 0	 0	 176	 0	 0	 0	 0	 0	 0	 0	 0	 0	 0	 0	 2544	 0	 0	 0	 0	 0	 0	 0	 0	 0	 0	 0	 0	 0	 0	 0	 0	 0	 0	 0	 0	 0	 0	 0	 0	 0	 0	 0	 0	 0	 0	 0	 0	 0	 0	 0	 0	 0	 2678	 0	 0	 0	 0	 0	 0	 0	 0	 0	 0	 0	 0	 0	 0	 0	 0	 0	 0	 0	 0	 0	 0	 0	 0	 0
"CAG-95"	 0	 0	 63	 337	 51	 2205	 0	 598	 0	 0	 39	 0	 0	 0	 0	 40	 82	 0	 0	 37	 0	 47	 0	 54	 37	 0	 0	 0	 56	 0	 0	 30	 41	 251	 0	 38	 19	 0	 0	 0	 0	 58	 0	 0	 0	 0	 40	 53	 0	 0	 0	 29	 0	 0	 40	 47	 0	 0	 0	 38	 0	 29	 0	 46	 0	 0	 2069	 51	 0	 55	 0	 42	 0	 50	 0	 102	 0	 39	 0	 0	 0	 31	 0	 0	 50	 0	 41	 0	 0	 50	 2194	 0	 36	 12	 3177	 0	 0
"CHH4-2"	 0	 0	 0	 0	 0	 64	 0	 0	 33	 0	 0	 0	 0	 0	 0	 0	 0	 0	 0	 0	 0	 0	 0	 0	 0	 0	 0	 0	 0	 0	 0	 0	 0	 0	 0	 0	 0	 0	 0	 0	 0	 0	 0	 53	 0	 0	 0	 0	 0	 0	 0	 0	 0	 0	 0	 0	 0	 0	 0	 0	 0	 0	 0	 0	 0	 0	 0	 0	 0	 0	 46	 0	 0	 0	 0	 0	 0	 0	 0	 0	 0	 0	 0	 0	 0	 3374	 0	 0	 0	 0	 0	 65	 29	 0	 0	 0	 0
"COE1"	 0	 0	 0	 0	 0	 0	 0	 0	 0	 0	 0	 0	 0	 0	 0	 0	 0	 0	 0	 0	 0	 0	 0	 0	 0	 0	 0	 0	 0	 0	 0	 0	 0	 0	 0	 0	 0	 0	 0	 0	 0	 0	 0	 0	 0	 0	 0	 0	 0	 0	 0	 0	 0	 0	 0	 32	 0	 0	 10	 0	 0	 0	 0	 0	 43	 0	 0	 0	 0	 0	 0	 2320	 0	 0	 0	 0	 0	 0	 0	 157	 0	 23	 0	 0	 41	 0	 0	 0	 0	 2207	 0	 0	 0	 0	 72	 0	 0
"Clostridium_Q"	 751	 1725	 1545	 1136	 1245	 1773	 2022	 1531	 514	 1642	 1364	 810	 1935	 85	 1575	 1511	 956	 1600	 51	 1859	 1822	 1193	 651	 1207	 79	 53	 86	 365	 1936	 1379	 141	 1293	 1646	 1917	 1667	 111	 623	 1712	 2075	 187	 996	 1574	 735	 2985	 1343	 1702	 1920	 2485	 1701	 2076	 3251	 2333	 151	 1393	 272	 2887	 693	 1625	 500	 1841	 1988	 3522	 120	 2005	 896	 671	 467	 2027	 1227	 1567	 433	 739	 1555	 1594	 1668	 1013	 117	 1849	 1936	 1309	 5997	 2652	 331	 162	 1892	 2030	 2897	 2087	 591	 1235	 1895	 1770	 1444	 31	 580	 185	 3149
"Coprococcus"	 31	 50	 3704	 1282	 1743	 120	 31	 1294	 65	 0	 0	 0	 38	 25	 38	 43	 0	 32	 0	 36	 360	 821	 0	 106	 56	 31	 45	 0	 1838	 43	 46	 36	 44	 1247	 39	 0	 19	 31	 55	 59	 55	 1410	 0	 0	 34	 167	 67	 0	 39	 55	 0	 59	 1607	 25	 0	 62	 45	 52	 0	 76	 58	 27	 0	 40	 69	 49	 3213	 73	 36	 67	 0	 60	 47	 1479	 1613	 2878	 1772	 55	 49	 47	 37	 32	 44	 1660	 1735	 0	 54	 0	 1672	 2795	 3486	 0	 2004	 18	 2916	 35	 79
"Coprococcus_A"	 116	 309	 1094	 1172	 1420	 1582	 268	 323	 1365	 0	 0	 0	 1018	 303	 0	 706	 670	 0	 0	 0	 1554	 528	 886	 839	 0	 0	 434	 0	 1042	 0	 1044	 734	 1209	 1378	 995	 0	 0	 0	 133	 282	 594	 479	 0	 0	 0	 0	 212	 0	 0	 139	 0	 0	 1176	 0	 0	 0	 0	 0	 0	 1269	 307	 0	 0	 271	 1372	 0	 0	 984	 1195	 427	 0	 0	 1294	 560	 967	 430	 1296	 937	 0	 965	 274	 0	 320	 530	 283	 0	 297	 0	 0	 1361	 890	 0	 765	 0	 296	 890	 70
"Dorea"	 721	 3759	 4510	 3832	 4546	 7637	 1504	 3000	 3569	 1620	 2796	 1342	 1347	 4193	 680	 4180	 3828	 1387	 1376	 3204	 7100	 3565	 4147	 4466	 3609	 3168	 4065	 2257	 4960	 4450	 4700	 2040	 2186	 3538	 2818	 2958	 2333	 363	 4692	 3249	 4233	 4602	 2882	 4285	 3712	 1486	 3285	 2426	 4237	 5778	 3195	 1362	 3397	 2697	 3788	 4079	 3527	 1960	 1061	 3761	 4126	 4664	 3025	 3249	 5128	 2771	 1935	 5911	 5392	 4603	 3887	 4688	 4500	 5762	 1800	 4255	 3438	 4294	 3046	 3552	 3909	 3700	 4420	 4440	 3609	 1281	 2990	 1360	 3883	 2640	 5227	 2036	 3747	 1487	 2461	 2754	 2056
"Eisenbergiella"	 37	 135	 722	 834	 520	 1676	 31	 772	 548	 57	 79	 36	 37	 618	 113	 496	 481	 31	 4303	 96	 4642	 480	 375	 349	 38	 35	 95	 1255	 315	 2090	 108	 365	 89	 104	 811	 51	 0	 31	 59	 82	 465	 539	 4521	 145	 29	 26	 634	 268	 64	 127	 40	 98	 358	 0	 45	 526	 61	 524	 0	 465	 448	 26	 56	 1551	 341	 210	 321	 324	 80	 902	 2306	 363	 331	 396	 0	 50	 349	 485	 170	 354	 34	 41	 664	 935	 528	 4219	 1341	 199	 524	 730	 571	 48	 716	 19	 135	 185	 1294
"Enterocloster"	 2485	 3916	 622	 151	 388	 5893	 379	 382	 2653	 587	 2350	 5970	 4513	 744	 5460	 1648	 346	 2946	 12670	 1651	 970	 474	 1361	 373	 3594	 3128	 1321	 7165	 530	 639	 3837	 3466	 2747	 1385	 1895	 5016	 1071	 4396	 3590	 2793	 301	 3022	 8447	 4286	 3885	 5426	 1023	 7125	 3077	 3076	 6135	 3125	 1055	 1698	 5599	 1082	 5948	 3308	 987	 179	 1235	 3124	 3433	 2383	 1536	 280	 371	 2949	 2390	 1018	 12433	 534	 3783	 2738	 5836	 549	 921	 2943	 3318	 450	 2558	 3204	 1915	 262	 3096	 11731	 1982	 4069	 437	 2987	 287	 2318	 1625	 1374	 296	 5878	 3127
"Eubacterium_F"	 0	 0	 2295	 1569	 2282	 348	 0	 2054	 0	 0	 0	 0	 0	 0	 0	 254	 2194	 0	 0	 0	 0	 0	 0	 671	 34	 0	 0	 0	 2365	 0	 0	 0	 41	 0	 0	 0	 0	 0	 1709	 0	 2178	 167	 0	 0	 0	 0	 1165	 2144	 0	 0	 0	 947	 0	 0	 0	 0	 0	 0	 0	 0	 2114	 0	 0	 0	 0	 0	 2450	 0	 2118	 591	 0	 0	 0	 48	 0	 55	 0	 2250	 0	 0	 0	 0	 565	 0	 2013	 0	 0	 0	 0	 448	 1914	 0	 26	 0	 1471	 0	 0
"Eubacterium_G"	 26	 301	 1440	 1405	 1307	 1476	 0	 659	 270	 1556	 1461	 0	 779	 548	 139	 2424	 1436	 563	 0	 739	 1330	 1244	 1393	 57	 1154	 381	 1411	 0	 2616	 0	 1374	 0	 0	 1428	 0	 0	 0	 1482	 1260	 2785	 2556	 2525	 0	 1701	 878	 0	 1152	 1234	 1366	 845	 0	 2554	 1743	 0	 1399	 1301	 502	 1263	 99	 872	 1238	 1282	 835	 1314	 1348	 0	 2820	 88	 1265	 1226	 0	 0	 1987	 1146	 2792	 0	 1946	 829	 1571	 2980	 0	 2567	 1251	 655	 374	 0	 282	 0	 2755	 1666	 2658	 1113	 0	 132	 286	 241	 85
"Eubacterium_I"	 62	 543	 1613	 84	 756	 784	 0	 1161	 40	 1234	 0	 0	 0	 0	 1525	 410	 0	 0	 0	 0	 80	 931	 97	 893	 1622	 1118	 1083	 0	 1420	 136	 106	 73	 643	 99	 0	 0	 0	 0	 383	 58	 1838	 191	 0	 58	 0	 0	 1203	 0	 1373	 688	 1584	 1959	 1243	 1616	 0	 1176	 0	 703	 388	 1176	 1301	 0	 0	 0	 1813	 0	 92	 2039	 74	 205	 0	 50	 0	 1761	 1647	 521	 0	 1676	 1805	 1562	 1146	 0	 288	 205	 362	 0	 0	 0	 1243	 806	 705	 0	 1373	 0	 468	 43	 1270
"Faecalimonas"	 0	 0	 59	 0	 0	 0	 156	 0	 42	 848	 97	 3457	 1645	 0	 2031	 0	 0	 1083	 0	 0	 0	 0	 0	 0	 0	 34	 0	 999	 56	 501	 44	 1040	 0	 0	 0	 333	 1650	 1524	 0	 0	 0	 0	 0	 821	 2930	 2399	 33	 48	 0	 35	 1583	 2880	 0	 1223	 0	 938	 2418	 128	 10	 0	 0	 1474	 59	 414	 52	 0	 0	 0	 0	 0	 41	 0	 48	 0	 2854	 0	 0	 0	 0	 0	 227	 26	 0	 0	 0	 2433	 890	 1578	 0	 37	 0	 1562	 33	 2682	 0	 0	 1010
"Frisingicoccus"	 0	 0	 0	 0	 0	 0	 0	 0	 0	 0	 0	 0	 0	 0	 0	 0	 0	 0	 0	 59	 0	 0	 0	 0	 0	 0	 0	 0	 0	 0	 0	 0	 0	 0	 0	 0	 0	 0	 0	 0	 0	 0	 1982	 0	 0	 0	 0	 0	 0	 0	 0	 0	 0	 0	 0	 0	 32	 0	 0	 0	 0	 0	 0	 0	 0	 0	 659	 0	 0	 0	 0	 0	 0	 0	 0	 0	 0	 0	 0	 0	 0	 0	 0	 0	 0	 0	 0	 0	 1557	 0	 0	 0	 0	 0	 0	 0	 0
"Fusicatenibacter"	 2210	 2519	 2684	 2390	 2754	 100	 1974	 97	 2504	 1918	 2263	 1917	 2372	 1969	 2147	 2670	 2308	 2454	 0	 2163	 2262	 2542	 1934	 2389	 2223	 2361	 2374	 2029	 2426	 2207	 2707	 1939	 1980	 2088	 2124	 2093	 30	 2291	 2412	 2530	 2519	 2658	 0	 75	 2053	 0	 2572	 46	 1846	 2156	 2027	 1710	 2758	 2188	 2134	 60	 1638	 1922	 754	 2058	 2325	 2563	 2516	 2365	 2384	 1949	 2525	 2434	 2113	 1680	 2086	 2387	 2327	 2590	 2111	 1654	 1961	 2150	 2153	 2131	 2136	 2186	 2331	 2408	 1939	 75	 1988	 2151	 2161	 2368	 1811	 1825	 2179	 2157	 1745	 2065	 2362
"GCA-900066135"	 0	 0	 183	 108	 78	 312	 23	 62	 0	 0	 1193	 0	 0	 0	 0	 111	 291	 0	 0	 0	 247	 109	 50	 317	 36	 34	 72	 0	 88	 0	 0	 0	 1419	 297	 90	 0	 19	 0	 290	 122	 208	 147	 0	 0	 0	 0	 222	 0	 30	 0	 42	 0	 197	 0	 219	 31	 266	 0	 0	 93	 62	 0	 45	 0	 43	 0	 254	 129	 80	 104	 29	 64	 40	 0	 52	 0	 138	 208	 367	 332	 697	 0	 0	 237	 38	 0	 0	 0	 0	 219	 0	 0	 0	 0	 0	 0	 0
"GCA-900066575"	 26	 53	 89	 0	 256	 148	 0	 143	 54	 0	 174	 0	 38	 0	 0	 0	 104	 0	 0	 0	 65	 91	 61	 0	 35	 27	 36	 0	 192	 46	 32	 72	 70	 392	 0	 35	 0	 0	 90	 0	 70	 103	 82	 981	 0	 18	 37	 0	 0	 0	 0	 0	 123	 0	 0	 0	 0	 31	 0	 88	 0	 0	 33	 56	 350	 45	 0	 357	 61	 192	 0	 66	 0	 466	 32	 63	 0	 114	 785	 73	 43	 33	 140	 0	 44	 0	 60	 72	 0	 112	 920	 25	 551	 19	 166	 42	 134
"GCA-900066755"	 0	 0	 0	 0	 0	 0	 0	 0	 0	 0	 0	 0	 0	 0	 0	 0	 0	 0	 0	 0	 0	 0	 0	 0	 0	 0	 0	 0	 0	 0	 0	 0	 0	 0	 0	 0	 0	 0	 0	 0	 0	 0	 0	 0	 0	 0	 0	 0	 0	 0	 0	 0	 0	 0	 0	 0	 0	 0	 0	 0	 0	 0	 0	 37	 0	 0	 0	 0	 0	 0	 0	 0	 0	 0	 0	 0	 0	 0	 0	 0	 0	 0	 0	 0	 0	 0	 0	 104	 0	 0	 0	 0	 0	 0	 0	 0	 0
"Hespellia"	 0	 0	 0	 0	 0	 0	 0	 0	 0	 0	 0	 0	 0	 0	 0	 0	 0	 0	 0	 0	 0	 0	 0	 0	 0	 0	 0	 0	 0	 0	 0	 0	 0	 0	 0	 0	 0	 0	 0	 0	 0	 0	 0	 0	 0	 18	 0	 0	 0	 0	 0	 0	 0	 0	 0	 0	 0	 0	 0	 0	 0	 0	 30	 0	 0	 0	 0	 0	 0	 0	 0	 0	 0	 0	 0	 0	 0	 0	 0	 0	 0	 0	 0	 0	 0	 0	 0	 0	 0	 0	 0	 0	 0	 0	 0	 0	 0
"Hungatella"	 0	 0	 0	 0	 0	 469	 0	 85	 130	 0	 0	 157	 1017	 0	 45	 0	 384	 0	 39	 0	 78	 0	 75	 0	 0	 0	 0	 188	 0	 40	 50	 161	 0	 82	 127	 48	 55	 152	 0	 47	 0	 109	 5901	 651	 0	 221	 0	 38	 0	 40	 0	 73	 0	 0	 33	 171	 215	 0	 0	 0	 71	 231	 195	 85	 43	 0	 0	 64	 58	 0	 946	 0	 0	 0	 32	 47	 0	 0	 58	 0	 251	 49	 72	 0	 0	 1128	 143	 107	 0	 42	 85	 56	 69	 0	 0	 63	 317
"Hungatella_A"	 0	 0	 0	 0	 0	 0	 0	 0	 0	 0	 41	 0	 0	 0	 0	 0	 0	 0	 0	 0	 0	 0	 0	 0	 0	 0	 0	 0	 0	 0	 0	 0	 0	 0	 0	 0	 0	 0	 0	 0	 0	 0	 0	 42	 0	 0	 0	 0	 0	 0	 0	 0	 0	 0	 0	 0	 0	 0	 0	 0	 0	 0	 0	 0	 0	 0	 0	 0	 0	 0	 0	 0	 0	 0	 0	 0	 0	 0	 0	 0	 0	 0	 0	 0	 0	 30	 0	 0	 48	 0	 0	 0	 0	 0	 0	 0	 0
"KLE1615"	 0	 37	 571	 664	 601	 512	 192	 619	 557	 735	 0	 0	 400	 0	 536	 364	 515	 503	 0	 458	 702	 671	 472	 736	 518	 0	 549	 0	 660	 0	 487	 584	 556	 0	 646	 0	 0	 487	 480	 537	 675	 674	 0	 518	 0	 725	 647	 646	 130	 152	 0	 0	 583	 56	 399	 495	 525	 0	 226	 851	 656	 673	 614	 0	 490	 136	 477	 537	 0	 771	 0	 0	 332	 560	 264	 153	 547	 792	 651	 715	 558	 509	 0	 708	 652	 0	 0	 0	 649	 634	 593	 496	 225	 0	 719	 534	 107
"Lachnoclostridium_A"	 0	 0	 0	 0	 0	 78	 0	 0	 0	 0	 0	 0	 0	 0	 47	 0	 0	 0	 35	 51	 0	 0	 0	 0	 0	 0	 0	 141	 0	 0	 0	 0	 0	 0	 0	 32	 0	 0	 0	 0	 0	 0	 0	 426	 0	 17	 0	 0	 0	 0	 0	 0	 0	 0	 0	 0	 0	 32	 0	 0	 0	 0	 0	 0	 0	 0	 0	 0	 0	 0	 39	 0	 0	 0	 43	 0	 0	 0	 0	 0	 200	 0	 0	 0	 0	 0	 40	 42	 0	 0	 0	 32	 31	 0	 0	 0	 602
"Lachnospira"	 784	 3764	 4266	 3746	 7101	 1143	 1380	 7131	 3396	 1686	 2331	 2501	 1748	 776	 938	 2488	 3782	 2219	 0	 1514	 3180	 7048	 2707	 4458	 4934	 720	 99	 1119	 4708	 47	 1796	 1090	 2586	 2051	 1152	 62	 35	 4546	 1467	 4303	 5050	 3667	 0	 4032	 1506	 1905	 5712	 0	 260	 2007	 1189	 3989	 2053	 1127	 2073	 3168	 1959	 2648	 944	 3172	 5525	 3712	 2524	 1064	 3820	 56	 1923	 2792	 2645	 2058	 29	 3834	 2305	 2663	 947	 2928	 3303	 2945	 3407	 3660	 1907	 3816	 969	 2610	 1808	 1893	 3865	 1104	 2557	 5916	 6011	 1777	 1825	 26	 2417	 1154	 3087
"Lactonifactor"	 0	 0	 0	 0	 0	 540	 0	 0	 0	 0	 61	 0	 0	 0	 0	 0	 0	 0	 0	 0	 93	 0	 104	 0	 0	 0	 42	 0	 0	 0	 0	 0	 44	 0	 0	 0	 0	 0	 0	 0	 0	 0	 0	 50	 0	 0	 0	 37	 0	 0	 0	 0	 0	 0	 0	 0	 0	 0	 0	 0	 0	 0	 0	 271	 164	 0	 0	 0	 0	 0	 231	 0	 0	 70	 0	 0	 0	 0	 0	 0	 0	 0	 0	 0	 0	 0	 41	 395	 0	 0	 0	 0	 0	 0	 0	 0	 0
"Marvinbryantia"	 0	 0	 0	 0	 0	 0	 0	 0	 0	 0	 0	 0	 0	 0	 0	 0	 0	 0	 0	 0	 0	 0	 0	 0	 0	 0	 0	 0	 0	 0	 0	 0	 0	 0	 0	 0	 0	 0	 0	 0	 0	 0	 0	 0	 0	 0	 0	 0	 0	 0	 0	 0	 0	 0	 0	 0	 0	 0	 0	 0	 0	 0	 0	 0	 0	 0	 0	 0	 0	 0	 0	 0	 0	 0	 0	 0	 0	 0	 0	 0	 0	 0	 0	 0	 0	 0	 0	 0	 0	 0	 0	 29	 0	 0	 0	 0	 0
"Mediterraneibacter"	 392	 1718	 4250	 2031	 1591	 3061	 56	 1156	 1364	 1695	 996	 1654	 1247	 433	 2856	 1685	 2878	 1653	 1726	 1729	 3363	 1103	 1172	 805	 2431	 2972	 1443	 1333	 3632	 1240	 1637	 1618	 1283	 3142	 2318	 2450	 2769	 153	 2930	 1378	 1255	 1176	 1714	 2819	 2240	 52	 1205	 1673	 900	 2059	 1706	 547	 1860	 73	 1424	 1409	 1406	 1496	 676	 3114	 3085	 2316	 248	 1744	 2693	 144	 609	 1792	 2736	 2848	 68	 3934	 2896	 1864	 1750	 549	 1725	 1307	 921	 1479	 109	 108	 3143	 1300	 371	 1619	 1628	 157	 1644	 3220	 2919	 2823	 137	 105	 1484	 1695	 2911
"Mediterraneibacter_A"	 0	 0	 0	 0	 0	 0	 0	 0	 0	 0	 0	 0	 0	 0	 0	 101	 0	 0	 0	 0	 0	 0	 0	 0	 0	 0	 0	 0	 0	 0	 0	 42	 73	 0	 0	 0	 0	 0	 111	 50	 138	 146	 0	 0	 0	 0	 0	 0	 0	 0	 0	 0	 550	 0	 0	 0	 0	 0	 0	 0	 46	 0	 516	 0	 68	 0	 0	 0	 0	 0	 0	 0	 0	 0	 0	 0	 140	 0	 0	 0	 40	 0	 0	 69	 0	 0	 63	 0	 0	 0	 0	 0	 33	 0	 0	 0	 0
"Muricomes"	 0	 0	 0	 0	 0	 94	 0	 0	 297	 208	 73	 231	 990	 0	 48	 62	 553	 0	 74	 37	 87	 0	 686	 0	 0	 0	 0	 904	 0	 198	 0	 610	 0	 0	 0	 0	 58	 1691	 691	 862	 0	 54	 1767	 507	 0	 96	 0	 86	 0	 0	 125	 34	 0	 0	 0	 45	 1262	 0	 0	 0	 49	 1194	 881	 224	 66	 0	 0	 0	 0	 0	 1240	 0	 0	 97	 0	 0	 95	 0	 98	 39	 114	 0	 0	 62	 0	 4573	 450	 1437	 55	 0	 0	 170	 0	 0	 0	 50	 0
"Robinsoniella"	 0	 0	 0	 0	 0	 0	 0	 0	 0	 0	 0	 0	 0	 0	 0	 0	 0	 0	 0	 0	 0	 0	 0	 0	 0	 0	 0	 0	 0	 0	 0	 0	 0	 0	 0	 0	 0	 0	 0	 0	 0	 0	 0	 0	 0	 0	 0	 0	 0	 0	 0	 0	 0	 0	 0	 0	 0	 0	 0	 0	 0	 0	 0	 0	 0	 0	 0	 0	 0	 0	 0	 0	 0	 0	 0	 0	 0	 0	 0	 0	 0	 0	 0	 0	 0	 0	 0	 35	 0	 0	 0	 0	 0	 0	 0	 0	 0
"Roseburia"	 1710	 1673	 3752	 3236	 4760	 2731	 1711	 1843	 2029	 4443	 4091	 1438	 2993	 50	 2230	 1115	 3120	 109	 30	 1736	 3054	 5641	 1272	 2963	 4079	 1017	 4066	 60	 4388	 3528	 2582	 1729	 4061	 4899	 3847	 2302	 51	 732	 2335	 3190	 747	 5594	 80	 2744	 1687	 2455	 4081	 77	 2161	 5044	 82	 1520	 2514	 50	 2960	 1824	 2052	 4194	 1198	 5704	 4549	 2226	 3030	 1941	 5087	 3541	 1836	 4792	 4341	 4239	 105	 1926	 3908	 3543	 2494	 6997	 3821	 3033	 4096	 1996	 2200	 1607	 2320	 1464	 5169	 5366	 2604	 49	 1016	 5321	 5570	 62	 244	 2346	 2290	 3285	 4478
"Ruminococcus_A"	 310	 711	 754	 0	 1164	 0	 0	 833	 782	 0	 0	 0	 660	 752	 27	 783	 666	 27	 26	 31	 1464	 755	 41	 796	 41	 0	 712	 0	 671	 0	 242	 0	 765	 48	 0	 730	 22	 0	 0	 0	 776	 645	 0	 0	 31	 0	 800	 723	 1230	 767	 0	 37	 1194	 26	 0	 1230	 39	 0	 353	 0	 788	 47	 714	 43	 43	 0	 192	 1677	 0	 558	 0	 571	 1372	 740	 0	 1187	 1072	 0	 0	 0	 31	 681	 0	 431	 183	 0	 0	 1318	 0	 1220	 645	 51	 68	 705	 581	 1095	 156
"Ruminococcus_B"	 55	 316	 81	 74	 0	 1213	 50	 80	 131	 1036	 2146	 2430	 2661	 359	 2616	 91	 101	 2443	 2153	 1490	 70	 51	 2155	 60	 102	 56	 104	 1466	 206	 375	 2358	 2204	 61	 1524	 781	 2185	 2461	 2595	 1820	 2316	 56	 2005	 54	 2240	 2948	 2555	 137	 2113	 57	 2065	 2398	 2047	 1119	 2232	 48	 2061	 2066	 2482	 313	 67	 485	 2742	 1845	 2237	 118	 44	 0	 77	 503	 65	 1661	 420	 84	 2376	 2381	 55	 1978	 1635	 1987	 361	 2129	 357	 43	 78	 45	 1031	 2305	 2514	 359	 71	 86	 2497	 119	 2243	 0	 1987	 1618
"Ruminococcus_G"	 0	 0	 0	 0	 0	 0	 0	 0	 0	 0	 0	 0	 0	 0	 0	 0	 0	 0	 0	 0	 0	 0	 0	 0	 0	 0	 0	 0	 0	 0	 0	 0	 0	 0	 0	 0	 0	 0	 0	 0	 0	 0	 84	 0	 0	 0	 0	 0	 0	 0	 0	 0	 0	 0	 0	 0	 0	 0	 0	 0	 0	 0	 0	 0	 0	 0	 0	 0	 0	 0	 0	 0	 0	 0	 0	 0	 0	 0	 0	 0	 0	 0	 0	 0	 0	 0	 0	 0	 0	 0	 0	 0	 0	 0	 0	 0	 0
"Schaedlerella"	 29	 38	 67	 0	 0	 127	 0	 85	 83	 47	 81	 1271	 595	 63	 309	 44	 0	 22	 27	 63	 0	 0	 0	 0	 426	 29	 0	 0	 103	 39	 53	 617	 143	 0	 0	 148	 1817	 0	 0	 258	 69	 0	 432	 73	 26	 0	 46	 40	 0	 56	 442	 44	 53	 970	 92	 172	 581	 254	 10	 63	 174	 28	 156	 58	 92	 0	 0	 369	 43	 0	 0	 111	 688	 140	 152	 0	 0	 0	 42	 424	 234	 1373	 179	 0	 0	 206	 55	 0	 62	 0	 0	 28	 167	 15	 83	 167	 52
"Sellimonas"	 0	 0	 0	 0	 0	 0	 0	 0	 1343	 2070	 1607	 2124	 0	 0	 2386	 0	 71	 1444	 27	 613	 0	 0	 0	 0	 0	 0	 0	 0	 0	 394	 148	 0	 0	 2443	 39	 35	 1585	 1755	 0	 551	 0	 0	 424	 2250	 0	 1363	 0	 36	 0	 0	 0	 737	 54	 0	 0	 0	 912	 36	 13	 0	 636	 0	 1640	 2476	 633	 601	 0	 0	 59	 0	 0	 274	 0	 0	 0	 0	 77	 0	 0	 0	 31	 0	 0	 0	 0	 1178	 1824	 2333	 0	 0	 0	 29	 0	 1195	 0	 1145	 0
"TF01-11"	 0	 0	 3460	 2889	 2544	 68	 0	 3781	 0	 0	 0	 0	 0	 0	 27	 0	 74	 0	 0	 0	 0	 263	 0	 2555	 2969	 0	 0	 0	 3794	 0	 0	 0	 2510	 0	 0	 0	 0	 0	 840	 694	 4286	 790	 0	 960	 0	 0	 2319	 2079	 0	 1978	 0	 0	 717	 0	 973	 0	 1357	 0	 991	 0	 166	 0	 0	 0	 1485	 0	 3867	 0	 346	 374	 0	 52	 1453	 2550	 38	 4365	 4110	 1599	 0	 0	 0	 0	 555	 349	 1931	 0	 0	 0	 1932	 1945	 1917	 0	 1442	 15	 1203	 660	 0
"UBA11774"	 0	 0	 0	 629	 760	 151	 0	 429	 0	 0	 0	 0	 0	 0	 0	 442	 777	 0	 0	 187	 0	 0	 0	 628	 0	 0	 0	 0	 0	 0	 0	 0	 0	 0	 0	 0	 0	 0	 121	 729	 0	 679	 478	 0	 0	 0	 0	 0	 0	 0	 0	 0	 0	 0	 0	 0	 0	 0	 0	 0	 0	 0	 0	 0	 0	 0	 632	 43	 0	 0	 0	 0	 0	 0	 62	 0	 0	 180	 0	 158	 0	 0	 0	 773	 637	 0	 0	 0	 0	 0	 108	 0	 75	 0	 713	 198	 0
"UBA11957"	 0	 0	 0	 0	 0	 0	 0	 0	 0	 0	 0	 0	 0	 0	 0	 0	 0	 0	 0	 0	 0	 0	 0	 0	 0	 0	 0	 0	 0	 0	 0	 0	 0	 0	 0	 0	 0	 0	 0	 0	 0	 0	 0	 0	 0	 0	 0	 0	 0	 0	 0	 0	 0	 0	 0	 0	 0	 0	 0	 0	 0	 0	 0	 0	 0	 0	 0	 0	 0	 0	 0	 0	 0	 0	 0	 0	 0	 0	 0	 0	 0	 0	 0	 0	 0	 0	 0	 0	 0	 0	 0	 0	 0	 0	 84	 0	 0
"UBA9414"	 0	 0	 0	 0	 0	 0	 661	 0	 0	 0	 0	 0	 1352	 0	 0	 0	 0	 0	 0	 0	 0	 0	 0	 0	 0	 0	 0	 0	 0	 0	 0	 0	 0	 0	 0	 0	 0	 620	 105	 269	 0	 0	 0	 0	 0	 0	 0	 0	 0	 0	 0	 0	 0	 0	 0	 0	 0	 0	 0	 0	 0	 0	 0	 0	 0	 0	 0	 0	 0	 0	 0	 0	 0	 0	 0	 0	 0	 0	 0	 0	 0	 0	 0	 0	 0	 0	 0	 40	 0	 0	 0	 0	 31	 0	 0	 0	 0
"UBA9502"	 702	 2634	 915	 173	 97	 2177	 2708	 1613	 58	 670	 104	 0	 2105	 695	 27	 161	 0	 1288	 0	 0	 104	 493	 58	 584	 143	 54	 595	 33	 245	 44	 57	 207	 986	 207	 67	 60	 0	 305	 1415	 1952	 194	 172	 0	 42	 2045	 0	 72	 3167	 418	 271	 2639	 2032	 2599	 537	 1123	 3321	 2380	 50	 149	 548	 983	 0	 570	 38	 2053	 48	 0	 2165	 865	 622	 0	 1141	 2045	 419	 1759	 1399	 0	 2067	 1844	 166	 56	 3899	 0	 73	 1349	 0	 1233	 2407	 132	 72	 282	 35	 616	 15	 887	 43	 282
"UMGS1375"	 1031	 1481	 1548	 989	 639	 63	 1296	 1435	 30	 0	 0	 0	 41	 0	 41	 1464	 1940	 21	 0	 42	 0	 1448	 0	 1477	 1186	 0	 1423	 0	 962	 59	 1460	 1417	 680	 0	 438	 0	 0	 1020	 1495	 0	 1482	 1495	 0	 0	 39	 0	 1581	 36	 1347	 1005	 39	 26	 0	 1039	 0	 37	 43	 52	 429	 0	 1431	 1501	 1345	 0	 46	 935	 875	 1121	 0	 1263	 0	 0	 1531	 1362	 36	 52	 0	 1390	 32	 1357	 0	 1421	 1010	 0	 1532	 33	 0	 0	 1860	 38	 1587	 24	 728	 22	 811	 41	 1477
"Monoglobus"	 0	 0	 0	 0	 0	 0	 0	 0	 0	 0	 0	 0	 0	 0	 0	 0	 65	 0	 0	 0	 0	 0	 0	 0	 0	 0	 0	 0	 0	 0	 0	 0	 0	 0	 0	 0	 0	 0	 0	 0	 0	 0	 0	 0	 0	 0	 0	 0	 0	 0	 0	 0	 0	 0	 0	 0	 298	 0	 0	 0	 722	 0	 0	 0	 0	 0	 0	 0	 288	 0	 736	 0	 0	 0	 0	 0	 0	 0	 0	 0	 45	 0	 0	 0	 0	 694	 0	 0	 0	 0	 0	 0	 0	 0	 0	 0	 0
"CAG-41"	 0	 56	 857	 581	 886	 814	 137	 1258	 791	 784	 682	 0	 794	 0	 157	 816	 802	 859	 0	 609	 924	 648	 504	 943	 179	 381	 585	 694	 820	 525	 602	 0	 0	 815	 610	 0	 0	 721	 1203	 549	 1022	 994	 0	 601	 567	 535	 546	 631	 811	 913	 509	 732	 1434	 0	 675	 844	 684	 958	 228	 82	 158	 604	 1097	 694	 668	 0	 606	 943	 820	 947	 0	 845	 795	 618	 486	 0	 800	 684	 540	 652	 756	 0	 1015	 552	 667	 0	 455	 519	 727	 1060	 522	 545	 886	 0	 75	 779	 403
"UBA9506"	 0	 0	 0	 0	 0	 0	 0	 0	 0	 0	 0	 0	 0	 0	 0	 0	 675	 0	 0	 0	 0	 0	 0	 0	 0	 0	 0	 0	 0	 0	 0	 0	 0	 0	 0	 0	 0	 0	 0	 0	 0	 0	 0	 0	 0	 0	 0	 0	 0	 0	 0	 0	 0	 0	 0	 0	 0	 0	 0	 0	 0	 0	 0	 0	 0	 0	 0	 0	 0	 0	 0	 0	 0	 0	 0	 0	 0	 0	 0	 0	 0	 0	 0	 0	 0	 0	 0	 0	 0	 0	 112	 0	 0	 0	 0	 0	 0
"Acutalibacter"	 0	 0	 0	 76	 105	 0	 0	 0	 0	 192	 1957	 0	 51	 0	 0	 172	 1988	 0	 183	 0	 2757	 0	 2244	 0	 0	 0	 0	 0	 0	 0	 0	 0	 0	 0	 103	 0	 0	 0	 150	 0	 0	 0	 142	 1185	 0	 0	 0	 508	 0	 0	 0	 0	 172	 0	 0	 0	 140	 0	 0	 1825	 0	 0	 60	 255	 555	 0	 0	 0	 0	 0	 149	 0	 0	 315	 0	 0	 795	 58	 0	 0	 0	 0	 130	 0	 0	 0	 57	 80	 44	 0	 325	 58	 28	 0	 70	 46	 62
"An172"	 0	 0	 0	 0	 0	 0	 0	 0	 0	 0	 0	 0	 0	 0	 0	 0	 67	 0	 0	 0	 0	 0	 0	 0	 0	 0	 0	 0	 0	 0	 0	 0	 0	 0	 0	 0	 0	 0	 0	 0	 0	 0	 0	 0	 0	 0	 0	 0	 0	 0	 0	 0	 0	 0	 0	 0	 0	 0	 0	 0	 0	 0	 0	 0	 0	 0	 0	 0	 0	 0	 0	 0	 0	 0	 0	 0	 0	 0	 0	 0	 0	 0	 0	 0	 0	 0	 0	 0	 0	 0	 0	 0	 0	 0	 0	 0	 0
"An200"	 0	 0	 0	 0	 0	 141	 0	 0	 523	 0	 38	 0	 0	 0	 0	 0	 220	 0	 0	 0	 204	 0	 0	 0	 0	 0	 0	 0	 0	 0	 0	 0	 0	 0	 0	 0	 0	 0	 0	 0	 0	 0	 87	 182	 0	 0	 0	 0	 0	 0	 0	 0	 0	 0	 0	 0	 0	 0	 0	 0	 0	 0	 0	 75	 0	 0	 0	 0	 0	 0	 0	 0	 0	 0	 0	 0	 71	 0	 0	 47	 0	 0	 57	 0	 0	 0	 0	 0	 0	 0	 66	 43	 0	 0	 0	 0	 0
"Anaeromassilibacillus"	 0	 0	 0	 0	 172	 670	 0	 0	 100	 300	 83	 0	 63	 0	 0	 132	 1404	 0	 0	 31	 1118	 0	 626	 0	 0	 0	 0	 0	 68	 0	 0	 0	 0	 0	 132	 0	 0	 0	 0	 0	 60	 0	 80	 630	 0	 0	 0	 37	 0	 0	 0	 0	 332	 0	 115	 0	 93	 0	 0	 71	 444	 0	 0	 383	 179	 0	 0	 0	 52	 0	 35	 63	 0	 0	 0	 0	 687	 0	 0	 42	 68	 0	 54	 0	 0	 0	 38	 1375	 55	 0	 162	 31	 0	 0	 0	 0	 147
"CAG-177"	 0	 57	 755	 1369	 0	 0	 0	 675	 0	 0	 0	 0	 0	 0	 0	 0	 2047	 0	 0	 0	 727	 719	 0	 1826	 0	 0	 0	 741	 0	 0	 0	 0	 718	 549	 0	 0	 0	 0	 0	 0	 737	 653	 654	 0	 0	 0	 0	 0	 0	 652	 0	 0	 0	 0	 0	 0	 0	 0	 248	 759	 0	 0	 0	 0	 1734	 2273	 1532	 0	 0	 780	 0	 0	 0	 0	 0	 731	 671	 164	 0	 675	 0	 0	 0	 759	 701	 0	 0	 0	 0	 0	 1151	 0	 0	 0	 2453	 0	 0
"CAG-180"	 0	 0	 0	 0	 882	 0	 0	 0	 0	 856	 0	 0	 0	 0	 0	 1247	 890	 0	 1268	 0	 618	 0	 0	 0	 0	 0	 0	 0	 879	 0	 0	 0	 891	 928	 0	 0	 0	 0	 0	 0	 0	 0	 0	 1348	 0	 0	 545	 0	 0	 0	 0	 0	 0	 0	 858	 0	 1273	 0	 0	 1274	 908	 0	 0	 0	 0	 1382	 0	 0	 0	 883	 0	 0	 0	 0	 1250	 892	 0	 71	 0	 0	 909	 0	 1362	 489	 0	 0	 0	 0	 0	 0	 0	 0	 1230	 0	 0	 853	 0
"CAG-217"	 598	 593	 651	 578	 0	 0	 0	 0	 0	 0	 0	 0	 0	 539	 0	 0	 808	 237	 0	 0	 647	 665	 704	 0	 0	 0	 0	 0	 541	 0	 0	 535	 0	 551	 548	 0	 0	 0	 0	 0	 0	 0	 0	 0	 0	 0	 0	 0	 0	 556	 0	 0	 0	 0	 0	 0	 0	 0	 0	 0	 0	 0	 0	 0	 0	 704	 0	 624	 0	 0	 0	 0	 555	 542	 0	 535	 0	 581	 0	 0	 688	 0	 0	 588	 0	 0	 524	 566	 0	 615	 540	 0	 558	 0	 0	 0	 563
"CAG-488"	 0	 0	 0	 0	 0	 0	 0	 0	 0	 0	 0	 0	 0	 0	 0	 0	 0	 0	 0	 0	 0	 0	 0	 0	 0	 0	 0	 0	 0	 0	 0	 0	 0	 0	 0	 0	 0	 0	 0	 0	 0	 0	 0	 0	 0	 0	 0	 0	 0	 0	 0	 0	 0	 0	 0	 0	 0	 0	 0	 0	 0	 0	 0	 0	 0	 0	 0	 0	 0	 0	 0	 0	 0	 0	 0	 0	 0	 0	 0	 0	 0	 0	 0	 1025	 0	 0	 0	 0	 0	 0	 0	 0	 0	 0	 115	 0	 0
"Clostridium_A"	 324	 860	 1541	 1633	 95	 1492	 0	 0	 1094	 1526	 841	 1897	 1375	 0	 341	 1609	 1943	 0	 1247	 0	 1843	 0	 1533	 0	 0	 264	 78	 0	 82	 0	 0	 0	 213	 1534	 1998	 0	 0	 726	 1626	 164	 943	 1657	 391	 2574	 0	 0	 1053	 254	 938	 412	 340	 0	 511	 0	 1871	 0	 728	 1471	 503	 295	 1647	 0	 1493	 1082	 1488	 65	 0	 0	 65	 0	 0	 0	 192	 1121	 0	 1116	 1582	 180	 0	 1856	 1416	 0	 1495	 60	 542	 0	 1230	 1647	 1570	 0	 695	 1583	 67	 0	 0	 924	 508
"Eubacterium_R"	 0	 0	 0	 0	 1053	 446	 0	 928	 940	 0	 0	 0	 0	 0	 0	 0	 919	 0	 0	 0	 934	 0	 0	 0	 183	 949	 0	 0	 955	 0	 0	 0	 0	 1018	 0	 0	 0	 0	 0	 0	 943	 861	 1103	 0	 0	 0	 0	 0	 0	 0	 1312	 0	 880	 0	 0	 1190	 0	 0	 267	 0	 0	 0	 0	 0	 0	 0	 169	 0	 868	 1544	 0	 0	 0	 0	 0	 0	 981	 0	 843	 828	 0	 0	 899	 0	 0	 0	 0	 0	 841	 49	 905	 0	 0	 729	 845	 0	 0
"GCA-900066995"	 0	 0	 0	 0	 0	 0	 0	 0	 0	 0	 0	 0	 0	 0	 0	 0	 0	 0	 0	 0	 0	 1278	 0	 0	 0	 0	 0	 0	 0	 0	 0	 0	 0	 0	 0	 0	 0	 0	 0	 0	 0	 0	 0	 0	 0	 0	 0	 0	 0	 0	 0	 0	 0	 0	 0	 0	 0	 0	 11	 0	 0	 0	 0	 0	 0	 0	 69	 0	 40	 0	 0	 0	 0	 0	 0	 0	 0	 0	 0	 38	 0	 0	 0	 0	 1011	 0	 0	 0	 0	 381	 1334	 0	 0	 0	 517	 0	 0
"Marseille-P4683"	 0	 0	 0	 0	 0	 0	 0	 0	 0	 0	 0	 0	 0	 0	 0	 40	 0	 0	 0	 0	 497	 0	 0	 0	 0	 0	 0	 0	 0	 0	 0	 0	 0	 0	 0	 0	 0	 0	 0	 0	 0	 0	 0	 0	 0	 0	 0	 0	 0	 0	 0	 0	 0	 0	 0	 0	 0	 0	 0	 0	 0	 0	 0	 0	 0	 0	 0	 0	 0	 0	 0	 0	 0	 0	 0	 0	 0	 0	 0	 0	 0	 0	 0	 0	 0	 0	 0	 0	 0	 0	 86	 0	 0	 0	 0	 38	 0
"Ruminococcus_E"	 971	 983	 964	 1139	 935	 1422	 0	 846	 1290	 934	 943	 686	 0	 0	 1014	 0	 913	 882	 0	 0	 1195	 92	 1184	 914	 810	 0	 1031	 0	 1464	 0	 1034	 905	 0	 988	 973	 893	 431	 0	 1105	 811	 1019	 708	 0	 696	 0	 0	 1085	 0	 0	 694	 29	 1124	 1101	 0	 912	 0	 1043	 1097	 349	 719	 1149	 798	 1071	 0	 1471	 45	 1242	 0	 894	 1446	 0	 586	 0	 1121	 696	 0	 1033	 1002	 0	 0	 1427	 0	 942	 190	 647	 0	 1154	 1049	 809	 1147	 301	 671	 51	 21	 831	 656	 1374
"Ruminococcus_H"	 0	 0	 592	 310	 392	 531	 0	 161	 0	 0	 0	 0	 0	 324	 0	 358	 0	 629	 0	 0	 304	 720	 0	 664	 0	 0	 625	 439	 254	 605	 0	 0	 385	 241	 0	 0	 0	 0	 0	 673	 339	 319	 0	 535	 0	 0	 0	 267	 0	 444	 0	 0	 61	 0	 226	 0	 37	 0	 0	 0	 0	 0	 0	 0	 246	 696	 578	 401	 388	 545	 0	 0	 0	 241	 0	 0	 54	 0	 0	 363	 0	 0	 0	 668	 0	 0	 119	 214	 0	 0	 455	 0	 232	 0	 474	 0	 346
"UBA737"	 0	 0	 626	 0	 0	 0	 0	 0	 0	 0	 0	 0	 0	 0	 0	 0	 0	 0	 0	 0	 522	 0	 0	 0	 0	 0	 0	 0	 0	 0	 0	 0	 0	 0	 0	 0	 0	 0	 0	 0	 0	 0	 0	 0	 0	 0	 0	 0	 0	 84	 0	 0	 0	 0	 0	 0	 0	 0	 0	 0	 0	 0	 0	 0	 570	 0	 184	 0	 0	 0	 0	 0	 0	 0	 0	 0	 0	 0	 0	 0	 0	 0	 0	 704	 0	 0	 0	 0	 0	 0	 1080	 0	 0	 0	 327	 0	 0
"Agathobaculum"	 692	 1498	 1134	 1320	 1930	 1313	 1362	 2068	 2364	 2097	 1283	 290	 2056	 1997	 1733	 1938	 1631	 1483	 315	 1565	 1125	 1973	 1015	 1349	 1358	 1869	 1420	 1291	 1895	 1533	 1949	 2013	 1225	 1721	 1415	 1411	 26	 1395	 1322	 1476	 1617	 1936	 1132	 1162	 1327	 40	 2063	 1297	 1418	 975	 1925	 1965	 1545	 417	 1528	 2488	 1585	 2069	 468	 1370	 1740	 1876	 1431	 1587	 2040	 945	 191	 2075	 2530	 1697	 539	 1896	 2317	 1250	 1411	 1159	 1829	 1926	 2472	 1472	 995	 1789	 1450	 1989	 2146	 1485	 925	 1539	 1520	 1425	 1523	 1484	 1572	 629	 589	 1931	 1826
"Butyricicoccus"	 0	 0	 0	 71	 0	 0	 0	 0	 0	 0	 0	 34	 0	 0	 0	 0	 89	 0	 405	 0	 0	 0	 0	 0	 0	 0	 0	 0	 0	 0	 0	 0	 0	 0	 0	 0	 1095	 48	 0	 0	 0	 0	 0	 112	 0	 52	 0	 0	 0	 0	 0	 0	 0	 0	 0	 1394	 36	 0	 0	 0	 0	 0	 0	 51	 0	 0	 0	 0	 0	 0	 42	 66	 0	 0	 0	 0	 0	 42	 0	 0	 0	 0	 0	 0	 0	 325	 43	 0	 97	 0	 65	 38	 0	 0	 0	 101	 75
"Intestinibacillus"	 0	 0	 0	 0	 0	 0	 0	 0	 0	 0	 0	 0	 0	 0	 0	 0	 0	 0	 58	 0	 0	 0	 0	 0	 0	 0	 0	 684	 0	 0	 0	 0	 0	 0	 0	 0	 0	 0	 0	 0	 0	 0	 0	 0	 0	 0	 0	 0	 0	 0	 0	 0	 0	 0	 0	 0	 0	 0	 0	 0	 0	 0	 0	 0	 0	 0	 0	 0	 0	 0	 0	 0	 0	 0	 0	 0	 0	 0	 0	 0	 0	 0	 0	 0	 0	 0	 0	 0	 0	 0	 0	 0	 0	 0	 0	 0	 0
"CAG-272"	 0	 0	 0	 0	 0	 0	 0	 0	 0	 0	 0	 0	 0	 0	 0	 0	 0	 0	 0	 0	 0	 0	 0	 0	 0	 0	 0	 0	 0	 0	 0	 0	 0	 0	 0	 0	 0	 0	 0	 0	 0	 0	 0	 0	 0	 0	 0	 0	 0	 0	 0	 0	 0	 0	 0	 0	 0	 0	 0	 0	 0	 0	 0	 0	 0	 0	 0	 0	 0	 0	 0	 0	 0	 0	 0	 0	 0	 0	 0	 0	 0	 0	 0	 0	 0	 0	 0	 0	 0	 0	 0	 0	 0	 0	 108	 0	 0
"CAG-390"	 0	 0	 0	 0	 0	 0	 0	 0	 0	 0	 0	 0	 0	 0	 0	 0	 0	 0	 0	 0	 0	 0	 0	 105	 0	 0	 0	 0	 0	 0	 0	 0	 0	 0	 0	 0	 0	 0	 0	 0	 0	 0	 0	 0	 0	 0	 0	 0	 0	 0	 0	 0	 0	 0	 0	 0	 0	 0	 0	 0	 0	 0	 0	 0	 0	 0	 1879	 0	 0	 0	 0	 0	 0	 0	 0	 0	 0	 0	 0	 0	 0	 0	 0	 76	 0	 0	 0	 0	 0	 0	 0	 0	 0	 0	 1399	 0	 0
"CAG-448"	 0	 0	 290	 798	 0	 0	 0	 0	 0	 0	 0	 0	 0	 0	 0	 0	 0	 0	 0	 0	 0	 0	 0	 0	 0	 0	 0	 0	 0	 0	 0	 0	 0	 0	 0	 0	 0	 0	 0	 0	 0	 0	 0	 0	 0	 0	 0	 0	 0	 0	 0	 0	 0	 0	 0	 0	 0	 0	 0	 0	 0	 0	 0	 0	 0	 0	 104	 0	 0	 0	 0	 0	 0	 0	 0	 0	 0	 0	 0	 0	 0	 0	 0	 0	 0	 0	 0	 0	 0	 0	 0	 0	 0	 0	 747	 0	 0
"CAG-724"	 0	 0	 0	 0	 0	 0	 0	 0	 0	 0	 0	 0	 0	 0	 0	 0	 0	 0	 0	 0	 0	 0	 0	 0	 0	 0	 0	 0	 0	 0	 0	 0	 0	 0	 0	 0	 0	 0	 0	 0	 0	 0	 0	 0	 0	 0	 0	 0	 0	 0	 0	 0	 0	 0	 0	 0	 0	 0	 0	 0	 0	 0	 0	 0	 0	 0	 1744	 0	 0	 0	 0	 0	 0	 0	 0	 0	 0	 0	 0	 0	 0	 0	 0	 0	 0	 0	 0	 0	 0	 0	 0	 0	 0	 0	 70	 0	 0
"CAG-841"	 0	 0	 0	 0	 0	 0	 0	 0	 0	 0	 0	 0	 0	 0	 0	 0	 0	 0	 0	 0	 0	 0	 0	 58	 0	 0	 0	 0	 0	 0	 0	 0	 0	 0	 0	 0	 0	 0	 0	 0	 0	 0	 0	 0	 0	 0	 0	 0	 0	 0	 0	 0	 0	 0	 0	 0	 0	 0	 0	 0	 0	 0	 0	 0	 0	 0	 0	 0	 0	 0	 0	 0	 0	 0	 0	 0	 0	 0	 0	 0	 0	 0	 0	 0	 0	 0	 0	 0	 0	 0	 0	 0	 0	 0	 119	 0	 0
"QALR01"	 0	 0	 0	 894	 0	 0	 0	 0	 0	 0	 0	 0	 0	 0	 0	 0	 1419	 0	 0	 0	 1532	 0	 0	 0	 0	 0	 0	 0	 0	 0	 0	 0	 0	 0	 0	 0	 0	 0	 0	 0	 0	 0	 0	 0	 0	 0	 0	 0	 0	 0	 0	 0	 0	 0	 0	 0	 0	 0	 0	 0	 0	 0	 0	 0	 0	 0	 0	 0	 0	 0	 0	 0	 0	 0	 0	 0	 0	 0	 0	 0	 0	 0	 0	 0	 0	 0	 0	 0	 0	 0	 0	 0	 0	 0	 0	 0	 0
"UBA11512"	 0	 0	 0	 708	 0	 0	 0	 0	 0	 0	 0	 0	 0	 0	 0	 0	 0	 0	 0	 0	 0	 0	 0	 670	 0	 0	 0	 0	 0	 0	 0	 0	 0	 0	 0	 0	 0	 0	 0	 0	 0	 0	 0	 0	 0	 0	 0	 0	 0	 0	 0	 0	 0	 0	 0	 0	 0	 0	 0	 0	 0	 0	 0	 0	 0	 0	 1497	 0	 0	 0	 0	 0	 0	 0	 0	 0	 0	 0	 0	 0	 0	 0	 0	 0	 0	 0	 0	 0	 0	 0	 0	 0	 0	 0	 1428	 0	 0
"UMGS1865"	 0	 0	 0	 92	 0	 0	 0	 0	 0	 0	 0	 0	 0	 0	 0	 0	 0	 0	 0	 0	 0	 0	 0	 1305	 0	 0	 0	 0	 0	 0	 0	 0	 0	 0	 0	 0	 0	 0	 0	 0	 0	 0	 0	 0	 0	 0	 0	 0	 0	 0	 0	 0	 0	 0	 0	 0	 0	 0	 0	 0	 0	 0	 0	 0	 0	 0	 1604	 0	 0	 0	 0	 0	 0	 0	 0	 347	 0	 0	 0	 0	 0	 0	 0	 0	 0	 0	 0	 0	 0	 0	 0	 0	 0	 0	 97	 0	 0
"UMGS902"	 0	 0	 0	 0	 0	 0	 0	 0	 0	 0	 0	 0	 0	 0	 0	 0	 0	 0	 0	 0	 0	 0	 0	 102	 0	 0	 0	 0	 0	 0	 0	 0	 0	 0	 0	 0	 0	 0	 0	 0	 0	 0	 0	 0	 0	 0	 0	 0	 0	 0	 0	 0	 0	 0	 0	 0	 0	 0	 0	 0	 0	 0	 0	 0	 0	 0	 476	 0	 0	 0	 0	 0	 0	 0	 0	 0	 0	 0	 0	 0	 0	 0	 0	 0	 0	 0	 0	 0	 0	 0	 0	 0	 0	 0	 2233	 0	 0
"UMGS911"	 0	 0	 0	 188	 0	 0	 0	 0	 0	 0	 0	 0	 0	 0	 0	 0	 345	 0	 0	 0	 428	 0	 0	 2292	 0	 0	 151	 0	 0	 0	 0	 0	 0	 0	 0	 0	 0	 0	 0	 0	 0	 0	 0	 0	 0	 0	 0	 0	 0	 0	 0	 0	 0	 0	 0	 0	 0	 0	 0	 0	 0	 0	 0	 0	 0	 0	 1361	 0	 0	 0	 0	 0	 0	 0	 0	 0	 231	 0	 0	 0	 0	 0	 0	 76	 2065	 0	 0	 0	 0	 0	 0	 0	 0	 0	 75	 0	 0
"UBA1206"	 0	 0	 0	 0	 0	 0	 0	 0	 0	 0	 0	 0	 0	 0	 0	 0	 0	 0	 0	 0	 0	 0	 0	 0	 0	 0	 0	 0	 0	 0	 0	 0	 0	 0	 0	 0	 0	 0	 0	 0	 0	 0	 0	 0	 0	 0	 0	 0	 0	 0	 0	 0	 0	 0	 0	 0	 0	 0	 0	 0	 0	 0	 0	 0	 0	 0	 0	 0	 0	 0	 0	 0	 0	 0	 0	 0	 0	 0	 0	 0	 0	 0	 0	 0	 0	 0	 0	 0	 0	 0	 0	 0	 0	 0	 785	 0	 0
"UCG-010"	 0	 0	 0	 93	 0	 0	 0	 0	 0	 0	 0	 0	 0	 0	 0	 0	 0	 0	 0	 0	 79	 0	 0	 61	 0	 0	 0	 0	 0	 0	 0	 0	 0	 0	 0	 0	 0	 0	 0	 0	 0	 0	 0	 0	 0	 0	 0	 0	 0	 0	 0	 0	 0	 0	 0	 0	 0	 0	 0	 0	 0	 0	 0	 0	 0	 0	 1341	 0	 0	 0	 0	 0	 0	 0	 0	 0	 489	 0	 0	 0	 0	 0	 0	 0	 0	 0	 0	 0	 0	 0	 123	 0	 0	 0	 0	 0	 0
"UMGS882"	 0	 0	 0	 94	 0	 0	 0	 340	 0	 0	 0	 0	 0	 0	 0	 0	 0	 0	 0	 0	 0	 0	 0	 0	 0	 0	 0	 0	 0	 0	 0	 0	 0	 0	 0	 0	 0	 0	 0	 0	 0	 0	 0	 0	 0	 0	 0	 0	 0	 0	 0	 0	 0	 0	 0	 0	 0	 0	 0	 0	 0	 0	 0	 0	 0	 0	 754	 0	 0	 0	 0	 0	 0	 0	 0	 0	 0	 0	 0	 0	 0	 0	 0	 0	 0	 0	 0	 0	 0	 0	 0	 0	 0	 0	 0	 0	 0
"CAG-103"	 0	 0	 816	 844	 734	 0	 0	 1243	 825	 923	 0	 719	 0	 114	 0	 0	 1099	 0	 0	 56	 917	 234	 708	 102	 0	 444	 89	 0	 892	 0	 0	 0	 158	 66	 38	 0	 0	 0	 606	 109	 1235	 694	 0	 0	 0	 0	 0	 569	 0	 795	 0	 0	 758	 0	 764	 0	 0	 0	 307	 264	 56	 0	 768	 0	 920	 734	 671	 0	 870	 110	 0	 0	 0	 105	 0	 886	 410	 734	 0	 740	 0	 0	 746	 888	 767	 0	 0	 0	 519	 0	 791	 0	 215	 0	 898	 716	 123
"CAG-110"	 0	 0	 1194	 2979	 1546	 1142	 0	 106	 0	 1017	 0	 0	 482	 84	 0	 1040	 393	 0	 605	 1122	 3833	 64	 795	 1731	 0	 92	 1030	 0	 1613	 0	 0	 0	 619	 1365	 790	 0	 0	 0	 1006	 1508	 1005	 693	 527	 0	 0	 0	 0	 766	 0	 958	 0	 0	 701	 0	 995	 0	 0	 0	 0	 837	 714	 0	 988	 190	 1161	 0	 235	 0	 796	 898	 0	 926	 0	 0	 0	 768	 2429	 0	 1001	 875	 42	 0	 854	 1130	 827	 0	 364	 1033	 455	 470	 760	 760	 209	 16	 1019	 1523	 1005
"CAG-170"	 516	 1036	 644	 2303	 1145	 776	 0	 1753	 0	 0	 0	 0	 0	 0	 0	 0	 718	 0	 0	 0	 3749	 363	 0	 1978	 0	 0	 54	 0	 916	 0	 0	 0	 200	 211	 0	 0	 0	 0	 0	 0	 1181	 0	 118	 0	 0	 0	 0	 126	 0	 210	 0	 0	 0	 0	 0	 0	 0	 0	 0	 0	 0	 0	 0	 0	 883	 453	 2486	 0	 0	 243	 0	 0	 0	 0	 0	 1878	 167	 0	 0	 0	 0	 0	 0	 4335	 44	 0	 53	 0	 1909	 0	 93	 0	 140	 0	 1766	 41	 122
"CAG-83"	 251	 1019	 1272	 2789	 1447	 3314	 77	 2427	 0	 593	 549	 296	 77	 665	 0	 388	 900	 20	 426	 377	 2606	 1268	 380	 1381	 37	 74	 657	 307	 469	 405	 217	 0	 509	 1095	 334	 1275	 0	 0	 414	 493	 1456	 391	 1784	 0	 0	 0	 362	 559	 0	 866	 0	 0	 410	 0	 458	 0	 0	 523	 108	 465	 410	 0	 380	 0	 1055	 1129	 1403	 75	 941	 786	 0	 78	 236	 478	 0	 604	 1285	 392	 49	 1371	 892	 0	 1117	 1626	 423	 0	 1135	 411	 1176	 79	 1463	 41	 578	 13	 1798	 745	 1583
"ER4"	 1020	 1350	 1796	 1174	 769	 1358	 0	 2138	 0	 66	 39	 0	 1074	 897	 0	 727	 1586	 25	 36	 1711	 1148	 1308	 41	 1778	 49	 117	 847	 0	 886	 54	 0	 0	 1280	 1989	 60	 0	 0	 0	 317	 509	 767	 737	 1766	 0	 0	 0	 0	 1465	 0	 869	 0	 0	 667	 0	 35	 0	 0	 34	 0	 711	 969	 0	 0	 0	 1234	 1048	 1747	 1137	 0	 1377	 0	 54	 34	 71	 953	 817	 1260	 782	 57	 1382	 47	 0	 898	 1996	 596	 0	 768	 48	 279	 296	 2329	 0	 963	 12	 2172	 499	 892
"Evtepia"	 1231	 1103	 0	 0	 0	 0	 0	 0	 2093	 1104	 0	 0	 0	 726	 1504	 0	 0	 23	 0	 0	 1224	 1030	 1250	 2012	 0	 0	 0	 1372	 0	 0	 0	 0	 822	 0	 0	 0	 0	 1145	 0	 0	 0	 0	 0	 0	 0	 0	 0	 2076	 0	 0	 0	 0	 0	 0	 0	 1418	 0	 0	 0	 1236	 1343	 0	 1400	 0	 2041	 0	 0	 0	 1348	 0	 1549	 0	 0	 0	 1031	 0	 1480	 51	 2043	 2099	 1958	 0	 0	 0	 0	 0	 0	 2084	 2061	 0	 0	 51	 1627	 0	 95	 1977	 427
"F23-B02"	 25	 0	 0	 94	 0	 64	 0	 65	 0	 0	 0	 0	 0	 0	 0	 0	 84	 0	 0	 0	 128	 58	 0	 110	 0	 0	 35	 0	 0	 0	 0	 0	 36	 66	 0	 0	 0	 0	 0	 44	 65	 0	 49	 0	 0	 0	 0	 0	 0	 0	 0	 0	 0	 0	 0	 0	 0	 0	 10	 0	 0	 0	 0	 0	 41	 0	 942	 0	 0	 0	 0	 0	 0	 0	 0	 0	 130	 0	 0	 0	 0	 0	 63	 112	 0	 0	 47	 0	 44	 0	 76	 0	 26	 0	 2074	 35	 65
"Flavonifractor"	 838	 1198	 261	 291	 235	 1056	 168	 100	 1410	 694	 823	 1417	 1055	 376	 662	 510	 1587	 957	 1219	 490	 890	 43	 568	 102	 1441	 761	 84	 643	 301	 818	 607	 914	 114	 590	 1281	 1030	 804	 1127	 880	 270	 220	 348	 1176	 1738	 30	 1047	 129	 466	 303	 351	 1300	 1309	 499	 29	 809	 1030	 1100	 208	 108	 109	 737	 981	 851	 1290	 206	 151	 506	 0	 875	 666	 1037	 1628	 685	 257	 113	 154	 370	 852	 1123	 275	 940	 1015	 829	 560	 87	 972	 1364	 1488	 456	 47	 534	 1224	 111	 1347	 142	 815	 1282
"Intestinimonas"	 50	 122	 90	 92	 257	 889	 0	 96	 1096	 42	 44	 38	 0	 36	 0	 64	 1875	 0	 47	 0	 174	 0	 0	 142	 37	 28	 0	 986	 59	 0	 0	 0	 37	 71	 117	 0	 19	 34	 95	 75	 52	 0	 572	 237	 0	 29	 0	 355	 0	 100	 33	 0	 43	 0	 121	 189	 0	 0	 0	 190	 72	 0	 0	 85	 100	 59	 2770	 0	 36	 93	 975	 1544	 0	 55	 93	 51	 62	 185	 83	 67	 52	 0	 587	 265	 93	 37	 102	 51	 108	 43	 124	 122	 84	 13	 128	 761	 145
"Lawsonibacter"	 380	 1111	 308	 321	 1077	 1304	 255	 228	 3377	 2998	 1485	 955	 991	 71	 1460	 1855	 3500	 1038	 1658	 2200	 2805	 85	 2941	 90	 283	 909	 127	 64	 352	 2053	 301	 129	 488	 447	 3089	 1359	 275	 1552	 3534	 1445	 570	 89	 993	 2583	 31	 38	 781	 710	 2189	 629	 2023	 1754	 1914	 0	 2880	 1763	 2638	 424	 196	 384	 542	 1820	 2095	 692	 781	 289	 1252	 48	 2222	 692	 58	 3079	 88	 503	 377	 94	 989	 1589	 743	 567	 1251	 1848	 1058	 984	 191	 1291	 1100	 3295	 1853	 44	 1133	 1169	 570	 36	 116	 1163	 3026
"NK3B98"	 0	 0	 0	 234	 0	 0	 0	 0	 0	 0	 0	 0	 0	 0	 0	 0	 454	 0	 0	 0	 0	 0	 0	 0	 0	 0	 0	 0	 0	 0	 0	 0	 0	 0	 0	 0	 0	 0	 0	 0	 0	 0	 0	 0	 0	 0	 0	 0	 0	 0	 0	 0	 0	 0	 0	 0	 0	 0	 0	 0	 0	 0	 0	 0	 0	 0	 70	 0	 0	 0	 0	 0	 0	 0	 0	 0	 0	 0	 0	 0	 0	 0	 0	 0	 0	 0	 0	 0	 0	 0	 1258	 0	 0	 0	 0	 0	 0
"Oscillibacter"	 317	 789	 631	 332	 1500	 1887	 85	 732	 1716	 1025	 1057	 2007	 1853	 86	 645	 1761	 1708	 301	 1149	 551	 2222	 353	 1770	 272	 992	 1748	 329	 1573	 962	 1183	 96	 0	 579	 650	 1931	 900	 1313	 1853	 1709	 595	 1145	 1597	 1791	 316	 0	 0	 429	 1650	 365	 719	 789	 220	 1828	 0	 1849	 1650	 1955	 285	 407	 881	 597	 1194	 183	 289	 1325	 412	 410	 149	 1532	 662	 1908	 1181	 282	 1507	 1133	 289	 1312	 952	 2015	 1052	 1461	 32	 2234	 1141	 471	 1300	 939	 1747	 1883	 223	 1653	 1800	 686	 697	 326	 2111	 1894
"Pseudoflavonifractor"	 0	 0	 0	 0	 53	 0	 0	 0	 32	 0	 73	 40	 0	 0	 0	 0	 194	 0	 278	 0	 106	 0	 0	 0	 0	 0	 0	 0	 71	 0	 34	 0	 88	 47	 67	 0	 31	 108	 0	 101	 0	 0	 76	 1896	 0	 0	 0	 0	 0	 0	 0	 0	 70	 0	 39	 0	 0	 0	 0	 0	 0	 0	 0	 87	 49	 0	 99	 0	 0	 0	 0	 264	 0	 54	 0	 0	 0	 0	 0	 0	 38	 0	 345	 0	 0	 41	 227	 63	 46	 0	 184	 76	 0	 24	 65	 38	 82
"UBA1777"	 0	 0	 0	 0	 0	 0	 0	 0	 0	 0	 0	 0	 0	 0	 0	 0	 0	 0	 0	 0	 480	 0	 0	 353	 0	 0	 0	 0	 0	 0	 0	 0	 0	 0	 0	 0	 0	 0	 0	 0	 0	 0	 0	 0	 0	 0	 0	 0	 0	 0	 0	 0	 0	 0	 0	 0	 0	 0	 0	 0	 0	 0	 0	 0	 0	 0	 161	 0	 0	 0	 0	 0	 0	 0	 0	 0	 0	 0	 0	 0	 0	 0	 0	 0	 0	 0	 0	 0	 0	 0	 439	 0	 0	 0	 492	 0	 0
"UBA738"	 0	 56	 93	 660	 0	 980	 0	 738	 0	 0	 0	 0	 0	 0	 0	 0	 891	 0	 0	 0	 0	 0	 0	 0	 0	 0	 69	 0	 0	 0	 0	 0	 0	 455	 0	 0	 0	 0	 0	 0	 837	 0	 0	 0	 0	 0	 0	 0	 0	 0	 0	 0	 0	 0	 0	 0	 0	 0	 0	 0	 0	 0	 0	 0	 0	 0	 1097	 0	 0	 0	 0	 0	 0	 0	 0	 0	 0	 0	 0	 0	 0	 0	 0	 846	 0	 0	 0	 0	 0	 0	 0	 0	 0	 0	 124	 0	 0
"UBA9475"	 0	 0	 0	 0	 0	 0	 0	 0	 0	 0	 50	 0	 0	 0	 0	 0	 159	 0	 0	 0	 125	 0	 0	 0	 52	 0	 0	 0	 0	 0	 0	 0	 0	 0	 48	 0	 0	 0	 0	 0	 0	 0	 50	 118	 0	 0	 0	 0	 0	 0	 0	 0	 0	 0	 0	 0	 0	 0	 0	 0	 0	 0	 0	 37	 0	 0	 0	 0	 0	 0	 0	 144	 0	 0	 0	 0	 0	 0	 0	 43	 0	 0	 0	 0	 0	 0	 0	 0	 0	 0	 78	 174	 0	 0	 0	 0	 0
"QAMX01"	 0	 0	 0	 0	 0	 0	 0	 0	 0	 0	 0	 0	 0	 0	 0	 0	 0	 0	 0	 0	 0	 0	 0	 0	 0	 0	 0	 0	 0	 0	 0	 0	 0	 0	 0	 0	 0	 0	 0	 0	 0	 0	 0	 0	 0	 0	 0	 0	 0	 0	 0	 0	 0	 0	 0	 0	 0	 0	 0	 0	 0	 0	 0	 0	 0	 0	 81	 0	 0	 0	 0	 0	 0	 0	 0	 0	 0	 0	 0	 0	 0	 0	 0	 0	 0	 0	 0	 0	 0	 0	 0	 0	 0	 0	 0	 0	 0
"Anaerofilum"	 0	 0	 0	 0	 0	 0	 0	 0	 0	 0	 0	 0	 0	 0	 0	 0	 75	 0	 0	 0	 0	 0	 0	 0	 0	 0	 0	 0	 0	 0	 0	 0	 0	 0	 0	 0	 0	 0	 0	 0	 0	 0	 0	 46	 0	 0	 0	 0	 0	 0	 0	 0	 0	 0	 0	 0	 0	 0	 0	 0	 0	 0	 0	 0	 0	 0	 0	 0	 0	 0	 0	 0	 0	 0	 0	 0	 0	 0	 0	 0	 0	 0	 132	 0	 0	 0	 0	 0	 0	 0	 0	 102	 0	 0	 0	 0	 0
"Anaerotruncus"	 0	 0	 91	 91	 71	 109	 0	 57	 117	 41	 56	 99	 40	 0	 0	 130	 231	 0	 61	 0	 530	 0	 2237	 0	 0	 0	 0	 64	 0	 0	 0	 0	 0	 46	 41	 42	 0	 0	 58	 0	 45	 0	 283	 331	 0	 0	 0	 130	 0	 0	 28	 35	 0	 0	 84	 43	 315	 0	 0	 0	 419	 0	 0	 71	 71	 0	 120	 0	 49	 0	 146	 84	 0	 0	 0	 0	 73	 73	 0	 40	 2240	 0	 75	 294	 0	 300	 78	 200	 49	 0	 148	 40	 0	 15	 61	 67	 282
"Angelakisella"	 0	 0	 90	 71	 155	 261	 0	 74	 0	 0	 0	 0	 0	 0	 0	 0	 1212	 0	 0	 0	 215	 0	 0	 55	 0	 0	 0	 0	 0	 0	 0	 0	 0	 75	 0	 0	 0	 0	 0	 0	 94	 0	 0	 146	 0	 0	 0	 0	 0	 0	 0	 0	 0	 0	 0	 0	 0	 0	 0	 0	 0	 0	 0	 43	 0	 0	 113	 0	 0	 0	 0	 53	 0	 0	 0	 0	 0	 0	 0	 0	 0	 0	 0	 60	 0	 0	 0	 0	 0	 0	 168	 0	 0	 0	 85	 0	 0
"Bittarella"	 0	 0	 0	 0	 0	 0	 0	 0	 0	 0	 0	 0	 0	 0	 0	 0	 0	 0	 51	 0	 0	 0	 0	 0	 0	 0	 0	 0	 0	 0	 0	 0	 0	 64	 40	 0	 0	 119	 0	 0	 0	 0	 177	 0	 0	 0	 0	 42	 0	 0	 0	 0	 0	 0	 0	 0	 0	 0	 0	 0	 0	 0	 0	 0	 0	 0	 0	 0	 0	 0	 0	 0	 0	 0	 0	 0	 0	 0	 0	 0	 0	 0	 0	 0	 0	 0	 0	 0	 0	 0	 0	 0	 0	 0	 0	 0	 0
"CAG-115"	 0	 0	 682	 0	 0	 0	 0	 0	 0	 0	 0	 0	 0	 0	 0	 0	 0	 0	 0	 0	 0	 0	 0	 0	 2729	 0	 0	 0	 0	 0	 0	 0	 0	 0	 0	 0	 0	 0	 0	 0	 0	 0	 0	 0	 0	 0	 0	 0	 0	 0	 0	 0	 0	 0	 0	 0	 0	 0	 0	 0	 0	 0	 0	 0	 0	 0	 573	 0	 0	 0	 0	 0	 0	 0	 0	 0	 0	 0	 0	 0	 0	 0	 0	 0	 0	 0	 0	 0	 0	 0	 1359	 0	 0	 0	 817	 0	 0
"CAG-353"	 0	 0	 0	 0	 0	 0	 0	 0	 0	 0	 0	 0	 0	 0	 0	 0	 0	 0	 0	 0	 0	 0	 0	 0	 0	 0	 0	 0	 0	 0	 0	 0	 0	 0	 0	 0	 0	 0	 0	 0	 0	 0	 0	 0	 0	 0	 0	 0	 0	 0	 0	 0	 0	 0	 0	 0	 0	 0	 0	 0	 0	 0	 0	 0	 0	 0	 0	 0	 0	 0	 0	 0	 0	 0	 33	 0	 0	 0	 0	 0	 0	 0	 0	 0	 0	 0	 0	 0	 0	 41	 0	 0	 0	 0	 0	 0	 0
"Faecalibacterium"	 2535	 3389	 4857	 4779	 4808	 2434	 3336	 7062	 2308	 3520	 1867	 1367	 2293	 4640	 1352	 3058	 4812	 749	 1074	 2918	 3128	 4992	 1529	 5926	 2045	 1967	 3303	 2432	 3803	 3886	 1881	 977	 5691	 4625	 2110	 920	 2142	 3991	 3828	 3317	 3672	 4572	 2731	 170	 1326	 20	 5251	 2676	 2024	 5069	 896	 2224	 3271	 405	 1148	 3240	 2772	 3544	 1223	 4643	 3787	 60	 2231	 1174	 3382	 3107	 3285	 7028	 3152	 4889	 51	 7063	 7497	 4656	 1154	 5070	 2530	 4875	 3937	 4265	 829	 2279	 4072	 5068	 4644	 1035	 3494	 1118	 2861	 5114	 6835	 1958	 3063	 1703	 6342	 2243	 3388
"Fournierella"	 0	 0	 0	 0	 0	 0	 0	 0	 0	 0	 36	 0	 0	 0	 0	 43	 73	 0	 0	 0	 66	 0	 0	 0	 0	 0	 0	 0	 0	 0	 0	 0	 0	 0	 0	 0	 1098	 696	 0	 0	 0	 0	 0	 1864	 0	 0	 0	 75	 0	 0	 0	 0	 0	 0	 0	 805	 0	 0	 0	 0	 0	 0	 0	 38	 0	 0	 0	 0	 0	 0	 0	 0	 0	 0	 0	 0	 0	 0	 0	 0	 0	 0	 0	 0	 0	 947	 0	 0	 41	 0	 75	 87	 0	 0	 0	 0	 0
"Gemmiger"	 233	 485	 1591	 1539	 1636	 1399	 660	 1468	 0	 1457	 1021	 0	 0	 1498	 0	 1389	 1672	 838	 32	 742	 1431	 1440	 724	 1435	 1168	 1526	 1444	 112	 1558	 1517	 1401	 817	 1425	 789	 967	 570	 0	 532	 1446	 1172	 1471	 1572	 974	 91	 0	 0	 1321	 1292	 1470	 1460	 760	 110	 71	 0	 826	 846	 0	 1328	 38	 1044	 1404	 525	 820	 37	 1331	 1350	 1726	 1426	 708	 1493	 0	 1489	 1319	 988	 161	 1479	 695	 1335	 1399	 1445	 587	 787	 1447	 1719	 1296	 260	 210	 0	 1458	 1685	 1784	 0	 1250	 672	 825	 0	 940
"Gemmiger_A"	 0	 0	 0	 0	 0	 0	 0	 0	 0	 0	 0	 0	 0	 0	 0	 0	 0	 0	 0	 0	 0	 0	 0	 0	 0	 0	 0	 0	 0	 0	 0	 0	 0	 0	 0	 0	 0	 0	 0	 0	 0	 0	 0	 53	 0	 0	 0	 0	 0	 0	 0	 0	 0	 0	 0	 0	 0	 0	 0	 0	 0	 0	 0	 0	 0	 0	 0	 0	 0	 0	 0	 0	 0	 0	 0	 0	 0	 0	 0	 0	 0	 0	 0	 0	 0	 0	 0	 0	 0	 0	 0	 0	 0	 0	 0	 0	 0
"Harryflintia"	 0	 0	 0	 0	 0	 0	 0	 0	 0	 0	 0	 0	 0	 0	 0	 0	 0	 0	 0	 0	 0	 0	 0	 0	 0	 0	 0	 0	 0	 0	 0	 0	 0	 0	 0	 0	 0	 0	 0	 0	 0	 0	 71	 69	 0	 0	 0	 0	 0	 0	 0	 0	 0	 0	 0	 0	 0	 0	 0	 0	 0	 0	 0	 0	 0	 0	 0	 0	 0	 0	 0	 0	 0	 0	 0	 0	 0	 0	 0	 0	 0	 0	 0	 0	 0	 0	 0	 0	 0	 0	 0	 0	 0	 0	 0	 0	 0
"Massilimaliae"	 0	 0	 0	 57	 65	 619	 0	 0	 102	 70	 38	 55	 2621	 0	 0	 666	 2554	 0	 216	 0	 3388	 0	 54	 0	 0	 0	 0	 0	 0	 0	 0	 0	 392	 221	 0	 0	 0	 0	 215	 442	 50	 0	 0	 58	 0	 0	 0	 357	 0	 0	 0	 0	 108	 0	 210	 0	 0	 0	 0	 63	 85	 0	 0	 42	 185	 0	 0	 0	 0	 0	 0	 0	 0	 0	 0	 0	 384	 105	 39	 0	 132	 0	 59	 0	 0	 0	 47	 3548	 0	 0	 1817	 51	 0	 0	 0	 67	 0
"Massilioclostridium"	 0	 0	 0	 0	 0	 0	 0	 0	 0	 0	 0	 0	 0	 0	 0	 0	 0	 0	 0	 0	 171	 0	 0	 0	 0	 0	 0	 0	 0	 0	 0	 0	 0	 0	 0	 0	 0	 130	 0	 0	 0	 0	 0	 202	 0	 0	 0	 0	 0	 0	 0	 0	 0	 0	 0	 0	 0	 0	 0	 0	 0	 0	 0	 0	 0	 0	 0	 0	 0	 0	 29	 0	 0	 0	 0	 0	 0	 0	 0	 0	 0	 0	 0	 0	 0	 0	 0	 0	 0	 0	 66	 0	 0	 0	 0	 0	 41
"Negativibacillus"	 534	 1061	 77	 1057	 2047	 134	 0	 374	 33	 73	 1335	 1064	 1025	 0	 0	 1010	 157	 0	 0	 1044	 1067	 215	 0	 526	 0	 0	 0	 721	 1612	 1005	 0	 0	 331	 1101	 0	 525	 48	 1331	 351	 406	 148	 0	 1916	 148	 0	 0	 0	 975	 535	 386	 0	 1217	 150	 0	 220	 0	 0	 0	 29	 804	 974	 0	 875	 1011	 796	 1072	 0	 366	 1160	 1080	 0	 155	 0	 1096	 0	 0	 0	 0	 0	 752	 0	 0	 902	 1077	 0	 0	 1150	 0	 196	 0	 2075	 0	 467	 0	 0	 40	 1051
"Neobitarella"	 0	 0	 0	 0	 0	 0	 0	 0	 0	 0	 0	 0	 0	 0	 0	 0	 0	 0	 0	 0	 0	 0	 0	 0	 0	 0	 0	 0	 0	 0	 0	 0	 0	 0	 0	 0	 0	 0	 0	 0	 0	 0	 0	 0	 0	 0	 0	 0	 0	 0	 0	 0	 0	 0	 0	 0	 0	 0	 0	 0	 0	 0	 0	 0	 0	 0	 0	 0	 0	 0	 0	 0	 0	 0	 0	 0	 0	 0	 0	 0	 0	 0	 0	 0	 0	 0	 0	 0	 0	 0	 0	 0	 0	 0	 0	 49	 0
"Phocea"	 0	 0	 0	 0	 0	 0	 0	 0	 37	 0	 0	 1645	 0	 0	 36	 49	 0	 0	 0	 0	 139	 0	 0	 0	 251	 0	 0	 52	 0	 141	 0	 0	 0	 0	 0	 0	 0	 312	 57	 0	 0	 0	 78	 0	 0	 0	 0	 89	 0	 0	 0	 0	 0	 0	 46	 0	 0	 0	 13	 0	 0	 1300	 42	 0	 44	 0	 0	 0	 0	 0	 45	 0	 0	 0	 0	 0	 0	 0	 239	 0	 84	 0	 209	 146	 0	 0	 215	 0	 0	 0	 0	 528	 0	 0	 0	 74	 53
"QAMM01"	 0	 0	 0	 0	 0	 0	 0	 0	 0	 0	 0	 0	 0	 0	 0	 0	 0	 0	 0	 0	 0	 0	 0	 0	 0	 0	 0	 0	 0	 0	 0	 0	 0	 0	 0	 0	 0	 0	 0	 0	 0	 0	 53	 0	 0	 0	 0	 0	 0	 0	 0	 0	 0	 0	 0	 0	 0	 0	 0	 0	 0	 0	 0	 0	 71	 0	 0	 0	 0	 0	 157	 0	 0	 0	 0	 0	 0	 0	 0	 0	 0	 0	 0	 0	 0	 0	 0	 0	 0	 0	 0	 0	 0	 0	 0	 0	 0
"QANG01"	 0	 0	 0	 0	 0	 0	 0	 0	 0	 0	 0	 0	 0	 0	 0	 0	 0	 0	 0	 0	 0	 0	 0	 0	 45	 0	 0	 0	 0	 0	 0	 0	 0	 0	 0	 0	 0	 0	 0	 0	 0	 0	 0	 0	 0	 0	 0	 0	 0	 0	 0	 0	 0	 0	 0	 0	 0	 0	 0	 0	 82	 0	 0	 0	 0	 0	 0	 0	 0	 0	 0	 0	 0	 0	 0	 0	 0	 0	 0	 0	 0	 0	 0	 0	 0	 0	 0	 0	 0	 0	 0	 0	 0	 0	 0	 0	 0
"Ruminiclostridium_E"	 0	 0	 752	 1295	 58	 1924	 0	 1022	 0	 0	 0	 0	 0	 0	 0	 0	 1149	 0	 0	 0	 106	 0	 0	 0	 0	 0	 615	 0	 218	 0	 0	 0	 0	 0	 0	 0	 0	 0	 0	 0	 0	 0	 0	 0	 0	 0	 0	 68	 0	 0	 0	 0	 0	 0	 0	 0	 0	 0	 0	 1047	 0	 0	 0	 0	 50	 0	 76	 0	 48	 0	 0	 0	 0	 1123	 0	 0	 0	 0	 0	 0	 0	 0	 0	 1137	 55	 0	 1169	 0	 1250	 0	 618	 1246	 0	 0	 2365	 0	 1028
"Ruminococcus"	 0	 0	 0	 0	 0	 0	 0	 0	 0	 0	 0	 0	 0	 0	 0	 0	 0	 0	 0	 0	 0	 0	 0	 0	 0	 0	 0	 0	 0	 0	 0	 0	 0	 0	 0	 0	 0	 0	 0	 0	 0	 0	 0	 0	 0	 0	 0	 0	 0	 0	 0	 0	 0	 0	 0	 0	 0	 0	 0	 0	 0	 0	 0	 0	 0	 0	 0	 0	 0	 0	 0	 0	 0	 0	 0	 0	 0	 0	 0	 0	 0	 0	 0	 0	 0	 0	 0	 0	 0	 0	 0	 0	 0	 0	 143	 0	 0
"Ruminococcus_C"	 106	 79	 449	 1438	 443	 338	 0	 405	 0	 0	 703	 0	 0	 0	 0	 106	 118	 0	 0	 0	 521	 79	 0	 446	 445	 0	 0	 0	 628	 0	 0	 0	 82	 384	 0	 0	 0	 0	 77	 0	 445	 836	 0	 0	 0	 0	 1318	 0	 0	 0	 0	 0	 103	 0	 825	 613	 89	 0	 308	 619	 0	 0	 0	 0	 0	 49	 71	 0	 128	 342	 0	 0	 0	 102	 84	 723	 560	 694	 0	 76	 0	 0	 970	 538	 105	 0	 0	 0	 42	 666	 0	 0	 35	 0	 778	 0	 0
"Ruminococcus_D"	 0	 41	 1393	 898	 1136	 0	 0	 1356	 1241	 0	 0	 0	 1062	 517	 0	 1212	 1134	 0	 0	 0	 1281	 1284	 0	 324	 33	 0	 0	 0	 1047	 0	 0	 0	 1325	 58	 539	 0	 0	 0	 1387	 1239	 1185	 1158	 0	 1386	 0	 0	 1330	 0	 0	 1444	 0	 0	 1228	 0	 1198	 0	 1143	 0	 0	 1040	 1142	 0	 0	 474	 947	 0	 1473	 0	 1075	 1311	 0	 1247	 1053	 0	 1210	 1169	 1254	 1697	 1192	 0	 0	 0	 1226	 348	 130	 0	 72	 0	 1457	 1492	 267	 0	 0	 0	 136	 0	 0
"Ruthenibacterium"	 0	 197	 676	 502	 66	 2562	 0	 178	 1205	 377	 1613	 1922	 1309	 27	 52	 1473	 1605	 0	 1994	 73	 1326	 53	 2790	 55	 709	 0	 62	 1146	 509	 353	 32	 500	 158	 484	 1442	 55	 91	 297	 1276	 258	 559	 230	 1894	 1818	 0	 0	 0	 1435	 0	 484	 81	 86	 902	 0	 971	 1102	 665	 0	 106	 134	 1737	 0	 0	 2024	 313	 72	 368	 0	 1687	 100	 1772	 319	 0	 287	 269	 0	 1359	 228	 1919	 651	 499	 28	 2303	 496	 114	 2430	 1327	 1925	 1438	 0	 80	 1297	 63	 0	 0	 1060	 1861
"UBA3818"	 0	 0	 0	 208	 265	 0	 0	 0	 0	 0	 0	 0	 0	 0	 0	 39	 436	 0	 0	 0	 148	 0	 0	 0	 0	 0	 0	 37	 51	 0	 0	 0	 0	 156	 0	 0	 0	 0	 0	 0	 0	 0	 404	 0	 0	 0	 0	 0	 0	 0	 0	 0	 90	 0	 0	 0	 0	 0	 0	 0	 0	 0	 0	 0	 0	 0	 0	 0	 38	 0	 0	 0	 0	 0	 0	 0	 0	 0	 0	 0	 0	 0	 0	 0	 0	 0	 197	 0	 117	 0	 154	 0	 0	 0	 0	 139	 102
"UBA5884"	 0	 0	 0	 0	 0	 0	 0	 0	 0	 0	 0	 0	 0	 0	 0	 0	 0	 0	 0	 0	 0	 0	 0	 0	 0	 0	 0	 0	 0	 0	 0	 0	 0	 0	 0	 0	 0	 0	 0	 0	 0	 0	 0	 0	 0	 0	 0	 0	 0	 0	 0	 0	 0	 0	 0	 0	 0	 0	 0	 0	 0	 0	 0	 0	 0	 0	 0	 0	 0	 0	 0	 0	 0	 0	 0	 0	 0	 0	 0	 0	 0	 0	 0	 0	 0	 0	 0	 0	 0	 0	 0	 0	 0	 0	 110	 0	 0
"QAKR01"	 0	 0	 0	 0	 0	 0	 0	 0	 0	 0	 0	 0	 0	 0	 0	 0	 112	 0	 0	 0	 0	 0	 0	 0	 0	 0	 0	 0	 0	 0	 0	 0	 0	 0	 0	 0	 0	 0	 0	 0	 0	 0	 0	 0	 0	 0	 0	 0	 0	 0	 0	 0	 0	 0	 0	 0	 0	 0	 0	 0	 0	 0	 0	 0	 0	 0	 0	 0	 0	 0	 0	 0	 0	 0	 0	 0	 0	 0	 0	 0	 0	 0	 0	 0	 0	 0	 0	 0	 0	 0	 0	 0	 0	 0	 0	 0	 0
"CAG-145"	 0	 0	 0	 0	 0	 0	 0	 0	 39	 0	 0	 0	 0	 0	 0	 81	 0	 0	 0	 0	 260	 0	 0	 0	 0	 0	 0	 0	 0	 0	 0	 0	 0	 0	 0	 0	 0	 0	 0	 0	 0	 0	 0	 55	 0	 0	 0	 0	 0	 0	 0	 0	 0	 0	 0	 0	 0	 0	 0	 0	 0	 0	 0	 0	 0	 0	 0	 0	 0	 0	 0	 0	 0	 0	 0	 0	 0	 66	 0	 0	 0	 0	 53	 0	 0	 0	 207	 57	 182	 0	 0	 0	 0	 0	 0	 0	 247
"CAG-238"	 0	 0	 0	 292	 0	 295	 0	 73	 0	 0	 0	 47	 0	 0	 0	 0	 0	 0	 0	 0	 0	 0	 0	 193	 0	 0	 0	 0	 70	 0	 0	 0	 124	 95	 0	 0	 0	 0	 0	 0	 0	 83	 0	 0	 0	 0	 0	 0	 0	 0	 0	 0	 0	 0	 0	 0	 0	 0	 0	 0	 0	 0	 0	 0	 0	 0	 1463	 0	 0	 0	 0	 0	 0	 0	 0	 0	 166	 0	 0	 302	 0	 0	 302	 469	 0	 0	 0	 0	 0	 0	 1150	 0	 0	 0	 1460	 83	 0
"Emergencia"	 0	 0	 0	 0	 0	 0	 0	 0	 1164	 0	 0	 0	 0	 0	 0	 704	 0	 0	 0	 0	 167	 0	 0	 0	 0	 0	 0	 0	 0	 0	 0	 0	 0	 0	 0	 0	 0	 0	 55	 0	 0	 0	 207	 159	 0	 0	 0	 62	 0	 0	 0	 0	 0	 0	 0	 0	 0	 0	 0	 0	 0	 0	 0	 114	 0	 0	 0	 0	 0	 0	 0	 0	 0	 0	 0	 0	 0	 0	 0	 0	 0	 0	 0	 0	 0	 0	 458	 87	 41	 0	 0	 110	 0	 0	 0	 0	 0
"Mogibacterium"	 0	 0	 0	 0	 0	 0	 0	 0	 0	 0	 0	 0	 0	 0	 0	 0	 0	 0	 0	 0	 0	 0	 0	 0	 0	 0	 0	 0	 0	 0	 0	 0	 0	 0	 0	 0	 0	 0	 0	 0	 0	 0	 0	 0	 0	 0	 0	 0	 0	 0	 0	 0	 0	 0	 0	 0	 0	 0	 0	 0	 0	 0	 0	 0	 0	 133	 0	 0	 0	 0	 0	 0	 0	 0	 0	 0	 0	 0	 0	 0	 0	 0	 0	 0	 0	 0	 0	 0	 0	 0	 0	 0	 0	 0	 0	 0	 0
"QAKD01"	 0	 0	 0	 0	 0	 0	 0	 0	 0	 0	 0	 0	 0	 0	 0	 0	 78	 0	 0	 0	 0	 0	 0	 0	 0	 0	 0	 0	 0	 0	 0	 0	 0	 0	 0	 0	 0	 0	 0	 0	 0	 0	 0	 0	 0	 0	 0	 0	 0	 0	 0	 0	 0	 0	 0	 0	 0	 0	 0	 0	 0	 0	 0	 0	 0	 0	 0	 0	 0	 0	 0	 0	 0	 0	 0	 0	 0	 0	 0	 0	 0	 0	 0	 704	 0	 0	 0	 0	 212	 0	 0	 0	 0	 0	 0	 53	 0
"UBA1191"	 0	 0	 0	 0	 0	 0	 0	 0	 0	 0	 0	 0	 0	 0	 0	 0	 0	 0	 0	 0	 0	 0	 0	 0	 0	 0	 0	 0	 0	 0	 0	 0	 0	 0	 0	 0	 0	 0	 0	 0	 0	 0	 0	 0	 0	 0	 0	 0	 0	 0	 0	 0	 0	 0	 0	 0	 0	 0	 0	 0	 62	 0	 0	 0	 0	 0	 0	 0	 0	 0	 0	 0	 0	 0	 0	 0	 0	 0	 0	 0	 0	 0	 0	 0	 0	 0	 0	 0	 0	 0	 0	 0	 0	 0	 0	 0	 0
"Clostridioides"	 0	 0	 0	 0	 0	 0	 31	 0	 32	 0	 0	 34	 0	 0	 0	 0	 0	 0	 0	 0	 0	 0	 0	 0	 32	 0	 0	 0	 0	 43	 0	 0	 0	 0	 0	 34	 28	 0	 0	 0	 0	 0	 0	 44	 27	 33	 0	 0	 0	 0	 0	 0	 0	 0	 0	 0	 0	 0	 0	 0	 0	 29	 0	 0	 0	 37	 0	 0	 0	 0	 0	 0	 0	 0	 0	 0	 0	 0	 0	 0	 33	 0	 0	 0	 0	 0	 0	 0	 0	 0	 0	 0	 0	 16	 0	 0	 0
"Intestinibacter"	 0	 0	 0	 0	 267	 0	 0	 0	 40	 0	 0	 0	 0	 0	 0	 0	 0	 0	 0	 0	 0	 0	 0	 0	 0	 0	 0	 0	 0	 58	 0	 0	 0	 0	 0	 0	 343	 0	 0	 0	 0	 0	 1148	 1120	 0	 51	 0	 0	 0	 0	 0	 62	 0	 0	 0	 0	 0	 0	 0	 0	 83	 192	 0	 0	 350	 0	 0	 0	 570	 0	 0	 374	 0	 0	 0	 0	 0	 0	 584	 0	 0	 0	 0	 0	 0	 56	 0	 0	 65	 116	 0	 47	 0	 0	 0	 0	 144
"Peptostreptococcus"	 0	 0	 0	 0	 0	 0	 0	 0	 0	 0	 0	 0	 0	 0	 0	 0	 0	 0	 0	 0	 0	 0	 0	 0	 0	 0	 0	 0	 0	 0	 0	 0	 0	 0	 0	 0	 0	 0	 0	 0	 0	 0	 0	 0	 0	 0	 0	 0	 0	 0	 0	 0	 0	 0	 0	 0	 0	 0	 0	 0	 0	 0	 0	 0	 0	 0	 0	 0	 0	 0	 0	 0	 0	 0	 0	 0	 0	 0	 0	 0	 0	 0	 55	 0	 0	 0	 0	 0	 0	 0	 0	 0	 0	 0	 0	 0	 0
"Romboutsia"	 0	 0	 0	 346	 259	 220	 37	 104	 0	 0	 0	 57	 343	 25	 0	 140	 0	 0	 0	 0	 0	 0	 0	 0	 294	 0	 0	 0	 0	 0	 57	 0	 208	 571	 678	 0	 0	 0	 0	 0	 0	 613	 0	 39	 695	 0	 0	 0	 0	 0	 0	 599	 163	 0	 72	 0	 0	 455	 0	 0	 211	 204	 86	 0	 0	 0	 536	 285	 0	 0	 0	 374	 0	 415	 0	 0	 0	 0	 403	 65	 0	 0	 181	 0	 0	 0	 0	 0	 53	 569	 141	 0	 0	 0	 217	 0	 0
"Terrisporobacter"	 0	 0	 0	 0	 0	 0	 0	 0	 0	 0	 0	 0	 0	 0	 0	 0	 0	 0	 0	 0	 0	 0	 0	 0	 0	 0	 0	 0	 0	 0	 0	 0	 0	 0	 0	 0	 0	 0	 0	 0	 0	 0	 0	 0	 0	 0	 0	 0	 0	 0	 0	 0	 0	 0	 0	 0	 0	 0	 0	 0	 0	 0	 0	 0	 0	 0	 0	 676	 0	 0	 0	 0	 0	 0	 0	 0	 0	 0	 0	 0	 0	 0	 0	 0	 0	 0	 0	 0	 0	 0	 0	 0	 0	 0	 0	 0	 0
"CAG-245"	 0	 0	 0	 948	 0	 0	 0	 0	 34	 0	 0	 0	 0	 0	 0	 0	 1316	 0	 0	 0	 462	 0	 0	 1115	 0	 0	 0	 0	 1434	 0	 0	 0	 0	 0	 0	 0	 0	 0	 0	 0	 494	 0	 0	 0	 0	 0	 85	 0	 0	 0	 0	 0	 0	 0	 0	 0	 0	 0	 0	 0	 0	 0	 0	 0	 0	 0	 0	 1806	 0	 1031	 0	 0	 0	 0	 0	 99	 1219	 0	 0	 0	 0	 0	 0	 0	 42	 0	 896	 0	 1043	 0	 1932	 0	 0	 0	 1599	 0	 0
"CAG-269"	 0	 0	 0	 568	 639	 0	 0	 1367	 0	 0	 0	 0	 0	 0	 0	 0	 5965	 0	 0	 0	 1010	 1033	 0	 0	 0	 0	 0	 0	 2759	 0	 0	 45	 0	 4417	 0	 0	 0	 0	 0	 1244	 0	 0	 0	 0	 25	 0	 0	 0	 0	 0	 0	 0	 895	 0	 0	 0	 0	 0	 0	 0	 0	 0	 2779	 0	 1470	 0	 232	 1084	 1828	 614	 0	 661	 0	 0	 0	 1100	 1020	 0	 0	 0	 0	 0	 0	 0	 2024	 0	 898	 0	 81	 389	 6229	 0	 0	 0	 871	 0	 0
"CAG-273"	 0	 0	 0	 470	 0	 0	 0	 0	 0	 0	 0	 0	 0	 0	 0	 0	 701	 0	 0	 0	 0	 0	 0	 1021	 0	 0	 0	 0	 0	 0	 0	 0	 144	 0	 0	 0	 0	 0	 0	 0	 0	 0	 0	 0	 0	 0	 0	 0	 0	 0	 0	 0	 0	 0	 0	 0	 0	 0	 0	 0	 0	 0	 0	 0	 0	 0	 1194	 58	 0	 0	 0	 0	 0	 0	 0	 0	 0	 0	 0	 0	 0	 0	 0	 0	 0	 0	 0	 0	 0	 0	 586	 0	 0	 0	 268	 0	 0
"CAG-354"	 0	 0	 0	 0	 0	 0	 0	 0	 0	 0	 0	 0	 0	 0	 0	 0	 0	 0	 0	 0	 0	 0	 0	 0	 0	 0	 0	 0	 0	 0	 0	 0	 0	 0	 0	 0	 0	 0	 0	 0	 0	 0	 0	 0	 0	 0	 0	 0	 0	 0	 0	 0	 0	 0	 0	 0	 0	 0	 0	 0	 0	 0	 0	 0	 0	 0	 1023	 0	 0	 0	 0	 0	 0	 0	 0	 0	 0	 0	 0	 0	 0	 0	 0	 0	 0	 0	 0	 0	 0	 0	 0	 0	 0	 0	 0	 0	 0
"CAG-452"	 0	 0	 0	 751	 0	 0	 0	 0	 0	 0	 0	 0	 0	 0	 0	 0	 765	 0	 0	 0	 972	 0	 0	 0	 0	 0	 0	 0	 0	 0	 0	 0	 0	 0	 0	 0	 0	 0	 0	 0	 0	 0	 0	 0	 0	 0	 0	 0	 0	 0	 0	 0	 0	 0	 0	 0	 0	 0	 0	 0	 0	 0	 0	 0	 0	 0	 0	 0	 0	 0	 0	 0	 0	 0	 0	 0	 0	 0	 0	 0	 0	 0	 0	 0	 0	 0	 0	 0	 0	 0	 0	 0	 0	 0	 242	 0	 0
"CAG-492"	 0	 0	 1336	 0	 622	 0	 0	 0	 0	 0	 0	 0	 0	 0	 0	 0	 0	 0	 0	 0	 68	 0	 0	 0	 0	 0	 0	 0	 202	 0	 0	 0	 0	 0	 0	 0	 0	 0	 0	 0	 0	 0	 0	 0	 0	 0	 0	 0	 0	 0	 0	 0	 0	 0	 0	 0	 0	 0	 0	 0	 0	 0	 0	 0	 0	 0	 0	 0	 0	 0	 0	 0	 0	 0	 0	 956	 814	 0	 0	 0	 0	 0	 0	 0	 0	 0	 0	 0	 0	 0	 1077	 0	 0	 0	 0	 0	 0
"CAG-793"	 0	 0	 0	 0	 0	 0	 0	 0	 0	 0	 0	 0	 0	 0	 0	 0	 0	 0	 0	 0	 0	 0	 0	 0	 0	 0	 0	 0	 0	 0	 0	 0	 0	 0	 0	 0	 0	 0	 0	 1169	 0	 0	 0	 0	 0	 0	 0	 0	 0	 0	 0	 0	 0	 0	 0	 0	 0	 0	 0	 0	 0	 0	 0	 0	 0	 0	 0	 0	 0	 0	 0	 0	 0	 0	 0	 0	 0	 0	 0	 0	 0	 0	 0	 0	 0	 0	 0	 0	 0	 0	 0	 0	 0	 0	 0	 0	 0
"UMGS1537"	 0	 0	 0	 0	 0	 0	 0	 0	 0	 0	 0	 0	 0	 0	 0	 0	 0	 0	 0	 0	 537	 0	 0	 0	 0	 0	 0	 0	 0	 0	 0	 0	 0	 0	 0	 0	 0	 0	 0	 0	 0	 0	 0	 0	 0	 0	 0	 0	 0	 0	 0	 0	 0	 0	 0	 0	 0	 0	 0	 0	 0	 0	 0	 0	 0	 0	 0	 0	 0	 0	 0	 0	 0	 0	 0	 0	 0	 0	 0	 0	 0	 0	 0	 0	 0	 0	 0	 0	 0	 0	 0	 0	 0	 0	 0	 0	 0
"Borkfalkia"	 0	 0	 0	 0	 0	 205	 0	 0	 0	 0	 0	 0	 0	 0	 0	 0	 0	 0	 0	 0	 0	 0	 0	 164	 0	 0	 0	 0	 0	 0	 0	 0	 0	 0	 0	 0	 0	 0	 0	 0	 0	 0	 0	 0	 0	 0	 0	 0	 0	 0	 0	 0	 0	 0	 0	 0	 0	 0	 0	 0	 0	 0	 0	 0	 0	 0	 1145	 0	 0	 0	 0	 0	 0	 0	 0	 0	 0	 0	 0	 0	 0	 0	 0	 2354	 0	 0	 668	 0	 0	 0	 0	 0	 0	 0	 0	 0	 0
"QALS01"	 0	 0	 262	 63	 1013	 0	 0	 0	 0	 0	 0	 0	 0	 0	 0	 54	 1539	 0	 0	 0	 76	 0	 0	 0	 0	 0	 0	 0	 0	 0	 0	 0	 0	 0	 159	 0	 0	 0	 0	 0	 0	 0	 0	 796	 0	 0	 0	 0	 0	 0	 0	 0	 0	 0	 0	 0	 0	 0	 0	 0	 0	 0	 0	 0	 0	 0	 344	 0	 0	 0	 0	 0	 0	 0	 0	 0	 85	 0	 115	 0	 0	 0	 0	 793	 0	 0	 0	 0	 0	 0	 240	 0	 0	 0	 0	 0	 0
"UBA10281"	 0	 0	 0	 0	 0	 0	 0	 0	 0	 0	 0	 0	 0	 0	 0	 0	 0	 0	 0	 0	 0	 0	 0	 68	 0	 0	 0	 0	 0	 0	 0	 0	 47	 0	 0	 0	 0	 0	 0	 0	 0	 0	 0	 0	 0	 0	 0	 0	 0	 0	 0	 0	 0	 0	 0	 0	 0	 0	 0	 0	 0	 0	 0	 0	 0	 0	 0	 0	 0	 0	 0	 0	 0	 0	 0	 279	 0	 0	 0	 0	 0	 0	 0	 0	 0	 0	 0	 0	 0	 0	 0	 0	 0	 0	 82	 0	 0
"UBA11475"	 0	 0	 0	 0	 0	 0	 0	 0	 0	 0	 0	 0	 0	 0	 0	 0	 0	 0	 0	 0	 0	 0	 0	 0	 0	 0	 0	 0	 0	 0	 0	 0	 0	 0	 0	 0	 0	 0	 0	 0	 0	 0	 0	 0	 0	 0	 0	 0	 0	 0	 0	 0	 0	 0	 0	 0	 0	 0	 0	 0	 0	 0	 0	 0	 0	 0	 0	 0	 0	 0	 0	 0	 0	 0	 0	 0	 0	 0	 0	 0	 0	 0	 0	 0	 0	 0	 0	 0	 0	 0	 0	 0	 0	 0	 825	 0	 0
"UBA1259"	 0	 0	 0	 0	 0	 0	 0	 0	 0	 0	 0	 0	 0	 0	 0	 0	 0	 0	 0	 0	 0	 0	 0	 0	 0	 0	 0	 0	 0	 0	 0	 0	 0	 0	 0	 0	 0	 0	 0	 0	 0	 0	 0	 0	 0	 0	 0	 0	 0	 0	 0	 0	 0	 0	 0	 0	 0	 0	 0	 0	 0	 0	 0	 0	 0	 0	 73	 0	 0	 0	 0	 0	 0	 0	 0	 0	 0	 0	 0	 0	 0	 0	 0	 0	 0	 0	 0	 0	 0	 0	 0	 0	 0	 0	 1145	 0	 0
"UBA7597"	 0	 0	 0	 0	 0	 0	 0	 0	 0	 0	 0	 0	 0	 0	 0	 0	 0	 0	 0	 0	 0	 0	 0	 112	 0	 0	 0	 0	 62	 0	 0	 0	 0	 0	 0	 0	 0	 0	 0	 0	 0	 0	 0	 0	 0	 0	 0	 0	 0	 0	 0	 0	 0	 0	 0	 0	 0	 0	 0	 0	 0	 0	 0	 0	 0	 0	 82	 0	 0	 0	 0	 0	 0	 0	 0	 0	 94	 0	 0	 0	 0	 0	 0	 0	 0	 0	 0	 0	 0	 0	 0	 0	 0	 0	 0	 0	 0
"UMGS1004"	 0	 0	 0	 0	 0	 0	 0	 0	 0	 0	 0	 0	 0	 0	 0	 0	 0	 0	 0	 0	 0	 0	 0	 0	 0	 0	 0	 0	 0	 0	 0	 0	 0	 0	 0	 0	 0	 0	 0	 0	 0	 0	 0	 0	 0	 0	 0	 0	 0	 0	 0	 0	 0	 0	 0	 0	 0	 0	 0	 0	 0	 0	 0	 0	 0	 0	 88	 0	 0	 0	 0	 0	 0	 0	 0	 0	 0	 0	 0	 0	 0	 0	 0	 0	 0	 0	 0	 0	 0	 0	 0	 0	 0	 0	 0	 0	 0
"UMGS775"	 0	 0	 0	 0	 0	 69	 0	 0	 0	 0	 0	 0	 0	 0	 0	 0	 0	 0	 0	 0	 0	 0	 0	 0	 0	 0	 0	 0	 0	 0	 0	 0	 0	 0	 0	 0	 0	 0	 0	 0	 0	 0	 0	 0	 0	 0	 0	 0	 0	 0	 0	 0	 0	 0	 0	 0	 0	 0	 0	 0	 0	 0	 0	 0	 0	 0	 70	 0	 0	 0	 0	 0	 0	 0	 0	 0	 0	 0	 0	 0	 0	 0	 0	 0	 0	 0	 0	 0	 0	 0	 0	 0	 0	 0	 0	 0	 0
"CAG-1024"	 0	 0	 0	 0	 0	 0	 0	 0	 0	 0	 0	 0	 0	 0	 0	 0	 0	 0	 0	 0	 0	 0	 0	 0	 0	 0	 0	 0	 0	 0	 0	 0	 0	 0	 0	 0	 0	 0	 0	 0	 0	 0	 0	 0	 0	 0	 0	 0	 0	 0	 0	 0	 0	 0	 0	 0	 0	 0	 0	 0	 0	 0	 0	 0	 0	 0	 0	 0	 0	 0	 0	 0	 0	 0	 0	 0	 0	 0	 0	 0	 0	 0	 0	 0	 0	 0	 0	 0	 0	 0	 0	 0	 0	 0	 108	 0	 0
"PeH17"	 0	 0	 818	 754	 802	 0	 0	 0	 0	 0	 0	 0	 0	 0	 0	 0	 878	 0	 0	 0	 733	 0	 0	 833	 0	 0	 0	 0	 0	 0	 0	 0	 0	 0	 0	 0	 0	 0	 0	 0	 0	 0	 737	 0	 0	 0	 0	 0	 0	 0	 0	 0	 0	 0	 0	 0	 0	 0	 0	 0	 0	 0	 0	 0	 0	 115	 741	 0	 0	 0	 0	 0	 0	 0	 0	 0	 0	 0	 0	 0	 0	 0	 0	 0	 0	 0	 0	 0	 0	 0	 141	 0	 0	 0	 744	 0	 0
"Phil1"	 0	 0	 0	 771	 0	 0	 0	 0	 0	 0	 0	 0	 0	 0	 0	 0	 0	 0	 0	 0	 788	 0	 0	 872	 0	 0	 0	 0	 0	 0	 0	 0	 0	 0	 0	 0	 0	 0	 0	 0	 0	 0	 0	 0	 0	 0	 0	 0	 0	 0	 0	 0	 0	 0	 0	 0	 0	 0	 0	 0	 0	 0	 0	 0	 0	 0	 826	 0	 0	 50	 0	 0	 0	 0	 0	 0	 791	 0	 0	 0	 0	 0	 0	 0	 0	 0	 0	 0	 0	 0	 0	 0	 0	 0	 970	 0	 0
"CAG-1435"	 0	 0	 0	 0	 0	 0	 0	 0	 0	 0	 0	 0	 0	 0	 0	 0	 0	 0	 0	 0	 0	 0	 0	 0	 0	 0	 0	 0	 0	 0	 0	 0	 0	 0	 0	 0	 0	 0	 0	 0	 0	 0	 152	 0	 0	 0	 0	 0	 0	 0	 0	 0	 0	 0	 0	 0	 0	 0	 0	 0	 0	 0	 0	 0	 0	 0	 1410	 0	 0	 0	 0	 0	 0	 0	 0	 0	 0	 0	 0	 0	 0	 0	 0	 0	 0	 0	 0	 0	 0	 0	 0	 0	 0	 0	 540	 0	 0
"CAG-314"	 0	 0	 0	 1231	 0	 0	 0	 0	 0	 0	 0	 0	 0	 0	 0	 0	 1214	 0	 0	 0	 1672	 0	 0	 0	 0	 0	 0	 0	 0	 0	 0	 0	 0	 0	 0	 0	 0	 0	 0	 0	 0	 0	 0	 0	 0	 0	 0	 0	 0	 0	 0	 0	 0	 0	 0	 0	 0	 0	 0	 0	 0	 0	 0	 0	 0	 0	 0	 0	 0	 0	 0	 0	 0	 0	 0	 0	 0	 0	 0	 0	 0	 0	 0	 0	 0	 0	 0	 0	 0	 0	 0	 0	 0	 0	 0	 0	 0
"CAG-552"	 0	 0	 0	 0	 0	 0	 0	 0	 0	 0	 0	 0	 0	 0	 0	 0	 0	 0	 0	 0	 0	 0	 0	 0	 0	 0	 0	 0	 0	 0	 0	 0	 0	 0	 0	 0	 0	 0	 0	 0	 0	 0	 0	 0	 0	 0	 0	 0	 0	 0	 0	 0	 0	 0	 0	 0	 0	 0	 0	 0	 0	 0	 0	 0	 0	 0	 781	 0	 0	 0	 0	 0	 0	 0	 0	 0	 0	 0	 0	 0	 0	 0	 0	 0	 0	 0	 0	 0	 0	 0	 0	 0	 0	 0	 0	 0	 0
"UBA10677"	 0	 0	 0	 0	 0	 0	 0	 0	 0	 0	 0	 0	 0	 0	 0	 0	 0	 0	 0	 0	 0	 0	 0	 378	 0	 0	 0	 0	 0	 0	 0	 0	 0	 0	 0	 0	 0	 0	 0	 0	 0	 0	 0	 0	 0	 0	 0	 0	 0	 0	 0	 0	 0	 0	 0	 0	 0	 0	 0	 0	 0	 0	 0	 0	 0	 0	 210	 0	 0	 0	 0	 0	 0	 0	 0	 0	 0	 0	 0	 0	 0	 0	 0	 0	 0	 0	 0	 0	 0	 0	 0	 0	 0	 0	 115	 0	 0
"UBA11524"	 0	 0	 1065	 0	 83	 0	 0	 1109	 0	 0	 0	 0	 0	 0	 0	 0	 1175	 0	 0	 0	 0	 1412	 0	 336	 0	 0	 0	 0	 1066	 0	 0	 0	 0	 0	 0	 0	 0	 0	 0	 0	 1209	 0	 0	 0	 0	 0	 0	 0	 0	 0	 0	 0	 0	 0	 0	 0	 0	 0	 0	 0	 0	 0	 0	 0	 0	 0	 980	 0	 0	 1112	 0	 0	 0	 0	 0	 316	 0	 0	 0	 0	 0	 0	 0	 1112	 0	 0	 0	 0	 0	 1329	 0	 0	 0	 0	 566	 0	 0
"CAG-1138"	 0	 0	 0	 0	 0	 0	 0	 0	 0	 0	 0	 0	 0	 0	 0	 0	 0	 0	 0	 0	 0	 0	 0	 0	 0	 0	 0	 0	 0	 0	 0	 0	 0	 0	 0	 0	 0	 0	 0	 0	 0	 0	 0	 0	 0	 0	 0	 0	 0	 0	 0	 0	 0	 0	 0	 0	 0	 0	 0	 0	 0	 0	 0	 0	 0	 0	 0	 0	 0	 0	 0	 0	 0	 0	 0	 0	 0	 0	 0	 0	 0	 0	 0	 0	 0	 0	 0	 0	 0	 0	 0	 0	 0	 0	 176	 0	 0
"CAG-349"	 0	 0	 119	 0	 0	 0	 0	 0	 0	 0	 0	 0	 0	 0	 0	 0	 0	 0	 0	 0	 0	 0	 0	 0	 0	 0	 0	 0	 0	 0	 0	 0	 0	 0	 0	 0	 0	 0	 0	 0	 0	 0	 0	 0	 0	 0	 0	 0	 0	 0	 0	 0	 0	 0	 0	 0	 0	 0	 0	 0	 0	 0	 0	 0	 0	 0	 0	 0	 0	 0	 0	 0	 0	 0	 0	 0	 0	 0	 0	 0	 0	 0	 0	 0	 0	 0	 0	 0	 0	 0	 0	 0	 0	 0	 0	 0	 0
"CAG-475"	 0	 0	 0	 0	 0	 0	 0	 0	 0	 0	 0	 0	 0	 0	 0	 0	 0	 0	 0	 0	 0	 0	 0	 0	 0	 0	 0	 0	 0	 0	 0	 0	 0	 0	 0	 0	 0	 0	 0	 0	 0	 0	 0	 0	 0	 0	 0	 0	 0	 0	 0	 0	 0	 0	 0	 0	 0	 0	 0	 0	 0	 0	 0	 0	 0	 0	 641	 0	 0	 0	 0	 0	 0	 0	 0	 0	 0	 0	 0	 0	 0	 0	 0	 0	 0	 0	 0	 0	 0	 0	 0	 0	 0	 0	 0	 0	 0
"CAG-917"	 0	 0	 0	 0	 0	 0	 0	 0	 0	 0	 0	 0	 0	 0	 0	 0	 0	 0	 0	 0	 0	 0	 0	 0	 0	 0	 0	 0	 0	 0	 0	 0	 0	 0	 0	 0	 0	 0	 0	 0	 0	 0	 0	 0	 0	 0	 0	 0	 0	 0	 0	 0	 0	 0	 0	 0	 0	 0	 0	 0	 0	 0	 0	 0	 0	 0	 1176	 0	 0	 0	 0	 0	 0	 0	 0	 0	 0	 0	 0	 0	 0	 0	 0	 0	 0	 0	 0	 0	 0	 0	 0	 0	 0	 0	 0	 0	 0
"Catabacter"	 0	 0	 0	 0	 0	 0	 0	 0	 0	 0	 0	 0	 0	 0	 0	 0	 0	 0	 0	 0	 0	 0	 0	 0	 0	 0	 0	 0	 0	 0	 0	 0	 0	 0	 0	 0	 0	 0	 0	 0	 0	 0	 2371	 0	 0	 0	 0	 0	 0	 0	 0	 0	 0	 0	 0	 0	 0	 0	 0	 0	 0	 0	 0	 0	 0	 0	 0	 0	 0	 0	 0	 0	 0	 425	 0	 0	 0	 0	 0	 0	 0	 0	 0	 0	 0	 0	 0	 53	 0	 0	 0	 0	 0	 0	 0	 0	 0
"Christensenella"	 0	 0	 0	 0	 0	 0	 0	 0	 329	 0	 0	 0	 0	 0	 0	 0	 0	 0	 0	 0	 74	 0	 0	 0	 0	 0	 0	 0	 0	 0	 0	 0	 0	 0	 0	 0	 0	 0	 0	 0	 0	 0	 690	 0	 0	 0	 0	 44	 0	 0	 0	 0	 0	 0	 0	 0	 0	 0	 0	 0	 0	 0	 0	 0	 0	 0	 0	 0	 0	 0	 35	 0	 0	 95	 0	 0	 0	 0	 0	 0	 0	 0	 0	 0	 0	 0	 0	 0	 0	 0	 0	 0	 0	 0	 0	 0	 0
"Christensenella_A"	 0	 0	 0	 0	 0	 0	 0	 0	 0	 0	 0	 0	 0	 0	 0	 0	 0	 0	 0	 0	 0	 0	 0	 0	 0	 0	 0	 0	 0	 0	 0	 0	 0	 0	 0	 0	 0	 0	 0	 0	 0	 0	 281	 0	 0	 0	 0	 0	 0	 0	 0	 0	 0	 0	 0	 0	 0	 0	 0	 0	 0	 0	 0	 0	 0	 0	 0	 0	 0	 0	 0	 0	 0	 0	 0	 0	 0	 0	 0	 0	 0	 0	 0	 0	 0	 0	 0	 0	 0	 0	 0	 0	 0	 0	 0	 0	 0
"QAKS01"	 0	 0	 0	 0	 0	 0	 0	 0	 0	 0	 0	 0	 0	 0	 0	 0	 0	 0	 0	 0	 0	 0	 0	 0	 0	 0	 0	 0	 0	 0	 0	 0	 0	 0	 0	 0	 0	 0	 0	 0	 0	 0	 0	 0	 0	 0	 0	 0	 0	 0	 0	 0	 0	 0	 0	 0	 0	 0	 0	 0	 0	 0	 0	 91	 0	 0	 0	 0	 0	 0	 0	 0	 0	 0	 0	 0	 0	 0	 0	 0	 0	 0	 0	 0	 0	 0	 0	 0	 0	 0	 0	 0	 0	 0	 0	 0	 0
"QANA01"	 0	 0	 0	 0	 0	 0	 0	 159	 55	 0	 0	 0	 0	 0	 0	 161	 0	 0	 0	 0	 0	 0	 0	 0	 0	 0	 0	 0	 0	 0	 0	 0	 0	 0	 0	 0	 0	 0	 0	 0	 0	 0	 0	 0	 0	 0	 0	 0	 0	 0	 0	 0	 0	 0	 0	 0	 0	 0	 0	 0	 0	 0	 0	 0	 0	 0	 1433	 0	 0	 0	 0	 0	 0	 0	 0	 0	 0	 0	 0	 0	 0	 0	 0	 996	 0	 0	 0	 0	 0	 0	 0	 0	 0	 0	 79	 0	 0
"GCA-900066905"	 0	 0	 0	 0	 0	 0	 0	 0	 80	 0	 0	 0	 0	 0	 0	 0	 176	 0	 0	 0	 1212	 0	 60	 0	 0	 0	 0	 0	 0	 0	 0	 0	 0	 0	 0	 0	 0	 0	 0	 0	 0	 0	 853	 0	 0	 0	 0	 41	 0	 0	 0	 0	 0	 0	 0	 0	 0	 0	 0	 0	 52	 0	 0	 184	 0	 0	 0	 0	 0	 0	 0	 0	 0	 0	 0	 0	 0	 0	 0	 0	 0	 0	 0	 0	 0	 0	 0	 0	 0	 0	 93	 0	 0	 0	 0	 0	 0
"QALW01"	 0	 0	 0	 0	 0	 0	 0	 0	 0	 0	 0	 0	 0	 0	 0	 0	 100	 0	 0	 0	 176	 0	 0	 0	 0	 0	 0	 0	 0	 0	 0	 0	 0	 0	 0	 0	 0	 0	 0	 0	 0	 0	 0	 0	 0	 0	 0	 0	 0	 0	 0	 0	 0	 0	 0	 0	 0	 0	 0	 0	 0	 0	 0	 0	 0	 0	 0	 0	 0	 0	 0	 0	 0	 0	 0	 0	 0	 0	 0	 0	 0	 0	 0	 0	 0	 0	 0	 0	 0	 0	 0	 0	 0	 0	 0	 116	 0
"QAND01"	 0	 0	 0	 122	 0	 0	 0	 0	 67	 0	 0	 0	 0	 0	 0	 0	 89	 0	 0	 0	 320	 0	 0	 0	 0	 0	 0	 0	 0	 0	 0	 0	 0	 0	 0	 0	 0	 0	 0	 0	 0	 0	 198	 0	 0	 0	 0	 0	 0	 0	 0	 0	 0	 0	 0	 0	 0	 0	 0	 0	 0	 0	 0	 0	 45	 0	 87	 0	 0	 0	 0	 0	 0	 65	 0	 0	 0	 0	 0	 0	 0	 0	 0	 0	 0	 0	 0	 0	 86	 0	 134	 0	 0	 0	 0	 47	 0
"Desulfitobacterium"	 0	 0	 0	 0	 0	 0	 0	 0	 0	 0	 0	 0	 0	 0	 0	 0	 0	 0	 0	 0	 0	 0	 0	 0	 0	 0	 0	 0	 0	 0	 0	 0	 0	 0	 0	 0	 0	 0	 0	 0	 0	 0	 0	 0	 0	 0	 0	 0	 0	 0	 0	 0	 0	 0	 0	 0	 0	 0	 0	 0	 0	 0	 0	 0	 0	 0	 0	 0	 0	 0	 32	 0	 0	 0	 0	 0	 0	 0	 0	 0	 0	 0	 0	 0	 0	 0	 0	 0	 0	 0	 0	 0	 0	 0	 0	 0	 0
"QAKL01"	 0	 0	 122	 0	 0	 0	 0	 158	 0	 0	 0	 0	 0	 0	 0	 0	 0	 0	 0	 0	 0	 0	 0	 0	 0	 0	 0	 0	 215	 0	 0	 0	 0	 0	 0	 0	 0	 0	 0	 0	 0	 0	 0	 0	 0	 0	 0	 0	 0	 0	 0	 0	 0	 0	 0	 0	 0	 0	 0	 0	 0	 0	 0	 0	 0	 0	 0	 0	 0	 0	 0	 0	 0	 0	 0	 0	 0	 0	 0	 0	 0	 0	 0	 0	 0	 0	 55	 0	 0	 0	 222	 0	 0	 0	 0	 0	 0
"Acidaminococcus"	 1242	 1277	 0	 1460	 1280	 0	 0	 0	 1300	 508	 1256	 1480	 1392	 1292	 1968	 1344	 499	 22	 0	 1657	 0	 0	 1475	 342	 1621	 1293	 1477	 2199	 105	 1515	 1348	 1275	 0	 0	 110	 1332	 1314	 1336	 2129	 1003	 1291	 1305	 1439	 2299	 1313	 0	 1479	 0	 1429	 1309	 700	 0	 1515	 1485	 2278	 0	 1518	 1645	 466	 0	 2365	 2276	 1302	 1261	 0	 1359	 0	 0	 1484	 1314	 2288	 0	 0	 1155	 0	 854	 0	 1340	 0	 115	 0	 0	 1566	 378	 913	 1365	 0	 1373	 1389	 323	 0	 1303	 0	 0	 0	 1395	 0
"Phascolarctobacterium"	 554	 1177	 63	 457	 194	 1294	 712	 1204	 703	 60	 1114	 1236	 1173	 1040	 1186	 0	 161	 1006	 923	 219	 347	 1085	 1067	 0	 301	 0	 437	 1117	 371	 0	 658	 1107	 0	 354	 1058	 1118	 1257	 0	 0	 169	 0	 0	 873	 1106	 622	 0	 662	 774	 0	 321	 1137	 1172	 0	 1231	 1206	 1041	 1238	 802	 0	 624	 732	 1243	 1223	 1229	 1097	 0	 1122	 0	 174	 983	 0	 184	 818	 772	 1027	 0	 514	 1296	 1198	 1150	 1150	 1295	 1180	 0	 35	 995	 782	 198	 0	 563	 191	 915	 0	 1137	 0	 1059	 1433
"Phascolarctobacterium_A"	 0	 0	 0	 0	 0	 0	 0	 0	 0	 0	 0	 0	 0	 0	 0	 0	 0	 0	 0	 0	 0	 0	 0	 0	 0	 0	 0	 0	 0	 776	 0	 0	 560	 0	 0	 0	 0	 0	 0	 0	 0	 346	 0	 0	 0	 0	 0	 0	 0	 0	 0	 0	 0	 0	 0	 0	 0	 0	 0	 0	 0	 0	 0	 0	 0	 319	 0	 779	 0	 0	 0	 0	 0	 0	 0	 219	 0	 0	 0	 0	 0	 0	 0	 789	 0	 0	 0	 0	 0	 0	 0	 0	 326	 0	 0	 0	 0
"Megamonas"	 1362	 1362	 1541	 857	 0	 0	 0	 1417	 0	 0	 1294	 1412	 0	 1552	 1364	 0	 0	 0	 0	 1596	 518	 0	 1324	 0	 1593	 0	 0	 0	 0	 1506	 0	 0	 0	 1315	 0	 1340	 0	 1501	 1359	 1313	 0	 1591	 0	 0	 0	 0	 1530	 1436	 1348	 1319	 0	 0	 1280	 1347	 0	 0	 1546	 0	 302	 0	 0	 0	 0	 0	 0	 0	 0	 0	 0	 1407	 0	 0	 0	 1320	 1370	 0	 0	 0	 0	 1491	 0	 0	 904	 489	 0	 1407	 0	 0	 1317	 0	 1038	 1377	 1469	 1435	 0	 1519	 1376
"Mitsuokella"	 0	 0	 0	 0	 0	 0	 0	 0	 0	 384	 0	 0	 0	 0	 0	 664	 1686	 0	 0	 653	 0	 0	 0	 0	 0	 0	 0	 0	 0	 0	 0	 0	 0	 0	 0	 0	 0	 0	 588	 0	 778	 420	 0	 449	 0	 0	 0	 0	 742	 0	 0	 0	 0	 0	 0	 0	 0	 1788	 0	 0	 0	 0	 0	 0	 0	 359	 0	 443	 0	 778	 382	 0	 2079	 0	 0	 405	 0	 0	 0	 0	 0	 0	 729	 0	 834	 0	 0	 0	 0	 0	 0	 0	 0	 0	 712	 0	 0
"Allisonella"	 0	 53	 0	 0	 0	 0	 157	 0	 0	 37	 0	 61	 133	 199	 47	 205	 107	 0	 0	 0	 0	 0	 0	 0	 0	 348	 0	 0	 0	 136	 0	 0	 257	 0	 0	 123	 0	 256	 269	 194	 0	 325	 0	 0	 0	 0	 0	 176	 109	 0	 90	 161	 86	 401	 98	 0	 0	 186	 124	 0	 79	 0	 131	 0	 68	 69	 0	 275	 0	 53	 0	 0	 0	 0	 0	 0	 0	 248	 0	 48	 0	 0	 0	 0	 110	 0	 0	 0	 0	 0	 0	 170	 66	 179	 0	 0	 0
"Dialister"	 0	 0	 103	 936	 1147	 0	 310	 0	 0	 1138	 1139	 0	 0	 69	 0	 401	 1097	 422	 0	 1136	 903	 328	 0	 949	 892	 1086	 0	 0	 940	 0	 1046	 0	 0	 0	 0	 0	 0	 988	 882	 85	 951	 0	 880	 0	 1026	 1143	 847	 0	 1148	 0	 0	 0	 1102	 0	 0	 0	 0	 1163	 388	 1066	 1154	 0	 0	 906	 0	 72	 0	 0	 0	 925	 883	 0	 1034	 0	 0	 618	 0	 116	 0	 0	 0	 0	 916	 0	 903	 1039	 0	 0	 936	 0	 873	 0	 0	 0	 72	 0	 0
"UBA5809"	 0	 0	 122	 0	 0	 0	 0	 0	 0	 0	 0	 0	 0	 0	 0	 0	 0	 0	 0	 0	 0	 0	 0	 0	 0	 0	 0	 0	 0	 0	 0	 0	 0	 0	 0	 0	 0	 0	 0	 0	 0	 0	 0	 0	 0	 0	 0	 0	 0	 0	 0	 0	 0	 0	 0	 0	 0	 0	 0	 0	 0	 0	 0	 0	 0	 0	 0	 0	 0	 0	 0	 0	 0	 0	 0	 0	 0	 0	 0	 0	 0	 0	 0	 0	 0	 0	 0	 0	 0	 0	 0	 0	 0	 0	 0	 0	 0
"Megasphaera"	 780	 1055	 0	 1055	 1115	 0	 0	 0	 0	 1109	 1065	 1178	 1470	 2509	 2531	 0	 1043	 0	 0	 1034	 438	 0	 914	 956	 0	 1182	 0	 0	 1002	 1241	 0	 0	 0	 0	 0	 2445	 929	 1093	 1125	 1365	 1120	 925	 0	 1109	 0	 0	 1086	 0	 2548	 1093	 454	 1090	 40	 2488	 1046	 0	 527	 2485	 399	 0	 984	 0	 1069	 0	 0	 1015	 0	 0	 399	 1009	 1168	 454	 0	 529	 1493	 419	 792	 892	 0	 0	 0	 0	 1054	 321	 319	 620	 0	 290	 0	 0	 0	 770	 0	 497	 1098	 1458	 0
"Megasphaera_B"	 0	 0	 0	 0	 0	 0	 0	 0	 0	 937	 32	 0	 0	 0	 0	 1219	 1400	 0	 0	 0	 0	 0	 781	 879	 0	 0	 0	 0	 350	 1004	 0	 0	 0	 0	 0	 0	 0	 0	 1371	 0	 709	 1059	 0	 1330	 0	 0	 0	 0	 0	 652	 0	 0	 0	 0	 0	 0	 0	 0	 0	 0	 0	 0	 0	 0	 0	 0	 0	 0	 0	 95	 0	 0	 0	 1349	 0	 0	 0	 0	 0	 1448	 0	 0	 0	 0	 548	 0	 0	 0	 0	 0	 0	 0	 0	 0	 0	 0	 0
"Veillonella"	 0	 0	 0	 0	 0	 0	 783	 229	 0	 465	 0	 0	 0	 0	 0	 0	 0	 0	 0	 174	 0	 0	 0	 0	 0	 0	 0	 858	 0	 183	 0	 26	 0	 0	 113	 0	 0	 0	 0	 1032	 0	 0	 0	 0	 1479	 412	 0	 0	 96	 0	 0	 0	 0	 0	 0	 0	 0	 0	 0	 792	 0	 83	 0	 0	 0	 465	 0	 105	 0	 0	 0	 0	 0	 683	 0	 313	 0	 0	 0	 0	 0	 0	 0	 0	 0	 0	 0	 0	 0	 394	 0	 0	 0	 0	 0	 0	 56
"Veillonella_A"	 0	 0	 0	 0	 0	 0	 24	 0	 0	 0	 0	 0	 0	 0	 0	 0	 0	 0	 0	 0	 0	 0	 0	 0	 0	 0	 0	 0	 0	 0	 0	 0	 0	 0	 0	 0	 0	 0	 0	 0	 0	 0	 0	 0	 0	 54	 0	 0	 0	 0	 0	 0	 0	 0	 0	 0	 0	 0	 0	 0	 0	 0	 0	 0	 0	 0	 0	 0	 0	 0	 0	 0	 0	 0	 0	 0	 0	 0	 0	 0	 0	 0	 0	 0	 0	 0	 0	 0	 0	 0	 0	 0	 0	 0	 0	 0	 0
"Cetobacterium_A"	 0	 0	 0	 0	 0	 0	 0	 0	 0	 0	 0	 0	 0	 0	 385	 0	 0	 0	 0	 0	 0	 0	 0	 0	 0	 0	 0	 0	 0	 0	 0	 0	 0	 0	 0	 0	 0	 0	 0	 0	 0	 0	 0	 0	 0	 0	 0	 0	 0	 0	 0	 0	 0	 0	 0	 0	 0	 0	 0	 0	 0	 0	 0	 0	 0	 770	 0	 0	 0	 0	 0	 0	 0	 0	 0	 0	 0	 0	 0	 0	 0	 0	 0	 0	 0	 0	 0	 0	 0	 0	 0	 0	 0	 0	 0	 0	 0
"Fusobacterium_A"	 682	 2354	 0	 0	 0	 0	 566	 0	 0	 75	 0	 0	 0	 0	 41	 0	 0	 0	 1366	 0	 0	 0	 0	 0	 0	 0	 0	 0	 1588	 0	 0	 1525	 0	 0	 0	 0	 215	 972	 0	 0	 0	 0	 493	 0	 0	 121	 0	 0	 0	 0	 0	 918	 0	 1565	 0	 1667	 0	 0	 0	 0	 0	 2016	 0	 0	 0	 1520	 0	 0	 0	 0	 0	 0	 0	 0	 2123	 0	 0	 0	 0	 0	 1211	 751	 0	 0	 0	 0	 0	 0	 0	 0	 0	 30	 0	 0	 0	 0	 120
"51-20"	 0	 0	 2184	 1612	 0	 0	 0	 0	 0	 0	 0	 0	 0	 0	 0	 0	 0	 0	 0	 0	 0	 0	 0	 0	 0	 0	 0	 0	 0	 0	 0	 0	 0	 0	 0	 0	 0	 0	 0	 0	 0	 0	 0	 0	 0	 0	 0	 1645	 0	 0	 0	 0	 0	 0	 0	 0	 0	 0	 0	 0	 0	 0	 0	 0	 0	 0	 0	 0	 0	 1632	 0	 0	 0	 0	 0	 0	 0	 0	 0	 0	 0	 0	 0	 0	 0	 0	 0	 0	 0	 0	 0	 0	 0	 0	 0	 0	 0
"CAG-267"	 0	 0	 1649	 0	 0	 0	 0	 0	 0	 0	 0	 0	 0	 0	 0	 0	 0	 0	 0	 0	 0	 0	 0	 0	 0	 0	 1471	 0	 0	 0	 0	 0	 0	 0	 0	 0	 0	 0	 0	 0	 0	 0	 0	 0	 0	 0	 0	 0	 0	 0	 0	 0	 0	 0	 0	 0	 0	 0	 0	 0	 0	 0	 0	 0	 0	 0	 0	 0	 0	 0	 0	 0	 0	 0	 0	 0	 0	 0	 0	 0	 0	 0	 0	 0	 0	 0	 0	 0	 0	 0	 0	 0	 0	 0	 0	 0	 0
"CAG-495"	 0	 0	 0	 0	 0	 0	 0	 0	 0	 0	 0	 0	 0	 0	 1409	 0	 0	 0	 0	 0	 0	 0	 0	 0	 0	 0	 0	 0	 0	 0	 0	 0	 0	 0	 0	 0	 0	 0	 0	 0	 0	 0	 0	 0	 0	 0	 0	 0	 0	 0	 0	 0	 0	 0	 0	 0	 0	 0	 0	 0	 0	 0	 0	 0	 0	 0	 926	 0	 0	 0	 0	 0	 0	 0	 0	 0	 0	 0	 0	 0	 0	 0	 0	 0	 1330	 0	 0	 0	 0	 0	 0	 894	 949	 0	 0	 0	 0
"Rs-D84"	 0	 0	 0	 0	 0	 0	 0	 0	 0	 0	 0	 0	 0	 0	 0	 0	 0	 0	 0	 0	 0	 0	 0	 0	 0	 0	 0	 0	 0	 0	 0	 0	 0	 0	 0	 0	 0	 0	 0	 0	 0	 0	 0	 0	 0	 0	 0	 0	 0	 0	 0	 0	 0	 0	 0	 0	 0	 0	 0	 0	 0	 0	 0	 0	 0	 0	 0	 0	 0	 0	 0	 0	 0	 0	 0	 0	 0	 0	 0	 0	 0	 0	 0	 0	 0	 0	 0	 0	 0	 0	 0	 0	 0	 0	 121	 0	 0
"CAG-521"	 0	 0	 0	 144	 0	 0	 0	 0	 0	 0	 0	 0	 119	 0	 0	 0	 0	 0	 0	 0	 0	 0	 0	 0	 0	 0	 0	 0	 0	 0	 0	 0	 0	 102	 0	 0	 0	 0	 0	 0	 0	 0	 0	 0	 0	 0	 0	 0	 0	 106	 0	 0	 0	 0	 142	 0	 0	 0	 0	 0	 119	 0	 0	 0	 0	 193	 0	 0	 0	 0	 0	 0	 0	 0	 0	 0	 0	 163	 0	 0	 0	 0	 0	 0	 0	 0	 0	 0	 0	 0	 0	 0	 0	 0	 0	 0	 0
"Comamonas"	 0	 0	 70	 0	 0	 0	 0	 0	 0	 867	 0	 0	 0	 0	 0	 0	 0	 0	 0	 0	 0	 0	 0	 0	 0	 0	 0	 0	 0	 0	 0	 0	 0	 0	 0	 0	 0	 0	 0	 0	 0	 0	 0	 0	 0	 17	 0	 0	 0	 0	 0	 0	 0	 0	 0	 0	 0	 0	 0	 0	 0	 0	 0	 0	 0	 0	 0	 0	 0	 0	 0	 0	 0	 0	 0	 69	 0	 0	 0	 0	 0	 0	 0	 0	 0	 0	 0	 0	 0	 0	 0	 0	 0	 0	 0	 0	 0
"Duodenibacillus"	 0	 0	 0	 0	 0	 0	 0	 0	 0	 0	 0	 0	 0	 0	 0	 554	 0	 0	 0	 0	 0	 0	 0	 0	 0	 0	 0	 0	 0	 0	 0	 0	 0	 1245	 0	 0	 0	 0	 0	 0	 1343	 0	 0	 0	 0	 0	 0	 0	 605	 448	 0	 0	 1205	 1247	 0	 0	 0	 0	 0	 0	 0	 0	 0	 0	 378	 0	 953	 0	 476	 0	 0	 0	 0	 0	 0	 0	 1222	 0	 0	 0	 0	 0	 0	 0	 0	 0	 0	 0	 0	 0	 445	 0	 0	 0	 0	 0	 424
"Mesosutterella"	 295	 1358	 0	 1478	 1323	 0	 0	 0	 0	 0	 1177	 0	 807	 0	 1485	 0	 0	 0	 0	 0	 1461	 0	 0	 140	 0	 1303	 0	 0	 57	 0	 1265	 0	 0	 0	 1218	 1141	 0	 0	 1153	 0	 178	 336	 0	 1313	 0	 0	 1370	 0	 1172	 0	 1149	 1163	 1410	 0	 0	 1151	 1354	 0	 495	 386	 1199	 0	 147	 0	 0	 0	 0	 231	 1489	 0	 1487	 1243	 1375	 0	 0	 0	 0	 91	 0	 0	 0	 0	 1302	 70	 1325	 0	 353	 0	 0	 0	 1544	 0	 0	 0	 0	 0	 0
"Oxalobacter"	 0	 38	 0	 0	 0	 0	 0	 0	 0	 0	 0	 0	 0	 0	 0	 0	 66	 0	 0	 0	 0	 0	 0	 0	 0	 0	 211	 0	 0	 0	 0	 0	 0	 0	 0	 0	 0	 0	 0	 0	 0	 0	 0	 0	 0	 0	 0	 0	 0	 0	 0	 0	 0	 0	 0	 0	 0	 0	 0	 0	 0	 0	 93	 503	 0	 0	 0	 0	 0	 0	 608	 0	 0	 0	 77	 0	 0	 0	 0	 412	 424	 0	 706	 0	 134	 0	 44	 0	 0	 0	 0	 0	 0	 0	 0	 0	 0
"Parasutterella"	 217	 935	 0	 0	 478	 297	 726	 0	 0	 0	 0	 175	 0	 55	 1052	 0	 0	 0	 1325	 0	 284	 0	 0	 90	 0	 349	 0	 0	 0	 0	 892	 0	 1265	 0	 0	 541	 129	 0	 353	 85	 0	 0	 886	 0	 0	 1363	 817	 0	 0	 0	 0	 0	 0	 0	 0	 0	 942	 0	 0	 41	 0	 0	 761	 1118	 0	 0	 0	 0	 0	 0	 0	 1163	 0	 0	 40	 0	 0	 0	 0	 0	 1077	 0	 757	 0	 0	 0	 1134	 579	 0	 0	 114	 680	 179	 0	 0	 182	 0
"Sutterella"	 0	 0	 1766	 848	 0	 1096	 0	 1775	 1170	 2229	 0	 1384	 0	 1565	 0	 1285	 1011	 0	 0	 95	 0	 757	 980	 886	 1086	 1264	 1864	 992	 1498	 1855	 0	 0	 0	 0	 0	 0	 1606	 2384	 0	 1782	 1054	 3859	 0	 0	 1559	 0	 0	 0	 135	 1014	 0	 0	 0	 1833	 1086	 0	 0	 2669	 506	 1827	 912	 0	 1200	 0	 550	 1259	 0	 1946	 1284	 1867	 0	 0	 0	 1467	 1177	 1922	 0	 1284	 2470	 1153	 1547	 2234	 0	 2270	 0	 1173	 0	 1464	 1188	 1060	 0	 1536	 1496	 0	 150	 1806	 528
"Turicimonas"	 0	 0	 0	 0	 0	 0	 0	 0	 0	 0	 216	 0	 0	 0	 0	 0	 0	 0	 0	 0	 0	 0	 0	 0	 0	 0	 0	 0	 0	 0	 0	 0	 0	 0	 0	 0	 0	 0	 0	 0	 0	 0	 211	 0	 0	 0	 0	 0	 0	 0	 0	 0	 0	 0	 0	 0	 0	 0	 0	 0	 0	 0	 0	 0	 0	 0	 0	 0	 0	 0	 0	 0	 0	 0	 0	 0	 0	 0	 0	 0	 0	 0	 0	 0	 0	 0	 0	 0	 0	 0	 0	 0	 0	 0	 0	 0	 0
"Aeromonas"	 0	 0	 0	 0	 0	 0	 0	 0	 0	 0	 0	 0	 0	 0	 2130	 0	 0	 0	 0	 0	 0	 0	 0	 0	 0	 0	 0	 0	 0	 0	 0	 0	 0	 0	 0	 0	 0	 0	 0	 0	 0	 0	 0	 0	 0	 0	 0	 0	 0	 0	 0	 0	 0	 0	 0	 0	 0	 0	 0	 0	 0	 0	 0	 0	 0	 0	 0	 0	 0	 0	 0	 0	 0	 0	 0	 0	 0	 0	 0	 0	 0	 0	 0	 0	 0	 0	 0	 0	 0	 0	 0	 0	 0	 0	 0	 0	 0
"Citrobacter"	 0	 0	 0	 0	 0	 406	 2537	 0	 0	 0	 0	 0	 0	 0	 0	 0	 0	 0	 0	 0	 0	 0	 0	 0	 0	 0	 0	 0	 0	 72	 0	 0	 0	 0	 0	 0	 0	 0	 74	 0	 0	 0	 0	 0	 2861	 23	 0	 0	 0	 0	 0	 0	 0	 0	 0	 0	 0	 0	 45	 188	 0	 0	 0	 0	 0	 0	 0	 0	 0	 0	 0	 0	 0	 0	 0	 0	 0	 0	 0	 0	 0	 0	 0	 0	 0	 0	 0	 0	 0	 0	 0	 0	 0	 0	 0	 0	 0
"Cronobacter"	 0	 0	 0	 0	 0	 0	 0	 0	 0	 0	 0	 0	 0	 0	 0	 0	 0	 0	 0	 0	 0	 0	 0	 0	 0	 0	 0	 0	 0	 0	 0	 0	 0	 0	 0	 0	 0	 0	 0	 1525	 0	 0	 0	 0	 41	 0	 0	 0	 0	 0	 0	 0	 0	 0	 0	 0	 0	 0	 0	 0	 0	 0	 0	 0	 0	 0	 0	 0	 0	 0	 0	 0	 0	 0	 0	 0	 0	 0	 0	 0	 0	 0	 0	 0	 0	 0	 0	 0	 0	 0	 0	 0	 0	 0	 0	 0	 0
"Enterobacter"	 0	 0	 0	 0	 0	 180	 39	 0	 0	 0	 0	 0	 0	 0	 0	 0	 0	 2952	 0	 136	 0	 0	 0	 0	 1918	 0	 0	 0	 0	 4144	 0	 0	 0	 0	 405	 0	 0	 0	 91	 70	 0	 0	 1108	 0	 2539	 48	 0	 0	 0	 0	 0	 0	 0	 0	 0	 0	 0	 0	 0	 0	 0	 0	 0	 1665	 0	 0	 0	 0	 0	 2676	 0	 286	 43	 54	 0	 0	 0	 0	 0	 0	 0	 0	 0	 0	 0	 0	 127	 0	 0	 0	 0	 0	 0	 0	 654	 0	 0
"Escherichia"	 121	 815	 0	 2257	 1254	 2877	 79	 106	 0	 0	 0	 390	 0	 0	 3046	 0	 346	 115	 1310	 842	 1082	 0	 2925	 2877	 103	 2970	 368	 518	 3119	 140	 1084	 2310	 585	 0	 456	 104	 2701	 2852	 962	 1260	 0	 946	 2862	 3058	 1593	 401	 959	 561	 468	 654	 26	 0	 1269	 130	 0	 0	 0	 2092	 288	 1670	 2444	 2615	 635	 73	 0	 2165	 933	 0	 0	 868	 766	 2929	 1916	 1639	 1322	 1174	 86	 2682	 0	 0	 624	 0	 1355	 79	 2766	 1738	 1698	 584	 519	 2295	 0	 0	 29	 304	 1293	 175	 2481
"Hafnia"	 0	 0	 0	 0	 0	 0	 0	 0	 0	 0	 0	 0	 0	 0	 0	 0	 0	 0	 0	 0	 0	 0	 0	 0	 0	 0	 0	 0	 0	 0	 0	 0	 0	 0	 0	 0	 0	 0	 0	 0	 0	 0	 0	 0	 0	 0	 0	 0	 125	 0	 0	 0	 0	 0	 0	 0	 0	 0	 0	 0	 0	 0	 0	 0	 0	 0	 0	 0	 0	 0	 0	 0	 0	 0	 0	 0	 0	 0	 0	 0	 0	 0	 0	 0	 0	 0	 0	 0	 0	 0	 0	 0	 0	 0	 0	 0	 0
"Klebsiella"	 0	 0	 0	 0	 511	 2137	 2684	 471	 0	 990	 2356	 782	 0	 31	 886	 0	 0	 931	 0	 0	 0	 268	 2795	 879	 180	 0	 0	 880	 1021	 2006	 39	 29	 0	 0	 1051	 0	 0	 0	 80	 2143	 0	 1012	 0	 0	 1524	 3073	 0	 0	 1199	 943	 0	 0	 0	 441	 0	 0	 334	 489	 223	 215	 0	 0	 0	 534	 0	 934	 0	 157	 0	 962	 0	 502	 838	 372	 2236	 662	 75	 713	 850	 0	 49	 0	 253	 0	 0	 174	 1025	 913	 0	 351	 1914	 0	 607	 16	 3327	 47	 40
"Klebsiella_A"	 0	 0	 0	 0	 0	 0	 0	 0	 0	 0	 0	 0	 0	 0	 0	 0	 0	 0	 0	 0	 0	 0	 0	 0	 3176	 0	 0	 0	 0	 1244	 0	 0	 0	 0	 0	 0	 0	 0	 0	 0	 0	 0	 0	 0	 24	 21	 0	 0	 0	 0	 0	 0	 0	 0	 0	 0	 0	 0	 0	 0	 0	 0	 0	 0	 0	 0	 0	 0	 0	 0	 0	 0	 0	 49	 0	 0	 0	 0	 0	 0	 0	 0	 0	 0	 0	 0	 0	 0	 0	 0	 0	 0	 0	 0	 0	 0	 0
"Klebsiella_B"	 0	 0	 0	 0	 0	 0	 0	 0	 0	 0	 0	 0	 0	 0	 0	 0	 0	 0	 0	 0	 0	 0	 0	 0	 0	 0	 0	 0	 0	 81	 0	 0	 0	 0	 0	 0	 0	 0	 0	 0	 0	 0	 0	 0	 131	 0	 0	 0	 0	 0	 0	 0	 0	 0	 0	 0	 0	 0	 0	 82	 0	 0	 0	 0	 0	 0	 0	 0	 0	 0	 0	 0	 0	 946	 0	 0	 0	 0	 0	 0	 0	 0	 0	 0	 0	 0	 0	 0	 0	 0	 0	 0	 0	 0	 0	 0	 0
"Kluyvera"	 0	 0	 0	 0	 96	 0	 140	 0	 0	 0	 0	 0	 0	 0	 0	 0	 0	 0	 0	 0	 0	 0	 0	 0	 0	 0	 0	 0	 0	 103	 0	 0	 0	 0	 0	 0	 0	 0	 0	 0	 0	 0	 0	 0	 0	 1389	 0	 0	 0	 0	 0	 0	 0	 0	 0	 0	 0	 0	 0	 0	 0	 0	 0	 0	 0	 0	 0	 0	 0	 0	 0	 0	 0	 0	 0	 0	 0	 0	 0	 0	 0	 0	 0	 0	 0	 0	 0	 0	 0	 0	 0	 0	 0	 0	 0	 0	 0
"Plesiomonas"	 0	 0	 0	 0	 0	 0	 0	 0	 0	 0	 0	 0	 0	 0	 970	 0	 0	 0	 0	 0	 0	 0	 0	 0	 0	 0	 0	 0	 1456	 0	 0	 0	 0	 0	 0	 0	 0	 0	 0	 0	 0	 0	 0	 0	 0	 0	 0	 0	 0	 0	 0	 0	 0	 0	 0	 0	 0	 0	 0	 0	 0	 0	 0	 0	 0	 0	 0	 0	 0	 0	 0	 0	 0	 0	 0	 0	 0	 0	 0	 0	 0	 0	 0	 0	 0	 0	 0	 0	 0	 0	 0	 0	 0	 0	 0	 0	 0
"Raoultella"	 0	 0	 0	 0	 0	 0	 0	 0	 0	 0	 0	 0	 0	 0	 0	 0	 0	 0	 0	 0	 0	 0	 0	 0	 718	 0	 0	 0	 0	 48	 0	 0	 0	 0	 0	 0	 0	 0	 0	 0	 0	 0	 0	 0	 0	 23	 0	 0	 0	 0	 0	 0	 0	 0	 0	 0	 48	 0	 0	 0	 0	 0	 0	 0	 0	 0	 0	 0	 0	 0	 0	 0	 0	 0	 0	 0	 0	 0	 0	 0	 0	 0	 0	 0	 0	 0	 0	 0	 0	 0	 0	 0	 0	 0	 0	 0	 0
"Salmonella"	 0	 0	 0	 0	 0	 74	 60	 0	 0	 0	 0	 0	 0	 0	 0	 0	 0	 23	 0	 0	 0	 0	 0	 0	 55	 41	 0	 0	 0	 83	 0	 0	 0	 0	 0	 0	 0	 0	 0	 43	 0	 0	 0	 0	 84	 59	 0	 0	 0	 0	 0	 0	 0	 0	 0	 0	 0	 0	 17	 38	 0	 26	 0	 0	 0	 35	 0	 0	 0	 0	 0	 0	 41	 0	 0	 0	 0	 0	 0	 0	 0	 0	 0	 0	 0	 0	 0	 0	 0	 0	 0	 0	 0	 18	 0	 0	 0
"Aggregatibacter"	 0	 0	 0	 0	 0	 0	 0	 0	 0	 38	 0	 0	 0	 0	 0	 0	 0	 0	 0	 0	 0	 0	 0	 0	 0	 0	 0	 0	 0	 0	 0	 27	 0	 0	 0	 0	 0	 0	 0	 0	 0	 0	 0	 0	 34	 0	 0	 0	 0	 0	 0	 0	 0	 0	 0	 0	 0	 0	 0	 0	 0	 0	 0	 0	 0	 0	 0	 0	 0	 0	 0	 0	 0	 0	 0	 0	 0	 0	 0	 0	 0	 0	 0	 0	 0	 0	 0	 0	 0	 0	 0	 0	 0	 0	 0	 0	 0
"Haemophilus"	 0	 0	 0	 0	 0	 0	 35	 0	 0	 102	 0	 0	 0	 0	 0	 0	 0	 0	 0	 0	 0	 0	 0	 0	 0	 0	 0	 0	 0	 0	 0	 81	 0	 0	 0	 0	 0	 0	 0	 58	 0	 0	 0	 0	 53	 0	 0	 0	 0	 0	 0	 0	 0	 0	 0	 0	 0	 0	 0	 78	 0	 0	 0	 0	 0	 0	 0	 0	 0	 0	 0	 0	 0	 0	 0	 75	 0	 0	 0	 0	 0	 60	 0	 0	 0	 0	 0	 0	 0	 0	 0	 0	 0	 0	 0	 0	 0
"Haemophilus_A"	 0	 0	 0	 0	 0	 0	 0	 0	 0	 0	 0	 0	 0	 0	 0	 0	 0	 0	 0	 0	 0	 0	 0	 0	 0	 0	 0	 0	 0	 0	 0	 0	 0	 0	 0	 0	 0	 0	 0	 0	 0	 0	 0	 0	 0	 0	 0	 0	 0	 0	 0	 0	 0	 0	 0	 0	 0	 0	 0	 0	 0	 0	 0	 0	 0	 0	 0	 0	 0	 0	 0	 0	 0	 0	 0	 126	 0	 0	 0	 0	 0	 27	 0	 0	 0	 0	 0	 0	 0	 0	 0	 0	 0	 0	 0	 0	 0
"Haemophilus_D"	 0	 0	 0	 0	 0	 0	 317	 191	 0	 559	 0	 0	 0	 0	 0	 0	 0	 0	 0	 0	 0	 0	 0	 0	 0	 0	 0	 0	 0	 0	 0	 662	 0	 0	 0	 0	 0	 0	 0	 203	 0	 0	 0	 0	 503	 0	 0	 0	 55	 0	 0	 0	 0	 0	 0	 0	 0	 0	 0	 737	 0	 0	 0	 0	 0	 0	 0	 0	 0	 0	 0	 0	 0	 566	 0	 530	 0	 0	 0	 0	 0	 246	 0	 0	 0	 42	 0	 0	 0	 73	 0	 0	 0	 0	 0	 0	 0
"Succinatimonas"	 0	 0	 0	 0	 0	 0	 0	 0	 0	 0	 0	 0	 0	 0	 0	 0	 0	 0	 0	 0	 0	 0	 0	 0	 0	 0	 0	 0	 0	 0	 754	 0	 0	 0	 0	 0	 0	 0	 0	 0	 0	 0	 0	 0	 0	 0	 0	 0	 0	 204	 0	 0	 0	 0	 0	 0	 0	 0	 0	 0	 0	 0	 0	 0	 0	 0	 0	 0	 0	 0	 0	 0	 0	 0	 0	 0	 0	 0	 0	 0	 0	 0	 0	 0	 0	 0	 0	 0	 0	 0	 0	 0	 0	 0	 0	 0	 0
"Succinivibrio"	 0	 0	 0	 0	 0	 0	 0	 0	 0	 0	 0	 0	 0	 0	 0	 0	 0	 0	 0	 0	 0	 0	 0	 0	 0	 0	 0	 0	 0	 0	 0	 0	 0	 0	 0	 0	 0	 0	 0	 0	 0	 0	 0	 0	 0	 0	 0	 0	 0	 0	 0	 0	 0	 0	 0	 0	 0	 0	 0	 0	 0	 0	 0	 0	 0	 0	 0	 0	 0	 0	 0	 0	 0	 0	 0	 706	 0	 0	 0	 0	 0	 0	 0	 0	 0	 0	 0	 0	 0	 0	 0	 0	 0	 0	 0	 0	 0
"Pseudomonas"	 0	 0	 0	 0	 0	 0	 0	 0	 0	 0	 0	 0	 0	 0	 0	 0	 0	 0	 0	 0	 0	 0	 0	 0	 0	 0	 0	 0	 0	 0	 0	 0	 0	 0	 0	 0	 0	 0	 0	 0	 0	 0	 0	 0	 0	 0	 0	 0	 0	 0	 0	 0	 0	 0	 0	 0	 0	 0	 0	 0	 0	 0	 0	 0	 0	 0	 0	 0	 0	 0	 0	 0	 0	 0	 0	 0	 0	 0	 0	 0	 0	 0	 0	 0	 0	 0	 0	 0	 0	 0	 0	 0	 0	 0	 0	 0	 63
"Pyramidobacter"	 0	 0	 0	 0	 0	 0	 0	 0	 0	 0	 0	 0	 0	 0	 0	 0	 0	 0	 0	 0	 0	 0	 0	 0	 0	 0	 0	 0	 0	 0	 0	 0	 0	 0	 0	 0	 0	 0	 0	 0	 0	 0	 0	 0	 0	 0	 0	 0	 0	 0	 0	 0	 0	 0	 0	 0	 0	 0	 0	 0	 651	 0	 0	 0	 0	 0	 0	 0	 0	 0	 0	 0	 0	 0	 0	 0	 0	 0	 0	 0	 0	 0	 0	 0	 34	 0	 0	 0	 0	 0	 0	 0	 0	 0	 0	 0	 0
"An23"	 0	 0	 0	 83	 0	 0	 0	 0	 0	 0	 0	 0	 0	 0	 0	 0	 0	 0	 0	 0	 0	 0	 0	 0	 0	 0	 0	 0	 0	 0	 0	 0	 0	 0	 0	 0	 0	 0	 0	 0	 0	 0	 0	 0	 0	 0	 0	 0	 0	 0	 0	 0	 0	 0	 0	 0	 0	 0	 0	 0	 0	 0	 0	 0	 0	 0	 0	 0	 0	 0	 0	 0	 0	 0	 0	 0	 58	 0	 0	 0	 0	 0	 0	 0	 0	 0	 0	 0	 0	 0	 0	 0	 0	 0	 0	 0	 0
"Cloacibacillus"	 0	 0	 0	 0	 0	 0	 0	 0	 0	 0	 0	 0	 0	 0	 0	 0	 0	 0	 185	 0	 1051	 0	 105	 0	 0	 0	 0	 0	 0	 0	 0	 0	 0	 0	 0	 0	 0	 0	 0	 0	 0	 0	 3704	 0	 0	 0	 0	 0	 0	 0	 0	 0	 0	 0	 0	 0	 0	 0	 0	 0	 0	 0	 0	 106	 0	 0	 155	 0	 0	 0	 0	 0	 0	 0	 0	 0	 0	 0	 0	 0	 0	 0	 55	 0	 0	 0	 0	 0	 0	 0	 0	 0	 0	 0	 0	 392	 163
"UBA11452"	 0	 0	 3435	 155	 62	 0	 0	 0	 0	 0	 0	 0	 0	 0	 0	 0	 3942	 0	 0	 0	 0	 0	 0	 143	 0	 0	 0	 0	 0	 0	 0	 0	 0	 0	 0	 0	 0	 0	 0	 0	 0	 0	 0	 0	 0	 0	 0	 0	 0	 0	 0	 0	 0	 0	 0	 0	 0	 0	 0	 0	 0	 0	 0	 0	 0	 0	 1845	 0	 0	 0	 0	 0	 0	 0	 0	 0	 72	 0	 0	 0	 0	 0	 0	 3285	 0	 0	 0	 0	 0	 0	 467	 0	 0	 0	 105	 0	 0
"Victivallis"	 0	 0	 2136	 312	 0	 0	 0	 0	 0	 0	 0	 0	 0	 0	 0	 209	 162	 0	 0	 0	 2899	 219	 0	 157	 0	 0	 74	 0	 0	 0	 0	 0	 0	 0	 0	 0	 0	 0	 0	 0	 0	 0	 660	 0	 0	 0	 0	 0	 0	 0	 0	 0	 0	 0	 0	 0	 48	 0	 0	 0	 0	 0	 0	 136	 787	 0	 2155	 0	 0	 0	 0	 0	 0	 0	 0	 0	 380	 195	 0	 0	 0	 0	 135	 587	 0	 0	 0	 0	 374	 0	 0	 0	 0	 0	 0	 1130	 0
"CAG-312"	 0	 63	 617	 0	 564	 0	 0	 0	 0	 0	 0	 0	 0	 0	 0	 0	 0	 0	 0	 0	 2826	 0	 0	 145	 0	 0	 0	 0	 0	 0	 0	 0	 0	 0	 0	 0	 0	 0	 0	 0	 0	 0	 0	 0	 0	 0	 0	 0	 0	 0	 0	 0	 0	 0	 0	 0	 0	 0	 0	 0	 0	 0	 0	 0	 0	 0	 2020	 0	 0	 0	 0	 0	 0	 0	 0	 0	 0	 0	 0	 0	 0	 0	 0	 0	 0	 0	 0	 0	 0	 0	 0	 0	 0	 0	 292	 0	 0
"Akkermansia"	 0	 0	 935	 1112	 0	 0	 0	 0	 1680	 0	 51	 0	 0	 0	 0	 0	 0	 0	 0	 31	 0	 0	 1702	 939	 0	 42	 832	 0	 0	 0	 0	 0	 0	 0	 1353	 1083	 0	 0	 0	 0	 1057	 0	 62	 0	 0	 0	 0	 0	 0	 0	 527	 0	 0	 0	 1351	 0	 1464	 0	 0	 98	 50	 0	 0	 0	 107	 0	 0	 0	 0	 0	 0	 0	 51	 0	 0	 0	 0	 0	 0	 0	 1585	 0	 1534	 1453	 0	 0	 0	 0	 72	 0	 0	 0	 0	 0	 1606	 1337	 0
"Chlamydia"	 0	 0	 0	 0	 0	 0	 0	 0	 0	 0	 0	 0	 0	 0	 0	 0	 0	 0	 0	 0	 0	 0	 0	 0	 0	 0	 0	 0	 0	 0	 0	 0	 0	 0	 0	 0	 0	 0	 0	 0	 0	 0	 0	 0	 0	 0	 0	 0	 0	 0	 0	 0	 0	 0	 0	 0	 0	 0	 0	 0	 0	 0	 0	 0	 0	 0	 0	 0	 0	 0	 0	 0	 0	 0	 0	 0	 0	 0	 0	 0	 0	 0	 0	 0	 0	 0	 0	 0	 0	 0	 0	 0	 0	 0	 76	 0	 0
