#Datasets	 AA_0001_diamond_output_below	 AA_0003_diamond_output_below	 AA_0004_diamond_output_below	 AA_0006_diamond_output_below	 AA_0008_diamond_output_above	 AA_0009_diamond_output_above	 AA_0010_diamond_output_below	 AA_0012_diamond_output_above	 AA_0013_diamond_output_below	 AA_0014_diamond_output_below	 AA_0015_diamond_output_above	 AA_0016_diamond_output_below	 AA_0017_diamond_output_below	 AA_0018_diamond_output_below	 AA_0019_diamond_output_below	 AA_0021_diamond_output_above	 AA_0023_diamond_output_below	 AA_0025_diamond_output_above	 AA_0026_diamond_output_below	 AA_0027_diamond_output_above	 AA_0030_diamond_output_below	 AA_0032_diamond_output_above	 AA_0033_diamond_output_below	 AA_0034_diamond_output_below	 AA_0035_diamond_output_above	 AA_0036_diamond_output_below	 AA_0037_diamond_output_below	 AA_0038_diamond_output_below	 AA_0039_diamond_output_below	 AA_0040_diamond_output_below	 AA_0041_diamond_output_below	 AA_0042_diamond_output_below	 AA_0043_diamond_output_above	 AA_0044_diamond_output_below	 AA_0045_diamond_output_below	 AA_0046_diamond_output_below	 AA_0047_diamond_output_above	 AA_0048_diamond_output_above	 AA_0049_diamond_output_above	 AA_0050_diamond_output_below	 AA_0052_diamond_output_above	 AA_0053_diamond_output_above	 AA_0054_diamond_output_below	 AA_0055_diamond_output_below	 AA_0057_diamond_output_above	 AA_0058_diamond_output_below	 AA_0060_diamond_output_below	 AA_0061_diamond_output_above	 AA_0062_diamond_output_below	 AA_0065_diamond_output_below	 AA_0071_diamond_output_above	 AA_0080_diamond_output_above	 AA_0092_diamond_output_above	 AA_0093_diamond_output_below	 AA_0096_diamond_output_above	 AA_0097_diamond_output_above	 AA_0098_diamond_output_below	 AA_0099_diamond_output_above	 AA_0100_diamond_output_below	 AA_0102_diamond_output_below	 AA_0103_diamond_output_below	 AA_0104_diamond_output_above	 AA_0105_diamond_output_below	 AA_0106_diamond_output_above	 AA_0109_diamond_output_below	 AA_0111_diamond_output_below	 AA_0112_diamond_output_below	 AA_0113_diamond_output_below	 AA_0115_diamond_output_below	 AA_0116_diamond_output_above	 AA_0117_diamond_output_below	 AA_0118_diamond_output_above	 AA_0119_diamond_output_above	 AA_0120_diamond_output_below	 AA_0121_diamond_output_below	 AA_0123_diamond_output_below	 AA_0125_diamond_output_above	 AA_0126_diamond_output_below	 AA_0127_diamond_output_below	 AA_0128_diamond_output_below	 AA_0129_diamond_output_below	 AA_0130_diamond_output_below	 AA_0131_diamond_output_below	 AA_0132_diamond_output_below	 AA_0133_diamond_output_below	 AA_0134_diamond_output_above	 AA_0135_diamond_output_below	 AA_0136_diamond_output_below	 AA_0137_diamond_output_below	 AA_0138_diamond_output_above	 AA_0139_diamond_output_above	 AA_0141_diamond_output_below	 AA_0142_diamond_output_above	 AA_0143_diamond_output_below	 AA_0151_diamond_output_below	 AA_0152_diamond_output_above	 AA_0153_diamond_output_below
"Actinomyces graevenitzii"	 0	 0	 0	 0	 0	 0	 0	 0	 0	 0	 0	 0	 0	 0	 0	 0	 0	 0	 0	 0	 0	 0	 0	 0	 0	 0	 0	 0	 0	 0	 0	 0	 0	 0	 0	 0	 0	 0	 0	 66	 0	 0	 0	 0	 0	 0	 0	 0	 0	 0	 0	 0	 0	 0	 0	 0	 0	 0	 0	 0	 0	 0	 0	 0	 0	 123	 0	 0	 0	 0	 0	 0	 0	 0	 0	 0	 0	 0	 0	 0	 0	 0	 0	 0	 0	 0	 0	 0	 0	 0	 0	 0	 0	 0	 0	 0	 0
"Pauljensenia odontolytica_A"	 0	 0	 0	 0	 0	 0	 0	 0	 0	 43	 0	 0	 0	 0	 0	 0	 0	 0	 0	 0	 0	 0	 0	 0	 0	 0	 0	 0	 0	 0	 0	 0	 0	 0	 0	 0	 0	 0	 0	 0	 0	 0	 0	 0	 0	 0	 0	 0	 0	 0	 0	 0	 0	 0	 0	 0	 0	 0	 0	 0	 0	 0	 0	 0	 0	 0	 0	 0	 0	 0	 0	 0	 0	 0	 0	 0	 0	 0	 0	 0	 0	 0	 0	 0	 0	 0	 0	 0	 0	 0	 0	 0	 0	 0	 0	 0	 0
"Pauljensenia odontolytica_B"	 0	 0	 0	 0	 0	 0	 0	 55	 0	 38	 0	 0	 0	 0	 0	 0	 0	 0	 0	 0	 0	 0	 0	 0	 0	 0	 0	 0	 0	 0	 0	 0	 0	 0	 0	 0	 0	 0	 0	 0	 0	 0	 0	 0	 0	 0	 0	 0	 0	 0	 0	 0	 0	 0	 0	 0	 0	 0	 0	 0	 0	 0	 0	 69	 0	 0	 0	 0	 0	 0	 0	 0	 0	 0	 0	 0	 0	 0	 0	 0	 0	 0	 0	 0	 0	 0	 0	 0	 0	 0	 0	 0	 0	 0	 0	 0	 0
"Pauljensenia odontolytica_C"	 0	 0	 0	 0	 0	 0	 0	 0	 0	 85	 0	 0	 0	 0	 0	 0	 0	 0	 0	 0	 0	 0	 0	 0	 0	 0	 0	 0	 0	 0	 0	 0	 0	 0	 0	 0	 0	 0	 0	 0	 0	 0	 0	 0	 0	 0	 0	 0	 0	 0	 0	 0	 0	 0	 0	 0	 0	 0	 0	 0	 0	 0	 0	 0	 0	 34	 0	 0	 0	 0	 0	 0	 0	 0	 0	 0	 0	 0	 0	 0	 0	 0	 0	 0	 0	 0	 0	 0	 0	 0	 0	 0	 0	 0	 0	 0	 0
"Pauljensenia sp000278725"	 0	 0	 0	 0	 0	 0	 0	 0	 0	 0	 0	 0	 0	 0	 0	 0	 0	 0	 0	 0	 0	 0	 0	 0	 0	 0	 0	 0	 0	 0	 0	 0	 0	 0	 0	 0	 0	 0	 0	 0	 0	 0	 0	 0	 0	 0	 0	 0	 0	 0	 0	 0	 0	 0	 0	 0	 0	 0	 0	 0	 0	 0	 0	 0	 0	 194	 0	 0	 0	 0	 0	 0	 0	 0	 0	 0	 0	 0	 0	 0	 0	 0	 0	 0	 0	 0	 0	 0	 0	 0	 0	 0	 0	 0	 0	 0	 0
"Pauljensenia sp000411415"	 0	 0	 0	 0	 0	 0	 0	 0	 0	 0	 0	 0	 0	 0	 0	 0	 0	 0	 0	 0	 0	 0	 0	 0	 0	 0	 0	 0	 0	 0	 0	 0	 0	 0	 0	 0	 0	 0	 0	 0	 0	 0	 0	 0	 0	 0	 0	 0	 0	 0	 0	 0	 0	 0	 0	 0	 0	 0	 0	 0	 0	 0	 0	 0	 0	 37	 0	 0	 0	 0	 0	 0	 0	 0	 0	 0	 0	 0	 0	 0	 0	 0	 0	 0	 0	 0	 0	 0	 0	 0	 0	 0	 0	 0	 0	 0	 0
"Pauljensenia sp000466265"	 0	 0	 0	 0	 0	 0	 0	 0	 0	 0	 0	 0	 0	 0	 0	 0	 0	 0	 0	 0	 0	 0	 0	 0	 0	 0	 0	 0	 0	 0	 0	 0	 0	 0	 0	 0	 0	 0	 0	 46	 0	 0	 0	 0	 0	 0	 0	 0	 0	 0	 0	 0	 0	 0	 0	 0	 0	 0	 0	 0	 0	 0	 0	 0	 0	 222	 0	 0	 0	 0	 0	 0	 0	 0	 0	 0	 0	 0	 0	 0	 0	 0	 0	 0	 0	 0	 0	 0	 0	 0	 0	 0	 0	 0	 0	 0	 0
"Pauljensenia sp001064145"	 0	 0	 0	 0	 0	 0	 0	 0	 0	 0	 0	 0	 0	 0	 0	 0	 0	 0	 0	 0	 0	 0	 0	 0	 0	 0	 0	 0	 0	 0	 0	 0	 0	 0	 0	 0	 0	 0	 0	 0	 0	 0	 0	 0	 0	 0	 0	 0	 0	 0	 0	 0	 0	 0	 0	 0	 0	 0	 0	 0	 0	 0	 0	 0	 0	 0	 0	 0	 0	 0	 0	 0	 0	 0	 0	 0	 0	 0	 0	 0	 0	 0	 0	 0	 0	 0	 0	 79	 0	 0	 0	 0	 0	 0	 0	 0	 0
"Pauljensenia sp001072465"	 0	 0	 0	 0	 0	 0	 0	 0	 0	 47	 0	 0	 0	 0	 0	 0	 0	 0	 0	 0	 0	 0	 0	 0	 0	 0	 0	 0	 0	 0	 0	 0	 0	 0	 0	 0	 0	 0	 0	 0	 0	 0	 0	 0	 0	 0	 0	 0	 0	 0	 0	 0	 0	 0	 0	 0	 0	 0	 0	 0	 0	 0	 0	 0	 0	 0	 0	 0	 0	 0	 0	 0	 0	 0	 0	 0	 0	 0	 0	 0	 0	 0	 0	 0	 0	 0	 0	 0	 0	 0	 0	 0	 0	 0	 0	 0	 0
"Bifidobacterium adolescentis"	 958	 1004	 1031	 1193	 1246	 0	 1017	 1079	 1152	 1151	 966	 0	 1187	 1155	 0	 1008	 1122	 0	 0	 1130	 1125	 1245	 1010	 1150	 239	 0	 1044	 0	 1224	 1013	 1261	 0	 925	 58	 955	 0	 26	 1106	 1281	 945	 1104	 1235	 681	 0	 1020	 0	 1123	 0	 1156	 1120	 0	 1053	 1052	 1020	 1112	 0	 1063	 1178	 270	 993	 1267	 884	 1174	 0	 885	 823	 0	 1218	 1184	 1230	 986	 0	 1042	 955	 307	 1211	 935	 1040	 0	 1176	 988	 0	 1130	 1192	 0	 0	 0	 0	 1203	 1051	 1300	 32	 0	 13	 1395	 926	 0
"Bifidobacterium angulatum"	 0	 0	 0	 0	 0	 0	 0	 0	 0	 0	 0	 0	 0	 0	 0	 0	 693	 0	 0	 0	 0	 0	 0	 0	 0	 0	 0	 0	 0	 0	 0	 0	 0	 0	 0	 0	 0	 0	 0	 0	 0	 0	 0	 0	 0	 0	 0	 0	 0	 0	 0	 0	 0	 0	 0	 0	 0	 0	 0	 0	 0	 0	 0	 0	 0	 0	 0	 0	 0	 0	 0	 0	 0	 0	 0	 0	 0	 0	 0	 0	 0	 0	 0	 0	 0	 0	 0	 0	 0	 0	 0	 0	 0	 0	 0	 0	 0
"Bifidobacterium animalis"	 0	 0	 0	 0	 1168	 0	 0	 0	 0	 0	 0	 0	 0	 0	 0	 0	 0	 0	 0	 0	 0	 0	 852	 0	 0	 0	 0	 0	 0	 0	 0	 0	 0	 0	 0	 0	 0	 0	 0	 0	 0	 0	 0	 0	 0	 45	 0	 0	 0	 0	 0	 0	 0	 0	 0	 0	 0	 0	 0	 0	 0	 0	 0	 1187	 0	 0	 0	 74	 0	 0	 0	 0	 0	 0	 0	 0	 0	 0	 600	 0	 0	 0	 0	 0	 0	 0	 0	 0	 0	 0	 0	 0	 0	 0	 0	 0	 55
"Bifidobacterium bifidum"	 0	 0	 0	 1042	 1059	 0	 0	 0	 0	 998	 1062	 0	 1013	 1007	 0	 0	 1058	 0	 0	 0	 1085	 0	 1074	 0	 0	 1134	 776	 1132	 963	 995	 1089	 0	 0	 0	 0	 0	 0	 1071	 0	 1100	 1086	 858	 1026	 0	 507	 0	 1069	 0	 1099	 548	 0	 0	 1070	 1068	 1107	 0	 0	 1091	 400	 0	 0	 917	 0	 0	 1252	 0	 0	 0	 1020	 1215	 940	 0	 0	 990	 0	 0	 1106	 0	 1096	 0	 0	 0	 1165	 0	 0	 0	 0	 0	 1058	 1010	 0	 0	 0	 12	 0	 0	 0
"Bifidobacterium breve"	 0	 0	 0	 0	 0	 0	 0	 0	 68	 0	 41	 36	 56	 44	 0	 0	 0	 0	 0	 0	 0	 0	 0	 0	 0	 57	 0	 275	 0	 43	 411	 0	 0	 0	 0	 0	 680	 38	 0	 0	 0	 0	 0	 410	 61	 0	 44	 0	 0	 0	 0	 37	 0	 32	 0	 0	 847	 0	 0	 0	 0	 37	 0	 0	 0	 0	 0	 0	 35	 46	 27	 0	 0	 0	 0	 0	 0	 0	 0	 0	 0	 0	 0	 0	 0	 314	 0	 0	 0	 0	 0	 53	 0	 0	 0	 0	 0
"Bifidobacterium catenulatum"	 0	 0	 0	 0	 0	 0	 0	 0	 0	 0	 0	 0	 0	 0	 0	 0	 0	 0	 0	 0	 0	 0	 0	 0	 0	 0	 0	 0	 0	 0	 0	 0	 0	 0	 0	 0	 0	 0	 0	 0	 0	 0	 0	 0	 0	 0	 0	 0	 0	 0	 0	 0	 0	 0	 177	 0	 0	 0	 0	 0	 0	 0	 0	 0	 0	 0	 0	 0	 0	 0	 0	 0	 0	 0	 0	 0	 0	 0	 0	 0	 0	 0	 0	 0	 0	 0	 0	 0	 0	 0	 0	 0	 0	 0	 0	 0	 0
"Bifidobacterium dentium"	 0	 0	 0	 708	 0	 0	 0	 0	 0	 169	 0	 613	 0	 0	 0	 0	 0	 0	 0	 0	 0	 0	 0	 0	 0	 0	 0	 60	 0	 0	 0	 0	 0	 0	 430	 0	 0	 0	 0	 0	 0	 0	 0	 0	 210	 0	 0	 0	 0	 0	 0	 0	 0	 0	 0	 0	 0	 0	 0	 0	 212	 0	 0	 0	 0	 432	 0	 0	 0	 0	 0	 0	 0	 0	 0	 0	 0	 0	 0	 0	 0	 0	 0	 0	 0	 0	 0	 0	 0	 788	 0	 0	 0	 0	 0	 0	 0
"Bifidobacterium globosum"	 0	 0	 0	 0	 0	 0	 0	 0	 0	 0	 0	 0	 0	 0	 0	 0	 0	 0	 0	 0	 0	 0	 0	 0	 0	 0	 0	 0	 0	 0	 0	 0	 0	 0	 0	 0	 0	 0	 0	 0	 0	 0	 0	 0	 0	 0	 0	 0	 0	 0	 0	 0	 0	 0	 0	 0	 0	 0	 0	 0	 0	 0	 0	 0	 0	 0	 0	 0	 0	 0	 0	 0	 0	 0	 0	 0	 0	 0	 0	 0	 0	 0	 0	 0	 0	 0	 0	 1125	 0	 0	 0	 0	 0	 0	 0	 0	 0
"Bifidobacterium infantis"	 0	 0	 0	 0	 0	 0	 0	 0	 0	 0	 0	 0	 0	 0	 0	 0	 0	 0	 0	 0	 0	 0	 0	 0	 0	 0	 0	 0	 0	 0	 0	 0	 0	 0	 0	 0	 29	 0	 0	 0	 0	 0	 0	 0	 0	 0	 0	 0	 0	 0	 0	 0	 0	 0	 0	 0	 0	 0	 0	 0	 0	 0	 0	 0	 0	 0	 0	 0	 0	 0	 0	 0	 0	 0	 0	 0	 0	 0	 0	 0	 0	 0	 0	 0	 0	 0	 0	 0	 0	 0	 0	 0	 0	 0	 0	 0	 0
"Bifidobacterium longum"	 272	 993	 1286	 1491	 927	 887	 1136	 1210	 1597	 1344	 1260	 1474	 1171	 1077	 0	 1174	 1596	 0	 0	 505	 1244	 1238	 1165	 58	 1027	 1365	 1013	 1235	 1054	 1439	 1199	 0	 1200	 1176	 1123	 1155	 1267	 1406	 1402	 1330	 1193	 1195	 1269	 48	 1346	 1324	 1378	 0	 784	 320	 1143	 1136	 1100	 1155	 437	 281	 1143	 1448	 476	 1228	 1158	 1335	 1308	 1072	 135	 724	 451	 1217	 1334	 1387	 1099	 1105	 1110	 1016	 455	 545	 1124	 1201	 1287	 1307	 898	 620	 1306	 942	 135	 1420	 1157	 0	 1367	 1102	 800	 990	 0	 1169	 998	 1132	 0
"Bifidobacterium merycicum"	 0	 0	 0	 712	 0	 0	 0	 0	 0	 0	 0	 0	 0	 0	 0	 0	 0	 0	 0	 0	 0	 0	 0	 0	 0	 0	 0	 0	 0	 0	 0	 0	 0	 0	 0	 0	 0	 0	 0	 0	 0	 0	 0	 0	 0	 0	 0	 0	 0	 0	 0	 0	 0	 0	 0	 0	 0	 0	 0	 0	 0	 0	 0	 0	 0	 0	 0	 0	 0	 0	 0	 0	 0	 0	 0	 0	 0	 0	 0	 0	 0	 0	 0	 0	 0	 0	 0	 0	 0	 0	 0	 0	 0	 0	 0	 0	 0
"Bifidobacterium moukalabense"	 0	 0	 0	 0	 0	 0	 0	 0	 0	 0	 0	 0	 0	 0	 0	 0	 0	 0	 0	 0	 0	 0	 0	 0	 0	 0	 0	 0	 0	 0	 0	 0	 0	 0	 0	 0	 0	 0	 0	 0	 0	 0	 0	 0	 0	 0	 0	 0	 0	 0	 0	 0	 0	 0	 0	 0	 0	 0	 0	 0	 0	 0	 0	 0	 0	 0	 0	 0	 0	 0	 0	 0	 0	 0	 0	 0	 0	 0	 0	 0	 0	 0	 0	 0	 0	 0	 0	 0	 0	 43	 0	 0	 0	 0	 0	 0	 0
"Bifidobacterium pseudocatenulatum"	 0	 0	 821	 99	 0	 0	 58	 682	 0	 929	 775	 925	 883	 528	 962	 258	 446	 0	 0	 0	 0	 319	 153	 405	 964	 970	 0	 714	 89	 650	 313	 0	 0	 1001	 0	 0	 120	 857	 964	 831	 0	 0	 0	 0	 99	 964	 969	 0	 0	 0	 0	 0	 0	 867	 794	 909	 751	 708	 120	 893	 731	 965	 354	 1017	 618	 0	 0	 776	 0	 120	 47	 1000	 906	 53	 0	 112	 0	 796	 952	 47	 0	 929	 0	 0	 780	 876	 981	 0	 145	 801	 0	 706	 0	 90	 72	 441	 0
"Bifidobacterium ruminantium"	 0	 0	 0	 0	 0	 0	 0	 0	 0	 0	 0	 0	 0	 0	 0	 0	 0	 0	 0	 0	 0	 0	 0	 0	 0	 0	 0	 0	 0	 0	 0	 0	 0	 0	 0	 0	 0	 0	 0	 0	 0	 0	 0	 0	 0	 0	 0	 0	 0	 0	 0	 0	 0	 0	 0	 0	 0	 0	 0	 0	 0	 0	 0	 0	 0	 0	 0	 0	 0	 0	 0	 0	 0	 0	 0	 291	 0	 0	 0	 0	 0	 0	 0	 0	 0	 0	 0	 0	 0	 0	 0	 0	 0	 0	 0	 0	 0
"Bifidobacterium scardovii"	 0	 0	 0	 0	 0	 0	 0	 0	 0	 0	 0	 0	 0	 0	 0	 0	 0	 0	 0	 0	 0	 0	 0	 0	 0	 0	 0	 0	 0	 0	 0	 0	 0	 0	 0	 0	 0	 0	 0	 0	 0	 0	 0	 0	 0	 0	 0	 0	 0	 0	 0	 0	 0	 0	 0	 0	 0	 0	 0	 0	 0	 0	 0	 0	 0	 0	 0	 0	 0	 0	 0	 0	 0	 0	 0	 0	 0	 0	 0	 0	 0	 0	 0	 0	 0	 0	 0	 924	 0	 0	 0	 0	 0	 0	 0	 0	 0
"Bifidobacterium sp002742445"	 0	 0	 0	 0	 0	 0	 0	 0	 0	 0	 0	 0	 0	 0	 0	 340	 0	 0	 0	 0	 0	 0	 362	 0	 0	 296	 0	 420	 0	 0	 412	 0	 0	 0	 0	 0	 404	 0	 0	 0	 0	 0	 0	 0	 377	 0	 0	 0	 0	 0	 0	 0	 0	 0	 58	 0	 0	 0	 0	 0	 0	 0	 31	 0	 0	 0	 0	 0	 0	 59	 0	 0	 0	 0	 0	 383	 0	 0	 0	 0	 0	 32	 0	 0	 0	 0	 0	 0	 196	 0	 0	 0	 0	 404	 0	 351	 0
"Bifidobacterium vaginale"	 0	 0	 0	 0	 0	 0	 0	 0	 0	 0	 0	 0	 0	 0	 0	 0	 0	 0	 0	 0	 0	 0	 0	 0	 0	 0	 0	 0	 0	 0	 0	 0	 0	 0	 0	 0	 0	 0	 0	 0	 0	 0	 0	 0	 0	 0	 0	 0	 0	 0	 0	 0	 0	 0	 0	 0	 0	 0	 0	 0	 0	 0	 0	 0	 0	 0	 0	 0	 0	 0	 0	 0	 0	 0	 0	 0	 0	 0	 0	 0	 0	 0	 577	 0	 0	 0	 0	 0	 0	 0	 0	 0	 0	 0	 0	 0	 0
"Rothia mucilaginosa"	 0	 0	 0	 0	 0	 0	 0	 0	 0	 132	 0	 0	 0	 0	 0	 0	 0	 0	 0	 0	 0	 0	 0	 0	 0	 0	 0	 0	 0	 0	 0	 0	 0	 0	 0	 0	 0	 0	 0	 0	 0	 0	 0	 0	 0	 0	 0	 0	 0	 0	 0	 0	 0	 0	 0	 0	 0	 0	 0	 0	 0	 0	 0	 0	 0	 71	 0	 0	 0	 0	 0	 0	 0	 0	 0	 0	 0	 0	 0	 0	 0	 0	 0	 0	 0	 0	 0	 0	 0	 0	 0	 0	 0	 0	 0	 0	 0
"Rothia mucilaginosa_A"	 0	 0	 0	 0	 0	 0	 0	 0	 0	 554	 0	 0	 0	 0	 0	 0	 0	 0	 0	 0	 0	 0	 0	 0	 0	 0	 0	 0	 0	 0	 0	 0	 0	 0	 0	 0	 0	 0	 0	 0	 0	 0	 0	 0	 0	 0	 0	 0	 0	 0	 0	 0	 0	 0	 0	 0	 0	 0	 0	 0	 0	 0	 0	 0	 0	 0	 0	 0	 0	 0	 0	 0	 0	 0	 0	 0	 0	 0	 0	 0	 0	 0	 0	 0	 0	 0	 0	 0	 0	 0	 0	 0	 0	 0	 0	 0	 0
"Rothia sp001808955"	 0	 0	 0	 0	 0	 0	 0	 0	 0	 242	 0	 0	 0	 0	 0	 0	 0	 0	 0	 0	 0	 0	 0	 0	 0	 0	 0	 0	 0	 0	 0	 0	 0	 0	 0	 0	 0	 0	 0	 0	 0	 0	 0	 0	 0	 0	 0	 0	 0	 0	 0	 0	 0	 0	 0	 0	 0	 0	 0	 0	 0	 0	 0	 0	 0	 38	 0	 0	 0	 0	 0	 0	 0	 0	 0	 0	 0	 0	 0	 0	 0	 0	 0	 0	 0	 0	 0	 0	 0	 0	 0	 0	 0	 0	 0	 0	 0
"Olsenella umbonata"	 0	 0	 0	 0	 0	 0	 0	 0	 0	 0	 0	 0	 0	 0	 0	 0	 0	 0	 0	 0	 0	 0	 0	 196	 0	 0	 0	 0	 0	 0	 0	 0	 0	 0	 0	 0	 0	 0	 0	 0	 0	 0	 0	 0	 0	 0	 0	 0	 0	 0	 0	 0	 0	 0	 0	 0	 0	 0	 0	 0	 0	 0	 0	 0	 0	 0	 0	 0	 0	 0	 0	 0	 0	 0	 0	 0	 0	 0	 0	 0	 0	 0	 0	 0	 0	 0	 0	 0	 0	 0	 0	 0	 0	 0	 0	 0	 0
"Olsenella_B scatoligenes"	 0	 0	 0	 0	 0	 0	 0	 0	 0	 0	 0	 0	 0	 67	 0	 0	 0	 0	 0	 0	 0	 0	 0	 0	 0	 28	 0	 0	 0	 0	 0	 0	 0	 0	 0	 0	 0	 0	 0	 0	 0	 0	 0	 0	 0	 0	 0	 0	 0	 0	 0	 0	 0	 0	 0	 0	 42	 0	 12	 39	 0	 0	 43	 0	 0	 0	 0	 0	 0	 0	 0	 0	 0	 0	 0	 0	 0	 0	 0	 0	 0	 0	 54	 0	 0	 0	 0	 0	 58	 0	 70	 0	 0	 0	 0	 0	 0
"Olsenella_B sp000752675"	 0	 0	 0	 1032	 1891	 0	 0	 0	 0	 0	 2005	 0	 0	 2169	 589	 0	 1125	 0	 0	 0	 0	 0	 0	 310	 0	 1067	 0	 0	 204	 0	 260	 0	 0	 0	 0	 0	 0	 0	 116	 0	 280	 1764	 0	 0	 0	 0	 407	 0	 212	 0	 0	 0	 0	 0	 0	 0	 2107	 33	 313	 854	 1857	 0	 1683	 0	 0	 482	 0	 0	 273	 0	 0	 0	 0	 51	 0	 0	 0	 0	 0	 65	 0	 0	 1751	 0	 497	 0	 0	 0	 608	 0	 793	 0	 0	 35	 0	 0	 0
"Olsenella_B sp900111695"	 0	 0	 0	 0	 0	 0	 0	 0	 0	 0	 0	 0	 0	 40	 0	 0	 0	 0	 0	 0	 0	 0	 0	 0	 0	 0	 0	 0	 0	 0	 0	 0	 0	 0	 0	 0	 0	 0	 0	 0	 0	 0	 0	 0	 0	 0	 0	 0	 0	 0	 0	 0	 0	 0	 0	 0	 0	 0	 0	 0	 0	 0	 37	 0	 0	 0	 0	 0	 0	 0	 0	 0	 0	 0	 0	 0	 0	 0	 0	 0	 0	 0	 0	 0	 0	 0	 0	 0	 42	 0	 0	 0	 0	 0	 0	 0	 0
"Olsenella_B sp900119625"	 0	 0	 0	 0	 0	 0	 0	 0	 0	 0	 0	 0	 0	 56	 0	 0	 0	 0	 0	 0	 0	 0	 0	 0	 0	 0	 0	 0	 0	 0	 0	 0	 0	 0	 0	 0	 0	 0	 0	 0	 0	 0	 0	 0	 0	 0	 0	 0	 0	 0	 0	 0	 0	 0	 0	 0	 43	 0	 0	 39	 0	 0	 49	 0	 0	 0	 0	 0	 0	 0	 0	 0	 0	 0	 0	 0	 0	 0	 0	 0	 0	 0	 0	 0	 0	 0	 0	 0	 48	 0	 0	 0	 0	 0	 0	 0	 0
"Olsenella_E provencensis"	 0	 0	 0	 252	 0	 0	 0	 0	 0	 0	 0	 0	 0	 0	 0	 0	 0	 0	 0	 0	 0	 0	 0	 0	 0	 0	 0	 34	 0	 0	 113	 0	 0	 0	 0	 0	 0	 0	 0	 0	 0	 0	 0	 0	 0	 0	 0	 0	 0	 0	 0	 0	 54	 0	 0	 0	 0	 0	 11	 0	 0	 0	 0	 0	 0	 0	 0	 0	 0	 0	 0	 0	 0	 0	 0	 0	 0	 0	 0	 0	 0	 0	 0	 0	 0	 0	 0	 0	 0	 0	 0	 0	 0	 0	 0	 0	 0
"Olsenella_E sp003150175"	 0	 0	 0	 0	 0	 0	 0	 0	 0	 0	 0	 0	 0	 0	 0	 0	 0	 0	 0	 0	 0	 0	 0	 0	 0	 0	 0	 0	 0	 0	 0	 0	 0	 0	 0	 0	 0	 0	 0	 0	 0	 0	 0	 0	 0	 0	 0	 0	 0	 0	 0	 0	 0	 0	 0	 0	 0	 0	 0	 0	 0	 0	 0	 0	 0	 0	 0	 0	 0	 0	 0	 0	 0	 0	 0	 0	 0	 0	 0	 0	 0	 0	 0	 0	 0	 0	 0	 0	 0	 0	 0	 26	 0	 0	 983	 0	 0
"Olsenella_E sp003609875"	 0	 0	 0	 0	 0	 0	 0	 704	 0	 0	 0	 0	 0	 0	 0	 0	 0	 0	 0	 539	 588	 931	 830	 84	 0	 698	 0	 638	 0	 868	 0	 0	 0	 0	 0	 0	 0	 0	 0	 0	 0	 690	 60	 0	 0	 0	 826	 0	 0	 0	 0	 0	 0	 0	 0	 0	 0	 0	 0	 0	 0	 0	 0	 0	 0	 0	 0	 743	 0	 692	 0	 0	 0	 0	 0	 688	 0	 0	 0	 0	 0	 0	 0	 0	 0	 0	 0	 0	 0	 0	 0	 580	 424	 0	 516	 0	 0
"Olsenella_E sp900119915"	 0	 0	 0	 192	 0	 0	 0	 0	 0	 0	 0	 0	 0	 0	 0	 0	 0	 0	 0	 0	 0	 0	 0	 0	 0	 0	 0	 0	 0	 0	 0	 0	 0	 0	 0	 0	 0	 0	 0	 0	 0	 0	 0	 0	 0	 0	 0	 0	 0	 0	 0	 0	 0	 0	 0	 0	 0	 0	 0	 0	 0	 0	 0	 0	 0	 0	 0	 0	 0	 0	 0	 0	 0	 0	 0	 0	 83	 0	 0	 0	 0	 0	 95	 0	 0	 0	 0	 0	 0	 0	 768	 0	 0	 0	 0	 0	 0
"Parolsenella catena"	 0	 0	 0	 0	 0	 0	 0	 0	 0	 0	 0	 0	 0	 0	 0	 0	 0	 0	 0	 0	 0	 0	 0	 0	 0	 0	 0	 0	 0	 0	 0	 0	 0	 0	 0	 0	 0	 0	 0	 0	 0	 0	 0	 0	 0	 0	 0	 0	 0	 0	 0	 0	 0	 0	 0	 0	 0	 0	 0	 0	 0	 0	 0	 0	 0	 0	 0	 0	 0	 0	 0	 0	 0	 0	 0	 362	 0	 0	 0	 0	 0	 0	 0	 0	 0	 0	 0	 0	 0	 0	 0	 0	 0	 0	 183	 0	 0
"Collinsella aerofaciens"	 0	 0	 0	 0	 0	 0	 0	 0	 0	 0	 0	 0	 0	 0	 0	 0	 0	 0	 0	 0	 0	 0	 0	 0	 0	 0	 0	 0	 0	 0	 0	 0	 0	 0	 0	 0	 0	 0	 0	 0	 0	 0	 0	 0	 0	 0	 0	 0	 0	 0	 0	 0	 0	 0	 0	 0	 0	 0	 0	 0	 0	 0	 0	 0	 0	 0	 0	 0	 0	 0	 0	 0	 0	 0	 0	 0	 0	 0	 0	 0	 0	 0	 0	 0	 0	 0	 0	 0	 0	 0	 0	 0	 36	 0	 0	 0	 0
"Collinsella aerofaciens_A"	 0	 0	 0	 0	 0	 0	 0	 0	 0	 0	 0	 0	 0	 0	 0	 0	 0	 0	 0	 0	 0	 0	 0	 0	 0	 0	 0	 0	 0	 0	 0	 0	 0	 0	 0	 0	 0	 0	 0	 0	 0	 0	 0	 0	 0	 0	 0	 0	 0	 0	 0	 0	 0	 0	 0	 0	 0	 0	 0	 0	 0	 0	 0	 0	 0	 0	 0	 0	 0	 0	 34	 0	 0	 0	 0	 49	 0	 0	 0	 0	 0	 0	 0	 0	 0	 0	 0	 0	 0	 0	 0	 0	 0	 0	 0	 0	 0
"Collinsella aerofaciens_E"	 0	 0	 0	 61	 0	 0	 33	 48	 0	 0	 0	 0	 0	 0	 0	 0	 0	 0	 0	 0	 0	 54	 75	 0	 0	 0	 0	 0	 0	 40	 33	 0	 0	 46	 0	 0	 0	 43	 52	 0	 71	 0	 58	 0	 0	 0	 54	 0	 65	 50	 0	 0	 56	 57	 0	 32	 0	 50	 14	 37	 0	 0	 30	 0	 65	 0	 0	 0	 51	 0	 0	 0	 0	 0	 0	 0	 0	 0	 0	 0	 37	 59	 0	 0	 0	 0	 0	 0	 78	 39	 0	 55	 0	 58	 0	 0	 38
"Collinsella aerofaciens_F"	 45	 40	 0	 0	 0	 0	 28	 0	 0	 49	 0	 0	 0	 30	 0	 0	 0	 0	 27	 0	 0	 0	 0	 0	 58	 50	 51	 38	 0	 92	 69	 0	 50	 0	 0	 0	 20	 46	 48	 54	 0	 70	 0	 0	 0	 0	 59	 0	 45	 0	 0	 0	 0	 31	 0	 0	 0	 52	 0	 43	 0	 0	 33	 0	 0	 35	 0	 53	 0	 45	 61	 0	 0	 54	 52	 84	 0	 0	 0	 0	 0	 26	 46	 0	 81	 0	 0	 0	 44	 69	 0	 24	 79	 25	 0	 0	 0
"Collinsella aerofaciens_G"	 0	 0	 0	 0	 0	 0	 0	 0	 0	 0	 0	 0	 0	 0	 0	 0	 0	 0	 0	 0	 0	 0	 0	 0	 0	 75	 0	 0	 0	 64	 29	 0	 74	 0	 0	 0	 52	 53	 58	 65	 0	 160	 0	 0	 0	 0	 79	 0	 0	 0	 0	 0	 0	 0	 0	 0	 0	 0	 0	 0	 0	 0	 0	 0	 0	 0	 0	 0	 0	 0	 0	 0	 0	 156	 68	 0	 0	 0	 0	 0	 0	 0	 0	 0	 36	 0	 0	 0	 0	 65	 0	 0	 127	 13	 0	 0	 0
"Collinsella aerofaciens_I"	 0	 0	 0	 0	 0	 0	 0	 0	 0	 0	 0	 0	 0	 0	 0	 0	 0	 0	 0	 0	 0	 0	 0	 0	 0	 0	 0	 0	 0	 0	 33	 0	 0	 0	 0	 0	 0	 0	 0	 0	 0	 0	 0	 0	 0	 0	 0	 0	 0	 0	 0	 0	 0	 0	 0	 0	 0	 0	 0	 0	 0	 0	 0	 0	 0	 0	 0	 0	 0	 0	 29	 0	 0	 0	 0	 0	 0	 0	 0	 0	 0	 0	 0	 0	 0	 0	 0	 0	 0	 0	 0	 0	 0	 0	 0	 0	 0
"Collinsella bouchesdurhonensis"	 0	 0	 0	 0	 0	 0	 103	 844	 0	 0	 0	 0	 0	 0	 0	 0	 0	 0	 0	 0	 737	 259	 0	 0	 0	 719	 0	 0	 0	 619	 0	 577	 891	 0	 0	 0	 0	 0	 0	 0	 0	 0	 0	 0	 0	 0	 0	 141	 0	 0	 0	 0	 0	 0	 554	 0	 0	 0	 0	 0	 0	 0	 0	 0	 0	 716	 0	 348	 0	 0	 0	 0	 0	 0	 0	 205	 0	 0	 0	 0	 0	 0	 0	 0	 0	 0	 0	 0	 0	 0	 0	 0	 938	 0	 0	 0	 0
"Collinsella ihuae"	 0	 0	 0	 0	 0	 0	 0	 0	 0	 0	 0	 36	 0	 0	 0	 0	 0	 0	 0	 0	 0	 0	 0	 0	 0	 0	 0	 0	 0	 0	 0	 0	 0	 0	 0	 0	 0	 0	 0	 0	 0	 0	 0	 0	 0	 0	 0	 0	 0	 0	 0	 0	 0	 0	 0	 0	 0	 0	 0	 0	 0	 0	 0	 0	 0	 0	 0	 0	 0	 0	 0	 0	 0	 0	 0	 0	 0	 0	 0	 0	 0	 0	 0	 0	 0	 0	 0	 0	 0	 0	 0	 0	 0	 0	 0	 0	 0
"Collinsella intestinalis"	 0	 0	 0	 0	 0	 0	 0	 0	 0	 0	 0	 396	 0	 0	 0	 0	 0	 0	 0	 0	 0	 0	 0	 0	 0	 0	 0	 0	 0	 0	 0	 0	 0	 0	 0	 754	 0	 0	 0	 0	 0	 0	 0	 0	 0	 0	 0	 0	 0	 0	 0	 0	 637	 0	 242	 0	 0	 0	 0	 0	 0	 0	 0	 0	 0	 0	 0	 0	 0	 0	 713	 0	 0	 0	 0	 0	 0	 0	 0	 474	 0	 0	 0	 0	 0	 429	 0	 0	 0	 0	 0	 0	 0	 0	 0	 0	 0
"Collinsella phocaeensis"	 0	 0	 0	 0	 0	 0	 0	 0	 0	 0	 0	 0	 0	 0	 0	 0	 0	 0	 0	 219	 0	 0	 0	 0	 0	 0	 0	 0	 0	 0	 0	 0	 0	 0	 0	 0	 0	 0	 0	 0	 0	 0	 0	 0	 0	 0	 0	 0	 0	 0	 0	 0	 0	 1429	 0	 0	 0	 0	 0	 0	 0	 0	 0	 0	 0	 0	 0	 0	 0	 0	 0	 0	 0	 0	 0	 0	 0	 0	 0	 0	 0	 0	 0	 0	 0	 0	 0	 0	 0	 0	 0	 0	 0	 0	 0	 0	 0
"Collinsella provencensis"	 0	 0	 0	 0	 0	 0	 0	 0	 0	 0	 0	 0	 0	 0	 0	 0	 0	 0	 0	 0	 0	 0	 0	 0	 0	 0	 0	 0	 86	 0	 0	 0	 0	 0	 0	 0	 0	 0	 0	 0	 0	 0	 0	 0	 0	 0	 0	 0	 0	 0	 0	 0	 0	 0	 0	 0	 0	 0	 0	 0	 0	 0	 0	 0	 0	 0	 0	 0	 0	 0	 0	 0	 0	 0	 0	 0	 0	 0	 0	 0	 0	 0	 0	 0	 0	 0	 0	 0	 0	 0	 0	 0	 0	 0	 0	 0	 0
"Collinsella sp000434535"	 62	 86	 55	 57	 0	 0	 51	 63	 63	 65	 0	 0	 48	 46	 57	 59	 0	 0	 63	 49	 0	 59	 62	 55	 59	 78	 72	 72	 58	 91	 83	 0	 78	 48	 51	 0	 68	 73	 73	 85	 60	 77	 74	 0	 0	 0	 97	 51	 68	 44	 0	 0	 61	 44	 55	 48	 38	 66	 25	 83	 54	 53	 66	 66	 60	 43	 0	 76	 61	 65	 88	 0	 50	 70	 50	 73	 0	 53	 47	 48	 57	 45	 75	 80	 89	 0	 58	 0	 64	 83	 0	 45	 139	 47	 89	 76	 70
"Collinsella sp002232035"	 0	 0	 167	 131	 49	 107	 43	 139	 107	 199	 0	 0	 146	 123	 104	 173	 202	 0	 104	 117	 92	 85	 133	 0	 41	 26	 0	 127	 104	 181	 87	 0	 0	 107	 0	 0	 87	 200	 177	 98	 172	 150	 112	 0	 0	 0	 79	 101	 112	 0	 0	 0	 158	 43	 97	 214	 0	 127	 36	 100	 132	 110	 135	 81	 101	 203	 85	 184	 104	 247	 58	 0	 100	 171	 120	 176	 0	 117	 0	 0	 50	 84	 77	 242	 59	 0	 108	 0	 185	 129	 186	 34	 100	 47	 92	 125	 116
"Collinsella sp002391315"	 29	 0	 0	 0	 0	 0	 0	 0	 0	 58	 0	 0	 0	 0	 0	 0	 0	 0	 0	 0	 0	 45	 0	 0	 0	 0	 0	 32	 0	 91	 33	 0	 0	 0	 0	 0	 0	 75	 61	 52	 0	 53	 0	 0	 0	 0	 0	 0	 33	 0	 0	 0	 0	 21	 0	 31	 0	 58	 0	 0	 0	 0	 0	 0	 0	 35	 0	 75	 0	 59	 43	 0	 0	 0	 46	 80	 0	 0	 0	 0	 0	 0	 0	 78	 0	 0	 0	 0	 66	 61	 0	 0	 45	 0	 0	 0	 0
"Collinsella sp003436275"	 0	 0	 0	 0	 0	 0	 0	 0	 0	 69	 0	 0	 43	 25	 32	 0	 0	 0	 0	 32	 0	 0	 62	 0	 0	 0	 0	 32	 0	 54	 0	 0	 0	 0	 0	 0	 26	 59	 45	 0	 44	 0	 0	 0	 0	 0	 0	 46	 42	 0	 0	 0	 0	 0	 0	 45	 0	 53	 11	 39	 0	 27	 50	 0	 0	 46	 0	 68	 0	 73	 0	 0	 0	 51	 45	 0	 0	 0	 0	 0	 0	 0	 0	 61	 0	 0	 38	 0	 43	 41	 0	 0	 0	 14	 0	 0	 0
"Collinsella sp003437035"	 0	 0	 0	 0	 0	 0	 0	 0	 0	 0	 0	 0	 0	 0	 0	 0	 0	 0	 0	 0	 0	 0	 0	 0	 0	 0	 0	 0	 0	 0	 0	 0	 0	 0	 0	 0	 0	 30	 0	 0	 0	 0	 0	 0	 0	 0	 0	 0	 0	 0	 0	 0	 0	 0	 0	 0	 0	 0	 0	 0	 0	 0	 0	 0	 0	 0	 0	 0	 0	 0	 0	 0	 0	 0	 0	 0	 0	 0	 0	 0	 0	 0	 0	 0	 0	 0	 0	 0	 0	 0	 0	 0	 0	 0	 0	 0	 0
"Collinsella sp003439125"	 0	 0	 56	 0	 0	 0	 22	 54	 0	 67	 0	 0	 55	 30	 32	 43	 74	 0	 43	 40	 69	 79	 49	 0	 0	 0	 0	 45	 0	 64	 30	 0	 0	 0	 0	 0	 21	 58	 65	 51	 59	 56	 54	 0	 0	 0	 37	 57	 76	 0	 0	 0	 68	 26	 0	 58	 0	 49	 13	 0	 0	 44	 64	 0	 0	 54	 0	 58	 40	 84	 0	 0	 72	 0	 63	 77	 0	 46	 0	 0	 0	 26	 0	 142	 0	 0	 40	 0	 72	 59	 68	 0	 29	 13	 0	 41	 0
"Collinsella sp003458415"	 31	 41	 0	 0	 0	 0	 0	 0	 0	 0	 0	 0	 0	 0	 0	 0	 0	 0	 0	 0	 0	 0	 0	 0	 62	 0	 68	 31	 0	 61	 81	 0	 0	 0	 0	 0	 0	 0	 0	 42	 0	 0	 0	 0	 0	 0	 0	 0	 0	 0	 0	 0	 0	 0	 0	 0	 0	 31	 0	 0	 0	 40	 0	 45	 0	 0	 0	 62	 0	 0	 69	 0	 0	 0	 44	 53	 0	 0	 0	 0	 0	 0	 47	 0	 0	 0	 41	 0	 0	 0	 0	 0	 0	 27	 0	 0	 0
"Collinsella sp003459245"	 0	 0	 0	 0	 0	 0	 0	 0	 73	 47	 0	 0	 190	 48	 0	 42	 0	 0	 35	 32	 0	 42	 0	 0	 0	 0	 0	 30	 0	 46	 34	 0	 0	 0	 0	 0	 0	 44	 66	 59	 46	 48	 0	 0	 0	 0	 0	 0	 46	 0	 0	 0	 59	 25	 88	 55	 0	 32	 11	 37	 0	 69	 52	 45	 0	 90	 0	 83	 0	 99	 0	 0	 57	 0	 0	 0	 0	 40	 0	 0	 0	 0	 42	 87	 81	 0	 41	 0	 169	 40	 144	 0	 35	 16	 0	 39	 55
"Collinsella sp003459505"	 0	 0	 0	 0	 0	 0	 0	 0	 0	 0	 0	 0	 0	 0	 0	 0	 0	 0	 0	 0	 0	 0	 0	 0	 0	 0	 0	 0	 0	 47	 0	 0	 0	 0	 0	 0	 0	 0	 0	 0	 0	 0	 0	 0	 0	 0	 0	 0	 0	 0	 0	 0	 0	 0	 0	 0	 0	 0	 0	 0	 0	 42	 0	 0	 0	 0	 0	 0	 0	 0	 0	 0	 0	 0	 0	 0	 0	 0	 0	 0	 0	 0	 0	 0	 0	 0	 0	 0	 0	 0	 0	 0	 0	 23	 0	 0	 0
"Collinsella sp003465825"	 0	 0	 0	 0	 0	 0	 0	 0	 0	 0	 0	 0	 0	 0	 0	 0	 0	 0	 0	 0	 0	 0	 0	 0	 0	 0	 0	 28	 0	 63	 0	 0	 0	 0	 0	 0	 0	 49	 0	 0	 0	 0	 0	 0	 0	 0	 0	 0	 31	 0	 0	 0	 0	 26	 0	 32	 0	 37	 0	 0	 0	 26	 31	 37	 0	 0	 0	 0	 0	 52	 0	 0	 0	 50	 38	 0	 0	 0	 0	 0	 0	 0	 0	 0	 0	 0	 0	 0	 0	 0	 0	 0	 0	 24	 0	 0	 0
"Collinsella sp003466125"	 0	 0	 0	 0	 0	 0	 0	 0	 40	 41	 0	 0	 0	 34	 0	 0	 0	 0	 0	 44	 0	 0	 0	 0	 39	 0	 149	 165	 0	 78	 0	 0	 48	 53	 0	 0	 0	 48	 83	 58	 0	 0	 0	 0	 0	 0	 0	 0	 32	 63	 0	 0	 0	 0	 0	 54	 854	 0	 203	 0	 0	 0	 45	 0	 74	 42	 0	 49	 0	 94	 38	 0	 0	 0	 41	 0	 0	 68	 41	 47	 91	 0	 0	 0	 0	 0	 0	 0	 41	 0	 0	 0	 47	 0	 0	 0	 0
"Collinsella sp003469185"	 0	 0	 0	 174	 212	 0	 233	 178	 0	 62	 0	 0	 35	 0	 0	 0	 0	 0	 0	 0	 0	 248	 238	 213	 0	 31	 0	 0	 229	 100	 124	 0	 0	 201	 0	 0	 0	 207	 201	 221	 0	 0	 279	 0	 0	 0	 206	 0	 231	 333	 0	 0	 173	 244	 0	 0	 0	 137	 10	 0	 0	 0	 0	 0	 0	 0	 202	 0	 268	 49	 40	 0	 0	 182	 0	 0	 0	 0	 0	 0	 98	 214	 0	 174	 0	 0	 0	 0	 0	 122	 0	 262	 41	 264	 203	 0	 138
"Collinsella sp003469205"	 0	 0	 57	 0	 0	 0	 0	 54	 0	 54	 0	 0	 0	 0	 29	 0	 0	 0	 33	 41	 78	 0	 0	 0	 0	 0	 0	 32	 0	 53	 28	 0	 0	 0	 0	 0	 30	 55	 59	 39	 44	 50	 0	 0	 0	 0	 0	 0	 40	 0	 0	 0	 54	 0	 0	 58	 0	 47	 13	 0	 0	 30	 61	 0	 0	 41	 0	 66	 0	 75	 0	 0	 0	 53	 132	 44	 0	 0	 0	 0	 0	 30	 0	 85	 0	 0	 52	 0	 54	 44	 0	 0	 0	 0	 0	 0	 39
"Collinsella sp003471585"	 0	 0	 0	 0	 0	 0	 0	 0	 0	 0	 0	 0	 0	 0	 0	 0	 0	 0	 0	 0	 0	 0	 0	 0	 0	 0	 0	 0	 0	 0	 0	 0	 0	 0	 0	 0	 0	 33	 0	 0	 0	 0	 0	 0	 0	 0	 0	 0	 30	 0	 0	 0	 0	 0	 0	 35	 0	 0	 0	 0	 0	 0	 0	 0	 0	 0	 0	 0	 0	 0	 0	 0	 0	 0	 0	 0	 0	 0	 0	 0	 0	 0	 0	 0	 0	 0	 0	 0	 0	 0	 0	 0	 0	 0	 0	 0	 0
"Collinsella sp003479805"	 0	 0	 0	 0	 0	 0	 0	 0	 0	 0	 0	 0	 0	 0	 0	 244	 0	 0	 0	 0	 0	 0	 0	 0	 0	 0	 0	 0	 0	 0	 0	 0	 0	 0	 0	 0	 0	 0	 0	 0	 0	 0	 0	 0	 0	 0	 0	 0	 0	 0	 0	 0	 0	 28	 0	 0	 0	 0	 0	 0	 0	 0	 0	 0	 0	 0	 0	 0	 0	 0	 0	 0	 0	 0	 0	 0	 0	 0	 0	 0	 0	 0	 0	 0	 0	 50	 0	 0	 0	 0	 0	 0	 0	 0	 0	 0	 0
"Collinsella sp003487125"	 47	 0	 0	 0	 0	 0	 0	 0	 0	 41	 0	 0	 0	 0	 0	 0	 0	 0	 0	 0	 0	 0	 0	 0	 0	 0	 0	 0	 0	 120	 28	 0	 0	 0	 0	 0	 0	 79	 45	 42	 0	 55	 0	 0	 0	 0	 0	 0	 40	 0	 0	 0	 0	 0	 0	 0	 0	 0	 0	 0	 0	 0	 31	 0	 0	 0	 0	 52	 0	 70	 29	 0	 0	 0	 37	 67	 0	 0	 0	 0	 0	 0	 0	 77	 43	 0	 0	 0	 70	 55	 0	 0	 61	 0	 0	 0	 0
"Collinsella sp900544115"	 0	 0	 0	 0	 0	 0	 0	 0	 0	 63	 0	 0	 0	 0	 0	 0	 0	 0	 0	 0	 0	 0	 68	 0	 0	 0	 0	 0	 0	 0	 0	 0	 0	 0	 0	 0	 0	 43	 0	 0	 0	 0	 0	 0	 0	 0	 0	 0	 0	 0	 0	 0	 0	 0	 0	 32	 0	 33	 10	 0	 0	 0	 0	 0	 0	 33	 0	 41	 0	 47	 0	 0	 0	 79	 34	 0	 0	 0	 0	 0	 0	 44	 0	 0	 0	 0	 0	 0	 41	 0	 0	 0	 64	 0	 0	 0	 0
"Collinsella sp900546115"	 0	 0	 0	 0	 0	 0	 0	 0	 0	 0	 0	 0	 0	 0	 0	 0	 0	 0	 0	 0	 0	 0	 0	 0	 0	 0	 0	 0	 0	 0	 0	 0	 0	 0	 0	 0	 0	 31	 0	 0	 0	 0	 0	 0	 0	 0	 0	 0	 0	 0	 0	 0	 0	 0	 0	 0	 0	 0	 0	 0	 0	 0	 0	 0	 0	 0	 0	 0	 0	 48	 0	 0	 0	 0	 42	 0	 0	 0	 0	 0	 0	 0	 0	 0	 0	 0	 0	 0	 0	 0	 0	 0	 0	 0	 0	 0	 0
"Collinsella stercoris"	 0	 0	 0	 0	 0	 0	 0	 0	 0	 0	 0	 0	 0	 0	 0	 272	 0	 0	 0	 0	 0	 0	 0	 0	 0	 0	 0	 0	 0	 0	 0	 0	 0	 0	 0	 0	 0	 0	 321	 0	 0	 0	 0	 0	 0	 0	 0	 0	 0	 0	 0	 0	 0	 690	 0	 0	 0	 0	 0	 0	 0	 0	 0	 0	 0	 0	 0	 0	 0	 0	 0	 0	 0	 0	 0	 0	 0	 0	 0	 0	 0	 0	 0	 0	 0	 241	 0	 0	 0	 0	 0	 0	 0	 0	 0	 0	 0
"Collinsella tanakaei"	 0	 0	 0	 0	 0	 0	 0	 0	 0	 0	 0	 0	 0	 910	 0	 965	 0	 0	 0	 963	 893	 0	 0	 0	 0	 0	 0	 0	 0	 0	 0	 0	 0	 0	 1004	 817	 0	 0	 0	 607	 0	 995	 329	 0	 0	 0	 0	 640	 462	 0	 0	 0	 0	 0	 981	 241	 0	 0	 0	 0	 0	 0	 0	 0	 0	 0	 0	 0	 0	 0	 0	 0	 0	 0	 0	 0	 931	 0	 0	 0	 906	 0	 963	 0	 0	 0	 0	 0	 425	 0	 0	 0	 0	 0	 0	 0	 0
"Enorma massiliensis"	 0	 0	 0	 0	 0	 0	 0	 0	 0	 0	 0	 0	 0	 0	 93	 0	 0	 0	 0	 0	 0	 0	 0	 0	 0	 0	 0	 511	 0	 0	 0	 0	 0	 0	 111	 0	 0	 0	 0	 0	 0	 0	 306	 0	 0	 0	 0	 0	 0	 0	 0	 0	 0	 0	 0	 0	 0	 0	 66	 0	 708	 0	 0	 0	 0	 0	 0	 0	 0	 0	 0	 0	 0	 0	 0	 0	 0	 0	 0	 0	 0	 0	 0	 0	 0	 0	 0	 602	 0	 0	 0	 0	 0	 30	 0	 0	 0
"Adlercreutzia celatus_A"	 0	 0	 0	 0	 69	 113	 0	 0	 0	 0	 0	 0	 113	 99	 0	 168	 77	 0	 0	 0	 141	 0	 0	 0	 0	 0	 0	 0	 0	 0	 0	 0	 0	 103	 0	 0	 0	 0	 207	 0	 94	 0	 101	 0	 0	 0	 0	 0	 117	 58	 135	 133	 151	 0	 133	 0	 73	 0	 0	 0	 0	 0	 0	 0	 0	 0	 0	 0	 87	 0	 73	 137	 0	 49	 0	 0	 0	 130	 0	 0	 71	 0	 364	 138	 81	 0	 105	 0	 97	 0	 0	 0	 0	 0	 0	 0	 0
"Adlercreutzia equolifaciens"	 0	 0	 0	 87	 55	 262	 0	 0	 0	 0	 0	 0	 187	 199	 0	 292	 177	 0	 0	 35	 271	 0	 0	 0	 0	 0	 0	 0	 0	 0	 0	 0	 0	 294	 0	 0	 0	 0	 131	 0	 197	 0	 234	 0	 0	 0	 0	 71	 131	 0	 221	 310	 189	 0	 226	 0	 290	 0	 0	 0	 134	 0	 0	 0	 0	 0	 0	 0	 163	 0	 142	 285	 64	 99	 0	 0	 90	 251	 0	 0	 106	 0	 216	 279	 160	 0	 235	 0	 177	 0	 0	 0	 0	 0	 0	 0	 0
"Adlercreutzia mucosicola"	 0	 0	 0	 0	 0	 0	 0	 0	 0	 0	 0	 0	 0	 0	 0	 0	 0	 0	 0	 0	 0	 0	 0	 0	 0	 0	 0	 0	 0	 0	 0	 0	 0	 0	 0	 0	 0	 0	 0	 0	 0	 0	 0	 0	 0	 0	 0	 0	 0	 0	 0	 0	 0	 0	 0	 0	 0	 0	 0	 0	 0	 0	 0	 0	 84	 0	 0	 0	 0	 0	 0	 0	 0	 0	 0	 0	 0	 0	 0	 0	 0	 0	 0	 0	 0	 0	 0	 0	 0	 0	 0	 0	 0	 0	 0	 0	 0
"CAG-1427 sp000431675"	 0	 0	 0	 0	 0	 0	 0	 0	 0	 0	 0	 0	 0	 0	 0	 0	 0	 0	 0	 0	 0	 0	 0	 0	 0	 38	 0	 33	 0	 0	 0	 0	 0	 0	 0	 0	 0	 0	 0	 0	 0	 0	 752	 0	 0	 0	 0	 0	 0	 0	 0	 0	 0	 0	 0	 0	 0	 0	 0	 44	 0	 0	 0	 0	 0	 0	 0	 0	 0	 0	 0	 0	 0	 0	 0	 0	 65	 0	 0	 0	 0	 0	 0	 0	 0	 0	 0	 0	 0	 74	 0	 0	 0	 0	 0	 0	 0
"CAG-1427 sp000434775"	 0	 0	 0	 0	 0	 0	 0	 0	 0	 0	 0	 0	 0	 0	 0	 0	 0	 0	 0	 0	 0	 0	 0	 0	 0	 0	 0	 0	 1025	 0	 0	 0	 0	 0	 0	 0	 0	 0	 0	 0	 0	 0	 0	 0	 0	 0	 0	 0	 0	 0	 0	 0	 0	 0	 0	 0	 0	 0	 0	 0	 0	 0	 0	 0	 0	 0	 1686	 0	 0	 0	 0	 0	 0	 0	 0	 0	 0	 0	 0	 0	 0	 0	 0	 0	 0	 0	 0	 0	 0	 57	 0	 0	 0	 0	 0	 0	 0
"CAG-1427 sp000435475"	 0	 0	 0	 0	 0	 0	 0	 0	 0	 0	 0	 0	 0	 0	 0	 0	 0	 0	 0	 0	 0	 0	 0	 0	 0	 512	 0	 588	 0	 0	 0	 0	 0	 0	 0	 0	 0	 0	 0	 81	 0	 0	 0	 0	 0	 0	 0	 0	 0	 0	 0	 0	 0	 0	 0	 0	 0	 0	 0	 576	 0	 0	 0	 0	 162	 0	 0	 0	 0	 71	 0	 0	 0	 0	 0	 0	 628	 0	 0	 0	 0	 0	 0	 628	 0	 0	 0	 0	 0	 45	 0	 0	 0	 0	 0	 0	 0
"CAG-1427 sp000435675"	 0	 0	 0	 0	 0	 0	 0	 320	 0	 0	 0	 0	 0	 233	 50	 0	 0	 0	 0	 86	 325	 0	 0	 0	 0	 0	 0	 0	 0	 0	 0	 0	 0	 204	 0	 0	 0	 0	 0	 0	 211	 0	 0	 0	 0	 0	 79	 0	 0	 0	 0	 0	 322	 0	 0	 0	 150	 0	 0	 0	 420	 0	 0	 0	 0	 0	 0	 0	 0	 0	 0	 0	 0	 0	 0	 0	 0	 240	 0	 0	 0	 0	 339	 0	 0	 0	 0	 0	 126	 0	 73	 0	 0	 0	 0	 0	 313
"CAG-1427 sp000436075"	 25	 233	 72	 414	 0	 0	 0	 0	 0	 370	 0	 0	 0	 0	 0	 414	 316	 0	 0	 0	 0	 321	 206	 165	 0	 0	 51	 0	 0	 105	 369	 0	 193	 0	 389	 0	 0	 0	 456	 0	 0	 270	 0	 0	 0	 0	 0	 0	 0	 275	 0	 0	 0	 0	 257	 0	 0	 0	 10	 0	 0	 0	 0	 0	 0	 215	 0	 403	 0	 0	 0	 0	 0	 0	 0	 115	 0	 0	 0	 0	 0	 0	 0	 0	 0	 0	 0	 0	 402	 97	 369	 0	 0	 0	 193	 0	 0
"Eggerthella lenta"	 0	 203	 0	 0	 0	 692	 0	 48	 1292	 0	 1327	 1556	 1080	 0	 875	 0	 122	 1076	 1014	 106	 0	 0	 131	 0	 445	 0	 0	 156	 0	 76	 1079	 1981	 67	 0	 1064	 1074	 1801	 68	 66	 1332	 0	 0	 0	 2220	 0	 2199	 744	 445	 0	 0	 914	 1970	 658	 0	 0	 2107	 0	 1552	 0	 0	 318	 1825	 45	 2282	 0	 0	 0	 0	 0	 0	 395	 1577	 770	 0	 0	 59	 356	 0	 827	 716	 873	 1119	 172	 358	 0	 2063	 735	 1193	 47	 0	 0	 203	 70	 0	 0	 1129	 235
"Eggerthella sinensis"	 0	 0	 0	 0	 0	 0	 0	 0	 0	 0	 0	 0	 0	 0	 0	 0	 0	 0	 0	 0	 0	 0	 0	 0	 0	 0	 0	 0	 0	 0	 0	 0	 0	 0	 0	 0	 0	 802	 0	 0	 0	 0	 0	 0	 0	 0	 0	 0	 0	 0	 0	 0	 0	 0	 0	 0	 0	 0	 0	 0	 0	 0	 0	 38	 0	 0	 0	 0	 0	 0	 0	 0	 0	 0	 0	 0	 0	 0	 0	 0	 0	 0	 0	 0	 0	 0	 0	 0	 0	 0	 0	 0	 0	 0	 0	 0	 0
"Eggerthella timonensis"	 0	 0	 0	 0	 0	 0	 0	 0	 0	 0	 0	 0	 0	 0	 0	 0	 0	 0	 0	 0	 0	 0	 0	 0	 92	 0	 0	 0	 0	 0	 0	 0	 0	 0	 0	 0	 0	 0	 0	 0	 0	 0	 0	 0	 0	 21	 0	 0	 0	 0	 0	 0	 0	 0	 0	 0	 0	 0	 0	 0	 0	 0	 0	 211	 0	 0	 0	 0	 0	 0	 0	 0	 0	 0	 0	 0	 0	 0	 0	 0	 0	 0	 0	 0	 0	 0	 52	 50	 0	 0	 0	 0	 0	 0	 0	 0	 0
"Enteroscipio rubneri"	 0	 0	 0	 0	 0	 0	 0	 0	 0	 0	 0	 0	 0	 0	 0	 0	 0	 0	 0	 0	 0	 0	 0	 0	 0	 0	 0	 0	 0	 0	 0	 0	 0	 0	 0	 0	 0	 0	 0	 0	 0	 0	 0	 0	 0	 0	 0	 0	 0	 0	 0	 0	 0	 0	 0	 0	 0	 80	 0	 0	 0	 0	 0	 0	 0	 0	 0	 0	 0	 0	 0	 0	 0	 0	 0	 0	 0	 0	 0	 0	 0	 0	 0	 0	 0	 0	 0	 0	 0	 0	 0	 0	 0	 0	 0	 0	 0
"Gordonibacter pamelaeae"	 0	 43	 0	 0	 0	 456	 0	 0	 48	 0	 0	 0	 0	 0	 0	 0	 0	 0	 0	 0	 0	 83	 91	 0	 0	 0	 0	 54	 0	 0	 0	 0	 0	 0	 68	 0	 0	 0	 104	 0	 0	 0	 0	 0	 0	 0	 0	 0	 0	 0	 0	 0	 49	 0	 0	 0	 0	 0	 0	 0	 131	 0	 0	 127	 0	 0	 0	 0	 0	 283	 0	 63	 0	 0	 0	 0	 350	 0	 383	 286	 0	 0	 0	 1238	 0	 0	 202	 0	 55	 0	 0	 0	 0	 0	 0	 92	 0
"Gordonibacter sp003339845"	 0	 0	 0	 0	 0	 0	 0	 0	 0	 38	 35	 0	 0	 0	 0	 0	 113	 0	 0	 0	 0	 0	 0	 0	 0	 0	 0	 0	 0	 0	 0	 0	 0	 0	 0	 0	 0	 0	 0	 0	 0	 0	 137	 0	 0	 0	 0	 0	 0	 0	 0	 0	 0	 0	 0	 0	 0	 0	 0	 0	 0	 0	 0	 0	 0	 0	 0	 0	 0	 0	 0	 0	 0	 0	 0	 0	 0	 0	 0	 0	 0	 0	 0	 0	 0	 0	 0	 0	 0	 0	 0	 0	 0	 0	 0	 0	 0
"Gordonibacter urolithinfaciens"	 0	 0	 0	 0	 0	 0	 0	 0	 188	 0	 0	 124	 79	 0	 46	 0	 0	 0	 0	 0	 0	 0	 414	 0	 116	 0	 0	 480	 0	 0	 0	 0	 0	 0	 306	 0	 0	 0	 0	 104	 0	 0	 117	 0	 0	 0	 0	 103	 0	 0	 58	 111	 401	 0	 0	 0	 0	 0	 0	 0	 1006	 0	 0	 747	 0	 0	 0	 0	 0	 0	 50	 332	 0	 49	 37	 0	 58	 63	 36	 0	 0	 0	 0	 105	 0	 0	 0	 74	 331	 0	 0	 0	 0	 0	 0	 416	 40
"Paraeggerthella hongkongensis"	 0	 0	 0	 0	 0	 0	 0	 0	 0	 0	 0	 0	 0	 0	 0	 0	 0	 0	 0	 0	 0	 0	 0	 0	 0	 0	 0	 0	 0	 0	 0	 0	 0	 0	 0	 0	 0	 0	 0	 0	 0	 0	 0	 0	 0	 0	 0	 0	 0	 0	 0	 31	 0	 0	 0	 0	 0	 0	 0	 0	 0	 0	 0	 0	 0	 0	 0	 0	 0	 0	 0	 0	 0	 0	 0	 0	 0	 0	 0	 0	 0	 0	 0	 0	 0	 0	 0	 0	 0	 0	 0	 24	 0	 0	 0	 0	 0
"Paraeggerthella hongkongensis_A"	 0	 0	 0	 0	 0	 0	 0	 0	 0	 0	 0	 0	 0	 0	 0	 0	 0	 0	 0	 0	 0	 0	 0	 0	 0	 0	 0	 0	 0	 0	 0	 0	 0	 0	 0	 0	 0	 0	 0	 0	 0	 0	 0	 0	 0	 0	 0	 0	 0	 0	 0	 67	 0	 0	 0	 0	 0	 0	 0	 0	 0	 0	 0	 0	 0	 0	 0	 0	 0	 0	 0	 0	 0	 0	 0	 0	 0	 0	 0	 0	 0	 0	 0	 0	 0	 0	 0	 0	 0	 0	 0	 51	 0	 0	 0	 0	 0
"Raoultibacter massiliensis"	 0	 0	 0	 0	 0	 0	 0	 0	 0	 0	 0	 0	 0	 0	 0	 67	 0	 0	 0	 0	 0	 0	 0	 0	 0	 0	 0	 0	 0	 0	 0	 0	 0	 0	 0	 0	 0	 0	 0	 0	 0	 0	 0	 81	 0	 0	 0	 0	 0	 0	 0	 0	 0	 0	 0	 956	 0	 0	 0	 0	 0	 0	 0	 0	 0	 0	 0	 0	 0	 0	 0	 0	 0	 0	 0	 0	 0	 0	 0	 0	 0	 0	 0	 0	 0	 0	 0	 0	 0	 0	 0	 0	 0	 0	 0	 0	 0
"Raoultibacter sp901411515"	 0	 0	 0	 0	 0	 0	 0	 0	 0	 0	 0	 0	 0	 0	 0	 73	 0	 0	 0	 0	 0	 0	 0	 0	 0	 0	 0	 0	 0	 0	 0	 0	 0	 0	 0	 0	 0	 0	 0	 0	 0	 0	 0	 63	 0	 0	 0	 0	 0	 0	 0	 0	 0	 0	 0	 34	 0	 0	 0	 0	 0	 0	 0	 0	 0	 0	 0	 0	 0	 0	 0	 0	 0	 0	 0	 0	 0	 0	 0	 0	 0	 0	 0	 0	 0	 0	 0	 0	 0	 0	 0	 0	 0	 0	 0	 0	 0
"Raoultibacter timonensis"	 0	 0	 0	 0	 0	 0	 0	 0	 0	 0	 0	 0	 0	 0	 0	 1157	 0	 0	 109	 0	 0	 0	 0	 0	 0	 0	 0	 0	 0	 0	 0	 0	 0	 0	 0	 0	 0	 0	 0	 0	 0	 0	 0	 1292	 0	 0	 0	 0	 0	 0	 0	 0	 0	 0	 0	 31	 0	 0	 0	 0	 176	 0	 0	 85	 0	 0	 0	 0	 0	 0	 0	 0	 0	 0	 0	 0	 0	 0	 0	 0	 0	 0	 0	 0	 0	 0	 0	 0	 0	 0	 0	 0	 0	 0	 0	 0	 0
"Senegalimassilia anaerobia"	 0	 0	 83	 0	 0	 0	 0	 298	 0	 0	 297	 0	 0	 0	 0	 259	 0	 0	 0	 221	 254	 0	 153	 66	 0	 31	 77	 0	 231	 132	 0	 0	 0	 292	 0	 0	 0	 408	 212	 0	 0	 49	 0	 0	 0	 0	 0	 0	 47	 223	 0	 0	 54	 0	 234	 0	 0	 0	 0	 0	 216	 0	 301	 0	 0	 0	 250	 182	 278	 310	 0	 0	 403	 0	 132	 0	 0	 46	 0	 0	 0	 219	 0	 0	 0	 0	 0	 0	 249	 0	 225	 0	 0	 0	 0	 0	 0
"Senegalimassilia sp004135645"	 0	 0	 0	 0	 0	 0	 0	 0	 0	 0	 0	 0	 0	 0	 0	 0	 0	 0	 0	 0	 0	 0	 0	 0	 0	 0	 0	 0	 0	 0	 0	 0	 464	 0	 0	 0	 0	 0	 0	 0	 0	 0	 0	 0	 0	 0	 0	 0	 0	 0	 0	 0	 0	 0	 0	 0	 0	 0	 0	 0	 0	 0	 0	 0	 0	 0	 334	 0	 0	 0	 0	 0	 0	 0	 0	 258	 0	 0	 0	 0	 0	 0	 0	 0	 0	 0	 0	 0	 0	 0	 0	 0	 78	 0	 0	 0	 0
"Slackia_A equolifaciens"	 0	 0	 0	 0	 0	 0	 0	 0	 0	 0	 0	 0	 0	 0	 0	 0	 0	 0	 0	 0	 0	 0	 0	 0	 0	 0	 0	 0	 0	 0	 0	 0	 0	 0	 0	 0	 0	 0	 0	 0	 0	 0	 187	 0	 0	 0	 0	 0	 0	 0	 0	 0	 0	 0	 0	 0	 0	 0	 0	 0	 0	 0	 0	 0	 0	 0	 0	 0	 0	 0	 0	 0	 0	 0	 0	 0	 0	 0	 0	 0	 0	 0	 0	 0	 0	 0	 0	 0	 0	 0	 143	 0	 0	 15	 0	 0	 0
"Slackia_A faecicanis"	 0	 0	 0	 0	 0	 0	 0	 0	 0	 0	 0	 0	 0	 0	 0	 0	 0	 0	 0	 0	 0	 0	 0	 0	 0	 0	 82	 0	 0	 0	 0	 0	 0	 0	 0	 0	 0	 0	 0	 0	 0	 0	 0	 0	 0	 0	 0	 0	 0	 0	 0	 0	 0	 0	 0	 0	 0	 0	 0	 0	 0	 0	 0	 0	 0	 0	 0	 0	 0	 0	 0	 0	 0	 0	 0	 0	 0	 0	 0	 0	 0	 0	 0	 0	 0	 0	 0	 0	 0	 0	 0	 0	 0	 0	 0	 0	 0
"Slackia_A isoflavoniconvertens"	 0	 0	 0	 0	 400	 0	 211	 221	 0	 0	 0	 0	 0	 0	 0	 0	 0	 0	 0	 0	 0	 0	 0	 0	 0	 0	 0	 0	 0	 389	 0	 0	 520	 266	 0	 0	 0	 466	 0	 466	 0	 264	 0	 0	 0	 0	 0	 0	 0	 0	 0	 0	 0	 0	 265	 0	 0	 0	 0	 0	 0	 0	 0	 0	 0	 164	 0	 217	 0	 0	 0	 0	 0	 351	 0	 180	 0	 0	 0	 0	 0	 0	 0	 0	 0	 0	 0	 0	 459	 0	 0	 0	 34	 0	 65	 0	 0
"Slackia_A piriformis"	 0	 0	 0	 0	 0	 0	 0	 0	 0	 143	 0	 0	 0	 0	 0	 0	 0	 0	 0	 0	 0	 0	 132	 0	 0	 0	 0	 126	 0	 0	 0	 0	 0	 0	 0	 0	 0	 0	 0	 0	 0	 0	 0	 0	 0	 0	 0	 0	 0	 0	 0	 0	 0	 757	 0	 0	 400	 0	 0	 0	 0	 0	 0	 0	 0	 0	 0	 0	 0	 0	 0	 0	 0	 0	 0	 0	 0	 0	 0	 0	 0	 0	 0	 0	 0	 0	 0	 0	 0	 0	 0	 0	 0	 0	 0	 0	 0
"UMGS1773 sp003343725"	 0	 0	 0	 0	 0	 0	 0	 0	 0	 0	 0	 0	 0	 0	 0	 0	 0	 0	 0	 0	 0	 0	 0	 0	 0	 122	 151	 0	 0	 0	 0	 0	 44	 0	 0	 0	 0	 0	 0	 0	 0	 193	 0	 0	 0	 0	 0	 0	 0	 49	 0	 0	 0	 0	 0	 0	 0	 0	 0	 0	 0	 0	 0	 0	 0	 0	 0	 0	 0	 0	 0	 0	 0	 0	 0	 0	 0	 0	 0	 0	 0	 0	 0	 0	 0	 0	 0	 0	 0	 0	 0	 0	 0	 0	 0	 0	 0
"QAMH01 sp003149935"	 0	 0	 0	 1112	 525	 0	 0	 103	 0	 0	 0	 0	 0	 0	 0	 0	 0	 0	 0	 0	 1018	 0	 0	 0	 0	 0	 0	 0	 0	 0	 0	 0	 0	 0	 0	 0	 0	 0	 0	 0	 0	 0	 146	 0	 0	 0	 0	 0	 0	 0	 0	 0	 0	 0	 181	 0	 212	 0	 0	 0	 0	 0	 0	 0	 1026	 0	 1226	 0	 0	 0	 0	 0	 0	 0	 0	 0	 0	 0	 0	 0	 0	 0	 1065	 0	 0	 0	 0	 0	 0	 0	 1704	 0	 0	 0	 0	 0	 0
"43-108 sp001915545"	 61	 62	 60	 0	 47	 0	 58	 63	 67	 0	 0	 45	 0	 25	 0	 39	 68	 22	 57	 44	 0	 45	 0	 0	 0	 0	 53	 41	 0	 100	 29	 0	 0	 57	 72	 77	 31	 55	 67	 51	 0	 78	 52	 0	 0	 42	 49	 54	 0	 69	 42	 0	 41	 29	 44	 66	 35	 38	 0	 90	 0	 0	 44	 48	 45	 0	 66	 0	 45	 0	 75	 0	 53	 0	 50	 0	 71	 0	 61	 64	 60	 26	 0	 0	 0	 40	 0	 54	 86	 71	 0	 0	 42	 0	 0	 37	 46
"Bacteroides acidifaciens"	 0	 0	 0	 0	 0	 0	 0	 0	 0	 0	 0	 0	 0	 0	 0	 0	 0	 0	 0	 0	 0	 0	 0	 0	 0	 0	 0	 0	 0	 0	 0	 0	 0	 0	 0	 0	 0	 0	 0	 0	 0	 0	 0	 0	 0	 0	 0	 0	 44	 0	 0	 39	 0	 0	 0	 0	 0	 0	 0	 0	 0	 0	 0	 0	 0	 0	 0	 0	 0	 0	 0	 0	 0	 0	 0	 0	 0	 0	 0	 0	 0	 0	 0	 0	 0	 0	 0	 0	 0	 0	 0	 0	 0	 0	 0	 33	 0
"Bacteroides bouchesdurhonensis"	 0	 0	 0	 0	 0	 0	 0	 0	 0	 0	 0	 0	 0	 0	 0	 0	 0	 0	 0	 0	 0	 0	 0	 0	 0	 0	 0	 0	 0	 0	 0	 0	 0	 0	 0	 0	 0	 0	 52	 0	 0	 0	 0	 0	 0	 0	 0	 0	 0	 0	 0	 0	 0	 0	 0	 0	 0	 0	 0	 0	 0	 0	 0	 0	 0	 0	 0	 0	 0	 0	 0	 0	 0	 0	 0	 0	 0	 0	 0	 0	 0	 0	 0	 0	 0	 0	 0	 0	 0	 0	 0	 0	 0	 0	 0	 0	 0
"Bacteroides caccae"	 2596	 2635	 2583	 2673	 2470	 2388	 2529	 54	 2127	 2042	 72	 2389	 2496	 1229	 2510	 576	 102	 1976	 2096	 2604	 2440	 1238	 2446	 238	 2490	 2446	 1935	 2513	 1825	 2084	 0	 2482	 551	 1799	 45	 2188	 0	 0	 2523	 1878	 0	 2504	 2585	 0	 0	 0	 2475	 2280	 1845	 2629	 2546	 91	 1955	 203	 38	 2508	 34	 2519	 495	 2171	 93	 2437	 2441	 2352	 2418	 41	 85	 1619	 64	 2483	 83	 2156	 40	 2446	 682	 0	 2220	 2488	 2657	 2684	 2445	 2203	 2634	 1180	 1350	 29	 59	 2576	 842	 2575	 0	 30	 0	 17	 297	 1865	 2374
"Bacteroides cellulosilyticus"	 1770	 3151	 3915	 174	 162	 339	 77	 102	 703	 91	 742	 128	 101	 41	 29	 100	 694	 25	 117	 2828	 313	 2961	 536	 328	 2361	 124	 2335	 361	 534	 146	 58	 2584	 146	 148	 104	 267	 128	 71	 539	 141	 286	 518	 367	 0	 24	 49	 1657	 193	 42	 124	 187	 86	 162	 95	 53	 96	 486	 104	 41	 663	 2320	 196	 292	 993	 600	 41	 3691	 97	 418	 417	 135	 2726	 143	 76	 567	 0	 1208	 133	 130	 3688	 475	 69	 191	 593	 180	 2968	 2798	 87	 191	 312	 2167	 80	 192	 48	 0	 1646	 1878
"Bacteroides clarus"	 0	 0	 854	 107	 0	 0	 0	 140	 33	 100	 0	 823	 2336	 0	 0	 0	 0	 0	 938	 0	 0	 0	 2283	 0	 1936	 0	 1880	 288	 0	 0	 33	 2395	 36	 51	 0	 0	 0	 2356	 0	 0	 0	 0	 0	 0	 0	 0	 0	 0	 1351	 0	 2155	 0	 0	 1642	 33	 0	 35	 0	 358	 44	 1988	 2362	 0	 1033	 0	 0	 1372	 0	 1665	 291	 0	 2390	 0	 0	 1643	 0	 0	 56	 2389	 452	 624	 230	 1282	 0	 0	 0	 996	 1569	 54	 774	 0	 0	 98	 0	 0	 1991	 1130
"Bacteroides congonensis"	 0	 0	 0	 0	 0	 0	 0	 0	 0	 0	 0	 0	 0	 0	 0	 0	 0	 22	 0	 0	 0	 0	 0	 0	 0	 0	 0	 0	 0	 0	 0	 0	 0	 0	 0	 0	 0	 0	 0	 0	 0	 0	 0	 0	 0	 0	 0	 0	 0	 0	 0	 235	 0	 0	 0	 0	 0	 0	 0	 0	 0	 0	 0	 0	 0	 0	 0	 0	 0	 0	 83	 0	 0	 0	 0	 0	 0	 0	 0	 0	 0	 0	 0	 0	 0	 0	 0	 0	 0	 0	 0	 996	 0	 0	 0	 34	 0
"Bacteroides cutis"	 0	 0	 2269	 0	 0	 0	 0	 0	 0	 0	 0	 0	 0	 0	 0	 0	 0	 0	 0	 0	 950	 0	 0	 0	 0	 0	 0	 0	 0	 0	 33	 0	 604	 0	 0	 0	 0	 0	 0	 0	 0	 0	 0	 0	 0	 0	 0	 0	 0	 0	 0	 0	 0	 0	 0	 0	 0	 0	 0	 0	 0	 0	 0	 0	 0	 0	 0	 0	 0	 0	 0	 0	 0	 0	 0	 0	 0	 0	 0	 0	 0	 0	 0	 0	 0	 0	 0	 0	 0	 0	 0	 28	 0	 0	 0	 40	 0
"Bacteroides eggerthii"	 0	 0	 1947	 2091	 1789	 1956	 0	 0	 2406	 1490	 0	 1949	 0	 26	 478	 2342	 0	 0	 0	 0	 2048	 0	 102	 0	 0	 0	 2249	 64	 0	 0	 1978	 0	 0	 2047	 0	 0	 0	 0	 0	 0	 1923	 0	 0	 0	 0	 0	 0	 2226	 0	 1823	 2314	 0	 2111	 0	 33	 0	 2335	 0	 773	 2338	 0	 26	 0	 1960	 0	 0	 1999	 0	 0	 2343	 0	 2387	 1082	 53	 38	 0	 1951	 0	 0	 0	 0	 29	 2398	 108	 0	 0	 1981	 2324	 2030	 0	 278	 1858	 42	 0	 178	 1665	 1537
"Bacteroides faecichinchillae"	 0	 0	 0	 0	 0	 0	 0	 0	 0	 0	 0	 0	 0	 0	 0	 0	 0	 0	 0	 0	 0	 0	 0	 0	 0	 0	 0	 0	 0	 0	 0	 0	 0	 0	 0	 0	 0	 0	 0	 0	 0	 0	 0	 0	 27	 0	 0	 0	 0	 0	 0	 0	 0	 0	 0	 0	 0	 0	 0	 0	 0	 0	 0	 0	 0	 0	 0	 0	 0	 0	 0	 0	 0	 0	 0	 0	 0	 0	 0	 0	 0	 0	 0	 0	 0	 0	 0	 0	 0	 0	 0	 0	 0	 0	 0	 0	 0
"Bacteroides faecis"	 44	 57	 0	 0	 0	 0	 0	 572	 53	 65	 33	 49	 42	 0	 28	 0	 0	 19	 3250	 33	 0	 54	 42	 0	 0	 60	 44	 38	 0	 42	 0	 35	 0	 0	 52	 48	 23	 0	 59	 0	 0	 0	 56	 78	 0	 25	 34	 42	 36	 57	 62	 30	 57	 36	 46	 41	 45	 32	 13	 0	 63	 51	 0	 52	 0	 0	 0	 40	 0	 0	 42	 0	 34	 52	 63	 0	 43	 0	 0	 0	 35	 37	 0	 62	 38	 33	 80	 0	 40	 48	 0	 33	 0	 0	 0	 50	 0
"Bacteroides finegoldii"	 45	 116	 1726	 0	 0	 0	 0	 1271	 0	 552	 0	 0	 0	 0	 0	 380	 0	 58	 1084	 0	 0	 0	 0	 190	 0	 0	 110	 141	 0	 0	 0	 0	 460	 69	 824	 32	 24	 0	 0	 0	 0	 99	 0	 0	 0	 0	 223	 1684	 0	 1455	 898	 0	 0	 1247	 85	 0	 104	 0	 0	 42	 0	 0	 0	 0	 0	 0	 0	 0	 0	 0	 39	 0	 1712	 0	 125	 0	 110	 937	 0	 0	 0	 163	 0	 0	 0	 0	 0	 99	 0	 602	 0	 0	 0	 82	 0	 0	 0
"Bacteroides fluxus"	 0	 0	 0	 0	 0	 0	 0	 0	 0	 0	 0	 0	 0	 0	 0	 0	 0	 0	 0	 0	 0	 0	 0	 0	 0	 0	 0	 0	 0	 0	 0	 0	 0	 0	 0	 0	 0	 1237	 0	 0	 0	 0	 0	 0	 0	 0	 0	 0	 0	 0	 0	 0	 0	 0	 0	 0	 0	 0	 0	 0	 0	 0	 0	 0	 0	 0	 0	 0	 0	 0	 0	 0	 0	 0	 0	 0	 0	 0	 0	 0	 0	 0	 0	 0	 0	 0	 0	 0	 0	 0	 0	 0	 0	 0	 0	 0	 0
"Bacteroides fragilis"	 160	 1043	 111	 68	 1727	 2847	 35	 0	 47	 51	 113	 265	 2844	 41	 27	 40	 425	 69	 63	 2452	 1715	 107	 190	 0	 403	 36	 64	 88	 49	 56	 660	 2785	 42	 61	 90	 67	 50	 2219	 118	 76	 161	 76	 1194	 40	 33	 3095	 89	 71	 1488	 49	 52	 2817	 231	 1452	 40	 67	 0	 55	 287	 71	 713	 2079	 1334	 80	 44	 49	 277	 59	 49	 86	 214	 64	 33	 61	 72	 0	 76	 70	 2674	 73	 180	 39	 626	 75	 188	 54	 117	 585	 73	 1610	 0	 2752	 58	 32	 66	 46	 1650
"Bacteroides fragilis_A"	 34	 66	 0	 0	 0	 63	 0	 0	 0	 0	 304	 0	 61	 0	 0	 0	 0	 388	 26	 58	 69	 0	 0	 0	 0	 0	 35	 0	 0	 0	 58	 33	 0	 0	 0	 0	 22	 42	 384	 0	 463	 0	 78	 3161	 0	 42	 0	 48	 77	 0	 0	 32	 0	 48	 0	 0	 0	 122	 15	 0	 0	 37	 52	 0	 0	 0	 1451	 0	 0	 0	 1694	 0	 0	 0	 0	 0	 0	 0	 39	 0	 990	 0	 0	 0	 40	 0	 0	 36	 0	 90	 0	 0	 0	 17	 0	 0	 104
"Bacteroides intestinalis"	 151	 137	 133	 2552	 254	 58	 0	 0	 1016	 57	 98	 138	 0	 0	 0	 0	 1507	 24	 0	 41	 0	 0	 113	 855	 0	 542	 0	 0	 93	 0	 0	 32	 0	 0	 0	 1625	 0	 0	 0	 103	 505	 1274	 633	 0	 0	 0	 0	 0	 0	 0	 31	 0	 0	 0	 0	 0	 0	 0	 0	 92	 73	 0	 0	 217	 2423	 0	 0	 0	 1046	 0	 36	 153	 0	 0	 2756	 0	 802	 77	 0	 0	 40	 0	 0	 119	 161	 32	 0	 0	 2405	 307	 0	 0	 0	 0	 0	 0	 0
"Bacteroides intestinalis_A"	 1237	 1728	 1275	 241	 0	 0	 0	 0	 141	 0	 41	 0	 0	 0	 0	 0	 187	 0	 0	 131	 351	 43	 133	 111	 65	 64	 46	 0	 2076	 0	 0	 53	 0	 0	 0	 149	 0	 0	 0	 0	 69	 128	 90	 0	 0	 0	 60	 0	 0	 0	 0	 0	 0	 0	 0	 0	 0	 0	 0	 43	 53	 0	 0	 73	 137	 0	 65	 0	 122	 0	 0	 779	 0	 0	 145	 0	 141	 0	 0	 40	 0	 0	 0	 851	 60	 49	 75	 0	 140	 47	 67	 0	 0	 0	 0	 54	 56
"Bacteroides nordii"	 208	 1304	 1742	 0	 0	 0	 0	 0	 244	 0	 0	 0	 81	 0	 0	 0	 98	 0	 90	 1753	 0	 330	 388	 0	 0	 0	 0	 0	 0	 933	 0	 0	 0	 0	 1604	 575	 52	 0	 0	 217	 0	 0	 0	 0	 0	 0	 0	 0	 0	 0	 30	 0	 0	 0	 0	 0	 0	 0	 0	 0	 76	 0	 0	 91	 0	 0	 0	 0	 0	 0	 32	 0	 0	 0	 363	 0	 0	 0	 352	 0	 40	 91	 0	 112	 0	 0	 0	 0	 0	 0	 0	 1382	 0	 0	 0	 830	 0
"Bacteroides oleiciplenus"	 31	 0	 0	 0	 0	 0	 0	 0	 32	 0	 42	 0	 0	 0	 0	 0	 0	 0	 0	 0	 0	 0	 0	 0	 0	 0	 0	 0	 0	 0	 0	 33	 0	 0	 0	 0	 0	 0	 0	 0	 0	 0	 0	 0	 0	 0	 0	 0	 0	 0	 0	 0	 0	 0	 0	 0	 0	 0	 0	 46	 0	 0	 0	 0	 0	 0	 0	 0	 0	 0	 0	 0	 0	 0	 0	 0	 0	 0	 0	 0	 0	 0	 0	 0	 649	 0	 0	 0	 0	 0	 0	 0	 0	 0	 0	 0	 0
"Bacteroides ovatus"	 348	 588	 1137	 301	 516	 1849	 214	 1576	 2458	 675	 2840	 2191	 2342	 1141	 613	 336	 1167	 336	 1429	 1901	 1605	 1687	 560	 475	 391	 1719	 2266	 265	 1229	 895	 1494	 2445	 126	 2460	 1026	 2321	 1836	 2686	 1614	 673	 436	 1496	 393	 391	 671	 20	 2519	 746	 1652	 2694	 3343	 1946	 2662	 1433	 1842	 2195	 842	 1799	 560	 987	 1022	 485	 1603	 1690	 2333	 91	 309	 353	 2743	 2804	 1402	 2488	 871	 330	 1689	 0	 419	 742	 2651	 2536	 1759	 2585	 2053	 1313	 1826	 49	 1681	 2170	 2447	 304	 1222	 2551	 141	 204	 125	 1347	 2061
"Bacteroides rodentium"	 0	 0	 0	 0	 0	 0	 0	 0	 0	 0	 0	 0	 0	 0	 0	 0	 0	 0	 0	 0	 0	 0	 0	 0	 0	 0	 0	 0	 0	 0	 0	 0	 0	 0	 0	 0	 0	 0	 0	 0	 0	 0	 0	 0	 0	 0	 0	 0	 0	 0	 0	 0	 0	 0	 0	 0	 0	 0	 0	 0	 0	 0	 0	 0	 0	 0	 0	 0	 0	 0	 0	 0	 0	 0	 32	 0	 0	 0	 0	 0	 0	 0	 0	 0	 0	 0	 0	 0	 0	 0	 0	 0	 0	 0	 0	 0	 0
"Bacteroides salyersiae"	 84	 101	 2098	 82	 1408	 0	 0	 0	 2100	 317	 0	 2627	 0	 0	 0	 282	 0	 0	 124	 0	 0	 0	 0	 0	 0	 0	 2024	 139	 0	 0	 0	 1634	 0	 0	 2714	 0	 50	 0	 0	 0	 2193	 0	 0	 0	 0	 0	 1516	 0	 0	 0	 2828	 0	 1405	 0	 0	 2592	 0	 1528	 0	 0	 1922	 1849	 0	 0	 2778	 0	 2893	 0	 0	 395	 0	 0	 0	 0	 1375	 0	 0	 57	 2340	 56	 38	 0	 0	 0	 1985	 0	 1913	 1684	 0	 124	 0	 26	 0	 0	 0	 0	 2882
"Bacteroides sp003463205"	 23	 46	 57	 0	 0	 85	 0	 0	 97	 0	 0	 40	 41	 58	 290	 0	 0	 0	 53	 63	 0	 348	 0	 0	 408	 41	 102	 49	 589	 0	 0	 36	 0	 0	 41	 656	 428	 0	 44	 0	 0	 342	 0	 0	 37	 0	 39	 0	 726	 0	 259	 66	 73	 31	 61	 545	 1036	 32	 0	 52	 47	 1549	 91	 2004	 0	 0	 0	 0	 195	 0	 1092	 88	 33	 0	 63	 0	 0	 44	 0	 0	 40	 38	 0	 0	 35	 0	 0	 90	 0	 0	 0	 0	 0	 26	 0	 0	 45
"Bacteroides sp003545565"	 0	 0	 0	 0	 0	 0	 0	 0	 0	 0	 0	 0	 0	 0	 0	 0	 0	 0	 0	 0	 0	 0	 2597	 0	 0	 0	 0	 0	 0	 0	 0	 0	 0	 0	 0	 0	 0	 0	 0	 0	 0	 0	 0	 0	 0	 0	 0	 0	 0	 0	 27	 0	 0	 0	 0	 0	 0	 0	 12	 0	 0	 0	 0	 0	 0	 0	 0	 0	 0	 0	 0	 0	 0	 0	 0	 0	 0	 0	 0	 0	 0	 0	 0	 0	 0	 0	 0	 38	 0	 0	 0	 0	 0	 0	 0	 0	 0
"Bacteroides sp003865075"	 0	 0	 0	 0	 0	 73	 0	 0	 0	 0	 0	 0	 0	 0	 0	 0	 0	 0	 0	 0	 0	 0	 0	 0	 0	 0	 0	 0	 0	 0	 0	 0	 0	 0	 0	 0	 0	 0	 0	 0	 0	 0	 0	 0	 0	 0	 0	 0	 0	 0	 0	 0	 0	 0	 0	 0	 0	 0	 0	 0	 0	 0	 0	 0	 0	 0	 0	 0	 0	 0	 0	 0	 0	 0	 0	 0	 0	 0	 0	 0	 0	 0	 0	 0	 0	 0	 0	 0	 0	 0	 0	 0	 0	 0	 0	 0	 0
"Bacteroides sp007097645"	 0	 0	 0	 0	 0	 0	 0	 0	 0	 0	 0	 0	 0	 0	 0	 0	 0	 21	 0	 0	 0	 0	 0	 0	 0	 0	 0	 0	 0	 0	 0	 0	 0	 0	 0	 0	 0	 0	 0	 0	 0	 0	 0	 0	 0	 0	 0	 0	 0	 0	 0	 29	 0	 0	 0	 0	 0	 0	 0	 0	 0	 0	 0	 0	 0	 0	 0	 0	 0	 0	 33	 0	 0	 0	 0	 0	 0	 0	 0	 0	 0	 0	 0	 0	 0	 0	 0	 0	 0	 0	 0	 0	 0	 0	 0	 0	 0
"Bacteroides sp900066265"	 307	 865	 133	 73	 0	 0	 0	 171	 0	 115	 0	 0	 0	 0	 37	 132	 0	 93	 169	 0	 0	 51	 319	 68	 44	 0	 1272	 960	 73	 0	 0	 26	 120	 0	 344	 40	 37	 0	 44	 0	 50	 395	 0	 0	 0	 18	 96	 84	 44	 113	 150	 41	 39	 107	 616	 45	 640	 0	 0	 250	 46	 27	 33	 48	 45	 0	 0	 0	 0	 0	 114	 39	 83	 0	 941	 0	 1361	 156	 0	 0	 38	 918	 90	 0	 0	 0	 0	 1315	 0	 72	 0	 24	 0	 747	 0	 0	 0
"Bacteroides sp900556215"	 164	 156	 69	 0	 0	 0	 0	 0	 0	 0	 0	 0	 0	 0	 0	 0	 0	 0	 0	 0	 0	 0	 0	 0	 0	 0	 0	 0	 74	 0	 0	 0	 0	 0	 0	 0	 0	 0	 0	 0	 0	 0	 0	 0	 0	 0	 0	 0	 0	 0	 0	 0	 0	 0	 0	 0	 0	 0	 0	 0	 0	 0	 0	 0	 0	 0	 0	 0	 0	 0	 0	 64	 0	 0	 0	 0	 0	 0	 0	 0	 0	 0	 0	 84	 0	 0	 0	 0	 0	 0	 0	 0	 0	 0	 0	 0	 0
"Bacteroides stercorirosoris"	 0	 0	 0	 0	 0	 0	 0	 0	 69	 0	 94	 0	 0	 0	 0	 0	 131	 0	 0	 0	 0	 0	 86	 0	 0	 0	 0	 0	 0	 0	 0	 0	 0	 0	 0	 77	 0	 0	 0	 0	 0	 54	 0	 0	 0	 0	 0	 0	 0	 0	 0	 0	 294	 0	 0	 0	 0	 0	 0	 85	 0	 0	 0	 0	 48	 0	 0	 0	 0	 0	 0	 0	 0	 0	 45	 0	 0	 0	 0	 0	 0	 0	 0	 0	 320	 0	 0	 0	 0	 0	 0	 24	 0	 0	 0	 0	 0
"Bacteroides stercoris"	 26	 38	 186	 1500	 2261	 0	 0	 2315	 1945	 371	 0	 2233	 47	 2114	 2042	 0	 2022	 0	 2350	 2016	 1948	 2235	 1822	 1495	 38	 1916	 46	 2154	 2344	 2103	 2215	 40	 1696	 1987	 2296	 31	 2316	 44	 2468	 1973	 0	 2466	 1693	 0	 0	 0	 2461	 2305	 56	 2067	 113	 0	 0	 2186	 2697	 2260	 2281	 1908	 11	 1960	 96	 30	 0	 88	 2156	 1074	 0	 1823	 0	 1938	 28	 0	 42	 2030	 1709	 0	 53	 2264	 0	 2236	 2312	 1870	 113	 810	 1875	 2277	 56	 76	 2205	 46	 0	 0	 931	 0	 0	 53	 111
"Bacteroides thetaiotaomicron"	 2530	 3627	 2804	 137	 445	 1569	 38	 103	 438	 1191	 433	 2515	 2280	 119	 2155	 2410	 1371	 135	 794	 2493	 135	 621	 2184	 503	 484	 264	 1373	 2813	 1651	 448	 203	 2780	 45	 748	 3432	 2847	 2737	 2986	 1991	 2672	 909	 2438	 2743	 1309	 28	 3199	 3134	 596	 2738	 910	 1109	 2540	 1400	 1642	 2444	 3044	 2206	 1439	 115	 332	 3410	 2657	 398	 2055	 939	 142	 2864	 699	 537	 3188	 3207	 1113	 812	 1259	 2867	 0	 1598	 78	 2881	 2390	 2560	 1110	 225	 1935	 2907	 3107	 2801	 90	 245	 1137	 384	 2604	 74	 0	 211	 1974	 565
"Bacteroides timonensis"	 37	 35	 0	 0	 0	 67	 0	 0	 68	 0	 165	 0	 0	 0	 0	 0	 165	 0	 0	 33	 0	 0	 118	 0	 35	 0	 0	 0	 0	 0	 0	 41	 0	 0	 0	 0	 0	 0	 0	 0	 0	 0	 0	 0	 0	 0	 35	 0	 0	 0	 0	 0	 0	 0	 0	 0	 0	 0	 0	 142	 49	 0	 0	 0	 0	 0	 0	 0	 0	 0	 0	 46	 0	 0	 0	 0	 0	 0	 0	 0	 0	 0	 0	 0	 0	 29	 0	 0	 0	 0	 0	 0	 0	 0	 0	 35	 0
"Bacteroides togonis"	 0	 0	 0	 0	 0	 0	 0	 0	 0	 0	 0	 0	 0	 0	 0	 0	 0	 0	 0	 0	 0	 0	 0	 844	 0	 0	 0	 0	 0	 0	 0	 0	 0	 0	 0	 0	 0	 0	 0	 0	 0	 0	 0	 0	 0	 0	 0	 0	 0	 0	 0	 0	 0	 0	 0	 0	 0	 0	 0	 0	 0	 0	 0	 0	 0	 0	 0	 0	 0	 0	 0	 0	 0	 0	 0	 0	 0	 0	 0	 0	 0	 0	 0	 0	 0	 0	 0	 0	 0	 0	 0	 0	 0	 0	 0	 0	 0
"Bacteroides uniformis"	 2960	 3116	 3213	 2719	 2788	 3009	 1683	 1743	 2556	 2544	 2485	 2787	 2669	 108	 2407	 2566	 2550	 2568	 2819	 2404	 3077	 2408	 2915	 2922	 2422	 2486	 2859	 2839	 2540	 944	 2245	 2871	 1910	 3020	 2488	 2066	 2375	 2630	 2492	 2466	 3117	 2537	 2976	 91	 720	 2418	 2637	 3012	 1116	 3022	 2801	 2503	 2879	 2405	 2483	 2608	 2488	 2495	 759	 2314	 2909	 2528	 3045	 3055	 2956	 570	 2901	 1218	 2836	 3255	 2388	 2589	 2465	 1619	 2926	 0	 3062	 2549	 141	 2103	 2524	 2487	 3093	 2798	 2560	 2703	 2956	 3093	 2289	 2733	 2321	 2429	 89	 2542	 236	 2798	 2739
"Bacteroides xylanisolvens"	 2637	 2852	 970	 59	 1121	 829	 845	 511	 1324	 92	 1159	 1746	 217	 216	 1477	 1958	 124	 2223	 206	 1295	 196	 975	 1494	 448	 2048	 160	 1323	 72	 466	 801	 165	 1724	 100	 713	 1806	 1281	 429	 118	 1880	 1880	 176	 1781	 109	 1854	 113	 20	 325	 1257	 432	 900	 262	 747	 950	 1168	 1021	 198	 740	 786	 295	 1726	 1977	 2382	 2262	 205	 1715	 250	 1602	 1019	 1411	 296	 2100	 1392	 131	 949	 1425	 0	 1113	 142	 120	 1260	 1460	 129	 766	 1326	 137	 49	 199	 652	 508	 2073	 164	 165	 202	 1913	 213	 900	 1199
"CAG-462 sp003489705"	 0	 0	 0	 0	 0	 0	 0	 0	 0	 0	 0	 0	 0	 0	 0	 0	 0	 0	 0	 0	 0	 0	 0	 0	 0	 0	 0	 0	 0	 0	 0	 0	 0	 0	 0	 0	 0	 0	 0	 0	 0	 0	 70	 0	 0	 0	 0	 0	 0	 0	 0	 0	 0	 0	 0	 0	 0	 0	 0	 0	 0	 0	 0	 0	 0	 0	 0	 0	 0	 0	 0	 0	 0	 0	 0	 0	 0	 0	 0	 0	 0	 0	 0	 0	 0	 0	 0	 0	 0	 0	 0	 0	 0	 0	 0	 0	 0
"CAG-462 sp900291465"	 0	 0	 77	 0	 0	 0	 0	 0	 0	 0	 0	 0	 0	 0	 0	 0	 0	 0	 0	 0	 0	 0	 0	 0	 0	 0	 0	 0	 0	 0	 0	 0	 0	 0	 0	 0	 0	 0	 0	 0	 0	 0	 202	 0	 0	 0	 0	 0	 0	 0	 0	 0	 0	 0	 0	 0	 0	 0	 0	 0	 0	 0	 0	 0	 0	 0	 0	 0	 0	 0	 0	 0	 0	 0	 0	 0	 0	 0	 0	 0	 0	 0	 0	 0	 0	 0	 0	 0	 0	 0	 0	 0	 0	 0	 0	 0	 0
"OM05-12 sp003438995"	 0	 0	 3996	 0	 0	 0	 0	 0	 0	 0	 0	 0	 0	 0	 0	 0	 1280	 0	 0	 0	 0	 0	 0	 0	 0	 0	 2582	 2743	 0	 0	 0	 0	 0	 0	 0	 0	 0	 0	 0	 0	 0	 0	 106	 0	 0	 0	 0	 2406	 0	 0	 0	 0	 0	 0	 0	 0	 0	 0	 0	 0	 0	 0	 0	 0	 0	 0	 1325	 0	 0	 0	 1632	 0	 0	 0	 3305	 0	 0	 0	 0	 0	 0	 0	 0	 0	 0	 0	 0	 0	 0	 0	 0	 0	 0	 0	 0	 0	 0
"Paraprevotella clara"	 0	 0	 0	 0	 0	 0	 0	 0	 0	 0	 0	 0	 0	 0	 0	 102	 0	 0	 0	 0	 0	 0	 0	 0	 0	 0	 0	 979	 0	 0	 0	 0	 1194	 668	 708	 0	 0	 0	 0	 0	 0	 713	 0	 0	 0	 0	 0	 0	 0	 0	 0	 0	 0	 0	 686	 0	 0	 0	 220	 0	 0	 0	 0	 0	 677	 748	 0	 757	 62	 0	 0	 0	 0	 639	 0	 0	 602	 0	 0	 625	 0	 0	 0	 743	 0	 0	 0	 0	 0	 0	 0	 0	 662	 0	 681	 0	 0
"Paraprevotella xylaniphila"	 0	 0	 0	 0	 0	 0	 0	 0	 0	 0	 0	 0	 0	 0	 0	 1734	 0	 0	 0	 0	 0	 0	 0	 0	 0	 0	 0	 82	 0	 0	 0	 0	 128	 113	 90	 0	 0	 0	 0	 0	 0	 77	 0	 0	 0	 0	 0	 0	 0	 0	 0	 0	 0	 0	 152	 0	 0	 0	 68	 0	 0	 0	 0	 0	 126	 246	 0	 57	 1610	 0	 0	 0	 0	 256	 0	 0	 90	 0	 0	 258	 0	 0	 0	 303	 0	 0	 0	 0	 0	 0	 0	 0	 207	 0	 225	 0	 0
"Phocaeicola coprocola"	 0	 0	 1138	 475	 0	 0	 994	 478	 0	 382	 0	 0	 0	 0	 453	 0	 0	 0	 0	 0	 467	 0	 0	 0	 0	 0	 0	 0	 0	 1109	 0	 0	 0	 395	 484	 0	 0	 0	 0	 0	 0	 0	 0	 0	 0	 0	 0	 0	 420	 0	 0	 0	 1503	 0	 0	 0	 0	 0	 0	 471	 0	 0	 0	 0	 0	 0	 0	 348	 0	 0	 0	 0	 0	 1483	 0	 0	 0	 0	 0	 0	 0	 0	 0	 0	 528	 0	 0	 0	 531	 0	 0	 0	 0	 0	 0	 0	 0
"Phocaeicola coprophilus"	 0	 0	 0	 0	 0	 0	 962	 0	 0	 1481	 0	 0	 0	 0	 0	 0	 0	 0	 0	 0	 106	 0	 0	 0	 0	 0	 0	 0	 955	 0	 0	 0	 0	 0	 0	 0	 0	 0	 0	 0	 0	 0	 0	 0	 0	 0	 0	 0	 0	 0	 0	 0	 0	 0	 1025	 0	 0	 0	 0	 0	 0	 0	 0	 0	 0	 0	 0	 885	 0	 0	 0	 0	 0	 0	 0	 0	 0	 0	 0	 0	 0	 0	 0	 0	 0	 0	 0	 0	 0	 0	 0	 0	 0	 0	 0	 0	 0
"Phocaeicola dorei"	 1092	 1184	 165	 1158	 1101	 2261	 123	 104	 137	 155	 855	 2559	 836	 148	 2732	 948	 2166	 51	 928	 258	 1231	 152	 2859	 817	 2881	 152	 1169	 929	 1487	 137	 901	 3070	 285	 2240	 209	 2592	 966	 161	 663	 2783	 173	 2449	 2204	 2504	 2916	 79	 190	 330	 105	 735	 882	 2532	 1099	 87	 2388	 2489	 903	 1848	 167	 658	 918	 274	 221	 594	 989	 97	 2812	 167	 673	 545	 1040	 597	 147	 159	 807	 42	 853	 434	 2036	 1196	 1595	 88	 2608	 1055	 2794	 92	 2631	 460	 228	 926	 175	 2687	 888	 92	 511	 2380	 855
"Phocaeicola massiliensis"	 59	 48	 456	 561	 0	 0	 0	 0	 356	 0	 0	 355	 0	 0	 0	 0	 0	 0	 49	 0	 171	 516	 0	 443	 0	 457	 37	 526	 0	 266	 0	 0	 0	 471	 925	 48	 0	 0	 0	 467	 0	 348	 482	 0	 0	 0	 52	 0	 0	 0	 26	 0	 463	 33	 0	 0	 467	 0	 302	 927	 0	 0	 0	 0	 0	 78	 0	 0	 473	 451	 0	 492	 454	 380	 467	 0	 0	 0	 0	 522	 0	 491	 0	 341	 0	 419	 462	 0	 86	 0	 0	 0	 0	 434	 358	 574	 541
"Phocaeicola paurosaccharolyticus"	 0	 0	 0	 0	 0	 0	 0	 0	 0	 0	 0	 0	 0	 0	 0	 0	 0	 0	 0	 0	 0	 0	 0	 0	 0	 0	 0	 0	 0	 0	 0	 0	 0	 0	 0	 0	 0	 0	 0	 0	 0	 0	 0	 0	 0	 0	 0	 0	 0	 0	 0	 0	 0	 0	 0	 0	 0	 0	 0	 0	 0	 0	 0	 0	 0	 0	 0	 0	 0	 0	 29	 0	 0	 0	 0	 0	 0	 0	 0	 0	 0	 0	 0	 0	 0	 0	 0	 0	 0	 0	 0	 0	 0	 0	 0	 0	 0
"Phocaeicola plebeius"	 0	 0	 0	 87	 0	 0	 128	 1469	 0	 88	 0	 0	 78	 113	 0	 0	 0	 0	 0	 0	 129	 129	 139	 0	 0	 0	 0	 0	 0	 137	 0	 0	 0	 135	 0	 0	 0	 0	 0	 0	 0	 0	 0	 0	 0	 0	 0	 0	 0	 0	 0	 0	 0	 0	 754	 0	 0	 87	 0	 116	 0	 0	 0	 149	 0	 0	 0	 0	 0	 0	 0	 0	 91	 99	 0	 0	 0	 0	 0	 0	 213	 74	 0	 122	 0	 117	 0	 0	 0	 0	 137	 0	 0	 0	 64	 0	 0
"Phocaeicola plebeius_A"	 0	 0	 0	 1875	 0	 0	 1029	 1060	 0	 1922	 0	 0	 1445	 1355	 0	 0	 0	 0	 0	 0	 1953	 1385	 759	 0	 0	 0	 0	 0	 0	 665	 0	 0	 0	 623	 0	 0	 0	 0	 0	 0	 0	 0	 0	 0	 0	 0	 0	 0	 0	 0	 0	 0	 46	 0	 193	 0	 0	 1520	 0	 945	 0	 0	 0	 1569	 0	 0	 0	 0	 0	 0	 0	 0	 1941	 1865	 0	 0	 0	 0	 0	 0	 553	 1913	 0	 465	 0	 988	 0	 0	 0	 0	 1313	 0	 0	 0	 370	 0	 0
"Phocaeicola sartorii"	 0	 0	 0	 0	 0	 0	 0	 0	 0	 0	 0	 0	 0	 0	 0	 0	 0	 0	 0	 0	 0	 0	 0	 0	 0	 0	 0	 0	 0	 0	 0	 0	 0	 0	 0	 0	 0	 0	 0	 0	 856	 0	 0	 0	 0	 0	 0	 0	 0	 0	 0	 0	 0	 0	 0	 0	 0	 0	 0	 0	 0	 0	 0	 0	 0	 0	 0	 0	 0	 0	 0	 0	 0	 0	 0	 0	 0	 0	 0	 0	 0	 0	 0	 0	 0	 0	 0	 0	 0	 0	 0	 0	 0	 0	 0	 0	 0
"Phocaeicola sp000434735"	 0	 0	 0	 0	 0	 0	 0	 0	 0	 0	 0	 0	 0	 0	 0	 0	 0	 0	 0	 0	 0	 0	 0	 0	 0	 0	 0	 0	 0	 0	 0	 0	 0	 0	 0	 0	 0	 0	 0	 0	 0	 0	 0	 0	 0	 0	 0	 0	 0	 0	 0	 0	 0	 0	 0	 0	 0	 0	 0	 0	 0	 0	 0	 0	 0	 0	 0	 0	 0	 0	 0	 0	 0	 0	 0	 651	 0	 0	 0	 0	 0	 0	 0	 0	 0	 0	 0	 0	 0	 0	 0	 0	 0	 0	 0	 0	 0
"Phocaeicola sp900066455"	 0	 0	 0	 0	 0	 0	 0	 65	 0	 0	 0	 0	 62	 51	 0	 59	 0	 0	 0	 0	 0	 0	 55	 0	 0	 0	 58	 53	 0	 0	 0	 26	 0	 0	 0	 0	 0	 0	 0	 0	 0	 0	 54	 0	 0	 0	 58	 0	 0	 0	 0	 0	 0	 0	 0	 0	 0	 0	 0	 0	 0	 57	 0	 39	 0	 40	 0	 0	 0	 0	 0	 0	 0	 0	 0	 0	 0	 0	 0	 0	 48	 0	 0	 0	 0	 67	 0	 0	 0	 0	 0	 0	 0	 0	 0	 0	 0
"Phocaeicola sp900553715"	 0	 0	 0	 0	 0	 0	 0	 0	 0	 99	 0	 0	 0	 0	 46	 0	 0	 0	 0	 0	 0	 0	 0	 0	 0	 0	 0	 0	 0	 0	 0	 0	 0	 0	 46	 0	 0	 0	 0	 0	 0	 0	 0	 0	 0	 0	 0	 0	 93	 0	 0	 0	 0	 0	 0	 0	 0	 0	 0	 37	 0	 0	 0	 0	 0	 0	 0	 0	 0	 0	 0	 0	 0	 0	 0	 0	 0	 0	 0	 0	 0	 0	 0	 0	 42	 0	 0	 0	 0	 0	 0	 0	 0	 0	 0	 0	 0
"Phocaeicola sp900554435"	 105	 85	 825	 880	 0	 0	 0	 0	 1189	 0	 0	 1183	 0	 0	 0	 0	 0	 0	 1829	 0	 257	 863	 0	 1180	 0	 821	 1881	 860	 0	 1017	 0	 0	 42	 838	 866	 1874	 0	 0	 0	 836	 0	 563	 832	 0	 0	 0	 1889	 0	 0	 0	 1928	 0	 825	 1826	 0	 0	 806	 0	 303	 876	 0	 0	 0	 0	 0	 112	 0	 0	 821	 804	 0	 810	 799	 1234	 842	 0	 0	 0	 0	 831	 0	 812	 0	 469	 0	 1197	 820	 0	 1826	 0	 0	 0	 0	 719	 468	 783	 783
"Phocaeicola vulgatus"	 2499	 2445	 3113	 2293	 2227	 173	 2513	 2407	 2509	 2289	 2405	 555	 2447	 2440	 511	 2333	 1405	 2386	 2696	 2473	 1524	 2575	 122	 2606	 87	 2677	 2182	 2279	 1735	 2520	 2252	 119	 2404	 622	 2606	 131	 2318	 2508	 2498	 140	 2454	 752	 873	 203	 94	 2364	 2957	 2717	 1727	 2947	 2281	 136	 2318	 2806	 159	 344	 2411	 1503	 1070	 2472	 2343	 2321	 2681	 2528	 2336	 2250	 202	 2659	 2686	 2628	 2420	 2856	 2593	 2679	 2691	 0	 2689	 2930	 1137	 1845	 1127	 2654	 735	 2488	 93	 2676	 163	 2435	 2667	 2463	 1717	 105	 2119	 2236	 312	 222	 2168
"Prevotella copri"	 0	 0	 0	 0	 917	 0	 1485	 98	 0	 0	 0	 0	 0	 1416	 0	 0	 0	 0	 0	 1382	 220	 1405	 0	 1212	 0	 0	 0	 0	 0	 1592	 0	 0	 267	 0	 0	 1164	 0	 0	 0	 1006	 0	 94	 1445	 0	 1251	 0	 0	 0	 1376	 0	 0	 0	 0	 0	 0	 1345	 0	 0	 0	 0	 0	 0	 0	 0	 0	 1521	 0	 1520	 0	 0	 0	 0	 0	 1610	 0	 1095	 0	 0	 0	 1176	 0	 0	 0	 1542	 0	 0	 0	 0	 0	 0	 1676	 0	 1111	 0	 1185	 0	 0
"Prevotella copri_A"	 0	 0	 0	 0	 0	 0	 0	 718	 0	 0	 0	 0	 0	 263	 0	 0	 0	 0	 0	 0	 0	 0	 0	 0	 0	 0	 0	 0	 0	 0	 0	 0	 666	 0	 0	 0	 0	 0	 0	 0	 0	 189	 0	 0	 0	 0	 0	 0	 647	 0	 0	 0	 0	 0	 0	 0	 0	 0	 0	 0	 0	 0	 0	 0	 0	 640	 0	 0	 0	 0	 0	 0	 0	 0	 0	 693	 0	 0	 0	 0	 0	 0	 0	 242	 0	 0	 0	 0	 0	 0	 666	 0	 0	 0	 641	 0	 0
"Prevotella disiens"	 0	 0	 0	 0	 0	 0	 0	 0	 0	 0	 0	 0	 0	 0	 0	 0	 0	 0	 0	 0	 0	 0	 0	 0	 0	 0	 0	 0	 0	 0	 0	 0	 0	 0	 0	 0	 0	 0	 0	 0	 0	 0	 0	 0	 0	 0	 0	 0	 0	 0	 0	 0	 0	 0	 0	 0	 0	 0	 0	 0	 0	 0	 0	 0	 0	 0	 0	 0	 0	 0	 0	 42	 0	 0	 0	 0	 0	 0	 0	 0	 0	 0	 1606	 0	 0	 0	 0	 0	 0	 0	 0	 0	 0	 0	 0	 0	 0
"Prevotella lascolaii"	 0	 0	 0	 0	 0	 0	 0	 0	 0	 0	 0	 0	 0	 0	 0	 0	 0	 0	 0	 0	 0	 0	 0	 0	 0	 0	 0	 0	 0	 0	 0	 0	 0	 0	 0	 0	 0	 0	 0	 0	 0	 0	 0	 0	 0	 0	 0	 0	 0	 0	 0	 0	 0	 0	 0	 0	 0	 0	 0	 0	 0	 0	 0	 0	 0	 0	 0	 1022	 0	 0	 0	 0	 0	 0	 0	 0	 0	 0	 0	 0	 0	 0	 0	 0	 0	 0	 0	 0	 0	 0	 0	 0	 0	 0	 0	 0	 0
"Prevotella multisaccharivorax"	 0	 0	 0	 0	 0	 0	 0	 0	 0	 0	 0	 0	 0	 0	 0	 0	 361	 0	 0	 0	 0	 0	 0	 55	 0	 0	 0	 0	 0	 0	 0	 0	 0	 0	 0	 0	 0	 0	 354	 0	 357	 0	 0	 0	 0	 0	 0	 0	 0	 0	 0	 0	 0	 0	 0	 0	 0	 0	 0	 0	 0	 0	 0	 0	 0	 0	 0	 0	 0	 0	 0	 0	 0	 0	 0	 0	 0	 0	 0	 0	 0	 0	 0	 0	 0	 0	 0	 0	 0	 0	 0	 0	 0	 0	 0	 0	 0
"Prevotella sp000424185"	 0	 0	 0	 0	 0	 0	 0	 0	 0	 0	 0	 0	 0	 0	 0	 0	 0	 0	 0	 0	 0	 0	 0	 0	 0	 0	 0	 0	 0	 0	 0	 0	 0	 0	 0	 0	 0	 0	 41	 0	 0	 0	 0	 0	 0	 0	 0	 0	 0	 0	 0	 0	 0	 0	 0	 0	 0	 0	 0	 0	 0	 0	 0	 0	 0	 0	 0	 0	 0	 0	 0	 0	 0	 0	 0	 0	 0	 0	 0	 0	 0	 0	 0	 0	 0	 0	 0	 0	 0	 0	 0	 0	 0	 0	 0	 0	 0
"Prevotella sp000434515"	 0	 0	 0	 0	 0	 0	 0	 0	 0	 0	 0	 0	 0	 25	 0	 0	 0	 0	 0	 0	 0	 0	 0	 0	 0	 0	 0	 0	 0	 0	 0	 0	 1089	 0	 0	 0	 0	 0	 0	 0	 0	 0	 0	 0	 0	 0	 0	 0	 0	 0	 0	 0	 0	 0	 0	 0	 0	 0	 0	 0	 0	 0	 0	 0	 0	 86	 0	 0	 0	 0	 0	 0	 0	 0	 0	 945	 0	 0	 0	 0	 0	 0	 0	 0	 0	 0	 0	 0	 0	 0	 739	 0	 48	 0	 706	 0	 0
"Prevotella sp000434975"	 0	 0	 0	 0	 0	 0	 0	 0	 0	 0	 0	 0	 0	 0	 0	 0	 0	 0	 0	 0	 0	 0	 0	 0	 0	 0	 0	 0	 0	 0	 0	 0	 0	 0	 0	 0	 0	 0	 0	 0	 0	 0	 0	 0	 0	 0	 0	 0	 0	 0	 0	 0	 0	 0	 0	 0	 0	 0	 0	 0	 0	 0	 0	 0	 0	 0	 0	 0	 0	 0	 0	 0	 0	 0	 0	 503	 0	 0	 0	 0	 0	 0	 0	 0	 0	 0	 0	 0	 0	 0	 0	 0	 0	 0	 0	 0	 0
"Prevotella sp000436915"	 0	 0	 0	 0	 0	 0	 0	 0	 0	 0	 0	 0	 0	 0	 0	 0	 0	 0	 0	 0	 0	 0	 0	 0	 0	 0	 0	 0	 0	 0	 0	 0	 0	 0	 0	 0	 0	 0	 0	 0	 0	 0	 0	 0	 0	 0	 0	 0	 0	 0	 0	 0	 0	 0	 0	 0	 0	 0	 0	 0	 0	 0	 0	 0	 0	 0	 0	 0	 0	 0	 0	 0	 0	 0	 0	 432	 0	 0	 0	 0	 0	 0	 0	 0	 0	 0	 0	 0	 0	 0	 0	 0	 0	 0	 0	 0	 0
"Prevotella sp000834015"	 0	 0	 0	 0	 0	 0	 0	 0	 0	 0	 0	 0	 0	 0	 0	 0	 0	 0	 0	 0	 0	 0	 0	 0	 0	 0	 0	 0	 0	 0	 0	 0	 0	 0	 0	 0	 0	 0	 0	 0	 0	 0	 0	 0	 0	 0	 0	 0	 0	 0	 0	 0	 0	 0	 0	 0	 0	 0	 0	 0	 0	 0	 0	 0	 0	 0	 0	 0	 0	 0	 0	 0	 0	 0	 0	 62	 0	 0	 0	 0	 0	 0	 0	 0	 0	 0	 0	 0	 0	 0	 0	 0	 652	 0	 0	 0	 0
"Prevotella sp001275135"	 0	 0	 0	 1358	 0	 0	 0	 0	 0	 0	 0	 0	 0	 0	 0	 0	 0	 0	 0	 0	 0	 0	 0	 0	 0	 0	 0	 0	 0	 0	 0	 0	 0	 0	 0	 0	 0	 0	 0	 0	 0	 0	 0	 0	 0	 0	 0	 0	 0	 0	 0	 0	 0	 0	 0	 0	 0	 0	 0	 0	 0	 0	 0	 0	 0	 0	 0	 0	 0	 0	 0	 0	 0	 0	 0	 0	 0	 0	 0	 0	 0	 0	 0	 0	 0	 0	 0	 0	 0	 0	 0	 0	 0	 0	 0	 0	 0
"Prevotella sp002251385"	 0	 0	 0	 0	 0	 0	 0	 0	 0	 0	 0	 0	 0	 1841	 0	 0	 0	 0	 0	 0	 0	 0	 0	 0	 0	 0	 0	 0	 0	 0	 0	 0	 1799	 0	 0	 0	 0	 0	 0	 0	 0	 0	 0	 0	 0	 0	 0	 0	 0	 0	 0	 0	 0	 0	 0	 0	 0	 0	 0	 0	 0	 0	 0	 0	 0	 0	 0	 0	 0	 0	 0	 0	 0	 0	 0	 2032	 0	 0	 0	 0	 0	 0	 0	 0	 0	 0	 0	 0	 0	 0	 0	 0	 1849	 0	 0	 0	 0
"Prevotella sp002265625"	 0	 0	 0	 0	 0	 0	 0	 0	 0	 0	 0	 0	 0	 0	 0	 0	 0	 0	 0	 0	 0	 0	 0	 0	 0	 0	 0	 0	 487	 0	 0	 0	 536	 0	 0	 0	 0	 0	 0	 0	 0	 0	 0	 0	 0	 0	 0	 0	 0	 0	 0	 0	 0	 0	 0	 0	 0	 0	 0	 0	 0	 0	 0	 0	 0	 0	 0	 0	 0	 0	 0	 0	 0	 0	 0	 460	 0	 0	 0	 0	 0	 0	 0	 0	 0	 0	 0	 0	 0	 0	 0	 0	 479	 0	 0	 0	 0
"Prevotella sp002314055"	 0	 0	 0	 0	 0	 0	 0	 0	 0	 0	 0	 0	 0	 0	 0	 0	 0	 0	 0	 0	 0	 0	 0	 0	 0	 0	 0	 0	 0	 0	 0	 0	 0	 0	 0	 0	 0	 0	 0	 0	 0	 0	 0	 0	 0	 0	 0	 0	 0	 0	 0	 0	 0	 0	 0	 0	 0	 0	 0	 0	 0	 0	 0	 0	 0	 0	 0	 0	 0	 0	 0	 0	 0	 0	 0	 66	 0	 0	 0	 0	 0	 0	 0	 0	 0	 0	 0	 0	 0	 0	 0	 0	 0	 0	 0	 0	 0
"Prevotella sp002437565"	 0	 0	 0	 0	 0	 0	 0	 0	 0	 0	 0	 0	 0	 0	 0	 0	 115	 0	 0	 0	 0	 0	 0	 0	 0	 0	 0	 0	 0	 0	 0	 0	 0	 0	 0	 0	 0	 0	 110	 0	 112	 0	 0	 0	 0	 0	 0	 0	 0	 0	 0	 0	 0	 0	 0	 0	 0	 0	 0	 0	 0	 0	 0	 0	 0	 52	 0	 0	 0	 0	 0	 0	 0	 0	 0	 66	 0	 0	 0	 0	 0	 0	 0	 0	 0	 0	 0	 0	 0	 0	 0	 0	 0	 0	 0	 0	 0
"Prevotella sp002481295"	 0	 0	 0	 0	 0	 0	 0	 0	 0	 0	 0	 0	 0	 0	 0	 0	 0	 0	 0	 0	 0	 0	 0	 710	 0	 0	 0	 0	 0	 0	 0	 0	 0	 0	 0	 0	 0	 0	 0	 0	 0	 0	 0	 0	 0	 0	 0	 0	 0	 0	 0	 0	 0	 0	 0	 0	 0	 0	 0	 0	 0	 0	 0	 0	 0	 0	 0	 0	 0	 0	 0	 0	 0	 0	 0	 0	 0	 0	 0	 0	 0	 0	 0	 0	 0	 0	 0	 0	 0	 0	 0	 0	 0	 0	 0	 0	 0
"Prevotella sp003447235"	 0	 0	 851	 0	 0	 0	 0	 0	 0	 0	 0	 0	 0	 0	 0	 0	 0	 0	 0	 0	 0	 0	 0	 0	 0	 0	 0	 0	 0	 0	 0	 0	 866	 861	 0	 0	 0	 0	 0	 0	 0	 0	 0	 0	 0	 0	 0	 0	 0	 0	 0	 0	 0	 0	 0	 0	 0	 0	 0	 0	 0	 0	 0	 0	 0	 888	 0	 0	 0	 0	 0	 0	 0	 0	 0	 1012	 894	 0	 0	 0	 0	 0	 940	 0	 0	 0	 0	 0	 866	 0	 0	 0	 948	 0	 0	 0	 0
"Prevotella sp900290275"	 0	 0	 0	 0	 0	 0	 0	 0	 0	 0	 0	 0	 0	 0	 0	 535	 0	 0	 0	 0	 0	 0	 0	 0	 0	 0	 0	 0	 0	 0	 0	 0	 0	 0	 0	 0	 0	 0	 0	 0	 0	 0	 0	 0	 0	 0	 0	 0	 0	 0	 0	 0	 0	 0	 0	 0	 0	 0	 0	 0	 0	 0	 0	 0	 0	 0	 0	 0	 0	 0	 0	 0	 0	 0	 0	 602	 0	 0	 0	 0	 0	 0	 0	 0	 0	 0	 0	 0	 0	 0	 0	 0	 29	 0	 0	 0	 0
"Prevotella sp900313215"	 0	 0	 0	 0	 0	 0	 0	 0	 0	 0	 0	 0	 0	 0	 0	 0	 0	 0	 0	 0	 0	 0	 0	 0	 0	 0	 0	 0	 0	 0	 0	 0	 470	 0	 0	 0	 0	 0	 0	 0	 0	 0	 0	 0	 0	 0	 0	 0	 0	 0	 0	 0	 0	 0	 0	 0	 0	 0	 0	 0	 0	 0	 0	 0	 0	 446	 0	 0	 0	 0	 0	 0	 0	 0	 0	 441	 0	 0	 0	 0	 0	 0	 0	 0	 0	 0	 0	 0	 0	 0	 403	 0	 455	 0	 0	 0	 0
"Prevotella sp900557035"	 0	 0	 0	 0	 0	 0	 0	 54	 0	 0	 0	 0	 0	 607	 0	 0	 0	 0	 0	 0	 0	 0	 0	 0	 0	 0	 0	 0	 0	 0	 0	 0	 51	 0	 0	 0	 0	 0	 0	 0	 0	 549	 0	 0	 0	 0	 0	 0	 63	 0	 0	 0	 0	 0	 0	 0	 0	 0	 0	 0	 0	 0	 0	 0	 0	 84	 0	 0	 0	 0	 0	 0	 0	 0	 0	 91	 0	 0	 0	 0	 0	 0	 0	 364	 0	 0	 0	 0	 0	 0	 72	 0	 0	 0	 81	 0	 0
"Prevotella stercorea"	 0	 0	 0	 526	 0	 0	 0	 0	 0	 474	 0	 0	 0	 0	 0	 0	 422	 0	 470	 0	 0	 0	 0	 0	 0	 0	 0	 0	 0	 0	 0	 0	 0	 0	 0	 0	 0	 0	 0	 0	 0	 0	 0	 0	 0	 0	 0	 0	 0	 0	 0	 0	 0	 0	 0	 0	 0	 0	 0	 0	 0	 0	 0	 0	 0	 467	 0	 0	 0	 471	 0	 0	 0	 0	 0	 70	 0	 486	 0	 0	 458	 0	 0	 0	 0	 0	 0	 0	 0	 0	 485	 0	 32	 0	 0	 0	 0
"Prevotellamassilia sp002933955"	 0	 0	 0	 0	 0	 0	 0	 0	 0	 57	 0	 0	 0	 0	 0	 0	 0	 0	 0	 0	 0	 0	 0	 0	 0	 0	 0	 0	 0	 0	 0	 0	 0	 0	 0	 0	 0	 0	 0	 0	 0	 0	 0	 0	 0	 0	 0	 0	 0	 0	 0	 0	 0	 0	 0	 0	 0	 0	 0	 0	 0	 0	 0	 0	 0	 0	 0	 0	 0	 0	 0	 0	 0	 0	 0	 0	 0	 0	 0	 0	 0	 0	 0	 0	 0	 0	 0	 0	 0	 0	 0	 0	 0	 0	 0	 0	 0
"Prevotellamassilia timonensis"	 0	 0	 0	 0	 0	 0	 0	 0	 0	 0	 0	 0	 0	 0	 0	 0	 0	 0	 0	 0	 0	 0	 0	 0	 0	 0	 0	 0	 0	 0	 0	 0	 906	 0	 0	 0	 0	 0	 0	 0	 0	 0	 0	 0	 0	 0	 0	 0	 0	 0	 0	 0	 0	 0	 0	 0	 0	 0	 0	 0	 0	 0	 0	 0	 0	 196	 0	 0	 0	 0	 0	 0	 0	 0	 0	 165	 0	 0	 0	 0	 0	 0	 0	 955	 0	 0	 0	 0	 0	 0	 0	 0	 879	 0	 0	 0	 0
"UBA6398 sp003150315"	 0	 0	 0	 0	 0	 0	 0	 0	 0	 0	 0	 0	 0	 0	 0	 0	 0	 0	 0	 0	 0	 0	 0	 0	 0	 0	 0	 0	 0	 0	 0	 0	 0	 0	 0	 0	 0	 0	 0	 0	 62	 0	 0	 0	 0	 0	 0	 0	 0	 60	 0	 0	 0	 0	 0	 0	 0	 0	 0	 0	 0	 0	 0	 0	 0	 334	 0	 0	 0	 0	 0	 52	 0	 0	 0	 0	 0	 0	 0	 320	 0	 0	 0	 0	 54	 0	 0	 0	 0	 0	 0	 0	 0	 0	 0	 0	 0
"Barnesiella intestinihominis"	 0	 0	 844	 0	 1098	 775	 547	 0	 0	 0	 0	 1623	 0	 914	 0	 0	 0	 0	 230	 0	 198	 975	 0	 1976	 967	 0	 0	 1926	 377	 0	 0	 0	 0	 56	 1593	 921	 0	 0	 1866	 0	 1684	 958	 972	 0	 0	 0	 0	 1533	 0	 214	 1004	 0	 1070	 0	 951	 0	 0	 989	 0	 1353	 0	 0	 1163	 0	 0	 0	 702	 0	 1019	 0	 0	 0	 0	 1474	 0	 0	 1476	 63	 0	 981	 0	 0	 0	 0	 0	 0	 968	 0	 239	 521	 86	 0	 0	 0	 920	 994	 1435
"Coprobacter fastidiosus"	 0	 0	 0	 0	 0	 195	 0	 710	 0	 0	 0	 0	 0	 0	 0	 795	 0	 0	 0	 0	 0	 0	 84	 0	 0	 0	 0	 0	 0	 0	 0	 0	 0	 605	 0	 0	 0	 0	 326	 1081	 0	 840	 0	 0	 0	 0	 0	 123	 0	 0	 0	 0	 0	 0	 876	 1044	 0	 0	 0	 0	 0	 0	 302	 349	 970	 0	 843	 0	 0	 0	 0	 887	 0	 0	 937	 0	 939	 0	 0	 0	 0	 0	 0	 0	 883	 788	 843	 1331	 0	 0	 0	 0	 0	 0	 0	 0	 807
"Coprobacter secundus"	 83	 587	 435	 0	 0	 0	 0	 0	 0	 0	 0	 0	 0	 42	 0	 0	 0	 0	 0	 0	 132	 0	 956	 0	 0	 0	 0	 164	 0	 0	 0	 0	 0	 48	 0	 0	 0	 0	 370	 0	 391	 0	 0	 0	 0	 0	 0	 0	 0	 0	 0	 0	 198	 20	 0	 0	 0	 307	 0	 0	 0	 0	 0	 0	 0	 0	 230	 0	 0	 141	 0	 178	 33	 0	 0	 0	 0	 0	 0	 0	 0	 0	 0	 366	 0	 0	 0	 0	 0	 0	 0	 0	 0	 1341	 0	 0	 0
"Butyricimonas faecalis"	 0	 0	 0	 0	 0	 0	 0	 0	 0	 0	 0	 0	 0	 0	 0	 0	 0	 0	 0	 0	 0	 0	 59	 0	 0	 0	 0	 0	 0	 55	 0	 32	 0	 49	 0	 0	 0	 0	 0	 0	 0	 0	 0	 0	 0	 0	 0	 0	 0	 0	 0	 0	 0	 0	 0	 0	 0	 0	 0	 0	 0	 0	 0	 0	 0	 332	 0	 0	 0	 0	 0	 0	 0	 0	 0	 0	 0	 0	 0	 0	 0	 0	 0	 0	 0	 0	 0	 0	 0	 0	 0	 0	 0	 0	 0	 0	 0
"Butyricimonas faecihominis"	 0	 57	 98	 148	 907	 292	 0	 0	 0	 0	 0	 81	 1815	 50	 0	 153	 101	 0	 221	 191	 749	 977	 274	 518	 1790	 2299	 58	 934	 540	 153	 0	 195	 0	 270	 2231	 0	 0	 0	 0	 63	 1325	 1222	 1395	 0	 0	 0	 0	 1088	 0	 711	 299	 0	 0	 0	 166	 1396	 0	 51	 0	 0	 1350	 831	 577	 1161	 56	 0	 205	 0	 580	 535	 0	 69	 0	 201	 115	 0	 51	 146	 0	 179	 58	 0	 202	 101	 232	 0	 0	 1309	 0	 0	 0	 0	 0	 0	 0	 162	 185
"Butyricimonas sp002161485"	 0	 0	 0	 200	 116	 804	 0	 0	 0	 0	 0	 56	 67	 0	 0	 290	 148	 0	 540	 387	 381	 189	 429	 65	 74	 40	 0	 45	 436	 114	 0	 461	 0	 370	 65	 0	 0	 0	 0	 179	 303	 66	 302	 0	 0	 0	 0	 427	 0	 130	 26	 0	 0	 0	 270	 230	 0	 79	 0	 0	 433	 120	 70	 98	 0	 0	 388	 0	 53	 511	 0	 0	 0	 193	 184	 0	 96	 294	 0	 348	 97	 0	 313	 0	 417	 0	 0	 468	 0	 0	 71	 0	 0	 0	 0	 339	 1997
"Butyricimonas sp003479425"	 0	 0	 0	 0	 0	 0	 0	 0	 0	 0	 0	 0	 0	 0	 0	 0	 0	 0	 0	 0	 0	 0	 148	 0	 0	 0	 0	 0	 0	 0	 0	 0	 0	 0	 0	 0	 0	 0	 0	 0	 0	 0	 0	 0	 0	 0	 0	 0	 0	 0	 0	 0	 0	 0	 0	 0	 0	 0	 0	 0	 0	 0	 0	 0	 0	 0	 0	 0	 0	 0	 371	 0	 0	 0	 0	 0	 0	 0	 0	 0	 0	 0	 0	 0	 0	 0	 0	 0	 0	 0	 0	 0	 0	 0	 0	 0	 0
"Butyricimonas sp900184685"	 0	 0	 0	 0	 0	 0	 0	 0	 0	 0	 0	 0	 0	 0	 0	 0	 0	 0	 0	 0	 0	 0	 619	 0	 0	 0	 0	 0	 0	 0	 0	 0	 0	 0	 0	 0	 0	 0	 0	 0	 0	 0	 0	 0	 0	 0	 0	 0	 0	 0	 0	 0	 0	 0	 0	 0	 0	 0	 0	 0	 0	 0	 0	 0	 0	 0	 0	 0	 0	 0	 0	 0	 0	 0	 0	 0	 0	 0	 0	 0	 0	 0	 0	 0	 0	 0	 0	 0	 0	 0	 0	 0	 0	 0	 0	 0	 0
"Butyricimonas synergistica"	 0	 0	 0	 0	 0	 0	 0	 0	 0	 0	 0	 0	 0	 0	 0	 0	 0	 0	 0	 0	 0	 0	 1169	 2206	 0	 0	 0	 166	 0	 0	 0	 0	 0	 0	 0	 0	 0	 0	 0	 0	 0	 0	 0	 0	 0	 0	 0	 0	 0	 0	 0	 0	 0	 0	 0	 0	 0	 0	 0	 0	 0	 0	 0	 0	 0	 0	 0	 0	 0	 0	 0	 0	 0	 0	 71	 0	 0	 0	 0	 0	 0	 0	 0	 0	 0	 0	 0	 0	 0	 0	 0	 0	 0	 0	 0	 0	 0
"Butyricimonas virosa"	 31	 326	 256	 1407	 381	 277	 0	 347	 0	 0	 0	 1582	 1269	 0	 0	 184	 386	 0	 269	 255	 172	 238	 1946	 910	 169	 192	 1823	 153	 287	 1118	 0	 229	 54	 732	 461	 0	 0	 0	 0	 1124	 238	 172	 752	 0	 0	 0	 0	 298	 0	 197	 94	 0	 112	 0	 205	 222	 0	 48	 0	 168	 211	 179	 607	 287	 1773	 39	 423	 0	 117	 174	 49	 1613	 0	 187	 402	 0	 92	 184	 0	 183	 2518	 32	 202	 2139	 259	 0	 0	 262	 0	 0	 74	 0	 343	 0	 0	 189	 173
"Gabonibacter massiliensis"	 0	 0	 0	 119	 0	 0	 0	 0	 0	 0	 0	 0	 0	 0	 0	 0	 0	 0	 0	 0	 0	 0	 0	 0	 0	 0	 0	 0	 0	 0	 0	 0	 0	 0	 0	 0	 0	 0	 0	 0	 0	 0	 0	 0	 0	 0	 0	 0	 0	 0	 0	 0	 0	 0	 0	 0	 0	 0	 0	 0	 0	 0	 0	 0	 0	 0	 0	 0	 0	 0	 0	 0	 0	 0	 0	 0	 0	 0	 0	 0	 0	 0	 0	 0	 0	 0	 0	 0	 0	 0	 0	 0	 0	 0	 0	 0	 0
"Odoribacter laneus"	 0	 0	 356	 959	 0	 0	 0	 0	 0	 0	 0	 0	 0	 0	 0	 0	 100	 0	 0	 0	 0	 0	 0	 0	 0	 0	 0	 0	 0	 0	 0	 0	 0	 0	 0	 0	 0	 0	 0	 0	 0	 0	 0	 0	 0	 0	 0	 0	 0	 0	 0	 0	 0	 0	 0	 0	 0	 0	 0	 0	 0	 0	 0	 197	 0	 0	 0	 0	 0	 0	 0	 0	 0	 0	 0	 0	 1160	 0	 0	 0	 0	 0	 0	 0	 0	 0	 0	 0	 0	 0	 0	 0	 0	 0	 0	 0	 0
"Odoribacter massiliensis"	 0	 0	 0	 0	 0	 1826	 0	 0	 0	 0	 0	 0	 0	 0	 0	 0	 0	 0	 47	 0	 0	 0	 0	 0	 0	 0	 0	 0	 0	 0	 0	 0	 0	 0	 0	 0	 0	 0	 0	 0	 0	 0	 309	 0	 0	 0	 0	 0	 0	 0	 0	 0	 0	 0	 0	 0	 0	 0	 0	 0	 0	 0	 0	 0	 0	 0	 0	 0	 0	 0	 0	 0	 0	 0	 0	 0	 0	 0	 0	 0	 0	 0	 0	 0	 0	 0	 0	 0	 0	 0	 0	 0	 0	 0	 0	 0	 0
"Odoribacter splanchnicus"	 2639	 2717	 1969	 3123	 733	 333	 169	 2467	 0	 1181	 0	 2433	 2562	 597	 842	 1684	 2456	 0	 1645	 2498	 2507	 2532	 2476	 2496	 1568	 327	 2083	 1758	 1485	 2645	 0	 0	 0	 419	 2074	 2169	 0	 2664	 2527	 2051	 2024	 267	 1143	 0	 0	 0	 0	 1827	 2591	 2438	 1702	 0	 2495	 53	 1780	 1449	 991	 588	 313	 2598	 0	 2719	 1666	 0	 2026	 132	 1476	 0	 1012	 2443	 2706	 2292	 0	 2034	 2115	 415	 1854	 1102	 0	 2629	 1084	 2348	 152	 2477	 2116	 411	 2463	 2307	 852	 0	 2348	 0	 0	 0	 1297	 1485	 1988
"CAG-1031 sp000431215"	 0	 0	 0	 1170	 0	 0	 0	 0	 0	 0	 0	 0	 0	 0	 0	 0	 0	 0	 0	 0	 0	 0	 0	 0	 0	 0	 0	 0	 0	 0	 0	 0	 0	 0	 0	 0	 0	 0	 0	 0	 0	 0	 0	 0	 0	 0	 0	 0	 0	 0	 0	 0	 0	 0	 0	 0	 0	 0	 0	 0	 0	 0	 0	 0	 0	 0	 0	 0	 0	 0	 0	 0	 0	 0	 0	 0	 0	 0	 0	 0	 0	 0	 0	 0	 0	 0	 0	 0	 0	 0	 0	 0	 0	 0	 0	 1162	 0
"CAG-279 sp000437795"	 0	 0	 0	 0	 0	 0	 0	 834	 0	 0	 0	 0	 0	 0	 0	 0	 0	 0	 0	 0	 948	 0	 0	 0	 0	 0	 0	 0	 0	 0	 0	 0	 963	 0	 0	 820	 0	 0	 0	 0	 0	 0	 0	 0	 0	 0	 0	 0	 0	 0	 0	 0	 0	 0	 0	 0	 0	 0	 0	 0	 0	 0	 0	 0	 0	 46	 0	 872	 0	 0	 0	 0	 0	 0	 0	 196	 0	 0	 0	 0	 0	 0	 867	 922	 0	 0	 0	 0	 0	 0	 0	 0	 882	 0	 0	 0	 0
"CAG-485 sp002362485"	 0	 0	 0	 109	 0	 0	 0	 0	 0	 0	 0	 0	 0	 0	 0	 0	 0	 0	 0	 0	 0	 0	 0	 0	 0	 0	 0	 0	 0	 0	 0	 0	 0	 0	 0	 0	 0	 0	 0	 0	 0	 0	 0	 0	 0	 0	 0	 0	 0	 0	 0	 0	 0	 0	 0	 0	 0	 0	 0	 0	 0	 0	 0	 0	 0	 0	 0	 0	 0	 0	 0	 0	 0	 0	 0	 0	 0	 0	 0	 0	 0	 0	 0	 0	 0	 0	 0	 0	 0	 0	 0	 0	 0	 0	 0	 0	 0
"Muribaculum sp003150235"	 33	 45	 0	 0	 0	 0	 0	 0	 0	 0	 0	 0	 0	 0	 0	 0	 0	 0	 0	 0	 0	 0	 0	 71	 0	 0	 0	 0	 0	 0	 0	 0	 0	 0	 0	 0	 0	 0	 0	 0	 0	 0	 0	 0	 0	 0	 0	 0	 0	 0	 0	 0	 0	 0	 0	 0	 0	 0	 0	 0	 0	 0	 0	 0	 0	 0	 1437	 0	 0	 0	 0	 0	 0	 0	 0	 0	 0	 0	 0	 0	 0	 0	 0	 0	 0	 0	 0	 0	 0	 0	 0	 0	 0	 0	 0	 0	 0
"Alistipes finegoldii"	 1258	 1402	 246	 0	 68	 0	 0	 0	 0	 84	 0	 64	 0	 210	 0	 0	 66	 0	 32	 552	 241	 1286	 538	 441	 153	 0	 1392	 388	 0	 0	 0	 0	 0	 52	 613	 1294	 0	 0	 0	 0	 1431	 0	 1281	 0	 0	 0	 0	 0	 0	 0	 57	 0	 0	 0	 0	 0	 0	 0	 0	 95	 0	 0	 0	 525	 0	 0	 640	 0	 0	 198	 0	 0	 0	 0	 59	 0	 775	 0	 0	 1039	 544	 0	 591	 1293	 49	 0	 0	 1417	 1123	 39	 0	 28	 573	 0	 0	 63	 64
"Alistipes obesi"	 0	 0	 432	 1083	 1198	 605	 0	 1423	 0	 410	 0	 0	 173	 38	 0	 0	 1161	 0	 0	 0	 1083	 1038	 0	 727	 0	 1439	 527	 0	 551	 0	 0	 695	 375	 1476	 1057	 0	 0	 0	 0	 0	 1428	 1329	 139	 0	 0	 0	 0	 39	 0	 279	 49	 0	 1212	 0	 1338	 1282	 0	 999	 210	 737	 0	 0	 0	 863	 1232	 0	 1259	 0	 0	 1107	 0	 1380	 0	 0	 0	 0	 1241	 0	 1725	 672	 31	 0	 0	 1088	 1666	 0	 1288	 762	 0	 0	 1388	 0	 65	 0	 0	 649	 474
"Alistipes onderdonkii"	 25	 35	 0	 1643	 284	 731	 0	 976	 0	 455	 995	 46	 2009	 258	 63	 994	 1440	 0	 1217	 523	 1584	 399	 185	 80	 1527	 1022	 111	 55	 0	 0	 0	 1438	 34	 554	 1296	 188	 0	 0	 0	 1758	 60	 1384	 1609	 0	 0	 0	 405	 1211	 0	 64	 80	 0	 875	 0	 0	 0	 1743	 717	 510	 45	 1617	 486	 0	 1411	 752	 0	 1064	 0	 1278	 972	 0	 53	 750	 615	 1059	 0	 285	 40	 1753	 1741	 35	 0	 846	 1049	 1422	 0	 589	 1278	 887	 1014	 0	 1620	 866	 0	 0	 1576	 1758
"Alistipes putredinis"	 1243	 1265	 1257	 1144	 1417	 0	 0	 1282	 0	 0	 0	 889	 0	 1359	 1301	 0	 1261	 0	 914	 967	 940	 1424	 1338	 928	 0	 873	 912	 1206	 0	 0	 126	 0	 35	 1347	 1120	 1385	 0	 0	 0	 51	 1432	 1329	 1130	 0	 0	 0	 1211	 1209	 0	 1328	 1384	 0	 1242	 0	 967	 0	 0	 31	 417	 931	 69	 0	 0	 1176	 0	 117	 1274	 0	 0	 1330	 1474	 0	 0	 1244	 1270	 0	 1092	 1040	 1199	 1186	 1215	 0	 1409	 971	 41	 0	 42	 53	 1347	 494	 0	 0	 0	 0	 295	 1301	 1477
"Alistipes senegalensis"	 0	 0	 133	 0	 964	 0	 0	 267	 0	 0	 0	 38	 0	 0	 0	 0	 0	 0	 0	 0	 0	 0	 0	 0	 0	 0	 0	 31	 413	 0	 0	 0	 0	 0	 0	 0	 0	 0	 188	 0	 987	 76	 50	 0	 0	 0	 0	 0	 0	 41	 0	 0	 0	 0	 0	 0	 0	 181	 0	 0	 0	 0	 0	 61	 0	 0	 903	 0	 0	 64	 0	 0	 0	 0	 0	 0	 957	 0	 0	 66	 0	 0	 0	 0	 0	 0	 0	 264	 90	 0	 371	 749	 0	 0	 60	 515	 0
"Alistipes shahii"	 1457	 1642	 1532	 230	 1750	 1169	 0	 207	 0	 173	 0	 1234	 0	 165	 0	 0	 1325	 0	 626	 35	 1302	 1416	 0	 1410	 0	 298	 1702	 0	 1452	 0	 0	 0	 609	 1480	 1100	 38	 0	 0	 0	 1562	 71	 1449	 1397	 0	 0	 0	 1368	 228	 0	 1974	 1376	 0	 0	 0	 0	 0	 0	 47	 21	 1396	 111	 0	 1034	 1437	 0	 480	 1458	 102	 0	 1431	 70	 1365	 166	 1233	 1394	 0	 1393	 1418	 0	 554	 85	 0	 0	 1344	 35	 0	 1993	 92	 1159	 0	 1336	 70	 42	 0	 490	 124	 1325
"Alistipes sp000434235"	 0	 0	 0	 0	 0	 0	 0	 0	 0	 0	 0	 0	 0	 0	 0	 0	 0	 0	 0	 0	 0	 0	 0	 0	 0	 0	 0	 0	 0	 0	 0	 0	 0	 0	 0	 0	 0	 0	 0	 0	 0	 0	 0	 0	 0	 0	 0	 0	 0	 0	 0	 0	 0	 0	 0	 0	 0	 0	 0	 0	 0	 0	 0	 0	 0	 0	 0	 0	 0	 0	 0	 0	 0	 0	 0	 0	 0	 0	 0	 0	 0	 0	 0	 324	 0	 0	 0	 0	 0	 0	 0	 0	 0	 0	 0	 37	 0
"Alistipes sp002159375"	 0	 0	 0	 0	 0	 132	 0	 0	 0	 0	 0	 0	 0	 0	 0	 0	 0	 0	 0	 0	 0	 0	 0	 0	 0	 0	 0	 0	 0	 0	 0	 0	 0	 0	 0	 0	 0	 0	 0	 0	 0	 0	 0	 0	 0	 0	 0	 0	 0	 0	 0	 0	 0	 0	 0	 0	 0	 0	 0	 0	 0	 0	 0	 0	 0	 0	 0	 0	 0	 0	 0	 0	 0	 0	 0	 0	 0	 0	 0	 0	 0	 0	 0	 0	 0	 0	 0	 0	 0	 0	 0	 0	 0	 0	 0	 0	 0
"Alistipes sp002161445"	 0	 0	 0	 0	 0	 725	 0	 0	 0	 0	 0	 0	 0	 0	 0	 0	 0	 0	 0	 0	 0	 0	 0	 0	 0	 0	 0	 0	 0	 0	 0	 0	 0	 0	 0	 0	 0	 0	 0	 0	 0	 0	 0	 0	 0	 0	 0	 0	 0	 0	 0	 0	 0	 0	 0	 0	 0	 0	 0	 0	 0	 0	 0	 0	 0	 0	 0	 0	 0	 0	 0	 0	 0	 0	 0	 0	 0	 0	 0	 0	 0	 0	 0	 0	 0	 0	 0	 0	 0	 0	 0	 0	 0	 0	 0	 0	 0
"Alistipes sp006542685"	 0	 0	 0	 0	 0	 0	 0	 0	 0	 0	 0	 582	 118	 0	 0	 0	 0	 18	 0	 720	 589	 0	 774	 0	 870	 748	 0	 0	 0	 0	 0	 85	 0	 0	 142	 593	 52	 0	 704	 0	 0	 836	 254	 0	 0	 0	 0	 0	 597	 102	 0	 0	 0	 0	 493	 0	 0	 491	 164	 0	 0	 0	 849	 487	 0	 0	 0	 0	 0	 0	 0	 0	 0	 0	 0	 0	 44	 0	 0	 0	 405	 0	 0	 0	 0	 0	 0	 0	 0	 0	 0	 0	 0	 73	 0	 699	 0
"Alistipes sp900021155"	 0	 0	 0	 0	 0	 0	 0	 0	 0	 0	 0	 0	 0	 0	 0	 0	 0	 0	 0	 0	 0	 0	 0	 0	 0	 33	 0	 0	 0	 0	 0	 0	 0	 0	 0	 0	 0	 0	 0	 0	 0	 0	 0	 0	 0	 0	 0	 0	 0	 0	 0	 0	 0	 0	 0	 0	 0	 0	 0	 0	 0	 0	 0	 0	 0	 0	 0	 0	 0	 0	 0	 0	 0	 0	 0	 0	 0	 0	 0	 0	 0	 0	 0	 0	 0	 0	 0	 0	 0	 0	 0	 0	 0	 0	 0	 40	 0
"Alistipes sp900083545"	 0	 0	 0	 84	 0	 0	 0	 0	 0	 0	 0	 90	 0	 0	 0	 0	 0	 0	 0	 0	 0	 0	 0	 94	 0	 0	 0	 0	 0	 0	 0	 0	 0	 0	 51	 0	 0	 0	 0	 0	 0	 0	 0	 0	 0	 0	 0	 0	 306	 0	 0	 0	 0	 0	 0	 0	 0	 37	 0	 0	 0	 0	 0	 0	 0	 0	 0	 0	 0	 0	 0	 0	 0	 0	 0	 0	 0	 205	 0	 0	 0	 0	 0	 0	 0	 0	 0	 0	 0	 0	 0	 0	 0	 0	 0	 0	 0
"Alistipes sp900290115"	 0	 0	 0	 0	 0	 0	 0	 0	 0	 0	 0	 0	 0	 0	 0	 0	 0	 0	 0	 0	 0	 0	 0	 58	 0	 0	 0	 0	 0	 0	 0	 0	 0	 0	 0	 0	 0	 0	 0	 0	 0	 0	 0	 0	 0	 0	 0	 0	 0	 1040	 0	 0	 0	 0	 0	 0	 0	 0	 0	 0	 0	 0	 0	 0	 0	 0	 0	 0	 0	 0	 0	 0	 0	 0	 0	 0	 0	 0	 0	 0	 0	 0	 0	 0	 0	 0	 0	 0	 0	 0	 0	 0	 0	 0	 0	 0	 0
"Alistipes timonensis"	 0	 0	 0	 72	 0	 0	 0	 0	 0	 0	 0	 0	 0	 0	 0	 0	 0	 0	 0	 0	 0	 0	 0	 0	 0	 0	 0	 0	 0	 0	 0	 0	 0	 0	 0	 0	 0	 0	 0	 0	 0	 0	 0	 0	 0	 0	 0	 0	 0	 0	 0	 0	 0	 0	 0	 0	 0	 0	 0	 0	 0	 0	 0	 0	 0	 0	 0	 0	 0	 0	 0	 0	 0	 0	 0	 0	 0	 0	 0	 0	 0	 0	 0	 0	 0	 0	 0	 0	 0	 0	 0	 24	 0	 0	 0	 0	 0
"Alistipes_A ihumii"	 0	 0	 0	 0	 126	 0	 0	 71	 0	 0	 0	 316	 147	 0	 0	 284	 70	 0	 0	 0	 386	 0	 423	 0	 0	 0	 96	 0	 0	 0	 0	 0	 0	 52	 134	 0	 0	 0	 0	 0	 0	 131	 465	 0	 0	 0	 0	 0	 0	 78	 0	 0	 176	 0	 0	 0	 0	 0	 0	 0	 0	 0	 0	 86	 0	 0	 263	 0	 92	 142	 0	 0	 0	 0	 0	 0	 403	 0	 0	 43	 0	 0	 0	 0	 0	 0	 0	 0	 0	 0	 0	 0	 103	 0	 0	 273	 283
"Alistipes_A indistinctus"	 74	 648	 0	 0	 893	 92	 0	 656	 371	 0	 0	 0	 159	 0	 0	 602	 0	 0	 581	 66	 0	 360	 0	 441	 0	 0	 0	 0	 562	 0	 0	 0	 0	 91	 0	 392	 0	 0	 1054	 0	 374	 1189	 1024	 0	 0	 0	 0	 0	 217	 0	 0	 0	 0	 0	 0	 0	 0	 0	 0	 0	 746	 0	 0	 764	 0	 93	 174	 0	 0	 0	 941	 84	 0	 148	 0	 0	 601	 130	 0	 151	 223	 0	 839	 994	 0	 0	 0	 80	 46	 0	 110	 201	 0	 0	 0	 640	 0
"Alistipes_A sp900240235"	 0	 113	 139	 0	 113	 0	 0	 0	 0	 80	 0	 0	 0	 0	 0	 0	 855	 0	 0	 0	 785	 50	 0	 481	 0	 0	 65	 145	 547	 0	 0	 0	 0	 152	 81	 163	 0	 0	 580	 284	 203	 0	 350	 0	 0	 0	 234	 398	 0	 0	 0	 0	 0	 0	 77	 0	 0	 0	 0	 0	 950	 98	 0	 239	 667	 0	 1471	 0	 136	 0	 0	 0	 0	 73	 132	 0	 634	 0	 329	 139	 226	 0	 883	 1311	 0	 0	 0	 1043	 0	 0	 0	 0	 0	 0	 0	 68	 321
"Tidjanibacter inops"	 0	 0	 0	 441	 0	 460	 0	 0	 432	 589	 0	 0	 590	 0	 0	 0	 0	 0	 0	 0	 0	 0	 0	 0	 0	 0	 0	 0	 0	 0	 0	 0	 0	 0	 0	 0	 0	 0	 0	 0	 1131	 0	 0	 0	 0	 0	 0	 0	 0	 0	 0	 0	 832	 0	 0	 0	 0	 694	 0	 0	 0	 0	 97	 0	 0	 0	 0	 0	 446	 812	 0	 0	 0	 0	 0	 0	 0	 0	 0	 0	 0	 0	 0	 0	 0	 0	 450	 772	 0	 0	 0	 0	 0	 0	 0	 0	 0
"Parabacteroides acidifaciens"	 0	 0	 0	 0	 0	 0	 0	 0	 0	 0	 0	 0	 0	 0	 0	 0	 278	 0	 0	 0	 0	 0	 0	 0	 0	 0	 0	 0	 0	 0	 0	 0	 0	 0	 0	 0	 0	 0	 0	 0	 0	 0	 0	 0	 0	 0	 0	 0	 0	 0	 0	 0	 0	 0	 0	 0	 0	 0	 0	 0	 0	 0	 0	 531	 0	 0	 0	 0	 0	 0	 0	 0	 0	 0	 0	 0	 0	 0	 0	 0	 0	 0	 0	 0	 0	 0	 0	 0	 0	 0	 0	 0	 0	 0	 0	 0	 0
"Parabacteroides chinchillae"	 0	 0	 0	 0	 0	 0	 0	 0	 0	 0	 0	 0	 0	 0	 0	 0	 0	 0	 0	 0	 0	 0	 0	 0	 0	 0	 0	 0	 0	 0	 0	 0	 0	 0	 0	 0	 0	 0	 0	 0	 0	 0	 52	 0	 0	 0	 0	 0	 0	 0	 0	 0	 0	 0	 0	 0	 0	 0	 0	 0	 0	 0	 0	 0	 0	 0	 0	 0	 0	 0	 0	 0	 0	 0	 0	 0	 0	 0	 0	 0	 0	 0	 0	 0	 0	 0	 0	 0	 0	 0	 0	 0	 0	 0	 0	 0	 0
"Parabacteroides distasonis"	 1819	 3008	 2632	 2368	 2654	 2428	 1008	 1033	 1817	 2362	 2597	 2180	 2911	 1990	 3161	 2680	 2875	 2116	 2839	 2169	 3064	 886	 786	 2707	 2876	 2987	 2346	 2446	 2441	 1068	 915	 2572	 72	 2431	 2902	 1873	 27	 2850	 2535	 2758	 2377	 1737	 2847	 2339	 1732	 2486	 3139	 76	 2405	 3019	 2672	 2988	 2938	 2508	 2572	 2405	 1084	 2754	 564	 2765	 2943	 3013	 2543	 2993	 2981	 610	 2540	 2669	 2227	 2810	 2314	 2560	 1966	 2261	 2675	 0	 2481	 2394	 2616	 2567	 2455	 1583	 1899	 2316	 881	 2522	 2990	 3456	 1059	 1345	 2776	 2631	 2639	 0	 188	 2808	 3025
"Parabacteroides distasonis_A"	 0	 0	 0	 0	 0	 0	 0	 0	 0	 0	 0	 0	 0	 0	 0	 0	 0	 20	 0	 0	 0	 0	 0	 0	 0	 0	 0	 0	 0	 0	 0	 0	 0	 0	 0	 0	 0	 0	 0	 0	 0	 0	 0	 0	 0	 0	 0	 0	 0	 0	 0	 0	 0	 0	 0	 0	 0	 0	 0	 0	 0	 0	 0	 0	 0	 0	 0	 0	 0	 0	 0	 0	 0	 0	 0	 0	 0	 0	 0	 0	 0	 0	 0	 0	 0	 0	 0	 0	 0	 0	 0	 0	 0	 0	 0	 0	 0
"Parabacteroides goldsteinii"	 0	 0	 465	 0	 0	 429	 0	 0	 33	 0	 0	 0	 0	 0	 0	 0	 256	 0	 0	 0	 0	 0	 882	 0	 0	 438	 0	 0	 0	 0	 0	 0	 0	 0	 0	 0	 0	 0	 0	 0	 0	 0	 290	 0	 0	 0	 0	 0	 0	 0	 0	 0	 0	 0	 0	 0	 0	 0	 0	 0	 0	 0	 0	 118	 1169	 0	 0	 0	 0	 0	 1037	 148	 0	 0	 0	 0	 0	 0	 0	 96	 0	 0	 0	 2172	 567	 0	 0	 0	 344	 0	 0	 759	 0	 0	 0	 0	 0
"Parabacteroides gordonii"	 0	 0	 0	 0	 0	 3094	 0	 0	 1085	 0	 0	 0	 0	 0	 0	 0	 94	 0	 0	 0	 0	 0	 0	 0	 0	 0	 0	 0	 0	 0	 0	 0	 0	 0	 0	 0	 0	 0	 61	 0	 0	 0	 0	 0	 0	 0	 0	 0	 0	 0	 0	 0	 0	 0	 0	 0	 0	 0	 0	 0	 0	 0	 0	 57	 0	 0	 0	 0	 0	 55	 101	 0	 0	 0	 0	 0	 0	 0	 0	 0	 0	 0	 0	 0	 0	 0	 0	 0	 0	 0	 0	 55	 0	 0	 0	 0	 0
"Parabacteroides johnsonii"	 0	 0	 58	 78	 192	 0	 0	 0	 0	 116	 39	 56	 130	 0	 0	 40	 1440	 0	 34	 0	 72	 0	 0	 0	 54	 39	 69	 63	 58	 0	 50	 0	 72	 158	 201	 0	 109	 34	 1037	 0	 43	 70	 66	 0	 0	 0	 0	 0	 1156	 77	 37	 55	 47	 53	 40	 601	 418	 92	 156	 49	 121	 482	 50	 58	 66	 0	 0	 0	 0	 72	 32	 42	 45	 0	 49	 0	 0	 102	 1624	 0	 0	 0	 55	 60	 0	 28	 2039	 61	 845	 0	 0	 0	 32	 0	 0	 48	 65
"Parabacteroides merdae"	 23	 0	 1991	 717	 2480	 0	 283	 67	 35	 1412	 2245	 2090	 1960	 2457	 0	 2590	 192	 0	 286	 2191	 1671	 1820	 2283	 470	 2058	 2283	 1636	 1473	 2135	 2183	 1166	 36	 1075	 1158	 1899	 85	 2064	 2200	 216	 370	 2639	 2154	 1981	 0	 28	 19	 2609	 2580	 212	 2235	 2238	 2048	 2338	 1607	 2101	 1463	 132	 2204	 131	 2387	 2063	 154	 1805	 2308	 2133	 470	 180	 1851	 0	 1842	 57	 0	 876	 1788	 603	 0	 1024	 1734	 93	 0	 2002	 31	 2240	 2040	 2445	 2398	 242	 2765	 173	 866	 1679	 24	 277	 23	 181	 631	 2228
"Parabacteroides sp000436495"	 0	 0	 0	 0	 0	 0	 73	 0	 0	 0	 0	 0	 0	 0	 0	 0	 0	 0	 0	 0	 0	 0	 352	 0	 0	 0	 0	 0	 0	 0	 0	 0	 0	 0	 0	 0	 0	 0	 0	 0	 0	 0	 0	 0	 0	 0	 0	 357	 0	 0	 0	 0	 0	 0	 0	 480	 0	 0	 0	 0	 0	 0	 0	 0	 0	 0	 0	 0	 0	 0	 0	 0	 343	 0	 0	 0	 0	 0	 0	 0	 0	 0	 0	 0	 0	 0	 0	 0	 0	 0	 0	 0	 0	 0	 0	 0	 0
"Parabacteroides sp003473295"	 0	 0	 0	 0	 0	 0	 0	 0	 0	 0	 0	 0	 0	 0	 0	 0	 464	 0	 0	 0	 0	 0	 0	 0	 0	 0	 0	 0	 0	 0	 0	 0	 0	 0	 0	 0	 0	 0	 0	 0	 0	 0	 0	 0	 0	 0	 0	 0	 0	 0	 0	 0	 0	 0	 0	 0	 0	 0	 0	 0	 0	 0	 0	 0	 0	 0	 0	 0	 0	 0	 0	 0	 0	 0	 0	 0	 0	 0	 0	 0	 0	 0	 0	 0	 0	 0	 0	 0	 0	 0	 0	 0	 0	 0	 0	 0	 0
"Parabacteroides sp003479145"	 0	 0	 0	 719	 0	 0	 0	 0	 0	 0	 0	 0	 0	 0	 0	 0	 82	 0	 0	 0	 0	 0	 0	 0	 0	 0	 0	 0	 0	 0	 0	 0	 0	 0	 0	 0	 0	 0	 0	 0	 0	 0	 0	 0	 0	 0	 0	 0	 0	 0	 0	 0	 0	 0	 0	 0	 0	 0	 0	 0	 0	 0	 0	 0	 0	 0	 0	 0	 0	 0	 95	 0	 0	 0	 0	 0	 0	 0	 0	 0	 0	 0	 0	 149	 0	 0	 0	 0	 0	 0	 0	 34	 0	 0	 0	 0	 46
"Parabacteroides sp003480915"	 0	 0	 0	 0	 499	 0	 0	 0	 0	 0	 0	 0	 0	 0	 0	 0	 0	 0	 0	 0	 0	 0	 0	 0	 0	 0	 0	 0	 0	 0	 0	 0	 0	 0	 0	 0	 0	 0	 0	 0	 0	 0	 0	 0	 0	 0	 0	 0	 0	 0	 43	 0	 0	 0	 0	 0	 0	 0	 0	 0	 0	 0	 0	 0	 62	 0	 0	 0	 0	 0	 0	 0	 0	 0	 0	 0	 0	 0	 0	 0	 0	 0	 0	 1116	 0	 0	 0	 0	 0	 0	 0	 0	 0	 0	 0	 0	 0
"Parabacteroides sp900155425"	 0	 0	 0	 0	 0	 0	 0	 0	 0	 0	 0	 0	 0	 0	 0	 0	 0	 0	 0	 0	 0	 0	 0	 0	 0	 0	 35	 0	 0	 0	 0	 0	 0	 0	 0	 0	 0	 0	 0	 0	 0	 0	 0	 0	 0	 0	 33	 0	 0	 0	 0	 0	 0	 0	 0	 38	 0	 0	 0	 0	 0	 0	 0	 0	 0	 0	 0	 0	 0	 0	 0	 0	 0	 0	 0	 0	 0	 0	 0	 0	 0	 0	 0	 0	 0	 0	 0	 0	 0	 0	 0	 0	 0	 0	 1567	 0	 0
"Parabacteroides timonensis"	 0	 0	 0	 0	 0	 158	 0	 0	 37	 0	 0	 0	 0	 0	 0	 0	 70	 0	 0	 0	 0	 0	 0	 0	 0	 0	 0	 0	 0	 0	 0	 0	 0	 0	 0	 0	 0	 0	 0	 0	 0	 0	 0	 0	 0	 0	 0	 0	 0	 0	 0	 0	 0	 0	 0	 0	 0	 0	 0	 0	 0	 0	 0	 0	 0	 0	 0	 0	 0	 0	 28	 0	 0	 0	 0	 0	 0	 0	 0	 0	 0	 0	 0	 222	 0	 0	 0	 0	 0	 0	 0	 0	 0	 0	 0	 0	 0
"UBA11471 sp000434215"	 0	 0	 1611	 1773	 0	 0	 0	 0	 0	 0	 0	 0	 1879	 0	 0	 0	 1881	 0	 0	 0	 0	 0	 0	 0	 0	 0	 0	 0	 68	 0	 0	 0	 0	 0	 0	 0	 0	 0	 0	 0	 0	 0	 0	 0	 0	 0	 0	 0	 0	 166	 0	 0	 0	 0	 0	 0	 0	 0	 0	 0	 0	 0	 0	 0	 0	 0	 1734	 0	 0	 756	 0	 0	 0	 0	 0	 0	 0	 0	 0	 0	 0	 0	 0	 302	 513	 0	 1653	 0	 0	 0	 0	 0	 0	 0	 1360	 0	 0
"RC9 sp000431015"	 0	 0	 0	 0	 0	 0	 0	 0	 0	 0	 0	 0	 0	 0	 0	 0	 0	 0	 0	 0	 0	 0	 0	 0	 0	 0	 0	 0	 0	 0	 0	 0	 0	 0	 0	 0	 0	 0	 0	 0	 0	 0	 0	 0	 0	 0	 0	 0	 0	 0	 0	 0	 0	 0	 0	 0	 0	 0	 0	 0	 0	 0	 0	 0	 0	 0	 0	 0	 0	 0	 0	 0	 0	 0	 0	 0	 0	 0	 0	 49	 0	 0	 0	 0	 0	 0	 0	 0	 0	 0	 0	 0	 0	 0	 0	 0	 0
"RC9 sp000432515"	 0	 0	 0	 0	 0	 0	 0	 0	 0	 0	 0	 0	 0	 0	 0	 0	 0	 0	 0	 0	 0	 0	 0	 0	 0	 0	 0	 0	 0	 0	 0	 0	 0	 0	 0	 0	 0	 0	 0	 0	 0	 0	 0	 0	 0	 0	 0	 0	 0	 0	 0	 0	 0	 0	 0	 0	 0	 0	 0	 0	 0	 0	 0	 0	 0	 0	 0	 0	 0	 0	 0	 0	 0	 0	 0	 51	 0	 0	 0	 0	 0	 0	 0	 0	 0	 0	 0	 0	 0	 0	 0	 0	 0	 0	 0	 0	 0
"RC9 sp000433355"	 0	 0	 0	 0	 0	 0	 0	 0	 0	 0	 0	 0	 0	 0	 0	 0	 0	 0	 0	 0	 0	 0	 0	 0	 0	 0	 0	 0	 0	 0	 0	 0	 0	 0	 0	 0	 0	 0	 0	 0	 0	 0	 0	 0	 0	 0	 0	 0	 0	 0	 0	 0	 0	 0	 0	 0	 0	 0	 0	 0	 0	 0	 0	 0	 0	 0	 0	 0	 0	 0	 0	 0	 0	 0	 0	 0	 0	 0	 0	 166	 0	 0	 0	 0	 0	 0	 0	 0	 0	 0	 0	 0	 0	 0	 142	 0	 0
"RC9 sp000434935"	 0	 0	 0	 0	 0	 0	 0	 0	 0	 0	 0	 0	 0	 0	 0	 0	 0	 0	 0	 0	 0	 0	 0	 0	 0	 0	 0	 0	 0	 0	 0	 0	 0	 0	 0	 0	 0	 0	 0	 0	 0	 0	 0	 0	 0	 0	 0	 0	 0	 0	 0	 0	 0	 0	 0	 0	 0	 0	 0	 0	 0	 0	 0	 0	 0	 0	 0	 0	 0	 0	 0	 0	 0	 0	 0	 79	 0	 0	 0	 0	 0	 0	 0	 0	 0	 0	 0	 0	 0	 0	 0	 0	 0	 0	 0	 0	 0
"RC9 sp000435075"	 0	 0	 0	 0	 0	 0	 0	 0	 0	 0	 0	 0	 0	 0	 0	 0	 0	 0	 0	 0	 0	 0	 0	 0	 0	 0	 0	 0	 0	 736	 0	 0	 0	 0	 0	 0	 0	 0	 0	 0	 0	 0	 0	 0	 0	 0	 0	 0	 0	 0	 0	 0	 0	 0	 0	 0	 0	 0	 0	 0	 0	 0	 0	 0	 0	 0	 0	 0	 0	 0	 0	 0	 0	 0	 0	 991	 0	 0	 0	 0	 0	 0	 0	 0	 0	 0	 0	 0	 0	 0	 0	 0	 0	 0	 0	 0	 0
"UBA1820 sp003150615"	 0	 0	 0	 0	 377	 0	 0	 0	 301	 0	 0	 0	 0	 0	 0	 0	 0	 0	 0	 0	 796	 0	 0	 0	 0	 0	 0	 0	 0	 0	 0	 0	 0	 0	 0	 0	 0	 0	 0	 0	 0	 0	 1086	 0	 0	 0	 0	 0	 0	 0	 0	 0	 0	 0	 0	 0	 0	 0	 0	 0	 0	 0	 0	 464	 0	 0	 0	 0	 0	 0	 0	 0	 0	 0	 0	 0	 0	 0	 0	 0	 0	 0	 0	 90	 0	 0	 0	 0	 0	 0	 0	 0	 0	 0	 0	 0	 0
"CAG-196 sp002102975"	 53	 64	 0	 0	 0	 66	 0	 0	 41	 0	 0	 0	 51	 0	 0	 0	 2545	 0	 35	 0	 0	 51	 0	 158	 0	 0	 38	 39	 0	 0	 0	 0	 0	 46	 0	 38	 0	 0	 0	 46	 0	 0	 0	 0	 0	 31	 0	 36	 0	 0	 43	 0	 0	 34	 56	 0	 0	 35	 0	 42	 0	 41	 33	 0	 50	 33	 69	 39	 0	 0	 0	 68	 59	 0	 0	 0	 53	 0	 0	 0	 0	 47	 49	 0	 45	 0	 41	 0	 40	 0	 0	 36	 0	 30	 0	 35	 38
"CAG-484 sp000431315"	 0	 0	 0	 0	 0	 0	 0	 0	 0	 0	 0	 0	 0	 0	 0	 0	 91	 0	 0	 0	 0	 0	 0	 0	 0	 0	 0	 0	 0	 0	 0	 0	 0	 0	 0	 0	 0	 0	 0	 0	 0	 0	 0	 0	 0	 0	 0	 0	 0	 0	 0	 0	 0	 0	 0	 0	 0	 0	 0	 0	 0	 0	 0	 0	 0	 0	 148	 0	 0	 0	 0	 0	 0	 0	 0	 0	 0	 0	 0	 0	 0	 0	 0	 0	 0	 0	 0	 0	 0	 0	 0	 0	 0	 0	 0	 0	 0
"QAMI01 sp003150395"	 0	 0	 0	 0	 0	 0	 0	 0	 0	 0	 0	 0	 0	 0	 0	 0	 419	 0	 0	 0	 0	 0	 0	 0	 0	 0	 0	 0	 0	 0	 0	 0	 0	 0	 0	 0	 0	 0	 0	 0	 0	 0	 0	 0	 0	 0	 0	 0	 0	 0	 0	 0	 0	 0	 0	 0	 0	 0	 0	 0	 0	 0	 0	 0	 0	 0	 209	 0	 0	 0	 0	 0	 0	 0	 0	 0	 0	 0	 0	 0	 0	 0	 0	 0	 0	 0	 0	 0	 0	 0	 0	 0	 0	 0	 0	 0	 0
"UBA6984 sp003258725"	 0	 0	 0	 0	 0	 0	 0	 0	 0	 0	 0	 0	 0	 0	 0	 0	 0	 0	 0	 0	 0	 0	 0	 0	 0	 0	 0	 0	 0	 0	 0	 0	 0	 0	 0	 0	 0	 0	 0	 0	 0	 0	 0	 0	 0	 0	 0	 0	 0	 0	 0	 0	 0	 0	 0	 0	 0	 0	 0	 0	 0	 0	 0	 0	 0	 0	 0	 0	 0	 0	 0	 0	 0	 0	 0	 0	 0	 0	 0	 0	 0	 0	 0	 0	 0	 0	 0	 0	 0	 0	 0	 0	 0	 0	 1716	 0	 0
"Zag1 sp001765415"	 0	 0	 0	 0	 0	 0	 0	 0	 0	 0	 0	 0	 0	 0	 0	 0	 0	 0	 0	 0	 0	 0	 0	 0	 0	 0	 0	 0	 0	 0	 0	 0	 0	 0	 0	 0	 0	 0	 0	 0	 0	 0	 0	 0	 0	 0	 0	 0	 0	 0	 0	 0	 0	 0	 0	 0	 0	 0	 0	 0	 0	 0	 0	 0	 0	 0	 0	 0	 0	 0	 0	 0	 0	 0	 0	 0	 0	 0	 0	 0	 0	 0	 0	 0	 0	 0	 0	 0	 0	 0	 0	 0	 0	 0	 1849	 0	 0
"Zag1 sp001917115"	 0	 0	 0	 0	 0	 0	 0	 0	 0	 0	 0	 0	 0	 0	 0	 0	 71	 0	 0	 0	 0	 0	 0	 0	 0	 0	 0	 0	 0	 0	 0	 0	 0	 0	 0	 0	 0	 0	 0	 0	 0	 0	 0	 0	 0	 0	 0	 0	 0	 0	 0	 0	 0	 0	 0	 0	 0	 0	 0	 0	 0	 0	 0	 0	 0	 0	 0	 0	 0	 0	 0	 0	 0	 0	 0	 0	 0	 0	 0	 0	 0	 0	 0	 0	 0	 0	 0	 0	 0	 0	 0	 0	 0	 0	 0	 0	 0
"Zag111 sp002102825"	 0	 0	 0	 0	 0	 0	 0	 0	 0	 0	 0	 0	 0	 0	 0	 0	 0	 0	 0	 0	 0	 0	 0	 0	 0	 0	 0	 0	 0	 0	 0	 0	 0	 0	 0	 0	 0	 0	 0	 0	 0	 0	 0	 0	 0	 0	 0	 0	 0	 0	 0	 0	 0	 0	 0	 0	 0	 0	 0	 0	 0	 0	 0	 0	 0	 0	 0	 0	 0	 0	 0	 0	 0	 0	 0	 835	 0	 0	 0	 0	 0	 0	 0	 0	 0	 0	 0	 0	 0	 0	 0	 0	 0	 0	 0	 0	 0
"Bilophila wadsworthia"	 765	 1661	 445	 127	 414	 1526	 58	 453	 1662	 465	 2519	 2658	 1430	 860	 1372	 2216	 853	 0	 0	 966	 1471	 649	 1502	 94	 1161	 1222	 894	 1176	 899	 1311	 92	 1288	 955	 842	 628	 1260	 1470	 1453	 1318	 920	 962	 1375	 1667	 1488	 0	 108	 67	 1449	 981	 139	 1582	 1611	 1509	 0	 1170	 1658	 1465	 894	 64	 640	 1522	 1245	 1310	 2038	 1067	 1148	 364	 0	 121	 741	 1580	 160	 746	 320	 1103	 567	 924	 1076	 136	 111	 120	 54	 1564	 1700	 1493	 1258	 1508	 1517	 895	 0	 1369	 1168	 51	 136	 157	 1414	 1540
"Desulfovibrio desulfuricans_A"	 0	 0	 0	 0	 0	 0	 0	 0	 0	 0	 0	 0	 0	 0	 0	 0	 0	 0	 0	 0	 0	 0	 0	 0	 0	 0	 0	 0	 0	 0	 0	 0	 0	 0	 0	 0	 0	 0	 0	 0	 0	 0	 0	 0	 0	 0	 0	 0	 0	 0	 0	 0	 0	 0	 0	 0	 0	 0	 0	 0	 93	 0	 0	 0	 0	 0	 0	 0	 0	 0	 0	 0	 0	 0	 0	 0	 0	 0	 0	 0	 0	 0	 0	 0	 0	 0	 0	 0	 0	 0	 0	 0	 0	 0	 0	 0	 0
"Desulfovibrio fairfieldensis"	 0	 0	 0	 1479	 0	 0	 0	 0	 0	 0	 0	 0	 0	 0	 0	 0	 214	 0	 0	 0	 0	 0	 0	 0	 0	 0	 0	 508	 0	 0	 0	 0	 0	 0	 0	 0	 0	 0	 0	 0	 0	 0	 436	 0	 0	 0	 0	 0	 0	 0	 0	 0	 0	 0	 0	 0	 0	 0	 0	 0	 0	 0	 0	 0	 0	 0	 297	 0	 0	 0	 0	 0	 0	 0	 0	 0	 0	 0	 0	 0	 0	 0	 0	 0	 0	 0	 0	 0	 249	 0	 0	 0	 0	 0	 0	 0	 792
"Desulfovibrio legallii"	 0	 0	 0	 0	 0	 0	 0	 0	 0	 0	 0	 0	 0	 0	 0	 0	 0	 0	 0	 0	 0	 0	 0	 0	 0	 0	 0	 0	 0	 0	 0	 0	 0	 0	 0	 0	 0	 0	 0	 0	 0	 0	 0	 0	 0	 0	 0	 0	 0	 0	 0	 0	 0	 0	 0	 0	 0	 0	 0	 476	 0	 0	 0	 0	 0	 0	 0	 0	 0	 0	 0	 0	 0	 0	 0	 0	 0	 0	 0	 0	 0	 0	 0	 0	 0	 0	 0	 0	 0	 0	 0	 0	 0	 0	 0	 0	 0
"Desulfovibrio piger"	 0	 0	 249	 0	 0	 0	 0	 0	 0	 0	 0	 290	 0	 0	 0	 0	 0	 0	 0	 0	 0	 0	 0	 0	 0	 0	 0	 0	 630	 0	 0	 0	 0	 243	 0	 0	 0	 0	 0	 0	 0	 0	 0	 0	 0	 0	 0	 0	 0	 796	 0	 0	 0	 0	 0	 0	 0	 0	 0	 0	 0	 0	 0	 0	 840	 0	 0	 0	 0	 0	 0	 0	 0	 0	 0	 160	 0	 0	 343	 254	 0	 0	 0	 188	 0	 0	 0	 0	 0	 0	 0	 0	 0	 14	 151	 0	 0
"Desulfovibrio piger_A"	 0	 0	 0	 0	 0	 0	 0	 0	 0	 0	 0	 0	 0	 0	 0	 0	 0	 0	 0	 0	 0	 0	 0	 0	 0	 0	 0	 0	 0	 0	 0	 0	 0	 50	 0	 0	 0	 0	 0	 0	 0	 0	 0	 0	 0	 0	 0	 0	 0	 0	 0	 0	 0	 0	 0	 0	 0	 0	 0	 0	 0	 0	 0	 0	 0	 0	 0	 0	 0	 0	 0	 0	 0	 0	 0	 0	 0	 0	 52	 62	 0	 0	 0	 0	 0	 0	 0	 0	 0	 0	 0	 0	 0	 0	 0	 0	 0
"Desulfovibrio sp900319575"	 0	 0	 0	 0	 0	 0	 0	 0	 0	 0	 0	 0	 0	 0	 0	 0	 0	 0	 0	 0	 853	 0	 0	 707	 0	 0	 0	 0	 0	 0	 0	 0	 0	 0	 0	 0	 0	 0	 0	 0	 0	 0	 0	 0	 0	 0	 0	 0	 0	 0	 0	 0	 0	 0	 0	 0	 0	 774	 232	 0	 0	 0	 0	 0	 0	 240	 0	 0	 0	 0	 0	 0	 0	 0	 0	 0	 0	 0	 0	 0	 0	 0	 0	 0	 0	 0	 0	 0	 0	 0	 0	 0	 0	 0	 0	 0	 0
"Mailhella massiliensis"	 0	 0	 0	 138	 0	 0	 0	 0	 0	 0	 0	 0	 0	 0	 0	 0	 0	 0	 0	 0	 0	 0	 0	 0	 0	 0	 0	 0	 0	 0	 0	 0	 0	 0	 0	 0	 0	 0	 0	 0	 0	 0	 0	 0	 0	 0	 0	 0	 0	 0	 0	 0	 0	 0	 0	 0	 0	 0	 0	 0	 0	 0	 0	 0	 0	 0	 0	 0	 0	 0	 0	 0	 0	 0	 0	 0	 0	 0	 0	 0	 0	 0	 0	 0	 0	 0	 0	 0	 0	 0	 0	 0	 0	 0	 0	 0	 0
"Mailhella sp003150275"	 0	 0	 0	 0	 0	 0	 0	 0	 0	 42	 0	 967	 0	 0	 0	 42	 0	 0	 0	 0	 0	 0	 0	 157	 0	 0	 0	 569	 0	 0	 0	 0	 0	 0	 0	 0	 0	 0	 0	 0	 0	 0	 2905	 0	 0	 0	 0	 0	 0	 147	 0	 0	 2528	 0	 0	 0	 0	 0	 0	 0	 0	 0	 0	 0	 0	 0	 242	 0	 0	 0	 0	 0	 0	 0	 0	 0	 50	 0	 0	 0	 0	 0	 0	 0	 0	 0	 0	 0	 0	 0	 0	 0	 321	 0	 0	 0	 0
"Mailhella sp900541395"	 0	 0	 0	 0	 0	 0	 0	 0	 0	 0	 0	 0	 0	 0	 0	 0	 0	 0	 0	 0	 1444	 0	 0	 0	 0	 0	 0	 0	 0	 0	 0	 0	 0	 0	 102	 0	 0	 0	 0	 0	 0	 0	 0	 0	 0	 0	 0	 490	 0	 0	 0	 0	 0	 0	 0	 0	 0	 0	 0	 0	 0	 0	 0	 395	 0	 0	 0	 0	 0	 0	 0	 0	 0	 0	 0	 0	 0	 0	 0	 0	 0	 0	 292	 0	 0	 0	 114	 0	 0	 0	 175	 0	 0	 0	 0	 246	 0
"CAG-307 sp001916215"	 0	 0	 0	 0	 0	 0	 0	 0	 0	 0	 0	 0	 0	 0	 0	 0	 0	 0	 0	 0	 0	 0	 0	 0	 0	 0	 0	 0	 0	 0	 0	 0	 0	 0	 0	 0	 0	 0	 0	 0	 0	 0	 0	 0	 0	 0	 0	 0	 0	 0	 0	 0	 0	 0	 0	 0	 0	 0	 0	 0	 0	 0	 0	 0	 0	 0	 0	 0	 0	 0	 0	 0	 0	 0	 0	 0	 0	 0	 0	 0	 0	 0	 0	 0	 0	 0	 0	 0	 0	 0	 0	 0	 0	 0	 163	 0	 0
"Beduini massiliensis"	 0	 0	 0	 0	 0	 0	 0	 0	 0	 0	 0	 0	 0	 0	 0	 0	 0	 0	 0	 0	 0	 0	 0	 0	 0	 0	 0	 0	 0	 0	 0	 0	 0	 0	 0	 0	 0	 0	 0	 0	 0	 0	 0	 0	 0	 0	 0	 0	 0	 0	 0	 0	 0	 0	 0	 0	 0	 0	 0	 0	 0	 0	 0	 0	 0	 0	 0	 623	 0	 0	 0	 0	 0	 0	 0	 0	 0	 0	 0	 0	 0	 0	 0	 0	 0	 0	 0	 0	 0	 0	 0	 0	 0	 0	 0	 0	 0
"Catenibacterium mitsuokai"	 0	 0	 0	 0	 0	 0	 0	 0	 0	 0	 0	 0	 0	 0	 0	 0	 0	 0	 0	 0	 0	 0	 0	 0	 0	 0	 56	 0	 0	 0	 0	 0	 40	 0	 0	 0	 0	 0	 0	 0	 0	 0	 0	 0	 0	 0	 0	 0	 0	 0	 0	 0	 0	 0	 0	 0	 0	 0	 0	 0	 0	 0	 0	 0	 0	 0	 0	 0	 0	 0	 0	 0	 0	 0	 0	 0	 0	 0	 0	 0	 0	 0	 0	 266	 0	 0	 0	 0	 0	 0	 0	 0	 0	 0	 284	 0	 0
"Catenibacterium sp000437715"	 0	 0	 853	 0	 665	 0	 0	 0	 0	 804	 907	 0	 0	 0	 0	 0	 0	 0	 0	 0	 0	 0	 902	 0	 0	 920	 712	 0	 0	 844	 0	 0	 399	 0	 0	 0	 0	 0	 0	 0	 665	 835	 0	 0	 0	 0	 0	 0	 0	 0	 0	 0	 0	 0	 0	 917	 0	 0	 0	 0	 0	 0	 0	 0	 0	 887	 0	 0	 0	 0	 0	 0	 0	 0	 0	 888	 0	 0	 0	 0	 0	 0	 0	 177	 0	 0	 0	 0	 0	 0	 0	 0	 0	 0	 377	 0	 0
"Coprobacillus cateniformis"	 0	 0	 0	 873	 0	 0	 0	 0	 0	 0	 0	 0	 0	 0	 0	 0	 0	 0	 144	 0	 0	 0	 0	 0	 0	 100	 0	 0	 0	 0	 0	 0	 0	 77	 371	 0	 0	 62	 0	 0	 0	 0	 0	 99	 0	 0	 0	 0	 0	 0	 0	 0	 0	 0	 0	 0	 31	 0	 0	 0	 1777	 0	 0	 0	 0	 0	 0	 0	 0	 0	 0	 0	 0	 0	 0	 0	 0	 0	 0	 0	 0	 0	 131	 0	 0	 0	 0	 0	 0	 0	 0	 0	 0	 0	 0	 0	 0
"Erysipelatoclostridium ramosum"	 0	 0	 0	 0	 0	 1690	 0	 0	 0	 0	 31	 254	 0	 0	 234	 0	 0	 38	 171	 92	 267	 0	 0	 0	 48	 0	 0	 206	 0	 0	 175	 413	 0	 1809	 144	 527	 94	 0	 0	 814	 0	 0	 2129	 48	 2520	 1405	 0	 0	 0	 0	 642	 0	 0	 0	 0	 0	 461	 0	 0	 0	 0	 43	 0	 0	 1313	 0	 0	 41	 0	 0	 158	 0	 0	 0	 0	 0	 436	 0	 41	 0	 37	 28	 0	 0	 0	 2278	 1049	 0	 0	 0	 0	 0	 0	 0	 0	 0	 915
"Erysipelatoclostridium saccharogumia"	 0	 0	 0	 0	 0	 0	 0	 0	 0	 0	 0	 0	 0	 0	 0	 0	 0	 0	 0	 0	 0	 0	 0	 0	 0	 0	 0	 0	 0	 0	 0	 0	 0	 0	 0	 0	 0	 0	 0	 0	 0	 0	 0	 0	 0	 0	 0	 0	 0	 0	 0	 0	 0	 0	 0	 67	 0	 0	 0	 0	 0	 0	 0	 0	 0	 0	 0	 0	 0	 0	 33	 0	 0	 0	 0	 0	 0	 0	 0	 0	 0	 0	 0	 0	 0	 0	 0	 0	 0	 0	 0	 0	 0	 0	 0	 0	 0
"Erysipelatoclostridium sp000752095"	 643	 1799	 1480	 0	 0	 0	 0	 1250	 537	 39	 0	 0	 1570	 0	 0	 0	 1349	 1388	 0	 0	 834	 70	 0	 62	 1551	 0	 0	 0	 1444	 0	 0	 0	 131	 0	 0	 0	 1430	 598	 1269	 0	 0	 1265	 0	 228	 0	 0	 1456	 704	 188	 805	 0	 1329	 0	 1286	 1363	 1395	 0	 0	 136	 1572	 736	 1242	 0	 1440	 0	 0	 1266	 1482	 1732	 1052	 0	 0	 1357	 1275	 1703	 0	 0	 1306	 1457	 1150	 112	 1440	 57	 0	 854	 0	 0	 0	 1170	 1345	 1441	 1535	 1276	 0	 0	 0	 0
"Erysipelatoclostridium sp002160495"	 0	 0	 0	 0	 0	 0	 0	 0	 0	 0	 0	 0	 0	 0	 0	 0	 0	 0	 0	 0	 0	 0	 0	 0	 0	 0	 0	 0	 0	 0	 0	 0	 0	 0	 0	 0	 0	 0	 0	 0	 0	 0	 0	 43	 0	 0	 0	 0	 0	 0	 0	 0	 0	 0	 0	 0	 0	 0	 0	 0	 0	 0	 0	 0	 0	 0	 0	 0	 0	 0	 0	 0	 0	 0	 0	 0	 0	 0	 0	 0	 0	 0	 0	 0	 0	 0	 0	 0	 0	 0	 0	 0	 0	 0	 0	 0	 0
"Erysipelatoclostridium sp003024675"	 23	 35	 0	 0	 0	 164	 0	 0	 0	 0	 0	 0	 0	 0	 0	 0	 0	 39	 0	 0	 0	 0	 0	 0	 0	 0	 0	 0	 934	 0	 0	 0	 0	 0	 0	 0	 0	 0	 0	 0	 0	 109	 0	 457	 0	 0	 0	 42	 0	 0	 0	 33	 0	 39	 0	 48	 0	 0	 11	 0	 1260	 0	 0	 0	 0	 0	 0	 0	 0	 0	 0	 0	 36	 0	 0	 0	 0	 40	 0	 0	 0	 0	 463	 0	 0	 0	 0	 0	 0	 41	 0	 0	 36	 0	 0	 0	 0
"Erysipelatoclostridium sp003480255"	 0	 0	 0	 0	 0	 0	 0	 0	 0	 0	 0	 0	 0	 0	 241	 0	 65	 0	 0	 0	 0	 0	 0	 0	 0	 0	 0	 0	 0	 0	 0	 0	 0	 0	 0	 0	 0	 0	 0	 0	 0	 0	 0	 0	 0	 0	 0	 0	 0	 0	 0	 0	 0	 0	 0	 0	 0	 0	 0	 0	 0	 0	 0	 0	 0	 0	 0	 0	 0	 0	 0	 0	 0	 0	 0	 0	 0	 0	 0	 0	 0	 0	 0	 0	 0	 0	 0	 0	 0	 0	 0	 0	 0	 0	 0	 0	 0
"Erysipelatoclostridium spiroforme"	 0	 0	 0	 0	 48	 0	 0	 0	 127	 0	 0	 0	 84	 0	 0	 0	 0	 0	 0	 0	 0	 0	 0	 0	 0	 0	 0	 0	 0	 0	 0	 0	 0	 98	 0	 0	 197	 394	 0	 96	 0	 874	 0	 1379	 0	 18	 0	 0	 0	 0	 0	 0	 0	 0	 0	 0	 84	 0	 0	 0	 0	 0	 99	 0	 94	 0	 0	 0	 0	 0	 0	 571	 0	 0	 0	 0	 0	 0	 0	 0	 0	 0	 0	 0	 0	 0	 0	 0	 0	 0	 0	 0	 0	 0	 0	 0	 0
"Longibaculum muris"	 0	 0	 0	 0	 0	 0	 0	 0	 0	 0	 0	 0	 0	 0	 0	 0	 0	 0	 0	 0	 0	 0	 0	 0	 0	 0	 0	 0	 0	 0	 0	 0	 0	 48	 0	 0	 0	 0	 0	 0	 0	 0	 0	 0	 0	 0	 0	 0	 0	 0	 0	 0	 0	 0	 0	 0	 0	 0	 0	 0	 0	 0	 0	 0	 750	 0	 0	 0	 0	 0	 0	 0	 0	 0	 0	 0	 0	 0	 0	 0	 0	 0	 0	 0	 0	 0	 0	 0	 0	 0	 0	 0	 0	 0	 0	 0	 0
"Massiliomicrobiota sp002160815"	 0	 0	 0	 0	 0	 0	 0	 0	 31	 0	 0	 61	 0	 0	 0	 0	 0	 0	 0	 0	 0	 0	 0	 0	 0	 0	 0	 0	 0	 0	 0	 0	 0	 1181	 0	 0	 0	 0	 0	 83	 0	 0	 0	 1680	 0	 187	 0	 0	 0	 0	 0	 0	 49	 0	 0	 0	 0	 407	 0	 0	 0	 0	 0	 0	 0	 0	 0	 0	 61	 0	 0	 0	 0	 202	 0	 0	 0	 0	 0	 0	 0	 0	 0	 0	 0	 0	 0	 0	 0	 0	 94	 0	 0	 0	 0	 0	 0
"Massiliomicrobiota sp002160865"	 0	 0	 0	 0	 0	 0	 0	 0	 54	 0	 0	 0	 0	 0	 0	 0	 0	 0	 0	 0	 0	 0	 0	 0	 0	 0	 0	 0	 0	 0	 0	 0	 0	 57	 0	 0	 0	 0	 0	 0	 0	 0	 0	 67	 0	 0	 0	 0	 0	 0	 0	 0	 0	 0	 0	 0	 0	 0	 0	 0	 0	 0	 0	 0	 0	 0	 0	 0	 0	 0	 0	 153	 0	 0	 0	 0	 0	 0	 0	 0	 0	 0	 0	 0	 0	 0	 0	 0	 0	 0	 0	 0	 0	 0	 0	 0	 0
"Stoquefichus massiliensis"	 0	 0	 0	 0	 0	 0	 0	 0	 0	 0	 0	 0	 0	 0	 0	 0	 0	 0	 0	 0	 0	 0	 0	 0	 0	 0	 0	 0	 0	 0	 0	 0	 0	 104	 0	 0	 0	 0	 0	 0	 0	 0	 0	 0	 0	 0	 0	 0	 0	 0	 0	 0	 0	 0	 0	 0	 0	 0	 0	 0	 0	 0	 0	 0	 0	 0	 0	 0	 0	 0	 0	 0	 0	 0	 0	 0	 0	 0	 0	 0	 0	 0	 0	 0	 0	 0	 0	 0	 0	 0	 0	 0	 0	 0	 0	 0	 0
"Stoquefichus sp001244545"	 0	 0	 0	 0	 0	 0	 0	 0	 0	 0	 0	 0	 0	 0	 0	 0	 0	 0	 0	 0	 0	 0	 0	 0	 0	 0	 0	 0	 0	 0	 0	 0	 0	 90	 0	 0	 0	 0	 0	 0	 0	 0	 0	 414	 0	 0	 0	 0	 0	 0	 0	 55	 0	 0	 0	 0	 0	 0	 0	 0	 0	 0	 0	 0	 0	 0	 0	 0	 0	 0	 64	 0	 0	 0	 0	 0	 0	 0	 0	 0	 0	 126	 85	 0	 0	 47	 0	 0	 0	 0	 0	 0	 0	 0	 0	 0	 0
"CAG-536 sp000434355"	 0	 0	 0	 0	 0	 0	 0	 0	 0	 765	 0	 0	 0	 0	 0	 0	 0	 0	 0	 0	 0	 0	 0	 0	 0	 0	 0	 0	 0	 0	 0	 0	 0	 0	 0	 0	 0	 0	 0	 0	 0	 0	 0	 0	 0	 0	 0	 0	 0	 0	 0	 0	 0	 0	 0	 0	 0	 0	 0	 0	 0	 0	 0	 0	 0	 0	 0	 0	 0	 0	 0	 0	 0	 0	 0	 0	 0	 0	 0	 0	 0	 0	 0	 0	 0	 0	 0	 0	 0	 521	 0	 0	 0	 0	 0	 0	 0
"CAG-536 sp900314505"	 0	 0	 0	 0	 0	 0	 0	 0	 0	 0	 0	 0	 0	 0	 0	 0	 0	 0	 0	 0	 0	 0	 0	 0	 0	 0	 0	 0	 0	 0	 0	 0	 0	 0	 0	 0	 0	 0	 0	 0	 0	 0	 102	 0	 0	 0	 0	 0	 0	 0	 0	 0	 0	 0	 0	 0	 0	 0	 0	 0	 0	 0	 0	 0	 0	 0	 0	 0	 0	 0	 0	 0	 0	 0	 0	 0	 0	 0	 0	 0	 0	 0	 0	 0	 0	 0	 0	 0	 0	 0	 0	 0	 0	 0	 0	 0	 0
"Dielma fastidiosa"	 0	 0	 0	 0	 0	 0	 0	 0	 0	 0	 0	 0	 44	 0	 0	 0	 0	 0	 0	 0	 0	 0	 0	 0	 0	 0	 0	 0	 0	 0	 0	 0	 0	 0	 0	 0	 0	 57	 0	 0	 0	 0	 0	 0	 0	 0	 0	 0	 0	 0	 0	 0	 0	 0	 0	 0	 0	 0	 0	 0	 0	 0	 0	 0	 0	 0	 0	 0	 0	 0	 0	 0	 0	 0	 0	 0	 0	 0	 0	 0	 0	 0	 0	 0	 0	 0	 69	 0	 0	 0	 0	 0	 0	 0	 0	 0	 0
"Faecalicoccus pleomorphus"	 0	 0	 0	 0	 0	 0	 0	 0	 0	 0	 0	 0	 0	 0	 0	 46	 0	 0	 0	 0	 0	 0	 0	 0	 0	 0	 0	 0	 0	 0	 0	 0	 0	 0	 0	 0	 0	 0	 54	 0	 0	 0	 0	 0	 0	 0	 0	 0	 0	 0	 0	 0	 0	 0	 0	 0	 0	 0	 0	 0	 0	 0	 0	 0	 0	 0	 0	 0	 0	 0	 0	 0	 0	 0	 0	 0	 0	 0	 0	 0	 0	 0	 0	 0	 0	 0	 0	 0	 0	 0	 0	 0	 0	 0	 0	 0	 0
"Faecalicoccus sp900546545"	 0	 0	 0	 0	 0	 0	 0	 0	 0	 0	 0	 0	 0	 0	 0	 1415	 0	 0	 0	 0	 0	 0	 0	 0	 0	 0	 0	 0	 0	 0	 0	 0	 0	 0	 0	 0	 0	 0	 0	 0	 0	 0	 0	 0	 0	 0	 0	 0	 0	 0	 0	 0	 0	 0	 0	 0	 0	 0	 0	 0	 0	 0	 0	 0	 0	 0	 0	 0	 0	 0	 0	 0	 0	 0	 0	 0	 0	 0	 0	 0	 0	 0	 0	 0	 0	 0	 0	 0	 0	 0	 0	 0	 0	 0	 0	 0	 0
"Faecalitalea cylindroides"	 0	 0	 0	 84	 0	 0	 0	 0	 0	 0	 0	 0	 0	 0	 0	 0	 0	 0	 0	 0	 836	 0	 0	 0	 0	 0	 0	 0	 0	 0	 0	 0	 0	 0	 0	 0	 0	 0	 0	 0	 0	 0	 0	 0	 0	 0	 0	 0	 0	 0	 0	 0	 0	 0	 0	 0	 0	 0	 0	 0	 0	 0	 0	 0	 0	 0	 497	 0	 0	 0	 0	 0	 0	 0	 0	 0	 0	 0	 0	 0	 0	 0	 0	 0	 0	 0	 0	 0	 590	 0	 315	 0	 0	 0	 0	 0	 150
"Holdemanella biformis"	 0	 0	 74	 0	 0	 0	 0	 60	 0	 54	 62	 0	 0	 0	 0	 0	 0	 0	 0	 0	 0	 965	 0	 0	 0	 80	 63	 0	 50	 51	 0	 0	 521	 0	 1018	 88	 0	 0	 0	 0	 92	 0	 0	 0	 0	 0	 0	 0	 0	 88	 0	 0	 0	 0	 0	 0	 0	 0	 0	 0	 0	 0	 0	 0	 0	 0	 0	 67	 0	 93	 0	 0	 121	 0	 0	 205	 0	 0	 0	 0	 0	 0	 464	 100	 0	 0	 0	 0	 0	 0	 990	 83	 0	 0	 227	 0	 0
"Holdemanella sp002299315"	 0	 0	 162	 0	 0	 0	 0	 467	 0	 457	 0	 0	 0	 0	 0	 0	 0	 0	 0	 0	 0	 0	 0	 0	 0	 0	 158	 0	 0	 240	 0	 0	 116	 0	 0	 167	 0	 0	 0	 0	 127	 0	 0	 0	 0	 0	 0	 0	 0	 165	 0	 0	 0	 0	 0	 0	 0	 0	 0	 0	 0	 0	 0	 0	 0	 0	 0	 162	 0	 158	 0	 0	 156	 0	 0	 147	 0	 0	 0	 0	 0	 0	 156	 139	 0	 0	 0	 0	 0	 0	 0	 164	 0	 0	 120	 0	 0
"Holdemanella sp003436425"	 0	 0	 0	 0	 0	 0	 0	 0	 0	 0	 562	 0	 0	 0	 0	 0	 0	 0	 0	 0	 0	 0	 0	 0	 0	 31	 0	 0	 597	 0	 0	 0	 41	 0	 0	 31	 0	 0	 0	 0	 0	 0	 0	 0	 0	 0	 0	 0	 0	 37	 0	 0	 0	 0	 0	 0	 0	 0	 0	 0	 0	 0	 0	 0	 0	 0	 0	 0	 0	 0	 0	 0	 34	 0	 0	 0	 0	 0	 0	 0	 0	 0	 0	 0	 0	 0	 0	 0	 0	 0	 0	 37	 0	 0	 0	 0	 0
"Holdemanella sp003458715"	 0	 0	 0	 0	 0	 0	 0	 0	 0	 0	 0	 0	 0	 0	 0	 0	 0	 0	 0	 0	 0	 0	 0	 0	 0	 448	 0	 0	 0	 0	 0	 0	 0	 0	 0	 0	 0	 0	 0	 0	 0	 0	 0	 0	 0	 0	 0	 0	 0	 0	 0	 0	 0	 0	 0	 0	 0	 0	 0	 0	 0	 0	 0	 0	 0	 0	 0	 0	 0	 0	 0	 0	 398	 0	 0	 0	 0	 0	 0	 0	 0	 0	 0	 0	 0	 0	 0	 0	 0	 0	 0	 0	 0	 0	 0	 0	 0
"Holdemania filiformis"	 0	 117	 0	 0	 59	 497	 0	 0	 0	 0	 0	 0	 93	 0	 0	 0	 0	 0	 0	 0	 159	 0	 0	 0	 0	 66	 0	 0	 0	 0	 0	 0	 49	 173	 945	 0	 0	 0	 0	 0	 0	 0	 119	 125	 0	 0	 37	 0	 0	 0	 0	 232	 0	 0	 0	 0	 50	 0	 0	 0	 0	 0	 0	 0	 100	 0	 0	 0	 0	 0	 579	 277	 42	 0	 0	 0	 0	 0	 0	 0	 42	 171	 366	 0	 0	 0	 0	 88	 63	 0	 0	 0	 0	 0	 0	 253	 105
"Holdemania massiliensis"	 0	 0	 0	 0	 0	 636	 0	 0	 522	 0	 0	 0	 0	 0	 0	 0	 0	 0	 278	 0	 0	 0	 184	 0	 79	 0	 49	 0	 0	 0	 0	 0	 0	 0	 0	 0	 79	 57	 0	 0	 0	 0	 0	 159	 0	 0	 0	 54	 0	 0	 0	 0	 0	 0	 0	 0	 0	 52	 0	 0	 600	 278	 58	 0	 0	 0	 0	 0	 39	 0	 0	 146	 0	 0	 0	 0	 0	 0	 50	 0	 0	 0	 0	 792	 0	 860	 230	 0	 0	 0	 0	 164	 0	 0	 0	 0	 0
"Holdemania sp900120005"	 0	 0	 0	 0	 0	 0	 0	 0	 0	 0	 0	 0	 0	 0	 0	 0	 0	 0	 0	 0	 0	 0	 0	 0	 0	 0	 0	 0	 0	 0	 0	 0	 0	 0	 65	 0	 0	 0	 0	 0	 0	 0	 0	 108	 0	 0	 0	 0	 0	 0	 0	 29	 0	 0	 0	 0	 0	 0	 0	 0	 0	 0	 0	 0	 0	 0	 0	 0	 0	 0	 47	 0	 0	 0	 0	 0	 0	 0	 0	 0	 91	 26	 0	 0	 0	 0	 44	 0	 0	 0	 0	 0	 0	 0	 0	 33	 0
"Ileibacterium valens"	 0	 0	 0	 0	 0	 0	 0	 0	 0	 0	 0	 0	 0	 0	 0	 0	 0	 0	 0	 0	 0	 0	 0	 122	 0	 0	 0	 0	 0	 0	 0	 0	 0	 0	 0	 0	 0	 0	 0	 0	 0	 0	 0	 0	 0	 0	 0	 0	 0	 0	 0	 0	 0	 0	 0	 0	 0	 0	 0	 0	 0	 0	 0	 0	 0	 0	 0	 0	 0	 0	 0	 0	 0	 0	 0	 0	 0	 0	 0	 0	 0	 0	 0	 0	 0	 0	 0	 0	 0	 0	 0	 0	 0	 0	 0	 0	 0
"Longicatena caecimuris"	 0	 0	 0	 0	 0	 988	 0	 48	 0	 0	 40	 1475	 0	 0	 0	 0	 0	 0	 0	 0	 0	 0	 0	 0	 0	 0	 38	 0	 0	 0	 26	 0	 0	 0	 0	 37	 0	 0	 0	 0	 0	 0	 0	 0	 0	 0	 0	 0	 0	 0	 54	 645	 0	 0	 0	 0	 0	 0	 0	 0	 0	 0	 0	 0	 0	 0	 0	 53	 0	 0	 0	 0	 0	 0	 0	 0	 0	 0	 0	 0	 0	 0	 0	 0	 0	 602	 0	 0	 0	 0	 0	 35	 0	 0	 0	 0	 0
"Longicatena dolichum"	 0	 0	 0	 0	 0	 0	 0	 0	 0	 0	 0	 339	 0	 0	 0	 0	 0	 0	 0	 0	 0	 0	 0	 0	 0	 0	 0	 0	 0	 0	 0	 0	 0	 0	 0	 0	 0	 0	 0	 0	 0	 0	 0	 62	 0	 0	 0	 0	 0	 0	 0	 1223	 0	 0	 0	 0	 0	 0	 0	 0	 0	 0	 0	 0	 0	 0	 0	 0	 0	 0	 0	 0	 0	 0	 0	 0	 0	 0	 0	 0	 0	 0	 0	 0	 0	 0	 0	 0	 0	 0	 0	 29	 0	 0	 0	 0	 0
"Longicatena innocuum"	 0	 0	 0	 0	 0	 549	 0	 0	 142	 0	 46	 1133	 57	 88	 79	 0	 0	 28	 1887	 0	 0	 0	 590	 0	 0	 339	 0	 118	 0	 0	 35	 1494	 0	 0	 0	 0	 24	 689	 51	 0	 0	 1693	 855	 3179	 24	 2187	 0	 0	 0	 0	 31	 53	 0	 225	 0	 1070	 0	 0	 0	 79	 0	 0	 126	 175	 0	 0	 0	 0	 0	 0	 521	 0	 0	 0	 0	 0	 0	 0	 0	 0	 32	 240	 46	 0	 0	 104	 852	 45	 0	 0	 0	 24	 0	 0	 0	 0	 0
"Longicatena sp000165065"	 0	 0	 0	 0	 0	 0	 0	 0	 0	 0	 0	 0	 0	 0	 0	 0	 0	 0	 30	 0	 0	 0	 0	 0	 0	 0	 0	 365	 0	 0	 0	 0	 0	 0	 0	 0	 0	 0	 0	 0	 0	 85	 959	 132	 0	 810	 0	 0	 0	 0	 0	 118	 0	 0	 0	 0	 0	 0	 0	 0	 0	 57	 0	 41	 0	 0	 0	 0	 0	 0	 0	 57	 0	 406	 0	 0	 0	 0	 0	 0	 0	 0	 0	 0	 0	 0	 0	 0	 0	 0	 0	 0	 0	 0	 0	 0	 0
"Longicatena sp003433845"	 0	 0	 0	 0	 0	 0	 0	 0	 0	 0	 0	 4066	 1333	 0	 0	 0	 0	 519	 0	 0	 0	 0	 0	 0	 0	 0	 0	 0	 0	 0	 3365	 0	 0	 276	 211	 0	 0	 0	 0	 0	 0	 0	 0	 74	 0	 0	 0	 0	 0	 0	 99	 0	 0	 0	 0	 0	 0	 0	 0	 0	 0	 0	 0	 0	 0	 0	 0	 0	 709	 0	 0	 0	 0	 0	 0	 0	 538	 287	 0	 0	 0	 0	 0	 0	 0	 0	 0	 0	 0	 0	 0	 0	 0	 0	 0	 0	 0
"Longicatena sp003481775"	 0	 0	 0	 0	 0	 0	 0	 0	 0	 0	 0	 0	 0	 0	 0	 0	 0	 0	 27	 0	 0	 0	 42	 0	 0	 27	 0	 0	 0	 0	 0	 0	 0	 0	 0	 0	 25	 0	 0	 0	 0	 0	 0	 85	 0	 24	 0	 0	 0	 0	 0	 0	 0	 0	 0	 0	 0	 0	 0	 0	 0	 0	 0	 0	 0	 0	 0	 0	 0	 0	 0	 0	 0	 0	 0	 0	 0	 0	 0	 0	 0	 0	 0	 0	 0	 0	 0	 0	 0	 0	 0	 0	 0	 0	 0	 0	 0
"Longicatena sp900411325"	 0	 0	 0	 0	 0	 0	 0	 0	 0	 0	 0	 0	 0	 0	 0	 0	 0	 0	 1278	 0	 0	 0	 0	 0	 0	 0	 0	 0	 0	 0	 0	 0	 0	 0	 0	 0	 0	 0	 0	 0	 0	 0	 0	 50	 0	 0	 0	 0	 0	 0	 0	 0	 0	 0	 0	 0	 1227	 0	 0	 0	 0	 0	 0	 0	 0	 0	 0	 0	 0	 0	 0	 0	 0	 0	 0	 0	 0	 0	 0	 0	 0	 0	 0	 0	 0	 0	 0	 0	 0	 0	 0	 0	 0	 0	 0	 0	 0
"Merdibacter massiliensis"	 0	 0	 0	 0	 0	 0	 0	 0	 0	 0	 0	 0	 0	 0	 0	 0	 0	 0	 0	 0	 0	 0	 0	 0	 0	 0	 0	 0	 0	 0	 0	 0	 0	 0	 0	 0	 0	 0	 0	 0	 0	 0	 0	 0	 0	 0	 0	 0	 0	 0	 0	 0	 0	 0	 0	 0	 0	 0	 0	 0	 0	 0	 0	 0	 0	 0	 139	 0	 0	 0	 0	 0	 0	 0	 0	 0	 119	 0	 0	 0	 0	 0	 0	 0	 0	 0	 0	 0	 0	 0	 0	 0	 0	 0	 0	 0	 0
"OEMR01 sp900199515"	 0	 0	 0	 0	 0	 0	 0	 0	 0	 0	 0	 62	 0	 0	 0	 0	 0	 0	 0	 0	 0	 0	 0	 0	 0	 0	 0	 0	 0	 0	 0	 0	 0	 0	 0	 0	 0	 0	 0	 0	 0	 0	 0	 0	 0	 0	 0	 0	 0	 0	 0	 0	 0	 0	 0	 0	 0	 0	 0	 0	 0	 0	 0	 42	 0	 0	 0	 0	 0	 0	 0	 0	 0	 0	 0	 0	 0	 0	 0	 0	 0	 0	 0	 0	 0	 0	 0	 0	 0	 0	 0	 0	 0	 0	 0	 0	 0
"Turicibacter sanguinis"	 0	 0	 0	 0	 0	 0	 0	 0	 0	 0	 0	 0	 0	 0	 0	 0	 0	 0	 0	 0	 0	 0	 0	 0	 0	 0	 0	 0	 0	 0	 0	 0	 0	 0	 412	 0	 0	 0	 0	 0	 0	 0	 0	 0	 0	 0	 0	 0	 0	 0	 0	 0	 0	 0	 0	 0	 0	 0	 0	 0	 0	 0	 0	 0	 0	 0	 0	 303	 0	 0	 0	 0	 0	 747	 0	 0	 0	 0	 0	 0	 0	 0	 0	 0	 0	 0	 0	 0	 0	 1880	 0	 0	 0	 0	 0	 0	 0
"Turicibacter sp001543345"	 0	 0	 0	 0	 0	 0	 1285	 0	 0	 0	 0	 0	 0	 0	 0	 0	 0	 0	 0	 0	 0	 0	 0	 0	 0	 0	 0	 0	 0	 0	 0	 0	 0	 0	 729	 0	 0	 0	 0	 0	 0	 0	 0	 0	 495	 0	 0	 0	 0	 0	 0	 0	 0	 0	 0	 0	 0	 0	 0	 0	 0	 0	 0	 0	 0	 0	 0	 0	 0	 0	 0	 80	 0	 0	 0	 0	 0	 0	 682	 0	 0	 0	 0	 0	 0	 155	 0	 0	 0	 0	 0	 0	 0	 0	 0	 0	 0
"Carnobacterium divergens"	 0	 0	 0	 0	 0	 0	 0	 0	 0	 0	 0	 0	 0	 0	 0	 0	 0	 0	 0	 0	 0	 0	 0	 0	 0	 0	 0	 0	 0	 0	 0	 0	 0	 0	 0	 0	 45	 0	 0	 0	 0	 0	 0	 0	 50	 0	 0	 0	 0	 0	 0	 0	 0	 0	 0	 0	 0	 0	 0	 0	 0	 0	 0	 0	 0	 0	 0	 0	 0	 0	 0	 0	 0	 0	 0	 0	 0	 0	 0	 0	 0	 0	 0	 0	 0	 0	 0	 0	 0	 0	 0	 0	 0	 0	 0	 0	 0
"Enterococcus faecalis"	 0	 0	 0	 0	 0	 0	 0	 0	 0	 0	 0	 97	 0	 0	 0	 0	 0	 0	 0	 0	 0	 0	 0	 0	 0	 0	 0	 0	 0	 218	 0	 0	 0	 0	 162	 0	 0	 0	 0	 0	 0	 88	 0	 0	 0	 0	 0	 0	 61	 0	 0	 0	 0	 0	 0	 0	 0	 0	 0	 0	 0	 0	 0	 0	 0	 113	 0	 0	 0	 0	 0	 0	 0	 157	 0	 0	 0	 0	 0	 0	 0	 0	 0	 0	 0	 0	 0	 0	 0	 0	 0	 0	 0	 0	 0	 0	 0
"Enterococcus_A avium"	 0	 0	 0	 0	 0	 0	 0	 0	 0	 0	 0	 394	 0	 0	 0	 0	 0	 0	 0	 0	 0	 0	 0	 0	 0	 0	 0	 0	 0	 0	 0	 0	 0	 0	 0	 0	 0	 0	 0	 0	 0	 0	 0	 0	 0	 0	 0	 0	 0	 0	 0	 0	 0	 0	 0	 0	 0	 0	 0	 0	 0	 0	 0	 0	 0	 0	 0	 0	 0	 0	 0	 0	 0	 0	 0	 0	 0	 0	 0	 0	 0	 0	 0	 0	 0	 0	 0	 0	 0	 0	 0	 0	 0	 0	 0	 0	 0
"Enterococcus_B faecium"	 0	 0	 0	 0	 0	 0	 0	 0	 0	 0	 0	 0	 0	 0	 0	 0	 273	 0	 0	 0	 0	 0	 0	 0	 0	 0	 0	 0	 0	 0	 0	 0	 0	 0	 0	 0	 0	 0	 0	 0	 0	 0	 91	 0	 0	 0	 0	 0	 0	 0	 0	 97	 0	 0	 0	 0	 0	 0	 0	 0	 0	 0	 0	 0	 0	 0	 0	 0	 0	 0	 0	 0	 0	 122	 0	 0	 0	 1325	 88	 0	 0	 0	 83	 0	 0	 0	 0	 0	 236	 0	 0	 0	 0	 0	 0	 0	 0
"Enterococcus_B faecium_B"	 0	 0	 0	 0	 0	 0	 0	 0	 0	 0	 0	 0	 0	 0	 0	 0	 977	 0	 0	 0	 0	 0	 0	 0	 0	 0	 0	 0	 0	 0	 0	 0	 0	 0	 0	 0	 0	 0	 0	 0	 0	 0	 0	 0	 0	 0	 0	 0	 0	 0	 0	 0	 0	 0	 0	 0	 0	 0	 0	 0	 0	 0	 0	 0	 0	 0	 0	 0	 0	 0	 0	 0	 0	 0	 0	 0	 0	 0	 0	 0	 0	 0	 133	 0	 0	 0	 0	 0	 994	 0	 0	 0	 0	 0	 0	 0	 0
"Enterococcus_B hirae"	 0	 0	 0	 0	 0	 0	 0	 0	 0	 0	 0	 0	 0	 0	 0	 0	 0	 0	 0	 0	 0	 0	 0	 0	 0	 0	 0	 0	 0	 0	 0	 0	 0	 0	 1407	 0	 0	 0	 0	 0	 0	 0	 0	 0	 0	 0	 0	 0	 0	 0	 0	 0	 0	 0	 0	 0	 0	 0	 0	 0	 0	 0	 0	 0	 0	 0	 0	 0	 0	 0	 0	 0	 0	 0	 0	 0	 0	 0	 0	 0	 0	 0	 0	 0	 0	 0	 0	 0	 0	 0	 0	 0	 0	 0	 0	 0	 0
"Enterococcus_C asini"	 0	 0	 0	 0	 0	 0	 0	 0	 0	 0	 0	 0	 0	 0	 0	 0	 0	 0	 0	 0	 0	 0	 0	 0	 0	 0	 0	 0	 0	 0	 0	 0	 0	 0	 0	 0	 0	 0	 0	 0	 0	 0	 0	 0	 0	 964	 0	 0	 0	 0	 0	 0	 0	 0	 0	 0	 0	 0	 0	 0	 0	 0	 0	 0	 0	 0	 0	 0	 0	 0	 0	 0	 0	 0	 0	 0	 0	 0	 0	 0	 0	 0	 0	 0	 0	 0	 0	 0	 0	 0	 0	 0	 0	 0	 0	 0	 0
"Enterococcus_D casseliflavus"	 0	 0	 0	 0	 0	 0	 0	 0	 0	 0	 0	 0	 0	 0	 0	 0	 0	 0	 0	 0	 0	 0	 0	 0	 0	 0	 0	 0	 0	 730	 0	 0	 0	 0	 0	 0	 0	 0	 0	 0	 0	 0	 0	 0	 77	 0	 0	 0	 0	 0	 0	 0	 0	 0	 0	 0	 0	 0	 0	 0	 0	 0	 0	 0	 0	 0	 0	 0	 0	 0	 0	 0	 0	 152	 0	 0	 0	 0	 0	 0	 0	 0	 0	 0	 0	 0	 0	 0	 0	 0	 0	 0	 0	 0	 0	 0	 0
"Enterococcus_D sp002850555"	 0	 0	 0	 0	 0	 0	 0	 0	 0	 0	 0	 0	 0	 0	 0	 0	 0	 0	 0	 0	 0	 0	 0	 0	 0	 0	 0	 0	 0	 231	 0	 0	 0	 0	 0	 0	 0	 0	 0	 0	 0	 0	 0	 0	 24	 0	 0	 0	 0	 0	 0	 0	 0	 0	 0	 0	 0	 0	 0	 0	 0	 0	 0	 0	 0	 0	 0	 0	 0	 0	 0	 0	 0	 76	 0	 0	 0	 0	 0	 0	 0	 0	 0	 0	 0	 0	 0	 0	 0	 0	 0	 0	 0	 0	 0	 0	 0
"Enterococcus_G sulfureus"	 0	 0	 0	 0	 0	 0	 0	 0	 0	 0	 0	 0	 0	 0	 0	 0	 0	 0	 0	 0	 0	 0	 0	 0	 0	 0	 0	 0	 0	 116	 0	 0	 0	 0	 0	 0	 0	 0	 0	 0	 0	 0	 0	 0	 0	 0	 0	 0	 0	 0	 0	 0	 0	 0	 0	 0	 0	 0	 0	 0	 0	 0	 0	 0	 0	 0	 0	 0	 0	 0	 0	 0	 0	 0	 0	 0	 0	 0	 0	 0	 0	 0	 0	 0	 0	 0	 0	 0	 0	 0	 0	 0	 0	 0	 0	 0	 0
"Companilactobacillus farciminis_A"	 0	 0	 0	 0	 0	 0	 0	 0	 0	 0	 0	 0	 0	 0	 0	 0	 0	 0	 0	 0	 0	 0	 0	 0	 0	 0	 0	 0	 0	 0	 31	 0	 0	 0	 0	 0	 0	 0	 0	 0	 0	 0	 0	 0	 0	 0	 0	 0	 0	 0	 0	 0	 0	 0	 0	 0	 0	 0	 0	 0	 0	 0	 0	 0	 0	 0	 0	 0	 0	 0	 0	 0	 0	 0	 0	 0	 0	 0	 0	 0	 0	 0	 0	 0	 0	 0	 0	 0	 0	 0	 0	 0	 36	 0	 0	 0	 0
"Lacticaseibacillus paracasei"	 0	 0	 0	 0	 0	 0	 0	 0	 0	 0	 0	 0	 0	 0	 0	 436	 0	 0	 0	 0	 0	 0	 0	 0	 0	 0	 0	 0	 0	 0	 0	 0	 0	 0	 0	 0	 0	 0	 0	 0	 0	 0	 0	 0	 0	 0	 257	 0	 0	 0	 0	 0	 0	 0	 0	 0	 0	 0	 0	 0	 0	 0	 0	 0	 0	 0	 0	 0	 0	 0	 0	 0	 0	 0	 0	 0	 0	 0	 0	 0	 0	 0	 0	 0	 0	 1069	 0	 0	 0	 0	 0	 0	 0	 0	 0	 0	 0
"Lacticaseibacillus rhamnosus"	 0	 0	 0	 0	 0	 0	 0	 0	 0	 0	 0	 0	 0	 0	 0	 0	 0	 0	 0	 0	 0	 0	 0	 0	 0	 0	 0	 0	 0	 0	 0	 0	 0	 0	 0	 0	 0	 0	 0	 0	 0	 0	 0	 0	 0	 0	 0	 0	 0	 0	 0	 0	 0	 0	 0	 0	 0	 0	 0	 0	 0	 0	 0	 115	 0	 0	 0	 0	 0	 0	 0	 0	 0	 0	 0	 0	 0	 0	 0	 0	 0	 0	 0	 0	 0	 0	 0	 0	 0	 0	 0	 0	 0	 0	 0	 0	 0
"Lactiplantibacillus plantarum"	 0	 0	 0	 0	 0	 0	 0	 0	 0	 0	 0	 0	 0	 0	 0	 0	 0	 0	 0	 0	 0	 0	 0	 0	 0	 0	 0	 0	 0	 0	 0	 0	 0	 0	 0	 0	 0	 0	 0	 0	 0	 0	 0	 0	 0	 0	 0	 0	 0	 0	 0	 0	 0	 0	 0	 0	 57	 0	 19	 0	 0	 0	 0	 327	 0	 0	 0	 0	 0	 0	 0	 0	 0	 0	 0	 0	 0	 0	 0	 0	 0	 0	 0	 0	 0	 0	 0	 0	 1993	 0	 0	 0	 0	 0	 0	 0	 0
"Lactobacillus acidophilus"	 0	 0	 0	 0	 1214	 0	 0	 0	 0	 0	 0	 0	 0	 0	 0	 0	 0	 0	 0	 0	 0	 0	 0	 0	 0	 0	 0	 0	 0	 0	 0	 0	 0	 0	 0	 0	 0	 0	 0	 0	 0	 0	 0	 0	 0	 0	 0	 0	 0	 0	 0	 0	 0	 0	 0	 0	 0	 0	 0	 0	 0	 0	 0	 0	 0	 0	 0	 0	 0	 0	 0	 0	 0	 0	 0	 0	 0	 0	 0	 0	 0	 0	 0	 0	 0	 0	 0	 0	 0	 0	 0	 0	 0	 0	 0	 0	 0
"Lactobacillus amylovorus"	 0	 0	 0	 0	 0	 0	 0	 0	 0	 0	 0	 0	 0	 0	 0	 0	 0	 0	 0	 0	 146	 0	 0	 0	 0	 549	 0	 0	 0	 0	 0	 0	 0	 0	 0	 0	 0	 0	 0	 0	 0	 0	 0	 0	 0	 0	 0	 0	 0	 0	 0	 0	 0	 0	 0	 0	 0	 0	 0	 0	 0	 0	 0	 0	 0	 0	 0	 0	 0	 0	 0	 0	 0	 0	 441	 0	 0	 0	 0	 0	 0	 0	 0	 0	 0	 0	 0	 0	 0	 0	 0	 0	 0	 0	 0	 0	 0
"Lactobacillus delbrueckii"	 0	 0	 0	 0	 0	 0	 0	 0	 0	 213	 0	 0	 0	 0	 0	 0	 0	 0	 0	 0	 0	 0	 0	 0	 0	 0	 0	 0	 0	 61	 0	 0	 0	 0	 0	 0	 0	 0	 0	 0	 0	 0	 0	 0	 0	 0	 0	 0	 0	 0	 0	 0	 0	 77	 0	 0	 0	 0	 0	 0	 0	 0	 0	 0	 0	 0	 0	 0	 0	 0	 0	 0	 0	 0	 0	 0	 0	 0	 0	 0	 0	 0	 0	 0	 0	 0	 0	 0	 0	 0	 0	 0	 0	 0	 169	 0	 0
"Lactobacillus gasseri"	 0	 0	 0	 0	 0	 0	 0	 0	 0	 0	 0	 0	 0	 0	 0	 0	 0	 0	 0	 0	 0	 0	 0	 0	 0	 0	 0	 0	 0	 0	 0	 0	 0	 0	 0	 385	 0	 0	 0	 0	 0	 0	 0	 0	 0	 0	 0	 0	 0	 0	 0	 0	 0	 0	 0	 0	 0	 0	 0	 0	 0	 0	 0	 0	 0	 0	 0	 0	 0	 0	 0	 0	 0	 0	 0	 0	 0	 0	 0	 0	 0	 0	 0	 0	 0	 0	 0	 0	 0	 0	 0	 0	 0	 0	 0	 0	 0
"Lactobacillus kitasatonis"	 0	 0	 0	 0	 0	 0	 0	 0	 0	 0	 0	 0	 0	 0	 0	 0	 0	 0	 0	 0	 0	 0	 0	 0	 0	 30	 0	 0	 0	 0	 0	 0	 0	 0	 0	 0	 0	 0	 0	 0	 0	 0	 0	 0	 0	 0	 0	 0	 0	 0	 0	 0	 0	 0	 0	 0	 0	 0	 0	 0	 0	 0	 0	 0	 0	 0	 0	 0	 0	 0	 0	 0	 0	 0	 0	 0	 0	 0	 0	 0	 0	 0	 0	 0	 0	 0	 0	 0	 0	 0	 0	 0	 0	 0	 0	 0	 0
"Lactobacillus paragasseri"	 0	 0	 0	 0	 0	 0	 0	 0	 0	 0	 0	 0	 0	 0	 0	 0	 0	 0	 0	 0	 0	 0	 0	 0	 0	 0	 0	 0	 0	 228	 0	 0	 0	 0	 0	 700	 0	 0	 0	 0	 0	 0	 0	 0	 0	 0	 0	 0	 46	 0	 0	 0	 0	 0	 0	 0	 0	 0	 0	 0	 0	 0	 0	 0	 0	 0	 0	 0	 0	 0	 0	 0	 0	 0	 0	 0	 0	 0	 0	 0	 0	 0	 0	 0	 0	 0	 0	 0	 0	 0	 0	 0	 0	 0	 0	 0	 0
"Leuconostoc citreum"	 0	 0	 0	 0	 0	 0	 0	 0	 0	 0	 0	 0	 0	 176	 0	 0	 0	 0	 0	 0	 0	 0	 0	 0	 0	 0	 0	 0	 0	 0	 0	 0	 0	 0	 0	 0	 0	 0	 0	 0	 0	 0	 0	 0	 0	 0	 0	 0	 0	 0	 0	 0	 0	 0	 0	 0	 0	 0	 0	 0	 0	 0	 0	 0	 0	 0	 0	 0	 0	 0	 0	 0	 0	 0	 0	 0	 0	 0	 0	 0	 0	 0	 0	 0	 0	 0	 0	 0	 0	 0	 0	 0	 0	 0	 0	 0	 0
"Leuconostoc lactis"	 0	 0	 0	 0	 0	 0	 0	 0	 0	 0	 0	 0	 0	 0	 0	 0	 0	 0	 0	 0	 0	 0	 0	 0	 0	 44	 0	 0	 0	 532	 0	 0	 0	 0	 229	 0	 0	 0	 0	 0	 0	 0	 0	 0	 0	 0	 0	 0	 0	 0	 373	 0	 0	 0	 0	 0	 0	 0	 0	 0	 0	 0	 0	 0	 0	 0	 0	 0	 0	 0	 0	 0	 0	 784	 0	 0	 0	 0	 0	 0	 0	 0	 0	 0	 0	 0	 0	 0	 0	 0	 0	 0	 0	 0	 0	 0	 0
"Leuconostoc lactis_A"	 0	 0	 0	 0	 0	 0	 0	 0	 0	 0	 0	 0	 0	 0	 0	 0	 0	 0	 0	 0	 0	 0	 0	 0	 0	 0	 0	 0	 0	 158	 0	 0	 0	 0	 0	 0	 0	 0	 0	 0	 0	 0	 0	 0	 0	 0	 0	 0	 0	 0	 32	 0	 0	 0	 0	 0	 0	 0	 0	 0	 0	 0	 0	 0	 0	 0	 0	 0	 0	 0	 0	 0	 0	 150	 0	 0	 0	 0	 0	 0	 0	 0	 0	 0	 0	 0	 0	 0	 0	 0	 0	 0	 0	 0	 0	 0	 0
"Ligilactobacillus agilis"	 0	 0	 0	 0	 0	 0	 0	 0	 0	 0	 0	 0	 0	 0	 0	 0	 0	 0	 0	 0	 0	 0	 0	 0	 0	 0	 0	 0	 0	 1129	 0	 0	 0	 0	 0	 0	 0	 0	 0	 0	 0	 0	 0	 0	 0	 0	 0	 0	 0	 0	 0	 0	 0	 0	 0	 0	 0	 0	 0	 0	 0	 0	 0	 0	 0	 0	 0	 0	 0	 0	 0	 0	 0	 0	 0	 0	 0	 0	 0	 0	 0	 0	 0	 0	 0	 0	 0	 0	 0	 0	 0	 0	 0	 0	 0	 0	 0
"Ligilactobacillus ruminis"	 0	 0	 0	 1051	 0	 0	 0	 0	 0	 958	 0	 0	 0	 0	 0	 0	 0	 0	 0	 86	 0	 0	 0	 988	 0	 0	 0	 0	 977	 0	 897	 0	 0	 0	 0	 0	 0	 0	 0	 0	 1000	 0	 807	 0	 0	 0	 0	 0	 961	 0	 0	 0	 971	 0	 0	 0	 0	 0	 239	 0	 0	 0	 972	 0	 0	 0	 0	 0	 0	 786	 728	 0	 0	 0	 0	 1123	 0	 0	 0	 0	 0	 0	 0	 630	 0	 0	 428	 0	 0	 0	 1042	 0	 0	 0	 985	 0	 0
"Ligilactobacillus salivarius"	 0	 0	 0	 0	 0	 0	 0	 0	 0	 0	 0	 0	 0	 0	 0	 0	 0	 0	 0	 0	 0	 0	 0	 0	 0	 0	 0	 0	 0	 600	 0	 0	 0	 0	 1059	 159	 0	 0	 0	 0	 0	 0	 0	 0	 0	 0	 0	 0	 1312	 0	 0	 0	 0	 0	 0	 0	 0	 0	 0	 0	 0	 0	 0	 0	 0	 1128	 0	 0	 248	 0	 0	 0	 0	 0	 0	 0	 0	 0	 0	 0	 0	 0	 0	 0	 0	 0	 0	 0	 0	 0	 0	 1260	 0	 0	 0	 0	 0
"Limosilactobacillus fermentum"	 0	 0	 0	 0	 0	 0	 0	 0	 0	 741	 0	 0	 0	 0	 0	 0	 0	 0	 0	 0	 0	 0	 0	 0	 0	 0	 0	 0	 0	 97	 0	 0	 0	 0	 0	 0	 0	 0	 0	 0	 0	 0	 0	 0	 0	 0	 0	 0	 0	 0	 0	 0	 0	 0	 0	 0	 0	 0	 0	 0	 0	 0	 0	 0	 0	 0	 0	 0	 0	 0	 0	 0	 0	 0	 0	 0	 0	 0	 0	 0	 0	 0	 0	 0	 0	 0	 0	 0	 0	 0	 0	 0	 0	 0	 0	 0	 0
"Limosilactobacillus mucosae"	 0	 0	 0	 0	 0	 0	 0	 0	 0	 0	 0	 0	 0	 0	 0	 0	 0	 19	 0	 87	 0	 0	 736	 0	 0	 741	 0	 0	 0	 0	 938	 0	 0	 0	 0	 0	 0	 0	 0	 0	 0	 0	 0	 0	 0	 0	 0	 0	 0	 0	 0	 0	 0	 0	 0	 0	 0	 0	 10	 0	 0	 0	 0	 0	 0	 0	 0	 0	 0	 0	 0	 0	 0	 0	 211	 0	 0	 0	 0	 0	 0	 0	 0	 0	 0	 0	 0	 0	 0	 0	 0	 0	 0	 0	 0	 0	 0
"Limosilactobacillus oris"	 0	 0	 0	 0	 0	 0	 0	 0	 0	 0	 0	 0	 0	 0	 0	 0	 0	 0	 0	 0	 0	 0	 0	 0	 0	 0	 0	 0	 0	 0	 0	 0	 0	 0	 0	 0	 0	 0	 0	 0	 0	 0	 0	 0	 0	 0	 0	 0	 0	 0	 0	 0	 0	 0	 0	 0	 0	 0	 0	 0	 0	 0	 0	 0	 0	 215	 0	 0	 0	 0	 0	 0	 0	 0	 0	 0	 0	 0	 0	 0	 0	 0	 0	 0	 0	 0	 0	 0	 0	 0	 0	 0	 0	 0	 0	 0	 0
"Limosilactobacillus pontis"	 0	 0	 0	 327	 0	 0	 0	 0	 0	 0	 0	 0	 0	 0	 0	 0	 0	 0	 0	 0	 0	 0	 0	 0	 0	 0	 0	 0	 0	 0	 0	 0	 0	 0	 0	 0	 0	 0	 0	 0	 0	 0	 0	 0	 0	 0	 0	 0	 0	 0	 0	 0	 0	 0	 0	 0	 0	 0	 0	 0	 0	 0	 0	 0	 0	 0	 0	 0	 0	 0	 0	 0	 0	 0	 0	 0	 0	 0	 0	 0	 0	 0	 0	 0	 0	 0	 0	 0	 0	 0	 0	 0	 0	 0	 0	 0	 0
"Limosilactobacillus vaginalis"	 0	 0	 0	 0	 0	 0	 0	 0	 0	 0	 0	 0	 0	 0	 0	 0	 0	 0	 0	 0	 0	 0	 0	 0	 0	 0	 0	 0	 0	 0	 0	 0	 0	 0	 0	 102	 0	 0	 0	 0	 0	 0	 0	 0	 0	 0	 0	 0	 0	 0	 0	 0	 0	 0	 0	 0	 0	 0	 0	 0	 0	 0	 0	 0	 0	 0	 0	 0	 0	 0	 0	 0	 0	 0	 0	 0	 0	 0	 0	 0	 0	 0	 0	 0	 0	 0	 0	 0	 0	 0	 0	 0	 0	 0	 0	 0	 0
"Pediococcus acidilactici"	 0	 0	 0	 270	 0	 0	 0	 0	 0	 0	 0	 0	 0	 0	 0	 0	 0	 0	 0	 0	 0	 0	 0	 0	 0	 0	 0	 0	 0	 0	 0	 0	 0	 0	 0	 0	 0	 0	 0	 0	 0	 0	 0	 0	 0	 0	 0	 0	 0	 0	 0	 0	 0	 0	 0	 0	 0	 0	 0	 0	 0	 0	 0	 0	 0	 0	 0	 0	 0	 0	 0	 0	 0	 0	 0	 0	 0	 0	 0	 0	 0	 0	 0	 0	 0	 0	 0	 0	 0	 0	 0	 0	 0	 0	 0	 0	 0
"Weissella cibaria"	 0	 0	 0	 370	 0	 0	 0	 0	 0	 0	 0	 162	 0	 0	 0	 72	 0	 0	 0	 0	 0	 0	 0	 0	 0	 0	 0	 0	 0	 81	 86	 0	 0	 0	 0	 0	 0	 0	 191	 879	 0	 0	 0	 0	 0	 0	 0	 0	 50	 0	 0	 0	 0	 0	 0	 0	 0	 0	 12	 0	 0	 0	 0	 42	 0	 0	 0	 0	 0	 0	 0	 0	 0	 290	 0	 0	 0	 0	 0	 0	 0	 0	 0	 0	 0	 0	 0	 0	 0	 0	 0	 0	 0	 0	 0	 0	 0
"Weissella confusa"	 0	 0	 0	 0	 0	 733	 0	 0	 0	 86	 0	 0	 0	 0	 63	 0	 331	 0	 0	 0	 0	 0	 0	 0	 0	 0	 0	 0	 0	 636	 0	 0	 0	 0	 0	 0	 0	 0	 0	 619	 0	 0	 0	 0	 0	 0	 0	 0	 674	 0	 0	 0	 0	 0	 0	 0	 0	 0	 0	 182	 0	 0	 0	 68	 0	 876	 0	 0	 0	 0	 0	 0	 0	 669	 0	 0	 0	 0	 0	 0	 0	 0	 61	 0	 0	 0	 0	 0	 0	 0	 0	 0	 0	 0	 0	 0	 0
"Weissella confusa_B"	 0	 0	 0	 0	 0	 0	 0	 0	 0	 0	 0	 0	 0	 0	 0	 0	 65	 0	 0	 0	 0	 0	 0	 0	 0	 0	 0	 0	 0	 0	 0	 0	 0	 0	 0	 0	 0	 0	 0	 0	 0	 0	 0	 0	 0	 0	 0	 0	 0	 0	 0	 0	 0	 0	 0	 0	 0	 0	 0	 0	 0	 0	 0	 0	 0	 0	 0	 0	 0	 0	 0	 0	 0	 112	 0	 0	 0	 0	 0	 0	 0	 0	 0	 0	 0	 0	 0	 0	 0	 0	 0	 0	 0	 0	 0	 0	 0
"Weissella viridescens"	 0	 0	 0	 0	 0	 0	 0	 0	 0	 0	 0	 0	 0	 0	 0	 0	 0	 0	 0	 0	 193	 0	 0	 0	 0	 0	 0	 0	 0	 0	 0	 0	 0	 0	 0	 0	 0	 0	 0	 0	 0	 0	 0	 0	 0	 0	 0	 0	 0	 0	 0	 0	 0	 0	 0	 0	 0	 0	 0	 0	 0	 0	 0	 0	 0	 0	 0	 0	 0	 0	 0	 0	 0	 0	 0	 0	 0	 0	 0	 0	 0	 0	 0	 0	 0	 0	 0	 0	 0	 0	 0	 0	 0	 0	 0	 0	 0
"Lactococcus garvieae"	 0	 0	 0	 120	 0	 226	 0	 0	 0	 0	 0	 277	 0	 0	 0	 0	 0	 0	 0	 0	 0	 0	 0	 0	 0	 0	 0	 0	 0	 291	 0	 0	 0	 0	 245	 0	 0	 0	 0	 231	 0	 0	 0	 0	 1373	 0	 0	 0	 148	 0	 0	 0	 0	 0	 0	 0	 0	 0	 0	 0	 0	 0	 0	 0	 0	 0	 0	 0	 0	 0	 0	 0	 0	 0	 0	 0	 0	 0	 0	 184	 0	 0	 0	 0	 0	 0	 0	 0	 0	 0	 0	 0	 0	 0	 0	 0	 0
"Lactococcus garvieae_B"	 0	 0	 0	 0	 0	 0	 0	 0	 0	 0	 0	 474	 0	 0	 0	 0	 0	 0	 0	 0	 0	 0	 0	 0	 0	 0	 0	 0	 0	 0	 0	 0	 0	 0	 0	 0	 0	 0	 0	 0	 0	 0	 0	 0	 28	 0	 0	 0	 57	 0	 0	 0	 0	 0	 0	 0	 0	 0	 0	 0	 0	 0	 0	 0	 0	 0	 0	 0	 0	 0	 0	 0	 0	 0	 0	 0	 0	 0	 0	 0	 0	 0	 0	 0	 0	 0	 0	 0	 0	 0	 0	 0	 0	 0	 0	 0	 0
"Lactococcus lactis"	 0	 0	 0	 0	 0	 0	 0	 0	 0	 0	 0	 39	 0	 0	 0	 0	 0	 0	 0	 0	 0	 0	 0	 0	 0	 0	 0	 0	 0	 271	 0	 0	 0	 0	 0	 0	 0	 0	 0	 0	 0	 0	 0	 0	 214	 0	 0	 0	 0	 0	 0	 0	 0	 0	 0	 0	 0	 0	 0	 0	 0	 0	 0	 0	 0	 0	 0	 0	 0	 0	 0	 0	 0	 54	 0	 0	 0	 0	 0	 0	 0	 0	 0	 0	 0	 0	 0	 0	 0	 0	 0	 0	 0	 0	 0	 0	 0
"Lactococcus lactis_E"	 0	 0	 0	 0	 0	 0	 0	 0	 0	 0	 0	 0	 0	 0	 0	 0	 0	 0	 0	 0	 0	 0	 0	 0	 0	 0	 0	 0	 0	 39	 0	 0	 0	 0	 0	 0	 0	 0	 0	 0	 0	 0	 0	 0	 39	 0	 0	 0	 0	 0	 0	 0	 0	 0	 0	 0	 0	 0	 0	 0	 0	 0	 0	 0	 0	 0	 0	 0	 0	 0	 0	 0	 0	 0	 0	 0	 0	 0	 0	 0	 0	 0	 0	 0	 0	 0	 0	 0	 0	 0	 0	 0	 0	 0	 0	 0	 0
"Lactococcus petauri"	 0	 0	 0	 224	 0	 300	 0	 0	 0	 0	 0	 718	 0	 0	 0	 0	 0	 0	 0	 0	 0	 0	 0	 0	 0	 0	 0	 0	 0	 751	 0	 0	 0	 0	 954	 0	 0	 0	 0	 686	 0	 0	 0	 0	 70	 0	 0	 0	 207	 0	 0	 0	 0	 0	 0	 0	 0	 0	 0	 0	 0	 0	 0	 0	 0	 0	 0	 0	 0	 0	 0	 0	 0	 0	 0	 0	 0	 0	 0	 227	 0	 0	 0	 0	 0	 0	 0	 0	 0	 0	 0	 0	 0	 0	 0	 0	 0
"Streptococcus anginosus"	 0	 0	 0	 0	 0	 0	 0	 0	 0	 0	 0	 625	 0	 0	 0	 0	 0	 0	 0	 0	 0	 0	 0	 0	 0	 0	 0	 0	 0	 0	 0	 0	 0	 0	 0	 0	 0	 0	 0	 0	 0	 0	 0	 0	 0	 0	 0	 0	 0	 0	 0	 0	 0	 0	 0	 0	 0	 0	 0	 0	 0	 0	 0	 0	 0	 344	 0	 0	 0	 0	 0	 0	 0	 0	 0	 0	 0	 0	 0	 0	 0	 0	 326	 0	 0	 0	 0	 0	 0	 0	 0	 0	 0	 0	 0	 0	 0
"Streptococcus anginosus_C"	 0	 0	 0	 0	 0	 0	 0	 0	 0	 0	 0	 109	 0	 0	 0	 0	 0	 0	 0	 0	 0	 0	 0	 0	 0	 0	 0	 0	 0	 0	 0	 0	 0	 0	 0	 0	 0	 0	 0	 0	 0	 0	 0	 0	 0	 0	 0	 0	 0	 0	 0	 0	 0	 0	 0	 0	 0	 0	 0	 0	 0	 0	 0	 0	 0	 313	 0	 0	 0	 0	 0	 0	 0	 142	 0	 0	 0	 0	 0	 0	 0	 0	 0	 0	 0	 0	 0	 0	 0	 0	 0	 0	 0	 0	 0	 0	 0
"Streptococcus australis"	 0	 0	 0	 0	 0	 0	 39	 69	 0	 0	 0	 0	 0	 0	 0	 0	 0	 0	 0	 0	 0	 0	 0	 0	 0	 0	 0	 0	 0	 0	 0	 0	 0	 0	 0	 0	 0	 0	 0	 0	 0	 0	 0	 0	 0	 0	 0	 0	 0	 0	 0	 0	 0	 0	 0	 0	 0	 0	 0	 0	 0	 0	 0	 0	 0	 0	 0	 0	 0	 0	 0	 0	 0	 0	 0	 118	 0	 0	 0	 0	 0	 0	 0	 0	 0	 0	 0	 0	 0	 0	 0	 0	 0	 0	 0	 0	 0
"Streptococcus constellatus"	 0	 0	 0	 0	 0	 0	 0	 0	 0	 0	 0	 63	 0	 0	 0	 0	 0	 0	 0	 0	 0	 0	 0	 0	 0	 0	 0	 0	 0	 0	 0	 0	 0	 0	 0	 0	 0	 0	 0	 0	 0	 0	 0	 0	 0	 0	 0	 0	 0	 0	 0	 0	 0	 0	 0	 0	 0	 0	 0	 0	 0	 0	 0	 0	 0	 92	 0	 0	 0	 0	 0	 0	 0	 0	 0	 0	 0	 0	 0	 0	 0	 0	 0	 0	 0	 0	 0	 0	 0	 0	 0	 0	 0	 0	 0	 0	 0
"Streptococcus cristatus"	 0	 0	 0	 0	 0	 0	 0	 0	 0	 0	 0	 63	 0	 0	 0	 0	 0	 0	 0	 0	 0	 0	 0	 0	 0	 0	 0	 0	 0	 0	 0	 0	 0	 0	 0	 0	 0	 0	 0	 0	 0	 0	 0	 0	 0	 0	 0	 0	 0	 0	 0	 0	 0	 0	 0	 0	 0	 0	 0	 0	 0	 0	 0	 0	 0	 92	 0	 0	 0	 0	 0	 0	 0	 0	 0	 0	 0	 0	 0	 0	 0	 0	 0	 0	 0	 0	 0	 0	 0	 0	 0	 0	 0	 0	 0	 0	 0
"Streptococcus cristatus_B"	 0	 0	 0	 0	 0	 0	 0	 0	 0	 0	 0	 0	 0	 0	 0	 0	 0	 0	 0	 0	 0	 0	 0	 0	 0	 0	 0	 0	 0	 0	 0	 0	 0	 0	 0	 0	 0	 0	 0	 0	 0	 0	 0	 0	 0	 0	 0	 0	 0	 0	 0	 0	 0	 0	 0	 0	 0	 0	 0	 0	 0	 0	 0	 0	 0	 39	 0	 0	 0	 0	 0	 0	 0	 0	 0	 0	 0	 0	 0	 0	 0	 0	 0	 0	 0	 0	 0	 0	 0	 0	 0	 0	 0	 0	 0	 0	 0
"Streptococcus cristatus_C"	 0	 0	 0	 0	 0	 0	 0	 0	 0	 0	 0	 0	 0	 0	 0	 0	 0	 0	 0	 0	 0	 0	 0	 0	 0	 0	 0	 0	 0	 0	 0	 0	 0	 0	 0	 0	 0	 0	 0	 0	 0	 0	 0	 0	 0	 0	 0	 0	 0	 0	 0	 0	 0	 0	 0	 0	 0	 0	 0	 0	 0	 0	 0	 0	 0	 60	 0	 0	 0	 0	 0	 0	 0	 0	 0	 0	 0	 0	 0	 0	 0	 0	 0	 0	 0	 0	 0	 0	 0	 0	 0	 0	 0	 0	 0	 0	 0
"Streptococcus gallolyticus"	 0	 46	 0	 0	 0	 320	 0	 0	 0	 0	 0	 0	 0	 0	 897	 0	 0	 0	 0	 0	 0	 0	 0	 0	 0	 0	 0	 0	 0	 351	 0	 0	 0	 0	 0	 0	 0	 0	 0	 0	 0	 0	 0	 0	 0	 308	 0	 0	 0	 0	 0	 69	 0	 0	 0	 0	 0	 0	 0	 0	 0	 0	 0	 0	 0	 955	 0	 0	 0	 0	 0	 0	 0	 0	 0	 0	 0	 0	 0	 0	 0	 0	 0	 0	 0	 0	 0	 0	 0	 0	 0	 0	 0	 0	 0	 0	 0
"Streptococcus gordonii"	 0	 0	 0	 0	 0	 0	 0	 666	 0	 1271	 0	 841	 0	 0	 0	 0	 0	 0	 0	 0	 0	 0	 0	 0	 0	 0	 0	 0	 0	 0	 0	 45	 0	 0	 0	 0	 0	 0	 0	 0	 0	 0	 0	 0	 0	 0	 0	 0	 0	 0	 0	 0	 0	 0	 0	 0	 0	 0	 0	 0	 0	 0	 0	 0	 0	 882	 0	 0	 0	 0	 0	 0	 0	 164	 0	 104	 0	 0	 0	 0	 0	 0	 0	 0	 0	 0	 0	 0	 0	 0	 0	 0	 0	 0	 0	 0	 0
"Streptococcus gordonii_A"	 0	 0	 0	 0	 0	 0	 0	 49	 0	 0	 0	 61	 0	 0	 0	 0	 0	 0	 0	 0	 0	 0	 0	 0	 0	 0	 0	 0	 0	 0	 0	 0	 0	 0	 0	 0	 0	 0	 0	 0	 0	 0	 0	 0	 0	 0	 0	 0	 0	 0	 0	 0	 0	 0	 0	 0	 0	 0	 0	 0	 0	 0	 0	 0	 0	 60	 0	 0	 0	 0	 0	 0	 0	 0	 0	 0	 0	 0	 0	 0	 0	 0	 0	 0	 0	 0	 0	 0	 0	 0	 0	 0	 0	 0	 0	 0	 0
"Streptococcus halitosis"	 0	 0	 0	 0	 0	 0	 0	 0	 0	 0	 0	 47	 0	 0	 0	 0	 0	 0	 0	 0	 0	 0	 0	 0	 0	 0	 0	 0	 0	 0	 0	 0	 0	 0	 0	 0	 0	 0	 0	 0	 0	 0	 0	 0	 0	 0	 0	 0	 0	 0	 0	 0	 0	 0	 0	 0	 0	 0	 0	 0	 0	 0	 0	 0	 0	 0	 0	 0	 0	 0	 0	 0	 0	 0	 0	 0	 0	 0	 0	 0	 0	 0	 0	 0	 0	 0	 0	 0	 0	 0	 0	 0	 0	 0	 0	 0	 0
"Streptococcus infantarius"	 0	 0	 0	 170	 0	 545	 0	 574	 0	 0	 0	 0	 0	 0	 0	 0	 0	 0	 0	 0	 0	 0	 0	 0	 0	 609	 93	 0	 0	 539	 0	 0	 93	 0	 0	 0	 0	 0	 0	 0	 0	 0	 0	 0	 0	 0	 0	 0	 514	 0	 0	 0	 0	 0	 0	 0	 0	 45	 0	 0	 83	 0	 0	 0	 0	 0	 0	 0	 0	 0	 0	 0	 611	 0	 0	 0	 0	 0	 0	 0	 0	 0	 0	 0	 0	 0	 0	 0	 0	 0	 0	 0	 64	 0	 0	 0	 0
"Streptococcus lutetiensis"	 0	 0	 0	 0	 0	 0	 0	 0	 0	 0	 0	 0	 0	 0	 0	 0	 0	 0	 0	 0	 0	 0	 0	 0	 0	 0	 0	 0	 0	 46	 0	 0	 0	 0	 0	 0	 0	 0	 0	 0	 0	 0	 0	 0	 0	 0	 0	 0	 0	 0	 0	 0	 0	 0	 0	 0	 0	 699	 0	 0	 0	 0	 0	 0	 0	 0	 0	 0	 0	 0	 0	 0	 0	 0	 0	 0	 0	 0	 0	 0	 44	 0	 0	 0	 0	 0	 0	 0	 0	 0	 0	 0	 0	 0	 0	 0	 0
"Streptococcus macedonicus"	 0	 0	 0	 0	 0	 437	 0	 0	 0	 0	 0	 0	 0	 0	 0	 0	 0	 0	 0	 0	 0	 0	 0	 0	 0	 0	 0	 0	 0	 147	 0	 0	 0	 0	 0	 0	 0	 0	 0	 0	 0	 0	 0	 0	 0	 0	 0	 0	 0	 0	 0	 0	 0	 0	 0	 0	 0	 0	 0	 0	 0	 0	 0	 0	 0	 0	 0	 0	 0	 0	 0	 0	 0	 0	 0	 0	 0	 0	 0	 0	 0	 0	 0	 0	 0	 0	 0	 0	 0	 0	 0	 0	 0	 0	 0	 0	 0
"Streptococcus mitis"	 0	 0	 0	 0	 0	 0	 0	 0	 0	 0	 0	 0	 0	 0	 0	 0	 0	 0	 0	 0	 0	 0	 0	 0	 0	 0	 0	 0	 0	 0	 0	 0	 0	 0	 0	 0	 0	 0	 0	 0	 0	 0	 0	 0	 0	 0	 0	 0	 0	 0	 0	 0	 0	 0	 0	 0	 0	 0	 0	 0	 0	 0	 0	 0	 0	 96	 0	 0	 0	 0	 0	 0	 0	 0	 0	 0	 0	 0	 0	 0	 0	 0	 0	 0	 0	 0	 0	 0	 0	 0	 0	 0	 0	 0	 0	 0	 0
"Streptococcus mutans"	 0	 0	 0	 0	 0	 0	 0	 0	 0	 0	 0	 0	 0	 0	 0	 0	 0	 0	 0	 0	 0	 0	 0	 0	 0	 0	 0	 0	 0	 439	 0	 0	 0	 0	 0	 0	 0	 0	 0	 0	 0	 0	 0	 0	 0	 0	 0	 0	 0	 0	 0	 0	 0	 0	 0	 0	 0	 0	 0	 0	 0	 0	 0	 0	 0	 0	 0	 0	 0	 0	 0	 0	 0	 0	 0	 0	 0	 0	 0	 0	 0	 0	 0	 0	 0	 0	 0	 0	 0	 0	 0	 0	 0	 0	 0	 0	 0
"Streptococcus oralis"	 0	 0	 0	 0	 0	 0	 0	 0	 0	 90	 0	 45	 0	 0	 0	 0	 0	 0	 0	 0	 0	 0	 0	 0	 0	 0	 0	 0	 0	 0	 0	 0	 0	 0	 0	 0	 0	 0	 0	 0	 0	 0	 0	 0	 0	 0	 0	 0	 0	 0	 0	 0	 0	 0	 0	 0	 0	 0	 0	 0	 0	 0	 0	 0	 0	 0	 0	 0	 0	 0	 0	 0	 0	 0	 0	 0	 0	 0	 0	 0	 0	 0	 0	 0	 0	 0	 0	 0	 0	 0	 0	 0	 0	 0	 0	 0	 0
"Streptococcus oralis_S"	 0	 0	 0	 0	 0	 0	 0	 0	 0	 78	 0	 0	 0	 0	 0	 0	 0	 0	 0	 0	 0	 0	 0	 0	 0	 0	 0	 0	 0	 0	 0	 0	 0	 0	 0	 0	 0	 0	 0	 0	 0	 0	 0	 0	 0	 0	 0	 0	 0	 0	 0	 0	 0	 0	 0	 0	 0	 0	 0	 0	 0	 0	 0	 0	 0	 0	 0	 0	 0	 0	 0	 0	 0	 0	 0	 0	 0	 0	 0	 0	 0	 0	 0	 0	 0	 0	 0	 0	 0	 0	 0	 0	 0	 0	 0	 0	 0
"Streptococcus oralis_T"	 0	 0	 0	 0	 0	 0	 0	 0	 0	 0	 0	 67	 0	 0	 0	 0	 0	 0	 0	 0	 0	 0	 0	 0	 0	 0	 0	 0	 0	 0	 0	 0	 0	 0	 0	 0	 0	 0	 0	 0	 0	 0	 0	 0	 0	 0	 0	 0	 0	 0	 0	 0	 0	 0	 0	 0	 0	 0	 0	 0	 0	 0	 0	 0	 0	 0	 0	 0	 0	 0	 0	 0	 0	 0	 0	 0	 0	 0	 0	 0	 0	 0	 0	 0	 0	 0	 0	 0	 0	 0	 0	 0	 0	 0	 0	 0	 0
"Streptococcus parasanguinis"	 0	 0	 0	 0	 0	 0	 0	 374	 0	 106	 0	 219	 0	 0	 49	 0	 0	 0	 0	 0	 0	 0	 0	 0	 0	 0	 0	 0	 0	 0	 0	 0	 0	 0	 0	 0	 0	 0	 0	 344	 0	 0	 0	 0	 151	 0	 0	 0	 63	 0	 0	 0	 0	 0	 0	 0	 0	 62	 0	 0	 0	 0	 0	 0	 0	 417	 0	 0	 0	 0	 0	 0	 0	 90	 0	 79	 0	 0	 0	 0	 0	 0	 0	 0	 0	 0	 0	 0	 0	 0	 0	 0	 0	 0	 0	 0	 0
"Streptococcus parasanguinis_B"	 0	 0	 0	 0	 0	 0	 0	 258	 0	 670	 0	 513	 0	 45	 71	 0	 0	 0	 0	 0	 0	 0	 0	 0	 0	 0	 0	 49	 0	 101	 0	 45	 0	 0	 84	 0	 0	 69	 42	 497	 0	 0	 0	 0	 371	 0	 0	 0	 511	 0	 0	 0	 0	 0	 0	 0	 0	 56	 0	 0	 0	 0	 0	 0	 0	 512	 0	 0	 0	 0	 0	 0	 0	 560	 0	 316	 0	 0	 0	 0	 0	 0	 0	 0	 0	 0	 0	 45	 0	 0	 79	 26	 47	 0	 0	 0	 0
"Streptococcus parasanguinis_C"	 0	 0	 0	 0	 0	 0	 0	 0	 0	 0	 0	 0	 0	 0	 0	 0	 0	 0	 0	 0	 0	 0	 0	 0	 0	 0	 0	 0	 0	 0	 0	 0	 0	 0	 0	 0	 0	 0	 0	 0	 0	 0	 0	 0	 0	 0	 0	 0	 0	 0	 0	 0	 0	 0	 0	 0	 0	 0	 0	 0	 0	 0	 0	 0	 0	 69	 0	 0	 0	 0	 0	 0	 0	 0	 0	 0	 0	 0	 0	 0	 0	 0	 0	 0	 0	 0	 0	 0	 0	 0	 0	 0	 0	 0	 0	 0	 0
"Streptococcus parasanguinis_D"	 0	 0	 0	 0	 0	 0	 0	 0	 0	 109	 0	 43	 0	 0	 0	 0	 0	 0	 0	 0	 0	 0	 0	 0	 0	 0	 0	 0	 0	 0	 0	 0	 0	 0	 0	 0	 0	 0	 0	 79	 0	 0	 0	 0	 47	 0	 0	 0	 55	 0	 0	 0	 0	 0	 0	 0	 0	 0	 0	 0	 0	 0	 0	 0	 0	 79	 0	 0	 0	 0	 0	 0	 0	 98	 0	 74	 0	 0	 0	 0	 0	 0	 0	 0	 0	 0	 0	 0	 0	 0	 0	 0	 0	 0	 0	 0	 0
"Streptococcus pasteurianus"	 41	 378	 0	 0	 0	 0	 0	 0	 0	 0	 0	 0	 0	 0	 0	 0	 0	 0	 0	 0	 0	 0	 0	 0	 0	 0	 0	 1324	 0	 415	 0	 1300	 0	 0	 0	 0	 0	 0	 0	 0	 0	 0	 0	 0	 1307	 25	 0	 0	 0	 0	 0	 789	 0	 0	 0	 0	 0	 0	 0	 0	 0	 0	 0	 0	 0	 0	 0	 0	 0	 0	 0	 292	 0	 0	 0	 0	 0	 0	 0	 0	 1253	 0	 0	 0	 0	 0	 0	 1332	 0	 0	 0	 0	 0	 0	 0	 0	 0
"Streptococcus pneumoniae"	 0	 0	 0	 0	 0	 0	 0	 0	 0	 0	 0	 50	 0	 0	 0	 0	 0	 0	 0	 0	 0	 0	 0	 0	 0	 0	 0	 0	 0	 0	 0	 0	 0	 0	 0	 0	 0	 0	 0	 0	 0	 0	 0	 0	 0	 0	 0	 0	 0	 0	 0	 0	 0	 0	 0	 0	 0	 0	 0	 0	 0	 0	 0	 0	 0	 98	 0	 0	 0	 0	 0	 0	 0	 0	 0	 0	 0	 0	 0	 0	 0	 0	 0	 0	 0	 0	 0	 0	 0	 0	 0	 0	 0	 0	 0	 0	 0
"Streptococcus pseudopneumoniae_O"	 0	 0	 0	 0	 0	 0	 0	 0	 0	 0	 0	 0	 0	 0	 0	 0	 0	 0	 0	 0	 0	 0	 0	 0	 0	 0	 0	 0	 0	 0	 0	 0	 0	 0	 0	 0	 0	 0	 0	 0	 0	 0	 0	 0	 0	 0	 0	 0	 0	 0	 0	 0	 0	 0	 0	 0	 0	 0	 0	 0	 0	 0	 0	 0	 0	 44	 0	 0	 0	 0	 0	 0	 0	 0	 0	 0	 0	 0	 0	 0	 0	 0	 0	 0	 0	 0	 0	 0	 0	 0	 0	 0	 0	 0	 0	 0	 0
"Streptococcus rubneri"	 0	 0	 0	 0	 0	 0	 136	 101	 0	 0	 0	 0	 0	 0	 0	 0	 0	 0	 0	 0	 0	 0	 0	 0	 0	 0	 0	 0	 0	 0	 0	 0	 0	 0	 0	 0	 0	 0	 0	 0	 0	 0	 0	 0	 0	 0	 0	 0	 0	 0	 0	 0	 0	 0	 0	 0	 0	 0	 0	 0	 0	 0	 0	 0	 0	 0	 0	 0	 0	 0	 0	 0	 0	 0	 0	 0	 0	 0	 0	 0	 0	 0	 0	 0	 0	 0	 0	 0	 0	 0	 0	 0	 0	 0	 0	 0	 0
"Streptococcus salivarius"	 0	 36	 0	 494	 67	 668	 122	 1008	 84	 1349	 129	 1311	 460	 694	 602	 0	 637	 71	 0	 693	 0	 46	 0	 0	 69	 251	 0	 864	 0	 1061	 0	 510	 0	 438	 465	 0	 0	 407	 568	 1582	 392	 414	 0	 399	 1467	 0	 70	 0	 1518	 0	 34	 67	 1151	 526	 0	 417	 34	 0	 71	 528	 579	 120	 519	 121	 64	 1102	 0	 206	 741	 0	 0	 833	 33	 943	 0	 1384	 56	 0	 0	 443	 0	 88	 110	 0	 0	 413	 0	 998	 0	 143	 1156	 975	 200	 77	 0	 0	 43
"Streptococcus sanguinis"	 0	 0	 0	 0	 0	 0	 0	 0	 0	 82	 0	 85	 0	 0	 0	 0	 0	 0	 0	 0	 0	 0	 0	 0	 0	 0	 0	 0	 0	 0	 0	 0	 0	 0	 0	 0	 0	 0	 0	 0	 0	 0	 0	 0	 0	 0	 0	 0	 0	 0	 0	 0	 0	 0	 0	 0	 0	 0	 0	 0	 0	 0	 0	 0	 0	 33	 0	 0	 0	 0	 0	 0	 0	 0	 0	 0	 0	 0	 0	 0	 0	 28	 0	 0	 0	 0	 0	 0	 0	 0	 0	 0	 0	 0	 0	 0	 0
"Streptococcus sobrinus"	 0	 0	 0	 0	 0	 0	 0	 0	 0	 0	 0	 0	 0	 0	 0	 0	 0	 0	 0	 0	 0	 0	 0	 0	 0	 0	 0	 0	 0	 259	 0	 0	 0	 0	 0	 0	 0	 0	 0	 0	 0	 0	 0	 0	 0	 0	 0	 0	 0	 0	 0	 0	 0	 0	 0	 0	 0	 0	 0	 0	 0	 0	 0	 0	 0	 0	 0	 0	 0	 0	 0	 0	 0	 0	 0	 0	 0	 0	 0	 0	 0	 0	 0	 0	 0	 0	 0	 0	 0	 0	 0	 0	 0	 0	 0	 0	 0
"Streptococcus sp000314795"	 0	 0	 0	 0	 0	 0	 0	 0	 0	 0	 0	 0	 0	 0	 0	 0	 0	 0	 0	 0	 0	 0	 0	 0	 0	 0	 0	 0	 0	 0	 0	 0	 0	 0	 0	 0	 0	 0	 0	 0	 0	 0	 0	 0	 0	 0	 0	 0	 0	 0	 0	 0	 0	 0	 0	 0	 0	 0	 0	 0	 0	 0	 0	 0	 0	 0	 0	 0	 0	 0	 0	 0	 0	 0	 0	 257	 0	 0	 0	 0	 0	 0	 0	 0	 0	 0	 0	 0	 0	 0	 0	 0	 0	 0	 0	 0	 0
"Streptococcus sp000411475"	 0	 0	 0	 0	 0	 0	 0	 0	 0	 0	 0	 77	 0	 0	 0	 0	 0	 0	 0	 0	 0	 0	 0	 0	 0	 0	 0	 0	 0	 0	 0	 0	 0	 0	 0	 0	 0	 0	 0	 0	 0	 0	 0	 0	 0	 0	 0	 0	 0	 0	 0	 0	 0	 0	 0	 0	 0	 0	 0	 0	 0	 0	 0	 0	 0	 68	 0	 0	 0	 0	 0	 0	 0	 0	 0	 0	 0	 0	 0	 0	 0	 0	 0	 0	 0	 0	 0	 0	 0	 0	 0	 0	 0	 0	 0	 0	 0
"Streptococcus sp000479315"	 0	 0	 0	 0	 0	 0	 39	 102	 0	 86	 0	 0	 0	 0	 0	 0	 0	 0	 0	 0	 0	 0	 0	 0	 0	 0	 0	 0	 0	 0	 0	 0	 0	 0	 0	 0	 0	 0	 0	 0	 0	 0	 0	 0	 94	 0	 0	 0	 0	 0	 0	 0	 0	 0	 0	 0	 0	 0	 0	 81	 0	 0	 0	 242	 0	 0	 0	 0	 0	 0	 0	 0	 0	 0	 0	 333	 0	 0	 0	 0	 0	 48	 0	 0	 0	 0	 41	 0	 0	 0	 80	 0	 0	 0	 0	 0	 0
"Streptococcus sp001556435"	 0	 0	 0	 76	 0	 129	 33	 105	 0	 104	 0	 102	 63	 56	 82	 0	 0	 18	 0	 69	 0	 0	 0	 0	 0	 27	 0	 42	 0	 51	 0	 65	 0	 71	 44	 0	 0	 66	 73	 83	 78	 68	 0	 64	 53	 0	 0	 0	 82	 0	 0	 0	 39	 41	 0	 44	 0	 0	 15	 75	 81	 26	 43	 0	 0	 172	 0	 41	 52	 0	 0	 91	 0	 137	 0	 88	 0	 0	 0	 0	 0	 0	 0	 0	 0	 66	 0	 69	 0	 36	 0	 37	 46	 18	 0	 0	 0
"Streptococcus sp001587175"	 0	 0	 0	 0	 0	 0	 95	 89	 0	 38	 0	 0	 0	 0	 0	 0	 0	 0	 0	 0	 0	 0	 0	 0	 0	 0	 0	 0	 0	 0	 0	 0	 0	 0	 0	 0	 0	 0	 51	 52	 0	 0	 0	 0	 31	 0	 0	 0	 0	 0	 0	 0	 0	 0	 0	 0	 0	 0	 0	 0	 0	 0	 0	 57	 0	 0	 0	 0	 0	 0	 0	 0	 0	 0	 0	 430	 0	 0	 0	 0	 0	 73	 0	 0	 0	 0	 57	 0	 0	 0	 0	 0	 0	 0	 0	 0	 0
"Streptococcus sp004166885"	 0	 0	 0	 0	 0	 0	 54	 144	 0	 0	 0	 0	 0	 0	 0	 0	 0	 0	 0	 0	 0	 0	 0	 0	 0	 0	 0	 0	 0	 0	 0	 0	 0	 0	 0	 0	 0	 0	 41	 42	 0	 0	 0	 0	 29	 0	 0	 0	 0	 0	 0	 0	 0	 0	 0	 0	 0	 0	 0	 0	 0	 0	 0	 0	 0	 0	 0	 0	 0	 0	 0	 0	 0	 0	 0	 435	 0	 0	 0	 0	 0	 33	 0	 0	 0	 33	 157	 0	 0	 0	 0	 0	 0	 0	 0	 0	 0
"Streptococcus suis"	 0	 0	 0	 0	 0	 0	 0	 0	 0	 0	 0	 0	 0	 0	 0	 0	 0	 0	 0	 0	 0	 0	 0	 0	 0	 0	 0	 29	 0	 0	 0	 0	 0	 0	 0	 0	 0	 0	 0	 0	 0	 0	 0	 0	 0	 0	 0	 0	 0	 0	 0	 0	 0	 0	 0	 0	 0	 0	 0	 0	 0	 0	 0	 0	 0	 0	 0	 0	 0	 0	 0	 0	 0	 0	 0	 0	 0	 0	 0	 0	 0	 0	 0	 0	 0	 0	 0	 0	 0	 0	 0	 0	 0	 0	 0	 0	 0
"Streptococcus thermophilus"	 0	 0	 0	 0	 0	 0	 0	 0	 0	 0	 0	 0	 0	 0	 0	 0	 0	 0	 0	 0	 0	 0	 0	 0	 0	 0	 0	 940	 0	 0	 0	 0	 0	 0	 0	 0	 0	 0	 630	 0	 0	 0	 0	 0	 0	 0	 0	 0	 0	 0	 0	 0	 0	 1217	 0	 0	 0	 0	 0	 0	 0	 0	 0	 0	 0	 0	 0	 0	 312	 0	 0	 0	 0	 0	 0	 0	 0	 0	 0	 0	 0	 0	 0	 0	 0	 0	 0	 0	 0	 0	 0	 0	 0	 0	 0	 0	 0
"Streptococcus vestibularis"	 0	 0	 0	 0	 0	 0	 0	 0	 0	 47	 0	 0	 0	 0	 55	 0	 0	 0	 0	 0	 0	 0	 0	 0	 0	 0	 0	 0	 0	 76	 0	 0	 0	 0	 0	 0	 0	 0	 0	 0	 0	 0	 0	 0	 0	 0	 0	 0	 0	 0	 0	 0	 0	 0	 0	 0	 0	 0	 0	 0	 0	 0	 0	 0	 0	 112	 0	 0	 0	 0	 0	 0	 0	 72	 0	 0	 0	 0	 0	 0	 0	 0	 0	 0	 0	 0	 0	 0	 0	 0	 0	 0	 0	 0	 0	 0	 0
"CAG-313 sp000433035"	 0	 0	 0	 0	 0	 0	 0	 0	 0	 0	 0	 0	 0	 0	 0	 0	 159	 0	 0	 0	 0	 0	 0	 0	 0	 0	 0	 0	 0	 0	 0	 0	 0	 0	 0	 0	 0	 0	 0	 0	 0	 0	 0	 0	 0	 0	 0	 0	 0	 0	 0	 0	 0	 0	 0	 0	 0	 0	 0	 0	 0	 0	 0	 0	 0	 0	 0	 0	 0	 0	 0	 0	 0	 0	 0	 0	 1321	 0	 0	 0	 0	 0	 0	 0	 0	 0	 0	 0	 0	 0	 143	 0	 0	 0	 0	 0	 0
"CAG-313 sp003539625"	 0	 0	 0	 599	 0	 0	 0	 0	 0	 0	 0	 0	 0	 0	 0	 0	 0	 0	 0	 0	 0	 0	 0	 0	 0	 0	 0	 0	 0	 0	 0	 0	 0	 0	 0	 0	 0	 0	 0	 0	 0	 0	 0	 0	 0	 0	 0	 0	 0	 0	 0	 0	 0	 0	 0	 0	 0	 0	 0	 0	 0	 0	 0	 0	 0	 0	 268	 0	 0	 0	 0	 0	 0	 0	 0	 0	 0	 0	 0	 0	 0	 0	 0	 0	 0	 0	 0	 0	 0	 0	 0	 0	 0	 0	 263	 0	 0
"CAG-1000 sp000434555"	 0	 0	 0	 0	 0	 0	 0	 0	 0	 0	 0	 0	 0	 0	 0	 0	 0	 0	 0	 0	 0	 0	 0	 0	 0	 0	 0	 0	 0	 0	 0	 0	 0	 0	 0	 0	 0	 0	 0	 0	 0	 0	 0	 0	 0	 0	 0	 0	 0	 0	 0	 0	 0	 0	 0	 0	 0	 0	 0	 0	 0	 0	 0	 0	 0	 0	 0	 0	 0	 0	 0	 0	 0	 0	 0	 0	 0	 0	 0	 0	 0	 0	 0	 0	 0	 0	 0	 0	 0	 0	 0	 0	 0	 0	 77	 0	 0
"CAG-460 sp000437315"	 0	 0	 0	 0	 0	 0	 0	 0	 0	 0	 0	 0	 0	 0	 0	 0	 0	 0	 0	 0	 0	 0	 0	 502	 0	 0	 0	 0	 0	 0	 0	 0	 0	 0	 0	 0	 0	 0	 0	 0	 0	 0	 0	 0	 0	 0	 0	 0	 0	 0	 0	 0	 0	 0	 0	 0	 0	 0	 0	 0	 0	 0	 0	 0	 0	 0	 0	 0	 0	 0	 0	 0	 0	 0	 0	 0	 0	 0	 0	 0	 0	 0	 0	 0	 0	 0	 0	 0	 0	 0	 609	 0	 0	 0	 635	 0	 0
"CAG-460 sp000438075"	 0	 0	 0	 0	 0	 0	 0	 0	 0	 0	 0	 0	 0	 0	 0	 0	 0	 0	 0	 0	 0	 0	 0	 0	 0	 0	 0	 0	 0	 0	 0	 0	 0	 0	 0	 0	 0	 0	 0	 0	 0	 0	 0	 0	 0	 0	 0	 0	 0	 0	 0	 0	 0	 0	 0	 0	 0	 0	 0	 0	 0	 0	 0	 0	 0	 0	 0	 0	 0	 0	 0	 0	 0	 0	 0	 0	 0	 0	 0	 0	 0	 0	 0	 0	 0	 0	 0	 0	 0	 0	 0	 0	 0	 0	 80	 0	 0
"CAG-533 sp003150195"	 0	 0	 0	 0	 0	 0	 0	 100	 0	 0	 0	 0	 0	 0	 0	 0	 0	 0	 0	 0	 0	 0	 0	 0	 0	 0	 0	 0	 0	 0	 0	 0	 0	 59	 0	 0	 0	 0	 0	 0	 0	 0	 0	 0	 0	 0	 0	 0	 0	 0	 0	 27	 47	 0	 0	 0	 0	 0	 0	 0	 0	 0	 41	 0	 0	 0	 0	 0	 0	 0	 0	 0	 0	 0	 0	 0	 0	 0	 0	 0	 0	 0	 0	 0	 0	 0	 0	 0	 0	 0	 81	 0	 0	 0	 89	 0	 0
"CAG-582 sp000435515"	 0	 0	 0	 0	 0	 0	 0	 0	 0	 0	 0	 0	 0	 0	 0	 0	 0	 0	 0	 0	 0	 0	 0	 0	 0	 0	 0	 0	 0	 0	 0	 0	 0	 0	 0	 0	 0	 0	 0	 0	 0	 0	 0	 0	 0	 0	 0	 0	 0	 0	 0	 0	 0	 0	 0	 0	 0	 0	 0	 0	 0	 0	 0	 0	 0	 0	 0	 0	 0	 0	 0	 0	 0	 0	 0	 0	 0	 0	 0	 0	 0	 0	 0	 0	 0	 0	 0	 0	 0	 0	 797	 0	 0	 0	 385	 0	 0
"CAG-605 sp000433255"	 0	 0	 0	 0	 0	 0	 0	 0	 0	 0	 0	 0	 0	 0	 0	 0	 0	 0	 0	 0	 0	 0	 0	 0	 0	 0	 0	 0	 0	 0	 0	 0	 0	 0	 0	 0	 0	 0	 0	 0	 0	 0	 0	 0	 0	 0	 0	 0	 0	 0	 0	 0	 0	 0	 0	 0	 0	 0	 0	 0	 0	 0	 0	 0	 0	 0	 0	 0	 0	 0	 0	 0	 0	 0	 0	 0	 0	 0	 0	 0	 0	 0	 0	 0	 0	 0	 0	 0	 0	 0	 0	 0	 0	 0	 638	 0	 0
"CAG-605 sp000433475"	 0	 0	 0	 0	 0	 0	 0	 0	 0	 0	 0	 0	 0	 0	 0	 0	 0	 0	 0	 0	 0	 0	 0	 0	 0	 0	 0	 0	 0	 0	 0	 0	 0	 0	 0	 0	 0	 0	 0	 0	 0	 0	 0	 0	 0	 0	 0	 0	 0	 0	 0	 0	 0	 0	 0	 0	 0	 0	 0	 0	 0	 0	 0	 0	 0	 0	 0	 0	 0	 0	 0	 0	 0	 0	 0	 0	 0	 0	 0	 0	 0	 0	 0	 0	 0	 0	 0	 0	 0	 0	 0	 0	 0	 0	 1121	 0	 0
"CAG-628 sp003524085"	 0	 0	 0	 0	 0	 0	 0	 0	 0	 0	 0	 0	 0	 0	 0	 0	 0	 0	 0	 0	 0	 0	 0	 0	 0	 0	 0	 0	 0	 0	 0	 0	 0	 0	 0	 0	 0	 0	 0	 0	 0	 0	 0	 0	 0	 0	 0	 0	 0	 0	 0	 0	 0	 0	 0	 0	 0	 0	 0	 0	 0	 0	 0	 0	 0	 0	 0	 0	 0	 0	 0	 0	 0	 0	 0	 0	 0	 0	 0	 0	 0	 0	 0	 0	 0	 0	 0	 0	 0	 0	 0	 0	 0	 0	 63	 0	 0
"CAG-302 sp000431795"	 0	 0	 0	 430	 0	 824	 0	 866	 0	 0	 0	 0	 0	 0	 0	 0	 958	 0	 0	 0	 0	 1000	 0	 0	 0	 0	 0	 0	 0	 0	 0	 0	 0	 0	 0	 0	 0	 0	 0	 372	 0	 0	 0	 0	 0	 0	 0	 0	 0	 0	 0	 0	 0	 0	 0	 0	 0	 0	 0	 0	 0	 0	 0	 0	 0	 0	 0	 0	 0	 0	 0	 0	 0	 0	 0	 0	 0	 0	 0	 0	 0	 0	 0	 0	 309	 0	 0	 0	 0	 0	 966	 0	 0	 0	 226	 0	 0
"CAG-302 sp001916775"	 0	 0	 192	 457	 0	 0	 0	 489	 0	 0	 0	 0	 0	 0	 0	 0	 0	 0	 0	 0	 0	 407	 0	 0	 0	 0	 0	 0	 0	 0	 0	 0	 0	 0	 0	 0	 0	 0	 0	 0	 481	 0	 497	 0	 0	 0	 0	 0	 0	 0	 0	 0	 0	 0	 0	 0	 0	 0	 0	 0	 0	 0	 0	 0	 0	 0	 0	 0	 0	 0	 0	 0	 0	 0	 0	 0	 453	 0	 0	 0	 0	 0	 0	 432	 0	 0	 0	 0	 479	 0	 0	 0	 0	 0	 0	 0	 0
"CAG-762 sp000432575"	 0	 0	 0	 0	 0	 0	 0	 0	 0	 0	 0	 0	 0	 0	 0	 0	 0	 0	 0	 0	 0	 0	 0	 0	 0	 0	 0	 0	 0	 0	 0	 0	 0	 0	 0	 0	 0	 0	 0	 0	 0	 0	 0	 0	 0	 0	 0	 0	 0	 0	 0	 0	 0	 0	 0	 0	 0	 0	 0	 0	 0	 0	 0	 0	 0	 0	 932	 0	 0	 0	 0	 0	 0	 0	 0	 0	 0	 0	 0	 0	 0	 0	 0	 0	 0	 0	 0	 0	 0	 0	 0	 0	 0	 0	 988	 0	 0
"CAG-914 sp000437895"	 0	 0	 0	 0	 0	 0	 0	 0	 0	 0	 0	 0	 0	 0	 0	 0	 0	 0	 0	 0	 0	 0	 0	 0	 0	 0	 0	 0	 0	 0	 0	 0	 0	 0	 0	 0	 0	 0	 0	 0	 0	 0	 0	 0	 0	 0	 0	 0	 0	 0	 0	 0	 0	 0	 0	 0	 0	 0	 0	 0	 0	 0	 0	 0	 0	 0	 0	 0	 0	 0	 0	 0	 0	 0	 0	 0	 0	 0	 0	 0	 0	 0	 0	 0	 0	 0	 0	 0	 0	 0	 0	 0	 0	 0	 348	 0	 0
"CAG-433 sp000433675"	 0	 0	 0	 0	 0	 0	 0	 0	 0	 0	 0	 0	 0	 0	 0	 0	 0	 0	 0	 0	 0	 0	 0	 0	 0	 0	 0	 0	 0	 0	 0	 0	 0	 0	 0	 0	 0	 0	 0	 0	 0	 0	 0	 0	 0	 0	 0	 0	 0	 0	 0	 0	 0	 0	 0	 0	 0	 0	 0	 0	 0	 0	 0	 0	 0	 0	 650	 0	 0	 0	 0	 0	 0	 0	 0	 1369	 0	 0	 0	 0	 0	 0	 0	 0	 0	 0	 0	 0	 0	 0	 0	 0	 0	 0	 80	 0	 0
"CAG-594 sp000434835"	 0	 0	 0	 0	 0	 0	 0	 0	 0	 0	 0	 0	 0	 0	 0	 0	 0	 0	 0	 0	 0	 0	 0	 0	 0	 0	 0	 0	 0	 0	 0	 0	 0	 0	 0	 0	 0	 0	 0	 0	 0	 0	 0	 0	 0	 0	 0	 0	 0	 0	 0	 0	 0	 0	 0	 0	 0	 0	 0	 0	 0	 0	 0	 0	 0	 0	 0	 0	 0	 0	 0	 0	 0	 0	 0	 0	 0	 0	 0	 0	 0	 0	 0	 0	 0	 0	 0	 0	 0	 0	 0	 0	 0	 0	 1158	 0	 0
"CAG-417 sp000432835"	 0	 0	 0	 730	 0	 0	 0	 0	 0	 0	 0	 0	 0	 0	 0	 0	 0	 0	 0	 0	 112	 0	 0	 0	 0	 0	 0	 0	 0	 0	 0	 0	 0	 0	 0	 0	 0	 0	 0	 0	 0	 0	 0	 0	 0	 0	 0	 0	 0	 0	 0	 0	 0	 0	 0	 0	 0	 0	 0	 0	 0	 0	 0	 0	 0	 0	 0	 0	 0	 0	 0	 0	 0	 0	 0	 0	 0	 0	 0	 0	 0	 0	 0	 766	 0	 0	 0	 0	 721	 0	 0	 0	 0	 0	 0	 0	 0
"CAG-451 sp000438295"	 0	 0	 0	 0	 0	 0	 0	 0	 0	 0	 0	 0	 0	 0	 0	 0	 622	 0	 0	 0	 0	 0	 0	 0	 0	 0	 0	 0	 0	 0	 0	 0	 0	 0	 0	 0	 0	 0	 0	 0	 0	 0	 0	 0	 0	 0	 0	 0	 0	 0	 0	 0	 0	 0	 0	 0	 0	 0	 0	 0	 0	 0	 0	 0	 0	 0	 0	 0	 0	 0	 0	 0	 0	 0	 0	 0	 0	 0	 0	 0	 0	 0	 0	 0	 0	 0	 0	 0	 0	 0	 0	 0	 0	 0	 102	 0	 0
"CAG-611 sp000434175"	 0	 0	 0	 0	 0	 0	 0	 0	 0	 0	 0	 0	 0	 0	 0	 0	 0	 0	 0	 0	 0	 0	 0	 0	 0	 0	 0	 0	 0	 0	 0	 0	 0	 0	 0	 0	 0	 0	 0	 0	 0	 0	 0	 0	 0	 0	 0	 0	 0	 0	 0	 0	 0	 0	 0	 0	 0	 0	 0	 0	 0	 0	 0	 0	 0	 0	 0	 0	 0	 0	 0	 0	 0	 0	 0	 0	 0	 0	 0	 0	 0	 0	 0	 0	 0	 0	 0	 0	 0	 0	 369	 0	 0	 0	 436	 0	 0
"CAG-710 sp000432595"	 0	 0	 0	 0	 0	 0	 0	 0	 0	 0	 0	 0	 0	 0	 0	 0	 0	 0	 0	 0	 0	 0	 0	 0	 0	 0	 0	 0	 0	 0	 0	 0	 0	 0	 0	 0	 0	 0	 0	 0	 0	 0	 0	 0	 0	 0	 0	 0	 0	 0	 0	 0	 0	 0	 0	 0	 0	 0	 0	 0	 0	 0	 0	 0	 0	 0	 0	 0	 0	 0	 0	 0	 0	 0	 0	 0	 0	 0	 0	 0	 0	 0	 0	 0	 0	 0	 0	 0	 0	 0	 0	 0	 0	 0	 304	 0	 0
"CAG-877 sp000433455"	 0	 0	 0	 0	 0	 0	 0	 0	 0	 0	 0	 0	 0	 0	 0	 0	 0	 0	 0	 0	 0	 0	 0	 1106	 0	 0	 0	 0	 0	 0	 0	 0	 0	 0	 0	 0	 0	 0	 0	 0	 0	 0	 0	 0	 0	 0	 0	 0	 0	 0	 0	 0	 0	 0	 0	 0	 0	 0	 0	 0	 0	 0	 0	 0	 0	 0	 0	 0	 0	 0	 0	 0	 0	 0	 0	 0	 0	 0	 0	 0	 0	 0	 0	 0	 0	 0	 0	 0	 0	 0	 0	 0	 0	 0	 731	 0	 0
"CAG-878 sp000432255"	 0	 0	 0	 0	 0	 0	 0	 0	 0	 0	 0	 0	 0	 0	 0	 0	 0	 0	 0	 0	 0	 0	 0	 0	 0	 0	 0	 0	 0	 0	 0	 0	 0	 0	 0	 0	 0	 0	 0	 0	 0	 0	 0	 0	 0	 0	 0	 0	 0	 0	 0	 0	 0	 0	 0	 0	 0	 0	 0	 0	 0	 0	 0	 0	 0	 0	 0	 0	 0	 0	 0	 0	 0	 0	 0	 0	 0	 0	 0	 0	 0	 0	 0	 0	 0	 0	 0	 0	 0	 0	 0	 0	 0	 0	 627	 0	 0
"CAG-884 sp000433875"	 0	 0	 0	 0	 0	 0	 0	 0	 0	 0	 0	 0	 0	 0	 0	 0	 0	 0	 0	 0	 0	 0	 0	 0	 0	 0	 0	 0	 0	 0	 0	 0	 0	 0	 0	 0	 0	 0	 0	 0	 0	 0	 0	 0	 0	 0	 0	 0	 0	 0	 0	 0	 0	 0	 0	 0	 0	 0	 0	 0	 0	 0	 0	 0	 0	 0	 0	 0	 0	 0	 0	 0	 0	 0	 0	 0	 0	 0	 0	 0	 0	 0	 0	 0	 0	 0	 0	 0	 0	 0	 0	 0	 0	 0	 133	 0	 0
"CAG-1193 sp000436255"	 0	 0	 0	 0	 0	 0	 0	 0	 0	 0	 0	 0	 0	 0	 0	 0	 0	 0	 0	 0	 0	 0	 0	 0	 0	 0	 0	 0	 0	 0	 0	 0	 0	 0	 0	 0	 0	 0	 0	 0	 0	 0	 0	 0	 0	 0	 0	 0	 0	 0	 0	 0	 0	 0	 0	 0	 0	 0	 0	 0	 0	 0	 0	 0	 0	 0	 0	 0	 0	 0	 0	 0	 0	 0	 0	 0	 0	 0	 0	 0	 0	 0	 0	 0	 0	 0	 0	 0	 0	 0	 372	 0	 0	 0	 755	 0	 0
"CAG-288 sp000437395"	 0	 0	 0	 0	 0	 0	 0	 0	 0	 0	 0	 0	 0	 0	 0	 0	 0	 0	 0	 0	 0	 0	 0	 0	 0	 0	 0	 0	 0	 0	 0	 0	 0	 2058	 0	 0	 0	 0	 0	 0	 0	 0	 0	 0	 0	 0	 0	 0	 0	 0	 0	 0	 0	 0	 0	 0	 0	 0	 0	 0	 0	 0	 0	 0	 0	 0	 1587	 0	 0	 0	 0	 0	 0	 0	 0	 0	 0	 0	 0	 0	 0	 0	 0	 0	 0	 0	 0	 0	 0	 0	 0	 0	 0	 0	 0	 0	 0
"CAG-345 sp000433315"	 0	 0	 0	 0	 0	 0	 0	 0	 0	 0	 0	 0	 0	 0	 0	 0	 0	 0	 0	 0	 0	 0	 0	 0	 0	 0	 0	 0	 0	 0	 0	 0	 0	 0	 0	 0	 0	 0	 0	 0	 0	 0	 0	 0	 0	 0	 0	 0	 0	 0	 0	 0	 0	 0	 0	 0	 0	 0	 0	 0	 0	 0	 0	 0	 0	 0	 0	 0	 0	 0	 0	 0	 0	 0	 0	 0	 0	 0	 0	 0	 0	 0	 0	 0	 0	 0	 0	 0	 0	 0	 0	 0	 0	 0	 60	 0	 0
"CAG-568 sp000434395"	 0	 0	 0	 0	 0	 0	 0	 0	 0	 0	 0	 0	 0	 0	 0	 0	 0	 0	 0	 0	 0	 0	 0	 0	 0	 0	 0	 0	 0	 0	 0	 0	 0	 0	 0	 0	 0	 0	 0	 0	 0	 0	 0	 0	 0	 0	 0	 0	 0	 0	 0	 0	 0	 0	 0	 0	 0	 0	 0	 0	 0	 0	 0	 0	 0	 0	 0	 0	 0	 0	 0	 0	 0	 0	 0	 397	 0	 0	 0	 0	 0	 0	 0	 0	 0	 0	 0	 0	 0	 0	 0	 0	 0	 0	 562	 0	 0
"CAG-449 sp000432895"	 0	 0	 0	 0	 0	 0	 0	 0	 0	 0	 0	 0	 0	 0	 0	 0	 0	 0	 0	 0	 0	 0	 0	 0	 0	 0	 0	 0	 0	 0	 0	 0	 0	 0	 0	 0	 0	 0	 0	 0	 0	 0	 0	 0	 0	 0	 0	 0	 0	 0	 0	 0	 0	 0	 0	 0	 0	 0	 0	 0	 0	 0	 0	 0	 0	 0	 0	 0	 0	 0	 0	 0	 0	 0	 0	 0	 0	 0	 0	 0	 0	 0	 0	 0	 0	 0	 0	 0	 0	 0	 0	 0	 0	 0	 103	 0	 0
"CAG-826 sp000437235"	 0	 0	 0	 0	 0	 0	 0	 0	 0	 0	 0	 0	 0	 0	 0	 0	 0	 0	 0	 0	 0	 0	 0	 0	 0	 0	 0	 0	 0	 0	 0	 0	 0	 0	 0	 0	 0	 0	 0	 0	 0	 0	 0	 0	 0	 0	 0	 0	 0	 0	 0	 0	 0	 0	 0	 0	 0	 0	 0	 0	 0	 0	 0	 0	 0	 0	 0	 0	 0	 0	 0	 0	 0	 0	 0	 0	 0	 0	 0	 0	 0	 0	 0	 0	 0	 0	 0	 0	 0	 0	 0	 0	 0	 0	 1277	 0	 0
"Gemella sanguinis"	 0	 0	 0	 0	 0	 0	 0	 0	 0	 45	 0	 0	 0	 0	 0	 0	 0	 0	 0	 0	 0	 0	 0	 0	 0	 0	 0	 0	 0	 0	 0	 0	 0	 0	 0	 0	 0	 0	 0	 0	 0	 0	 0	 0	 0	 0	 0	 0	 0	 0	 0	 0	 0	 0	 0	 0	 0	 0	 0	 0	 0	 0	 0	 0	 0	 0	 0	 0	 0	 0	 0	 0	 0	 0	 0	 0	 0	 0	 0	 0	 0	 0	 0	 0	 0	 0	 0	 0	 0	 0	 0	 0	 0	 0	 0	 0	 0
"Clostridium butyricum"	 0	 0	 0	 0	 0	 0	 0	 0	 0	 0	 0	 0	 0	 0	 0	 0	 0	 0	 0	 0	 0	 0	 0	 0	 0	 0	 0	 0	 59	 0	 0	 0	 0	 0	 0	 0	 0	 0	 0	 0	 0	 0	 0	 0	 0	 0	 0	 0	 0	 0	 0	 0	 0	 0	 0	 0	 0	 0	 0	 0	 0	 0	 0	 0	 0	 0	 0	 0	 0	 0	 0	 0	 0	 0	 0	 0	 0	 0	 0	 0	 0	 0	 0	 0	 0	 0	 0	 0	 0	 0	 0	 0	 0	 0	 0	 0	 0
"Clostridium celatum"	 0	 0	 0	 0	 0	 0	 0	 0	 0	 0	 0	 0	 0	 0	 0	 0	 0	 0	 0	 0	 0	 0	 0	 0	 0	 0	 0	 0	 0	 0	 0	 0	 0	 0	 0	 0	 0	 0	 0	 0	 0	 0	 0	 0	 0	 0	 0	 0	 0	 0	 0	 0	 0	 0	 0	 0	 0	 0	 0	 0	 0	 0	 0	 0	 0	 0	 0	 1645	 0	 0	 0	 0	 0	 0	 0	 0	 0	 0	 0	 0	 0	 0	 0	 0	 0	 0	 0	 0	 0	 0	 0	 0	 0	 0	 0	 0	 0
"Clostridium cuniculi"	 0	 0	 0	 0	 51	 0	 78	 0	 0	 0	 0	 0	 0	 0	 0	 0	 0	 0	 0	 0	 0	 0	 0	 0	 0	 0	 0	 0	 0	 0	 0	 0	 0	 0	 0	 0	 0	 0	 0	 0	 0	 0	 0	 0	 0	 0	 0	 0	 0	 0	 0	 0	 0	 0	 0	 0	 0	 0	 0	 0	 0	 0	 0	 0	 0	 0	 0	 71	 0	 0	 0	 0	 0	 72	 0	 0	 0	 0	 0	 0	 0	 0	 0	 0	 0	 0	 0	 0	 0	 200	 0	 0	 0	 0	 0	 0	 0
"Clostridium disporicum_A"	 0	 0	 0	 0	 0	 0	 45	 0	 0	 0	 0	 0	 0	 0	 0	 0	 0	 0	 0	 0	 0	 0	 0	 0	 0	 0	 0	 0	 0	 0	 0	 0	 0	 0	 0	 0	 0	 0	 0	 0	 0	 0	 0	 0	 36	 0	 0	 0	 0	 0	 0	 0	 0	 0	 0	 0	 0	 0	 0	 0	 0	 0	 0	 0	 0	 0	 0	 0	 0	 0	 0	 0	 0	 0	 0	 0	 0	 0	 0	 0	 0	 0	 0	 0	 0	 0	 0	 0	 0	 0	 0	 0	 0	 0	 0	 0	 0
"Clostridium neonatale"	 0	 0	 0	 0	 0	 0	 0	 0	 0	 0	 0	 0	 0	 0	 0	 0	 0	 0	 0	 0	 0	 0	 0	 0	 0	 0	 0	 0	 0	 0	 0	 0	 0	 0	 0	 0	 0	 0	 0	 0	 0	 0	 0	 0	 0	 0	 0	 0	 0	 0	 0	 0	 0	 0	 0	 0	 0	 0	 0	 0	 0	 0	 0	 0	 0	 0	 0	 0	 0	 0	 0	 0	 0	 215	 0	 0	 0	 0	 0	 0	 0	 0	 0	 0	 0	 0	 0	 0	 0	 0	 0	 0	 0	 0	 0	 0	 0
"Clostridium paraputrificum"	 0	 0	 0	 0	 0	 0	 2049	 0	 0	 0	 0	 0	 0	 0	 0	 0	 0	 0	 0	 0	 0	 0	 0	 0	 0	 0	 0	 0	 0	 0	 0	 0	 0	 0	 0	 0	 0	 0	 0	 0	 0	 0	 0	 0	 536	 0	 0	 0	 0	 0	 0	 0	 0	 0	 0	 0	 0	 0	 0	 0	 0	 0	 0	 0	 0	 0	 0	 0	 215	 0	 0	 0	 0	 0	 0	 0	 0	 0	 115	 0	 0	 0	 0	 0	 0	 0	 0	 0	 0	 0	 0	 0	 0	 0	 0	 0	 0
"Clostridium saudiense"	 0	 0	 62	 0	 1956	 0	 2428	 0	 0	 0	 0	 0	 0	 0	 0	 0	 0	 0	 0	 0	 0	 0	 0	 0	 0	 0	 0	 0	 0	 211	 0	 2540	 0	 0	 2045	 0	 0	 247	 0	 0	 0	 0	 0	 43	 2527	 0	 0	 0	 0	 0	 0	 28	 0	 0	 0	 0	 0	 0	 0	 0	 205	 0	 0	 0	 55	 0	 0	 190	 88	 0	 0	 58	 0	 1988	 0	 0	 0	 0	 0	 0	 0	 0	 0	 0	 0	 0	 0	 0	 0	 2796	 0	 0	 0	 0	 0	 0	 0
"Clostridium sp000435835"	 0	 0	 0	 0	 0	 0	 0	 102	 0	 0	 0	 0	 0	 0	 0	 0	 0	 0	 0	 0	 0	 0	 0	 0	 0	 0	 0	 0	 0	 0	 0	 0	 0	 0	 0	 0	 0	 0	 0	 0	 0	 0	 0	 0	 0	 0	 0	 0	 0	 0	 0	 0	 0	 0	 0	 0	 0	 0	 0	 0	 0	 75	 0	 0	 0	 0	 0	 0	 0	 0	 0	 0	 0	 0	 0	 0	 0	 0	 0	 0	 0	 0	 0	 0	 0	 0	 0	 0	 0	 0	 0	 0	 0	 0	 0	 0	 0
"Clostridium sp000753455"	 0	 0	 0	 0	 73	 0	 0	 0	 0	 0	 0	 0	 0	 0	 0	 0	 0	 0	 0	 0	 0	 0	 0	 0	 0	 0	 0	 0	 0	 0	 0	 0	 0	 0	 0	 0	 0	 0	 0	 0	 0	 0	 0	 0	 690	 0	 0	 0	 0	 0	 0	 0	 0	 0	 0	 0	 0	 0	 0	 0	 0	 0	 0	 0	 0	 0	 0	 0	 0	 0	 0	 0	 0	 1423	 0	 0	 0	 0	 0	 0	 0	 0	 0	 0	 0	 0	 0	 0	 0	 0	 0	 0	 0	 0	 0	 0	 0
"Clostridium sp001916075"	 0	 0	 0	 0	 0	 0	 0	 56	 0	 0	 0	 0	 0	 0	 0	 49	 0	 0	 0	 0	 0	 0	 0	 0	 0	 0	 0	 0	 0	 0	 0	 0	 0	 0	 0	 0	 0	 0	 0	 0	 0	 0	 0	 0	 801	 0	 0	 0	 0	 0	 0	 0	 0	 0	 0	 0	 0	 0	 226	 0	 0	 54	 0	 0	 0	 0	 0	 606	 0	 0	 0	 0	 0	 0	 0	 0	 0	 0	 0	 0	 0	 0	 0	 0	 0	 0	 0	 0	 0	 56	 0	 0	 0	 0	 0	 0	 0
"Clostridium_P perfringens"	 0	 0	 0	 0	 62	 84	 331	 0	 0	 0	 0	 0	 0	 0	 0	 0	 0	 0	 0	 0	 0	 0	 0	 0	 0	 0	 0	 0	 186	 0	 0	 0	 0	 0	 0	 0	 0	 0	 0	 0	 0	 0	 0	 112	 0	 0	 0	 0	 0	 0	 0	 0	 0	 0	 0	 0	 0	 0	 0	 0	 0	 0	 0	 0	 0	 0	 0	 0	 0	 0	 0	 0	 0	 0	 0	 0	 0	 0	 0	 0	 0	 0	 0	 0	 0	 0	 0	 0	 0	 0	 0	 0	 0	 0	 0	 0	 0
"Anaerofustis stercorihominis_A"	 0	 0	 0	 0	 0	 0	 0	 0	 183	 0	 0	 0	 0	 0	 0	 0	 0	 0	 0	 0	 0	 0	 0	 0	 0	 0	 0	 0	 0	 0	 0	 0	 0	 0	 0	 0	 0	 0	 0	 0	 0	 0	 0	 0	 0	 0	 0	 0	 0	 0	 0	 0	 0	 0	 0	 0	 0	 0	 0	 0	 0	 0	 0	 0	 0	 0	 0	 0	 0	 0	 0	 0	 0	 0	 0	 0	 0	 0	 0	 0	 0	 0	 0	 0	 0	 0	 0	 0	 0	 0	 0	 0	 0	 0	 0	 0	 0
"Eubacterium callanderi"	 0	 0	 0	 0	 0	 0	 0	 0	 0	 0	 0	 260	 0	 0	 104	 0	 0	 0	 1809	 0	 0	 0	 709	 0	 0	 0	 0	 1865	 0	 902	 0	 0	 0	 0	 0	 0	 0	 0	 0	 0	 0	 0	 116	 0	 0	 0	 0	 0	 0	 0	 0	 78	 0	 0	 0	 0	 855	 0	 0	 0	 0	 0	 96	 0	 0	 0	 0	 0	 0	 0	 79	 0	 0	 0	 0	 0	 0	 0	 0	 0	 0	 0	 0	 0	 0	 1947	 0	 795	 0	 0	 0	 71	 0	 0	 0	 0	 0
"Eubacterium limosum"	 0	 0	 0	 0	 0	 0	 0	 0	 39	 0	 0	 56	 0	 0	 0	 0	 0	 0	 153	 0	 0	 0	 139	 0	 0	 0	 0	 217	 0	 157	 0	 0	 0	 0	 0	 0	 0	 0	 0	 0	 0	 0	 2594	 82	 0	 0	 0	 0	 0	 0	 0	 0	 0	 0	 0	 0	 98	 0	 0	 0	 0	 0	 745	 0	 0	 0	 104	 0	 0	 0	 171	 0	 0	 0	 0	 0	 0	 0	 0	 0	 0	 0	 0	 0	 0	 183	 59	 485	 0	 0	 224	 377	 0	 0	 0	 0	 0
"Eubacterium maltosivorans"	 0	 0	 0	 0	 0	 0	 0	 0	 0	 0	 0	 68	 0	 0	 0	 0	 0	 0	 213	 0	 0	 0	 98	 0	 0	 0	 0	 210	 0	 114	 0	 0	 0	 0	 0	 0	 0	 0	 0	 0	 0	 0	 0	 0	 0	 0	 0	 0	 0	 0	 0	 0	 0	 0	 0	 0	 67	 0	 0	 0	 0	 0	 66	 0	 0	 0	 0	 0	 0	 0	 2221	 0	 0	 0	 0	 0	 0	 0	 0	 0	 0	 0	 0	 0	 0	 198	 0	 157	 0	 0	 0	 42	 0	 0	 0	 0	 0
"Anaerotignum lactatifermentans"	 0	 0	 0	 0	 0	 0	 155	 0	 69	 0	 0	 68	 0	 0	 0	 0	 0	 0	 58	 66	 0	 0	 0	 0	 0	 0	 0	 0	 0	 0	 68	 89	 0	 0	 92	 0	 0	 69	 84	 0	 0	 0	 81	 877	 0	 0	 0	 88	 0	 0	 0	 0	 0	 0	 50	 0	 271	 0	 0	 0	 0	 27	 0	 117	 0	 0	 0	 0	 0	 0	 0	 163	 0	 0	 54	 0	 0	 691	 0	 0	 774	 0	 0	 0	 0	 579	 519	 0	 57	 0	 0	 813	 0	 0	 0	 0	 66
"Anaerotignum sp000436415"	 44	 443	 347	 197	 414	 1026	 0	 1507	 0	 1127	 0	 974	 1151	 0	 0	 635	 0	 0	 0	 0	 0	 346	 1295	 1271	 1173	 0	 1216	 1207	 1422	 0	 1209	 0	 1142	 954	 0	 0	 0	 0	 177	 1296	 177	 77	 0	 0	 0	 0	 594	 0	 0	 0	 0	 1147	 971	 0	 0	 908	 0	 939	 0	 755	 1108	 0	 0	 1457	 1290	 583	 0	 185	 1229	 282	 0	 0	 1018	 66	 0	 121	 944	 0	 0	 1154	 0	 0	 782	 1017	 751	 0	 0	 0	 0	 0	 335	 0	 1148	 0	 0	 124	 40
"Anaerotignum sp001304995"	 0	 0	 0	 0	 0	 0	 32	 0	 0	 0	 0	 0	 0	 0	 0	 0	 0	 0	 229	 223	 0	 0	 0	 0	 0	 0	 0	 0	 0	 0	 0	 0	 0	 0	 0	 0	 0	 0	 0	 0	 0	 0	 0	 120	 0	 0	 0	 370	 0	 0	 0	 0	 0	 0	 0	 0	 92	 0	 0	 0	 0	 0	 0	 363	 0	 0	 0	 0	 0	 0	 0	 45	 0	 0	 252	 0	 0	 163	 0	 0	 114	 0	 0	 0	 0	 169	 130	 0	 0	 0	 0	 177	 0	 0	 0	 0	 340
"UMGS1670 sp900548595"	 0	 0	 0	 0	 0	 0	 0	 0	 0	 0	 0	 0	 0	 0	 0	 0	 0	 0	 0	 0	 0	 0	 0	 0	 0	 0	 0	 0	 0	 0	 0	 0	 0	 0	 0	 0	 526	 0	 0	 0	 0	 0	 0	 0	 0	 0	 0	 0	 0	 0	 0	 0	 0	 0	 0	 0	 0	 0	 0	 0	 0	 0	 0	 0	 0	 0	 0	 0	 0	 0	 0	 0	 0	 0	 155	 0	 0	 0	 0	 0	 0	 0	 0	 0	 0	 0	 137	 66	 41	 0	 0	 0	 36	 0	 0	 0	 0
"CAG-274 sp000432155"	 213	 386	 315	 0	 0	 854	 0	 0	 0	 899	 225	 0	 805	 0	 0	 350	 0	 769	 0	 0	 0	 0	 0	 0	 345	 0	 0	 0	 0	 0	 231	 0	 0	 0	 0	 0	 0	 311	 323	 0	 0	 295	 0	 0	 0	 0	 883	 0	 0	 465	 237	 0	 787	 0	 0	 0	 958	 0	 130	 0	 0	 0	 0	 0	 523	 0	 0	 0	 0	 230	 0	 0	 218	 0	 217	 0	 0	 261	 0	 0	 0	 0	 337	 0	 0	 0	 0	 0	 989	 0	 0	 294	 0	 0	 0	 0	 0
"AF33-28 sp003477885"	 0	 0	 0	 0	 0	 213	 0	 0	 132	 0	 0	 0	 0	 0	 0	 0	 0	 0	 0	 0	 88	 0	 0	 0	 0	 0	 0	 0	 0	 0	 0	 0	 0	 48	 0	 0	 0	 0	 0	 0	 0	 0	 991	 0	 0	 0	 0	 0	 0	 0	 0	 0	 0	 0	 0	 0	 0	 0	 0	 0	 0	 0	 0	 0	 0	 0	 0	 0	 0	 0	 0	 0	 0	 0	 0	 0	 59	 0	 0	 0	 0	 0	 5538	 0	 0	 0	 439	 0	 492	 0	 0	 0	 0	 0	 0	 0	 0
"AM51-8 sp003478275"	 0	 0	 893	 0	 0	 0	 599	 60	 0	 0	 0	 0	 0	 0	 1445	 0	 0	 0	 0	 0	 0	 133	 0	 1543	 0	 0	 156	 0	 0	 0	 0	 0	 169	 0	 0	 0	 1346	 1449	 1585	 0	 408	 0	 0	 0	 0	 0	 0	 0	 78	 0	 0	 1556	 1615	 0	 1362	 0	 0	 0	 281	 0	 0	 50	 0	 1411	 0	 0	 0	 1396	 1447	 0	 0	 0	 1589	 1174	 1417	 0	 0	 0	 0	 691	 162	 0	 0	 70	 0	 0	 0	 0	 281	 0	 635	 0	 0	 0	 1008	 1361	 1266
"Acetatifactor sp003447295"	 35	 36	 0	 94	 124	 0	 43	 77	 68	 0	 34	 0	 0	 0	 0	 57	 128	 0	 0	 120	 108	 80	 0	 63	 0	 0	 53	 0	 63	 0	 35	 41	 46	 0	 0	 50	 26	 0	 0	 76	 73	 92	 0	 117	 0	 0	 43	 0	 0	 0	 34	 41	 80	 0	 52	 74	 0	 0	 0	 60	 0	 27	 0	 0	 0	 94	 91	 58	 79	 95	 0	 0	 0	 49	 101	 592	 533	 0	 0	 0	 45	 43	 80	 74	 68	 0	 97	 0	 0	 0	 309	 0	 72	 0	 192	 0	 49
"Acetatifactor sp900066365"	 74	 127	 133	 532	 909	 1187	 52	 798	 672	 1325	 140	 0	 135	 0	 0	 175	 933	 0	 0	 633	 794	 658	 115	 150	 108	 0	 148	 0	 248	 129	 147	 837	 140	 102	 121	 162	 95	 68	 121	 169	 810	 923	 0	 198	 25	 0	 132	 0	 0	 72	 146	 121	 748	 0	 141	 155	 104	 57	 0	 194	 0	 136	 0	 50	 104	 873	 755	 201	 940	 882	 0	 115	 0	 170	 701	 1146	 754	 180	 109	 93	 155	 127	 668	 343	 263	 36	 959	 0	 104	 141	 921	 0	 408	 22	 770	 145	 171
"Acetatifactor sp900066565"	 851	 1797	 2086	 1715	 1719	 131	 55	 684	 1659	 211	 1859	 0	 1057	 0	 0	 1793	 1516	 91	 0	 2060	 1929	 1893	 729	 1729	 1763	 0	 1806	 0	 1965	 1117	 764	 162	 1231	 2149	 1711	 1549	 1792	 258	 943	 1721	 261	 1236	 0	 1694	 77	 0	 1247	 0	 40	 215	 1981	 1426	 934	 30	 1701	 1614	 2019	 272	 34	 1848	 105	 1737	 73	 357	 1771	 876	 266	 2062	 324	 1610	 0	 1871	 134	 1692	 246	 1716	 1871	 1856	 1707	 574	 1726	 1516	 512	 1194	 1672	 28	 286	 0	 408	 1753	 1510	 37	 483	 14	 1196	 1765	 2049
"Agathobacter faecis"	 1680	 1757	 887	 1810	 2000	 68	 295	 1786	 0	 1780	 1817	 1627	 0	 0	 1653	 2042	 1661	 1793	 0	 1718	 465	 1732	 1682	 1532	 1935	 1869	 1689	 0	 2027	 1657	 1834	 1818	 1643	 1802	 47	 1680	 19	 1637	 1733	 40	 1923	 1789	 0	 755	 29	 0	 2043	 0	 0	 1768	 0	 1732	 1773	 1833	 1782	 35	 1558	 1612	 446	 1798	 1630	 1825	 1670	 1768	 46	 70	 1774	 1619	 1803	 1709	 0	 1889	 0	 1771	 1669	 1577	 209	 1915	 1672	 0	 0	 0	 1771	 695	 1824	 1697	 1707	 0	 1642	 0	 1824	 0	 1151	 1496	 493	 0	 0
"Agathobacter rectalis"	 259	 241	 174	 176	 172	 60	 250	 191	 150	 139	 134	 0	 136	 0	 126	 237	 154	 32	 0	 37	 169	 251	 198	 214	 225	 153	 168	 0	 224	 49	 277	 144	 145	 132	 153	 164	 37	 372	 224	 199	 144	 375	 0	 67	 143	 22	 174	 0	 167	 151	 0	 166	 224	 24	 152	 273	 166	 156	 79	 159	 160	 212	 262	 159	 250	 138	 76	 210	 136	 200	 0	 190	 201	 182	 283	 177	 180	 229	 153	 177	 45	 158	 174	 199	 188	 34	 46	 0	 132	 254	 245	 147	 200	 40	 261	 149	 151
"Agathobacter sp000434275"	 0	 0	 0	 0	 0	 0	 0	 0	 0	 0	 0	 0	 0	 0	 0	 0	 0	 0	 0	 0	 0	 0	 0	 0	 0	 0	 0	 0	 0	 0	 0	 0	 0	 0	 0	 0	 0	 0	 0	 0	 0	 0	 0	 0	 0	 0	 0	 0	 0	 0	 0	 0	 0	 0	 0	 0	 0	 0	 0	 0	 0	 0	 0	 0	 0	 0	 65	 0	 0	 0	 0	 0	 0	 0	 0	 0	 0	 0	 0	 0	 0	 0	 0	 0	 147	 0	 0	 0	 0	 0	 0	 0	 0	 12	 710	 0	 0
"Anaerobutyricum hallii"	 29	 180	 1912	 1585	 1649	 1233	 1239	 1429	 106	 1411	 1597	 192	 1620	 1598	 0	 1708	 1426	 892	 0	 91	 760	 1337	 138	 1501	 1624	 116	 1389	 0	 1644	 0	 1626	 152	 1791	 1615	 1145	 1341	 0	 40	 514	 46	 1683	 1629	 1449	 100	 125	 0	 1644	 1635	 1051	 1405	 69	 0	 1884	 1241	 1353	 1622	 0	 446	 500	 1421	 1563	 1621	 34	 94	 1435	 167	 1645	 1607	 1661	 617	 0	 1632	 1971	 1697	 1275	 1434	 613	 341	 1581	 1338	 66	 1802	 1634	 1653	 1654	 0	 1388	 0	 1731	 1090	 1779	 0	 1554	 103	 1379	 132	 213
"Anaerobutyricum hallii_A"	 0	 0	 210	 58	 0	 1060	 60	 1481	 1174	 0	 61	 57	 0	 0	 0	 69	 1242	 1305	 0	 1465	 1488	 1124	 1333	 521	 46	 1081	 59	 0	 82	 0	 43	 1141	 0	 0	 69	 46	 0	 1522	 1370	 1370	 1006	 0	 0	 1110	 1161	 0	 35	 37	 47	 0	 1340	 0	 0	 161	 47	 0	 0	 1520	 25	 544	 52	 26	 0	 1328	 1329	 290	 0	 58	 1178	 1388	 0	 0	 114	 1325	 551	 431	 1495	 1332	 0	 77	 1490	 23	 0	 137	 470	 0	 0	 0	 994	 1206	 0	 0	 640	 964	 62	 1237	 0
"Anaerobutyricum sp900016875"	 0	 0	 0	 0	 0	 0	 0	 0	 0	 0	 0	 0	 0	 0	 0	 0	 0	 0	 0	 0	 0	 0	 0	 0	 0	 0	 0	 0	 0	 0	 0	 0	 0	 0	 0	 0	 0	 0	 0	 0	 0	 0	 0	 50	 0	 0	 0	 0	 0	 0	 0	 0	 0	 0	 0	 0	 0	 0	 0	 0	 0	 0	 0	 0	 0	 0	 0	 0	 0	 0	 0	 0	 0	 0	 0	 0	 0	 0	 0	 0	 0	 0	 0	 0	 0	 0	 0	 0	 0	 0	 0	 0	 0	 0	 0	 0	 0
"Anaerostipes caccae"	 0	 0	 0	 0	 0	 0	 0	 0	 0	 0	 0	 1851	 73	 0	 0	 0	 0	 0	 0	 0	 0	 0	 0	 0	 0	 0	 0	 2107	 0	 60	 0	 0	 0	 223	 0	 0	 1445	 0	 0	 0	 0	 0	 0	 966	 0	 1890	 0	 0	 0	 0	 0	 1458	 0	 0	 0	 0	 0	 0	 0	 0	 0	 0	 1119	 0	 0	 0	 0	 0	 0	 0	 385	 0	 0	 0	 0	 0	 0	 0	 0	 0	 0	 598	 0	 0	 0	 0	 0	 0	 0	 0	 0	 0	 0	 0	 0	 0	 0
"Anaerostipes hadrus"	 0	 204	 1966	 1227	 1438	 1455	 1341	 1738	 1276	 1516	 873	 0	 1986	 0	 1172	 1228	 1116	 1899	 0	 784	 1549	 1559	 766	 1690	 1693	 1381	 1456	 0	 722	 0	 1396	 1457	 1624	 0	 970	 1463	 320	 1631	 1029	 1684	 1502	 1154	 0	 0	 1406	 0	 1802	 1167	 1068	 1229	 1481	 0	 1717	 1781	 1510	 1989	 1335	 1697	 410	 1793	 1462	 1620	 122	 1843	 1664	 0	 86	 2024	 1798	 1138	 0	 1961	 1602	 1797	 463	 599	 1417	 1227	 879	 1665	 893	 1545	 798	 1084	 726	 959	 117	 1660	 1753	 1926	 1904	 792	 873	 329	 277	 234	 1395
"Anaerostipes hadrus_A"	 0	 0	 0	 0	 0	 0	 0	 0	 0	 0	 0	 0	 0	 0	 0	 0	 0	 21	 0	 0	 0	 0	 1071	 0	 0	 38	 0	 0	 0	 0	 0	 0	 0	 0	 0	 38	 198	 0	 0	 0	 57	 0	 0	 0	 0	 0	 0	 0	 55	 0	 0	 0	 0	 0	 0	 133	 0	 0	 0	 0	 0	 37	 40	 0	 0	 0	 0	 0	 0	 0	 0	 0	 0	 0	 0	 0	 0	 0	 102	 0	 64	 0	 0	 86	 0	 0	 1057	 0	 0	 0	 0	 25	 0	 12	 0	 0	 41
"Anaerostipes rhamnosivorans"	 0	 0	 0	 0	 0	 0	 0	 0	 0	 0	 0	 0	 0	 0	 0	 0	 0	 0	 0	 0	 0	 0	 0	 0	 0	 0	 0	 0	 0	 0	 0	 0	 0	 0	 0	 0	 31	 0	 0	 0	 0	 0	 0	 0	 0	 0	 0	 0	 0	 0	 0	 0	 0	 0	 0	 0	 0	 0	 0	 0	 0	 0	 39	 0	 0	 0	 0	 0	 0	 0	 102	 0	 0	 0	 0	 0	 0	 0	 0	 0	 0	 0	 0	 0	 0	 0	 0	 0	 0	 0	 0	 0	 0	 0	 0	 0	 0
"Anaerostipes sp000508985"	 0	 0	 0	 0	 0	 0	 0	 0	 0	 0	 0	 79	 0	 0	 0	 0	 0	 0	 0	 0	 0	 0	 0	 0	 0	 0	 0	 0	 0	 0	 0	 0	 0	 48	 0	 0	 191	 0	 0	 0	 0	 0	 0	 220	 0	 110	 0	 0	 0	 0	 0	 225	 0	 0	 0	 0	 0	 0	 0	 0	 0	 0	 75	 0	 0	 0	 0	 0	 0	 0	 118	 0	 0	 0	 0	 0	 0	 0	 0	 0	 0	 0	 0	 0	 0	 0	 0	 0	 0	 0	 0	 0	 0	 0	 0	 0	 0
"Anaerostipes sp001940315"	 0	 0	 0	 0	 0	 0	 0	 0	 0	 0	 0	 0	 0	 0	 0	 0	 0	 0	 0	 0	 0	 0	 0	 0	 0	 0	 0	 0	 0	 0	 0	 0	 0	 0	 0	 0	 0	 0	 0	 0	 0	 0	 0	 0	 0	 0	 0	 0	 0	 0	 0	 0	 0	 0	 0	 0	 0	 0	 0	 0	 0	 0	 94	 0	 0	 0	 0	 0	 0	 0	 0	 0	 0	 0	 0	 0	 0	 0	 0	 0	 0	 0	 0	 0	 0	 0	 0	 0	 0	 0	 0	 0	 0	 0	 0	 0	 0
"Anaerostipes sp900066705"	 0	 0	 0	 0	 0	 0	 0	 0	 0	 0	 0	 0	 0	 0	 0	 0	 0	 0	 0	 0	 0	 0	 52	 133	 0	 0	 0	 0	 0	 0	 0	 0	 0	 0	 0	 0	 257	 0	 0	 0	 0	 0	 0	 0	 0	 0	 0	 0	 288	 0	 0	 0	 0	 0	 0	 402	 0	 0	 0	 0	 0	 0	 0	 0	 93	 0	 0	 147	 0	 0	 0	 0	 0	 0	 0	 0	 0	 0	 87	 0	 95	 0	 0	 0	 0	 0	 44	 0	 0	 0	 0	 0	 0	 0	 0	 0	 60
"Bacteroides_F pectinophilus"	 0	 0	 0	 0	 0	 113	 0	 0	 0	 0	 0	 0	 0	 0	 0	 0	 0	 0	 0	 0	 0	 0	 0	 0	 0	 0	 0	 0	 0	 0	 0	 0	 0	 0	 0	 0	 0	 0	 0	 0	 0	 0	 0	 0	 0	 0	 0	 0	 0	 0	 0	 0	 0	 0	 0	 0	 0	 0	 0	 0	 0	 0	 0	 0	 0	 0	 0	 0	 0	 0	 0	 0	 0	 0	 0	 0	 0	 0	 0	 0	 0	 0	 0	 0	 0	 0	 0	 0	 0	 0	 1139	 0	 0	 0	 864	 0	 0
"Bariatricus comes"	 999	 1314	 1733	 1318	 1671	 1795	 33	 1533	 34	 55	 0	 0	 61	 1899	 40	 1496	 1631	 1428	 0	 0	 961	 1171	 1336	 1266	 239	 1527	 1430	 0	 1820	 0	 1372	 1675	 1948	 395	 516	 1295	 32	 0	 1420	 49	 1124	 1548	 0	 45	 65	 39	 1502	 1753	 1582	 1416	 59	 28	 45	 39	 0	 34	 423	 362	 446	 1619	 1565	 41	 62	 0	 1220	 1484	 149	 1657	 1770	 85	 0	 0	 1785	 1455	 1566	 1249	 0	 1427	 0	 1277	 64	 1411	 306	 1512	 1073	 28	 0	 37	 1248	 1836	 1531	 28	 1605	 12	 921	 34	 800
"Bariatricus massiliensis"	 0	 0	 0	 0	 0	 64	 0	 0	 0	 0	 0	 0	 0	 0	 0	 0	 0	 0	 0	 0	 0	 0	 0	 0	 0	 0	 0	 31	 0	 0	 0	 0	 0	 0	 0	 0	 0	 0	 0	 0	 0	 0	 160	 0	 0	 0	 0	 0	 0	 0	 0	 0	 0	 0	 0	 0	 0	 0	 0	 0	 0	 0	 0	 0	 0	 0	 0	 0	 0	 0	 0	 0	 0	 0	 0	 0	 0	 0	 277	 0	 0	 0	 0	 0	 0	 0	 0	 83	 0	 0	 0	 0	 0	 0	 0	 0	 0
"Blautia coccoides"	 0	 0	 0	 0	 0	 0	 0	 0	 0	 43	 0	 59	 0	 0	 0	 0	 0	 39	 2132	 0	 0	 0	 90	 0	 0	 0	 0	 57	 0	 0	 0	 0	 0	 0	 0	 0	 54	 0	 0	 0	 0	 0	 0	 41	 0	 59	 0	 70	 0	 0	 74	 2348	 0	 0	 0	 0	 38	 0	 0	 0	 0	 0	 0	 39	 72	 0	 0	 0	 0	 0	 711	 0	 0	 0	 0	 0	 0	 0	 129	 0	 0	 33	 0	 0	 0	 90	 98	 3137	 0	 0	 0	 0	 0	 0	 0	 0	 0
"Blautia coccoides_A"	 0	 0	 0	 0	 0	 0	 0	 0	 0	 0	 0	 0	 0	 0	 0	 0	 0	 0	 28	 0	 0	 0	 0	 0	 0	 0	 0	 0	 0	 0	 0	 0	 0	 0	 0	 0	 0	 0	 0	 0	 0	 0	 0	 71	 0	 22	 0	 0	 0	 0	 0	 0	 0	 0	 0	 0	 0	 0	 0	 0	 0	 0	 0	 0	 0	 0	 0	 0	 0	 0	 0	 0	 0	 0	 0	 0	 0	 0	 0	 0	 0	 0	 0	 0	 0	 45	 0	 0	 0	 0	 0	 0	 0	 0	 0	 0	 0
"Blautia hansenii"	 0	 0	 0	 0	 0	 0	 0	 0	 0	 0	 707	 588	 610	 0	 0	 0	 0	 0	 0	 0	 0	 0	 0	 0	 0	 0	 0	 0	 0	 0	 0	 0	 0	 0	 53	 343	 0	 1202	 0	 0	 0	 0	 0	 282	 1249	 881	 0	 0	 0	 0	 1096	 1243	 0	 720	 0	 0	 0	 0	 0	 0	 0	 0	 0	 0	 0	 0	 0	 0	 168	 0	 0	 0	 0	 0	 387	 0	 0	 0	 0	 0	 0	 0	 0	 0	 0	 0	 80	 0	 0	 0	 0	 1044	 0	 1158	 0	 0	 0
"Blautia hominis"	 0	 0	 0	 0	 0	 0	 0	 0	 0	 0	 0	 0	 0	 0	 0	 0	 0	 0	 87	 0	 0	 0	 0	 0	 0	 0	 0	 53	 0	 0	 0	 0	 0	 0	 0	 0	 21	 0	 0	 0	 0	 0	 0	 473	 0	 25	 0	 0	 0	 0	 36	 77	 0	 0	 0	 0	 0	 0	 0	 0	 0	 0	 0	 0	 0	 0	 0	 0	 0	 0	 0	 0	 0	 0	 0	 0	 0	 0	 0	 0	 0	 0	 0	 0	 0	 415	 40	 97	 0	 0	 0	 0	 0	 0	 0	 0	 0
"Blautia sp000432195"	 0	 0	 0	 0	 0	 0	 0	 0	 0	 0	 0	 0	 115	 0	 99	 0	 0	 0	 0	 0	 0	 0	 0	 0	 0	 0	 0	 0	 0	 0	 0	 0	 0	 0	 0	 0	 0	 134	 0	 0	 0	 0	 0	 0	 0	 0	 0	 0	 0	 0	 0	 0	 0	 0	 199	 0	 0	 0	 0	 0	 0	 0	 0	 0	 0	 0	 0	 0	 0	 0	 943	 43	 0	 0	 474	 0	 0	 0	 0	 0	 0	 0	 0	 0	 0	 0	 0	 0	 0	 0	 0	 0	 0	 0	 0	 0	 0
"Blautia sp000436935"	 27	 230	 1343	 271	 0	 0	 0	 1343	 0	 1292	 0	 0	 0	 0	 0	 75	 0	 0	 0	 369	 0	 0	 0	 0	 0	 0	 1374	 0	 0	 0	 0	 0	 0	 0	 0	 0	 0	 816	 1379	 0	 0	 76	 0	 0	 0	 0	 0	 1202	 0	 615	 0	 0	 1423	 0	 0	 0	 0	 0	 0	 1001	 1272	 0	 0	 0	 0	 0	 0	 0	 0	 100	 0	 0	 0	 1212	 0	 0	 0	 1389	 0	 141	 0	 0	 0	 0	 41	 0	 0	 0	 0	 892	 0	 0	 1297	 0	 0	 0	 1194
"Blautia sp001304935"	 0	 0	 0	 0	 0	 993	 0	 0	 0	 556	 0	 1685	 35	 0	 0	 0	 0	 560	 1435	 64	 0	 0	 2281	 0	 0	 0	 0	 890	 0	 72	 0	 0	 0	 0	 0	 53	 3860	 0	 0	 49	 0	 0	 136	 0	 0	 2194	 0	 1095	 0	 0	 117	 73	 0	 0	 0	 0	 37	 0	 0	 0	 0	 0	 363	 0	 0	 0	 0	 0	 0	 0	 36	 0	 0	 0	 0	 0	 0	 0	 0	 0	 129	 1205	 0	 0	 0	 813	 1998	 117	 0	 0	 0	 0	 0	 0	 0	 0	 0
"Blautia sp002161285"	 0	 0	 0	 0	 0	 0	 0	 0	 0	 0	 53	 0	 0	 0	 0	 0	 0	 0	 0	 0	 0	 0	 0	 0	 0	 0	 0	 0	 0	 0	 0	 0	 0	 0	 0	 0	 0	 0	 0	 0	 0	 0	 0	 135	 0	 35	 0	 0	 0	 0	 0	 0	 0	 0	 0	 0	 0	 0	 0	 0	 0	 0	 0	 708	 0	 0	 0	 0	 0	 0	 0	 0	 0	 0	 0	 0	 0	 0	 0	 0	 0	 0	 61	 0	 0	 0	 0	 832	 0	 0	 0	 0	 0	 0	 0	 0	 0
"Blautia sp003287895"	 0	 0	 0	 0	 0	 0	 0	 0	 31	 0	 0	 0	 44	 0	 0	 0	 0	 0	 0	 0	 0	 0	 0	 0	 0	 0	 0	 0	 0	 0	 0	 0	 0	 0	 0	 0	 0	 0	 0	 0	 0	 0	 0	 0	 26	 0	 0	 0	 0	 0	 0	 0	 0	 0	 0	 0	 0	 0	 0	 0	 0	 0	 0	 0	 0	 0	 0	 0	 0	 0	 0	 0	 0	 0	 0	 0	 0	 0	 0	 0	 0	 0	 0	 0	 0	 0	 0	 0	 0	 0	 0	 0	 0	 0	 0	 0	 0
"Blautia sp900120295"	 0	 0	 0	 0	 0	 0	 0	 0	 0	 0	 56	 0	 47	 0	 0	 0	 0	 0	 0	 0	 0	 0	 0	 0	 0	 0	 0	 0	 0	 0	 0	 0	 0	 0	 51	 228	 0	 0	 0	 0	 0	 0	 0	 537	 245	 108	 0	 0	 0	 0	 56	 86	 0	 29	 0	 0	 0	 0	 0	 0	 0	 0	 31	 0	 0	 0	 0	 0	 0	 0	 0	 0	 0	 0	 0	 0	 0	 0	 0	 0	 0	 0	 0	 0	 0	 0	 0	 0	 0	 0	 0	 33	 0	 28	 0	 0	 0
"Blautia_A hydrogenotrophica"	 0	 0	 0	 0	 0	 156	 0	 0	 69	 775	 0	 0	 0	 0	 0	 1238	 0	 762	 0	 0	 0	 0	 0	 0	 0	 0	 0	 0	 2324	 0	 0	 0	 0	 80	 0	 0	 0	 0	 0	 0	 68	 0	 2158	 0	 0	 0	 0	 1434	 0	 0	 163	 0	 0	 0	 0	 0	 0	 0	 20	 0	 0	 0	 0	 0	 0	 0	 0	 0	 254	 0	 0	 69	 0	 0	 0	 0	 0	 0	 0	 0	 0	 0	 0	 0	 0	 0	 0	 2732	 1683	 0	 0	 0	 0	 0	 0	 0	 40
"Blautia_A massiliensis"	 69	 181	 445	 1386	 959	 1384	 1325	 1467	 1279	 53	 145	 95	 83	 1173	 76	 1289	 747	 1345	 51	 1111	 1277	 1303	 89	 1422	 1254	 1342	 794	 69	 1252	 1106	 1243	 1297	 1337	 664	 560	 1166	 1233	 64	 1294	 82	 1388	 1481	 1312	 57	 1349	 73	 1304	 81	 782	 1309	 88	 61	 1203	 1474	 1325	 1348	 70	 1204	 429	 1386	 1216	 54	 87	 1095	 1644	 714	 400	 1013	 1672	 1354	 56	 202	 1522	 1392	 508	 1137	 1318	 1515	 71	 1328	 1271	 68	 652	 1313	 1094	 213	 1557	 37	 1387	 1240	 1194	 1116	 1292	 1309	 498	 126	 672
"Blautia_A obeum"	 41	 174	 1789	 2244	 1926	 2197	 1512	 2126	 1163	 87	 1924	 69	 2042	 80	 2108	 2279	 2255	 2032	 42	 1978	 2089	 2083	 2061	 1509	 1915	 1537	 2001	 71	 2214	 2041	 2191	 2094	 1962	 2385	 1402	 1905	 57	 109	 2052	 2159	 2270	 2386	 1824	 1950	 1656	 50	 1556	 1865	 1830	 1180	 102	 1988	 2396	 90	 2012	 1716	 115	 564	 532	 1988	 2149	 2048	 130	 2026	 2238	 2049	 1257	 2967	 2069	 1937	 75	 1820	 1480	 2258	 2101	 535	 1941	 2079	 1720	 2066	 2041	 1972	 2387	 1934	 1936	 122	 1792	 89	 2012	 2041	 1943	 56	 157	 48	 212	 1989	 218
"Blautia_A obeum_B"	 0	 0	 325	 274	 86	 119	 39	 195	 202	 0	 40	 0	 46	 27	 1751	 108	 75	 30	 0	 560	 196	 180	 0	 87	 45	 275	 899	 0	 719	 250	 157	 711	 217	 939	 304	 101	 26	 192	 180	 0	 123	 625	 304	 1418	 32	 17	 46	 0	 72	 209	 0	 42	 1672	 0	 56	 44	 40	 33	 41	 401	 1266	 215	 36	 0	 1379	 268	 128	 409	 565	 539	 0	 255	 132	 65	 59	 303	 274	 49	 40	 332	 35	 56	 236	 333	 48	 0	 0	 0	 613	 1315	 321	 0	 632	 28	 111	 72	 202
"Blautia_A sp000433815"	 0	 0	 0	 0	 0	 0	 0	 0	 0	 631	 297	 942	 1073	 0	 1173	 0	 0	 635	 1315	 944	 0	 0	 992	 0	 46	 0	 0	 0	 0	 0	 0	 0	 0	 0	 0	 688	 659	 1120	 0	 0	 0	 0	 682	 131	 613	 0	 0	 0	 0	 0	 1201	 87	 0	 682	 0	 90	 584	 48	 0	 0	 0	 630	 667	 82	 0	 0	 0	 0	 0	 0	 0	 0	 56	 0	 36	 0	 0	 0	 116	 0	 57	 26	 0	 0	 0	 0	 201	 619	 0	 0	 0	 179	 0	 97	 0	 0	 47
"Blautia_A sp000436615"	 0	 51	 282	 0	 0	 1760	 27	 53	 476	 0	 0	 0	 0	 0	 30	 43	 121	 21	 0	 34	 0	 51	 1706	 0	 1206	 0	 621	 0	 885	 0	 229	 1427	 0	 0	 2069	 0	 0	 0	 0	 0	 297	 195	 0	 0	 30	 0	 0	 0	 33	 38	 1906	 0	 574	 0	 0	 1160	 272	 0	 0	 39	 156	 136	 0	 0	 1637	 40	 1038	 207	 40	 905	 0	 45	 1635	 0	 88	 540	 48	 192	 0	 529	 0	 1667	 0	 0	 0	 0	 104	 0	 0	 0	 290	 0	 26	 0	 359	 0	 397
"Blautia_A sp002159835"	 0	 0	 0	 0	 0	 0	 0	 0	 0	 0	 0	 0	 0	 0	 0	 47	 0	 0	 50	 0	 0	 0	 0	 0	 0	 0	 0	 0	 0	 0	 0	 0	 0	 0	 0	 0	 0	 0	 0	 0	 0	 0	 0	 109	 0	 61	 0	 0	 0	 0	 0	 0	 0	 0	 0	 0	 0	 0	 0	 0	 0	 0	 0	 0	 0	 0	 0	 0	 0	 0	 0	 0	 0	 0	 0	 0	 0	 0	 0	 0	 0	 0	 0	 0	 0	 0	 0	 0	 0	 0	 0	 0	 0	 0	 0	 0	 0
"Blautia_A sp003471165"	 35	 247	 157	 0	 0	 0	 111	 0	 32	 260	 543	 756	 1069	 0	 710	 51	 72	 29	 27	 614	 117	 0	 234	 0	 252	 0	 245	 0	 55	 799	 858	 922	 622	 866	 0	 0	 44	 0	 53	 0	 0	 88	 0	 0	 196	 1249	 0	 0	 30	 0	 728	 679	 0	 973	 796	 42	 595	 684	 20	 0	 0	 34	 985	 41	 528	 36	 0	 757	 221	 57	 29	 823	 555	 55	 112	 49	 188	 37	 652	 670	 0	 28	 0	 201	 0	 494	 0	 0	 98	 391	 69	 40	 0	 29	 0	 0	 0
"Blautia_A sp003474435"	 0	 0	 171	 0	 0	 80	 0	 0	 0	 0	 0	 0	 0	 114	 0	 0	 0	 0	 0	 0	 0	 40	 0	 68	 0	 0	 0	 0	 0	 202	 37	 0	 143	 226	 0	 0	 0	 0	 110	 0	 0	 0	 0	 0	 0	 0	 0	 0	 0	 0	 0	 0	 0	 0	 0	 0	 0	 0	 0	 0	 0	 0	 0	 0	 0	 0	 0	 216	 0	 49	 0	 547	 0	 0	 0	 0	 209	 0	 0	 0	 0	 0	 0	 172	 0	 0	 0	 0	 0	 196	 0	 0	 0	 0	 86	 0	 0
"Blautia_A sp003478765"	 0	 0	 0	 0	 0	 214	 232	 0	 0	 0	 0	 0	 0	 0	 0	 0	 0	 0	 0	 0	 124	 0	 0	 444	 0	 0	 0	 540	 414	 0	 0	 0	 42	 0	 0	 0	 0	 0	 0	 0	 0	 0	 0	 0	 0	 0	 0	 0	 0	 0	 0	 0	 0	 0	 46	 0	 0	 0	 0	 0	 0	 0	 0	 0	 0	 51	 0	 0	 0	 233	 0	 0	 0	 0	 0	 51	 0	 0	 0	 0	 0	 0	 0	 73	 0	 0	 0	 0	 0	 0	 0	 0	 0	 0	 118	 0	 0
"Blautia_A sp003480185"	 99	 107	 467	 105	 131	 144	 320	 117	 120	 252	 129	 179	 274	 119	 108	 183	 145	 303	 222	 94	 79	 135	 131	 152	 433	 110	 164	 118	 161	 124	 152	 269	 142	 209	 164	 91	 138	 226	 294	 249	 128	 130	 0	 277	 101	 71	 117	 100	 114	 93	 287	 558	 180	 87	 150	 345	 263	 82	 39	 167	 172	 219	 313	 366	 241	 94	 0	 257	 168	 139	 218	 320	 68	 177	 288	 302	 255	 129	 205	 243	 206	 288	 62	 152	 40	 64	 361	 0	 132	 158	 273	 278	 87	 254	 0	 103	 131
"Blautia_A sp900066145"	 0	 37	 1427	 91	 133	 207	 203	 267	 86	 89	 87	 45	 136	 25	 115	 132	 755	 83	 0	 162	 142	 127	 73	 990	 83	 62	 62	 57	 181	 953	 296	 138	 147	 120	 123	 129	 55	 106	 291	 67	 133	 221	 84	 186	 32	 54	 65	 108	 57	 91	 66	 107	 269	 88	 107	 91	 774	 92	 40	 74	 208	 83	 108	 141	 123	 79	 76	 492	 1188	 404	 56	 2330	 617	 153	 190	 86	 259	 635	 159	 191	 118	 217	 67	 413	 2304	 843	 62	 506	 112	 228	 1386	 62	 69	 12	 80	 401	 45
"Blautia_A sp900066165"	 49	 201	 338	 536	 1420	 1476	 103	 1608	 1938	 1404	 1580	 1515	 1545	 218	 1494	 1268	 1617	 1428	 0	 1688	 517	 1252	 1360	 1527	 1285	 484	 494	 1530	 1382	 1745	 1493	 1385	 1279	 1656	 743	 1330	 1578	 1241	 1793	 1752	 1661	 1797	 1646	 1361	 241	 1310	 1840	 1582	 432	 515	 1761	 1307	 1673	 788	 1299	 1341	 1739	 1258	 471	 1539	 1433	 1442	 1720	 1634	 1286	 578	 1560	 1167	 1076	 1426	 1454	 1032	 1290	 1654	 1598	 731	 1680	 1440	 1745	 1656	 1732	 1112	 630	 988	 259	 188	 612	 1491	 1498	 1725	 1258	 303	 371	 29	 492	 1406	 96
"Blautia_A sp900066205"	 0	 45	 0	 0	 62	 0	 23	 0	 0	 0	 789	 0	 0	 34	 0	 0	 0	 28	 0	 0	 413	 0	 0	 76	 0	 0	 64	 0	 63	 54	 0	 0	 49	 62	 0	 0	 0	 0	 77	 0	 73	 0	 0	 0	 25	 0	 63	 0	 67	 233	 0	 0	 0	 55	 0	 32	 0	 0	 0	 0	 0	 0	 0	 44	 0	 58	 83	 47	 0	 0	 0	 40	 739	 0	 0	 0	 57	 0	 0	 0	 59	 0	 193	 265	 100	 0	 0	 0	 0	 42	 72	 0	 27	 23	 589	 56	 0
"Blautia_A sp900066335"	 113	 763	 0	 68	 1392	 76	 41	 83	 61	 0	 243	 0	 0	 47	 0	 127	 0	 46	 0	 57	 173	 64	 0	 1237	 52	 56	 1294	 0	 1183	 1346	 67	 53	 87	 1259	 47	 47	 38	 0	 1093	 0	 1162	 79	 55	 0	 223	 0	 1348	 0	 1230	 1583	 0	 0	 56	 1069	 50	 42	 0	 51	 11	 45	 49	 0	 0	 1451	 70	 1038	 1400	 114	 73	 63	 0	 50	 245	 85	 42	 68	 118	 65	 0	 58	 1284	 0	 1353	 381	 90	 0	 41	 0	 61	 93	 1063	 53	 67	 46	 816	 1337	 61
"Blautia_A sp900066355"	 0	 0	 696	 0	 79	 88	 0	 0	 36	 0	 0	 0	 0	 0	 94	 50	 0	 18	 0	 145	 0	 58	 0	 0	 0	 42	 89	 0	 260	 44	 34	 119	 72	 122	 114	 34	 0	 967	 48	 0	 57	 112	 126	 85	 0	 19	 33	 0	 52	 64	 0	 0	 154	 0	 0	 0	 39	 0	 16	 141	 137	 38	 0	 0	 165	 157	 227	 896	 76	 80	 0	 137	 111	 0	 0	 117	 124	 36	 0	 115	 0	 0	 51	 204	 0	 0	 0	 0	 75	 287	 162	 0	 55	 0	 122	 0	 120
"Blautia_A sp900066505"	 0	 0	 0	 0	 57	 0	 0	 48	 0	 0	 256	 0	 0	 0	 0	 0	 0	 0	 0	 0	 0	 0	 0	 137	 0	 0	 0	 0	 0	 0	 0	 0	 40	 51	 0	 0	 0	 0	 0	 0	 0	 75	 0	 0	 0	 0	 0	 0	 0	 0	 0	 0	 111	 0	 0	 0	 0	 0	 0	 0	 0	 0	 0	 0	 0	 0	 107	 0	 0	 0	 0	 0	 0	 0	 0	 0	 0	 0	 0	 118	 0	 0	 0	 108	 0	 0	 0	 0	 0	 0	 0	 0	 0	 0	 0	 0	 0
"Blautia_A sp900120195"	 0	 0	 474	 0	 205	 96	 0	 0	 0	 0	 0	 0	 0	 0	 106	 252	 0	 0	 0	 593	 231	 313	 0	 121	 49	 45	 88	 0	 944	 169	 26	 620	 402	 424	 1109	 0	 0	 136	 0	 0	 184	 80	 1177	 124	 0	 0	 0	 0	 34	 194	 0	 0	 331	 0	 0	 0	 0	 0	 169	 1019	 143	 30	 0	 0	 327	 1253	 85	 726	 62	 148	 0	 1078	 58	 0	 0	 165	 1226	 72	 0	 1263	 0	 0	 113	 1451	 0	 0	 0	 0	 83	 219	 677	 0	 66	 0	 267	 203	 936
"Blautia_A wexlerae"	 933	 1120	 1054	 1195	 1357	 1334	 876	 1290	 1184	 1047	 1216	 824	 990	 1401	 1025	 1312	 1505	 640	 1277	 1282	 543	 1253	 1187	 1072	 865	 1118	 1287	 1344	 1455	 1287	 1372	 777	 1245	 1212	 870	 1315	 1205	 794	 1272	 948	 1414	 1509	 115	 716	 1347	 1322	 1319	 1474	 1279	 1332	 796	 855	 1397	 1031	 1427	 802	 1100	 1370	 444	 1464	 873	 1096	 1034	 1301	 1052	 1076	 425	 1181	 1513	 1324	 1033	 1017	 1187	 1399	 1171	 824	 1007	 1517	 1123	 1181	 1042	 791	 1133	 1040	 359	 1259	 741	 0	 1236	 1106	 1014	 849	 863	 901	 275	 1338	 905
"Butyrivibrio_A crossotus"	 0	 0	 0	 0	 0	 0	 0	 0	 0	 0	 0	 0	 0	 0	 0	 0	 0	 0	 0	 0	 0	 1221	 0	 0	 0	 0	 0	 0	 0	 0	 0	 0	 0	 0	 0	 0	 0	 0	 0	 0	 0	 0	 0	 0	 0	 0	 0	 0	 0	 0	 0	 0	 0	 0	 0	 0	 0	 0	 0	 0	 0	 0	 0	 0	 0	 0	 0	 0	 0	 0	 0	 0	 0	 0	 0	 0	 0	 0	 0	 0	 0	 0	 0	 0	 0	 0	 0	 0	 0	 0	 0	 0	 0	 0	 1230	 0	 0
"Butyrivibrio_A sp900543865"	 0	 0	 0	 0	 0	 0	 0	 0	 0	 0	 0	 0	 0	 0	 0	 0	 0	 0	 0	 0	 0	 348	 0	 0	 0	 0	 0	 0	 0	 0	 0	 0	 0	 0	 0	 0	 0	 0	 0	 0	 0	 0	 0	 0	 0	 0	 0	 0	 0	 0	 0	 0	 0	 0	 0	 0	 0	 0	 0	 0	 0	 0	 0	 0	 0	 0	 0	 0	 0	 0	 0	 0	 0	 0	 0	 0	 0	 0	 0	 0	 0	 0	 0	 0	 0	 0	 0	 0	 0	 0	 0	 0	 0	 0	 62	 0	 0
"CAG-127 sp900319515"	 0	 0	 0	 1057	 765	 1333	 0	 0	 0	 0	 0	 0	 0	 0	 0	 0	 0	 0	 0	 0	 0	 0	 0	 1347	 0	 0	 0	 0	 0	 0	 0	 0	 123	 1274	 0	 0	 0	 0	 0	 0	 1308	 1157	 0	 0	 0	 0	 0	 0	 0	 75	 0	 0	 0	 0	 0	 0	 0	 0	 0	 0	 0	 0	 0	 0	 0	 0	 808	 0	 0	 273	 0	 0	 0	 0	 0	 805	 0	 0	 0	 1284	 0	 0	 0	 327	 1225	 0	 0	 0	 0	 0	 1256	 0	 681	 0	 0	 0	 0
"CAG-194 sp000432915"	 0	 0	 0	 1676	 0	 0	 0	 0	 0	 0	 0	 0	 0	 0	 0	 0	 0	 0	 0	 0	 0	 0	 0	 0	 0	 0	 0	 0	 0	 0	 0	 0	 0	 0	 0	 0	 0	 0	 0	 0	 0	 0	 0	 0	 0	 0	 0	 0	 0	 0	 0	 0	 0	 0	 0	 0	 0	 0	 0	 0	 0	 0	 0	 0	 0	 0	 1867	 0	 0	 0	 0	 0	 0	 0	 0	 0	 0	 0	 0	 214	 0	 0	 0	 0	 0	 0	 0	 0	 0	 0	 0	 0	 0	 0	 1389	 0	 0
"CAG-303 sp000437755"	 0	 0	 0	 0	 0	 0	 0	 0	 0	 0	 0	 0	 0	 0	 0	 0	 0	 0	 0	 0	 0	 0	 0	 0	 0	 0	 0	 0	 0	 0	 0	 0	 0	 0	 0	 0	 0	 0	 0	 0	 0	 0	 0	 1619	 0	 0	 0	 0	 0	 0	 0	 0	 306	 0	 0	 0	 0	 0	 0	 0	 0	 0	 0	 0	 2280	 0	 0	 0	 0	 0	 0	 0	 0	 0	 0	 0	 0	 0	 0	 0	 0	 0	 0	 0	 0	 0	 0	 0	 0	 0	 0	 0	 0	 0	 0	 0	 0
"CAG-45 sp000438375"	 0	 0	 0	 0	 0	 0	 0	 0	 0	 0	 0	 0	 0	 0	 0	 0	 0	 0	 0	 0	 0	 0	 0	 427	 0	 0	 0	 0	 0	 0	 0	 0	 0	 0	 0	 0	 0	 0	 0	 0	 0	 0	 0	 0	 0	 0	 0	 0	 0	 0	 0	 0	 0	 0	 0	 0	 0	 0	 0	 0	 0	 0	 0	 0	 0	 0	 0	 0	 0	 0	 0	 0	 0	 0	 0	 0	 0	 0	 0	 0	 0	 0	 0	 0	 0	 0	 0	 0	 0	 0	 0	 0	 0	 0	 1174	 0	 0
"CAG-45 sp900066395"	 26	 34	 0	 1873	 47	 1148	 0	 1587	 0	 43	 0	 0	 0	 0	 35	 46	 104	 0	 0	 476	 74	 40	 0	 55	 38	 0	 0	 1495	 0	 0	 177	 34	 0	 0	 0	 0	 0	 35	 0	 0	 0	 0	 0	 1891	 0	 0	 52	 0	 0	 100	 0	 0	 0	 0	 36	 1928	 0	 0	 0	 0	 0	 40	 0	 0	 2055	 0	 0	 88	 0	 176	 1788	 61	 0	 783	 48	 100	 84	 0	 41	 48	 0	 26	 0	 0	 49	 0	 0	 0	 80	 147	 790	 0	 34	 0	 79	 0	 0
"CAG-45 sp900315735"	 0	 0	 0	 57	 0	 0	 0	 0	 0	 0	 0	 0	 0	 0	 0	 0	 0	 0	 0	 33	 0	 0	 0	 0	 0	 0	 0	 0	 0	 0	 0	 0	 0	 0	 0	 0	 0	 0	 0	 0	 0	 0	 0	 39	 0	 0	 0	 0	 0	 0	 0	 0	 0	 0	 0	 59	 0	 0	 0	 0	 0	 0	 0	 0	 0	 0	 0	 0	 0	 0	 27	 0	 0	 0	 0	 0	 0	 0	 0	 0	 0	 0	 0	 0	 0	 0	 0	 0	 0	 0	 0	 0	 0	 0	 0	 0	 0
"CAG-510 sp000434615"	 0	 0	 0	 0	 0	 0	 0	 0	 0	 0	 0	 0	 0	 0	 0	 0	 0	 0	 0	 0	 0	 0	 0	 0	 0	 0	 0	 0	 0	 0	 0	 0	 0	 0	 0	 0	 0	 0	 0	 0	 0	 0	 0	 0	 0	 0	 0	 0	 0	 0	 0	 0	 0	 0	 0	 0	 0	 0	 0	 0	 0	 0	 0	 0	 0	 0	 618	 0	 0	 0	 0	 0	 0	 0	 0	 0	 0	 0	 0	 0	 0	 0	 0	 0	 0	 0	 0	 0	 0	 0	 0	 0	 0	 0	 86	 0	 0
"CAG-590 sp000431135"	 24	 0	 0	 0	 0	 0	 0	 0	 0	 0	 0	 0	 0	 0	 0	 0	 0	 0	 0	 0	 0	 0	 0	 0	 0	 0	 0	 0	 0	 0	 0	 0	 0	 0	 0	 0	 0	 0	 0	 0	 0	 0	 0	 0	 0	 0	 0	 0	 0	 0	 0	 0	 0	 0	 0	 0	 0	 0	 0	 0	 0	 0	 0	 0	 0	 0	 0	 0	 0	 0	 0	 0	 0	 0	 0	 0	 0	 0	 0	 0	 0	 0	 0	 0	 0	 0	 0	 0	 0	 0	 1300	 0	 0	 0	 0	 0	 0
"CAG-603 sp900066105"	 0	 0	 0	 0	 0	 0	 0	 0	 0	 0	 0	 0	 0	 0	 0	 0	 0	 0	 0	 0	 0	 0	 0	 0	 0	 0	 0	 0	 0	 0	 0	 0	 0	 0	 0	 0	 0	 0	 0	 0	 0	 0	 0	 0	 0	 0	 0	 0	 0	 0	 0	 0	 0	 0	 0	 0	 0	 0	 0	 0	 0	 31	 0	 0	 0	 0	 0	 0	 0	 0	 0	 0	 0	 0	 0	 0	 0	 0	 0	 0	 0	 0	 0	 0	 0	 0	 0	 0	 0	 0	 0	 0	 0	 0	 0	 0	 0
"CAG-81 sp000435795"	 330	 887	 120	 0	 476	 546	 0	 0	 0	 0	 664	 0	 0	 0	 0	 706	 422	 0	 0	 681	 483	 0	 0	 101	 569	 229	 0	 0	 256	 0	 0	 497	 0	 671	 0	 284	 0	 0	 666	 0	 0	 647	 782	 0	 0	 0	 0	 586	 0	 710	 0	 0	 0	 0	 165	 0	 456	 0	 0	 0	 654	 0	 0	 894	 0	 160	 0	 0	 827	 0	 0	 0	 0	 257	 0	 0	 0	 0	 0	 147	 531	 0	 67	 0	 158	 0	 0	 0	 150	 0	 0	 0	 734	 0	 0	 531	 0
"CAG-81 sp900066055"	 38	 270	 144	 73	 95	 0	 104	 187	 58	 0	 0	 0	 140	 131	 147	 151	 79	 85	 0	 0	 0	 307	 111	 800	 164	 92	 173	 108	 170	 120	 0	 118	 202	 97	 1160	 106	 71	 96	 92	 136	 119	 185	 0	 112	 108	 0	 136	 195	 173	 181	 172	 83	 96	 0	 370	 115	 0	 106	 42	 136	 286	 0	 103	 0	 155	 59	 0	 441	 123	 173	 0	 65	 165	 148	 554	 112	 89	 122	 0	 143	 84	 0	 0	 879	 225	 0	 116	 0	 96	 126	 330	 0	 0	 0	 109	 0	 265
"CAG-81 sp900066535"	 55	 239	 699	 263	 796	 155	 239	 571	 420	 0	 50	 0	 1746	 1453	 1402	 917	 604	 206	 0	 35	 0	 1252	 830	 1085	 1680	 714	 722	 1468	 936	 1110	 84	 1485	 1309	 1777	 765	 1450	 181	 975	 648	 1207	 830	 1427	 0	 886	 1170	 0	 1521	 1493	 1486	 1185	 1218	 230	 1458	 26	 174	 1476	 75	 1503	 551	 980	 1113	 69	 197	 123	 1565	 389	 86	 1199	 1539	 1333	 29	 1728	 1580	 1170	 358	 319	 1243	 1949	 43	 1145	 1120	 60	 74	 477	 1493	 0	 1636	 84	 688	 1630	 517	 0	 57	 19	 326	 168	 1593
"CAG-81 sp900066785"	 144	 895	 290	 434	 258	 212	 1999	 2207	 120	 0	 44	 0	 337	 221	 344	 340	 245	 1663	 0	 39	 70	 850	 266	 1670	 339	 234	 1906	 178	 360	 322	 48	 251	 1355	 303	 780	 184	 1612	 273	 215	 249	 265	 778	 62	 334	 273	 0	 297	 515	 356	 368	 360	 1034	 183	 27	 227	 276	 40	 359	 69	 511	 427	 29	 1205	 90	 439	 187	 83	 2111	 296	 430	 0	 179	 1041	 376	 2075	 1811	 207	 279	 36	 366	 152	 85	 58	 948	 1793	 0	 269	 66	 256	 273	 568	 38	 44	 16	 1491	 69	 341
"CAG-882 sp000435595"	 0	 0	 0	 0	 0	 0	 0	 0	 0	 0	 0	 0	 0	 0	 0	 0	 0	 0	 0	 0	 0	 50	 0	 0	 0	 0	 0	 0	 0	 0	 0	 0	 0	 644	 0	 0	 0	 0	 0	 0	 0	 0	 0	 0	 0	 0	 0	 0	 0	 0	 0	 0	 0	 0	 0	 0	 0	 0	 0	 0	 0	 0	 0	 0	 0	 0	 0	 0	 0	 0	 0	 793	 0	 0	 0	 0	 0	 0	 0	 0	 0	 0	 0	 0	 0	 0	 0	 0	 0	 0	 0	 0	 0	 0	 0	 0	 0
"CAG-882 sp003486385"	 0	 0	 0	 0	 0	 0	 0	 0	 0	 0	 0	 0	 0	 0	 0	 0	 0	 0	 0	 0	 0	 126	 0	 0	 0	 0	 0	 0	 0	 0	 0	 0	 0	 1889	 0	 0	 0	 0	 0	 0	 0	 0	 0	 0	 0	 0	 0	 0	 0	 0	 0	 0	 0	 0	 0	 0	 0	 0	 0	 0	 0	 0	 0	 0	 0	 0	 0	 0	 0	 0	 0	 1881	 0	 0	 0	 0	 0	 0	 0	 0	 0	 0	 0	 0	 0	 0	 0	 0	 0	 0	 0	 0	 0	 0	 0	 0	 0
"CAG-95 sp000436115"	 0	 0	 0	 0	 0	 0	 0	 0	 0	 0	 0	 0	 0	 0	 0	 0	 0	 0	 0	 0	 0	 0	 0	 0	 0	 0	 0	 0	 0	 0	 0	 0	 0	 0	 0	 0	 0	 0	 0	 0	 0	 0	 0	 0	 0	 0	 0	 0	 0	 0	 0	 0	 0	 0	 0	 0	 0	 0	 0	 0	 0	 0	 0	 0	 0	 0	 0	 0	 0	 0	 0	 0	 0	 0	 0	 0	 0	 0	 0	 0	 0	 0	 0	 0	 0	 0	 0	 0	 0	 0	 0	 0	 0	 0	 2996	 0	 0
"CAG-95 sp000438155"	 0	 0	 0	 324	 0	 2165	 0	 583	 0	 0	 0	 0	 0	 0	 0	 0	 0	 0	 0	 0	 0	 0	 0	 0	 0	 0	 0	 0	 0	 0	 0	 0	 0	 230	 0	 28	 0	 0	 0	 0	 0	 0	 0	 0	 0	 0	 0	 0	 0	 0	 0	 0	 0	 0	 0	 37	 0	 0	 0	 0	 0	 0	 0	 0	 0	 0	 2034	 0	 0	 0	 0	 0	 0	 0	 0	 49	 0	 0	 0	 0	 0	 25	 0	 0	 0	 0	 0	 0	 0	 41	 2167	 0	 0	 0	 173	 0	 0
"CAG-95 sp900066375"	 0	 0	 0	 0	 0	 0	 0	 0	 0	 0	 0	 0	 0	 0	 0	 0	 0	 0	 0	 0	 0	 0	 0	 0	 0	 0	 0	 0	 0	 0	 0	 0	 0	 0	 0	 0	 0	 0	 0	 0	 0	 0	 0	 0	 0	 0	 0	 0	 0	 0	 0	 0	 0	 0	 0	 0	 0	 0	 0	 0	 0	 0	 0	 0	 0	 0	 0	 0	 0	 0	 0	 0	 0	 0	 0	 47	 0	 0	 0	 0	 0	 0	 0	 0	 0	 0	 0	 0	 0	 0	 0	 0	 0	 0	 0	 0	 0
"CHH4-2 sp002899675"	 0	 0	 0	 0	 0	 64	 0	 0	 33	 0	 0	 0	 0	 0	 0	 0	 0	 0	 0	 0	 0	 0	 0	 0	 0	 0	 0	 0	 0	 0	 0	 0	 0	 0	 0	 0	 0	 0	 0	 0	 0	 0	 0	 53	 0	 0	 0	 0	 0	 0	 0	 0	 0	 0	 0	 0	 0	 0	 0	 0	 0	 0	 0	 0	 0	 0	 0	 0	 0	 0	 46	 0	 0	 0	 0	 0	 0	 0	 0	 0	 0	 0	 0	 0	 0	 3374	 0	 0	 0	 0	 0	 65	 29	 0	 0	 0	 0
"COE1 sp001916965"	 0	 0	 0	 0	 0	 0	 0	 0	 0	 0	 0	 0	 0	 0	 0	 0	 0	 0	 0	 0	 0	 0	 0	 0	 0	 0	 0	 0	 0	 0	 0	 0	 0	 0	 0	 0	 0	 0	 0	 0	 0	 0	 0	 0	 0	 0	 0	 0	 0	 0	 0	 0	 0	 0	 0	 31	 0	 0	 0	 0	 0	 0	 0	 0	 41	 0	 0	 0	 0	 0	 0	 2313	 0	 0	 0	 0	 0	 0	 0	 152	 0	 0	 0	 0	 38	 0	 0	 0	 0	 2204	 0	 0	 0	 0	 69	 0	 0
"Clostridium_Q saccharolyticum_A"	 0	 0	 0	 0	 61	 119	 0	 0	 0	 107	 61	 758	 0	 0	 29	 73	 66	 33	 0	 33	 74	 0	 0	 0	 0	 0	 0	 35	 51	 0	 84	 0	 0	 0	 63	 0	 546	 35	 0	 0	 0	 0	 59	 2255	 53	 1553	 0	 47	 0	 0	 36	 2109	 56	 42	 0	 818	 611	 31	 0	 0	 0	 1922	 0	 74	 0	 0	 65	 0	 77	 0	 0	 253	 0	 0	 579	 0	 0	 0	 0	 54	 1234	 29	 0	 0	 0	 40	 72	 1975	 0	 0	 0	 1461	 38	 0	 0	 84	 1192
"Clostridium_Q sp000435655"	 0	 0	 0	 0	 0	 705	 0	 0	 0	 1485	 1225	 0	 0	 0	 1458	 0	 0	 0	 0	 0	 0	 0	 0	 0	 0	 0	 0	 0	 0	 0	 0	 0	 0	 0	 0	 0	 0	 0	 0	 74	 0	 0	 0	 47	 1223	 0	 0	 1144	 0	 337	 1394	 0	 0	 1331	 0	 0	 0	 0	 0	 0	 0	 0	 34	 381	 790	 0	 0	 0	 382	 0	 0	 396	 0	 0	 0	 0	 0	 0	 0	 0	 0	 664	 0	 0	 0	 0	 993	 0	 0	 0	 0	 0	 1286	 0	 0	 0	 0
"Clostridium_Q sp003024715"	 715	 1683	 1482	 1056	 1150	 106	 1605	 1493	 369	 0	 40	 0	 1867	 58	 35	 1399	 835	 1547	 0	 1803	 1699	 1153	 573	 1132	 41	 33	 58	 0	 1868	 1276	 37	 1246	 1607	 1869	 1555	 44	 27	 1624	 1985	 55	 939	 1504	 593	 284	 51	 0	 1844	 1226	 1682	 1689	 1801	 64	 81	 0	 219	 1837	 45	 1540	 492	 1796	 1816	 1560	 35	 1239	 41	 640	 351	 1984	 744	 1532	 45	 53	 1525	 1522	 1041	 958	 49	 1780	 1538	 1236	 1636	 1940	 62	 66	 1849	 0	 1664	 0	 522	 1174	 1804	 33	 99	 23	 532	 65	 1892
"Clostridium_Q sp900626075"	 0	 0	 0	 0	 0	 65	 0	 0	 0	 0	 0	 0	 0	 0	 0	 0	 0	 0	 0	 0	 0	 0	 0	 0	 0	 0	 0	 0	 0	 0	 0	 0	 0	 0	 0	 0	 0	 0	 0	 0	 0	 0	 0	 0	 0	 0	 0	 0	 0	 0	 0	 0	 0	 0	 0	 0	 0	 0	 0	 0	 0	 0	 0	 0	 0	 0	 0	 0	 0	 0	 29	 0	 0	 0	 0	 0	 0	 0	 0	 0	 0	 0	 0	 0	 0	 0	 0	 0	 0	 0	 0	 0	 0	 0	 0	 0	 0
"Clostridium_Q symbiosum"	 0	 0	 0	 0	 0	 774	 404	 0	 110	 0	 34	 0	 45	 0	 47	 0	 0	 0	 0	 0	 0	 0	 45	 0	 0	 0	 0	 304	 0	 62	 0	 0	 0	 0	 42	 30	 37	 50	 44	 0	 0	 0	 72	 368	 0	 136	 56	 59	 0	 0	 0	 139	 0	 0	 0	 219	 0	 51	 0	 0	 137	 0	 0	 306	 0	 0	 0	 0	 0	 0	 345	 0	 0	 0	 35	 46	 0	 51	 346	 0	 3101	 0	 230	 0	 0	 1949	 158	 60	 0	 0	 0	 239	 0	 0	 0	 0	 0
"Coprococcus eutactus"	 0	 0	 0	 981	 0	 0	 0	 991	 0	 0	 0	 0	 0	 0	 0	 0	 0	 0	 0	 0	 0	 0	 0	 0	 0	 0	 0	 0	 0	 0	 0	 0	 0	 0	 0	 0	 0	 0	 0	 0	 0	 0	 0	 0	 0	 0	 0	 0	 0	 0	 0	 0	 0	 0	 0	 0	 0	 0	 0	 0	 0	 0	 0	 0	 0	 0	 1171	 0	 0	 0	 0	 0	 0	 0	 0	 57	 0	 0	 0	 0	 0	 0	 0	 0	 0	 0	 0	 0	 0	 0	 0	 0	 41	 0	 329	 0	 0
"Coprococcus eutactus_A"	 0	 0	 1758	 193	 53	 0	 0	 196	 0	 0	 0	 0	 0	 0	 0	 0	 0	 0	 0	 0	 0	 0	 0	 0	 0	 0	 0	 0	 1727	 0	 0	 0	 0	 0	 0	 0	 0	 0	 0	 0	 0	 51	 0	 0	 0	 0	 38	 0	 0	 0	 0	 32	 0	 0	 0	 37	 0	 0	 0	 0	 0	 0	 0	 0	 0	 0	 440	 41	 0	 0	 0	 0	 0	 0	 0	 1396	 1676	 0	 0	 0	 0	 0	 0	 0	 41	 0	 0	 0	 118	 1960	 1826	 0	 1870	 0	 1112	 0	 39
"Coprococcus sp000154245"	 0	 0	 67	 0	 0	 0	 0	 0	 0	 0	 0	 0	 0	 0	 0	 0	 0	 0	 0	 0	 0	 84	 0	 0	 0	 0	 0	 0	 0	 0	 0	 0	 0	 753	 0	 0	 0	 0	 0	 0	 0	 0	 0	 0	 0	 21	 0	 0	 0	 0	 0	 0	 69	 0	 0	 0	 0	 0	 0	 0	 0	 0	 0	 0	 0	 0	 139	 0	 0	 0	 0	 0	 0	 61	 0	 66	 0	 0	 0	 0	 0	 0	 0	 0	 0	 0	 0	 0	 0	 49	 0	 0	 0	 0	 0	 0	 0
"Coprococcus sp000433075"	 0	 0	 0	 0	 0	 0	 0	 0	 0	 0	 0	 0	 0	 0	 0	 0	 0	 0	 0	 0	 0	 0	 0	 0	 0	 0	 0	 0	 0	 0	 0	 0	 0	 0	 0	 0	 0	 0	 0	 0	 0	 0	 0	 0	 0	 0	 0	 0	 0	 0	 0	 0	 0	 0	 0	 0	 0	 0	 0	 0	 0	 0	 0	 0	 0	 0	 0	 0	 0	 0	 0	 0	 0	 0	 0	 0	 0	 0	 0	 0	 0	 0	 0	 0	 0	 0	 0	 0	 0	 0	 0	 0	 0	 0	 1338	 0	 0
"Coprococcus sp900066115"	 0	 0	 1782	 0	 1624	 0	 0	 0	 0	 0	 0	 0	 0	 0	 0	 0	 0	 0	 0	 0	 307	 679	 0	 0	 0	 0	 0	 0	 0	 0	 0	 0	 0	 425	 0	 0	 0	 0	 0	 0	 0	 1294	 0	 0	 0	 133	 0	 0	 0	 0	 0	 0	 1473	 0	 0	 0	 0	 0	 0	 0	 0	 0	 0	 0	 0	 0	 1362	 0	 0	 0	 0	 0	 0	 1346	 1544	 1320	 0	 0	 0	 0	 0	 0	 0	 1586	 1653	 0	 0	 0	 1520	 703	 1506	 0	 0	 0	 66	 0	 0
"Coprococcus_A catus"	 116	 309	 1094	 1172	 1420	 1582	 268	 323	 1365	 0	 0	 0	 1018	 303	 0	 706	 670	 0	 0	 0	 1554	 528	 886	 839	 0	 0	 434	 0	 1042	 0	 1044	 734	 1209	 1378	 995	 0	 0	 0	 133	 282	 594	 479	 0	 0	 0	 0	 212	 0	 0	 139	 0	 0	 1176	 0	 0	 0	 0	 0	 0	 1269	 307	 0	 0	 271	 1372	 0	 0	 984	 1195	 427	 0	 0	 1294	 560	 967	 430	 1296	 937	 0	 965	 274	 0	 320	 530	 283	 0	 297	 0	 0	 1361	 890	 0	 765	 0	 296	 890	 70
"Dorea faecis"	 0	 0	 0	 0	 0	 0	 0	 0	 182	 0	 1230	 0	 0	 0	 0	 0	 670	 0	 1117	 0	 0	 0	 0	 0	 0	 0	 0	 0	 0	 0	 0	 0	 0	 434	 0	 0	 0	 0	 0	 0	 0	 0	 0	 1195	 0	 0	 0	 0	 0	 0	 0	 0	 0	 0	 0	 0	 655	 313	 0	 0	 0	 0	 0	 37	 0	 0	 0	 0	 502	 0	 0	 0	 0	 0	 0	 0	 0	 0	 0	 0	 0	 0	 356	 0	 0	 0	 0	 0	 65	 0	 0	 0	 0	 0	 0	 0	 0
"Dorea formicigenerans"	 251	 1309	 1611	 965	 1315	 1863	 52	 1619	 1923	 64	 0	 38	 74	 1573	 53	 1577	 1272	 44	 26	 1695	 622	 1794	 1898	 1786	 1539	 867	 1673	 36	 1885	 70	 1622	 28	 1562	 102	 1018	 1583	 1593	 62	 1627	 1303	 1847	 1772	 114	 59	 1876	 18	 1623	 370	 1731	 1843	 1483	 29	 1967	 1417	 1589	 2337	 1748	 70	 487	 1895	 1874	 1315	 1784	 1544	 1776	 1322	 179	 2032	 1602	 1615	 1946	 1548	 1617	 2020	 201	 1572	 1902	 1828	 1691	 1735	 1688	 2036	 1756	 1920	 955	 43	 1216	 41	 1511	 70	 1933	 48	 1351	 21	 697	 50	 532
"Dorea hylemonae"	 0	 0	 0	 0	 0	 0	 0	 0	 0	 0	 0	 0	 0	 0	 0	 0	 0	 0	 0	 0	 0	 0	 0	 0	 0	 0	 0	 1964	 0	 0	 0	 0	 0	 0	 0	 0	 0	 0	 0	 0	 0	 0	 0	 162	 0	 0	 0	 0	 0	 0	 0	 0	 0	 0	 0	 0	 0	 0	 0	 0	 0	 0	 0	 0	 0	 0	 0	 0	 0	 0	 0	 0	 0	 0	 0	 0	 0	 0	 0	 0	 0	 0	 0	 0	 0	 143	 0	 49	 0	 0	 0	 0	 0	 0	 0	 0	 0
"Dorea longicatena"	 52	 396	 469	 1154	 1321	 230	 110	 116	 1186	 1255	 0	 0	 0	 1204	 0	 1222	 1254	 154	 0	 1209	 1234	 1315	 1284	 1288	 1318	 1251	 142	 0	 1224	 1424	 146	 135	 0	 0	 167	 169	 26	 0	 1142	 1219	 1257	 1298	 103	 0	 1224	 0	 1362	 645	 981	 1294	 139	 0	 148	 143	 153	 120	 0	 133	 66	 116	 141	 1306	 0	 0	 116	 1211	 165	 1270	 1076	 1203	 0	 146	 1244	 1184	 1227	 1250	 1172	 136	 0	 176	 143	 107	 1257	 1326	 1259	 780	 0	 0	 1367	 1258	 1310	 121	 1327	 1272	 1241	 1118	 1171
"Dorea longicatena_B"	 26	 108	 1471	 101	 989	 1401	 1268	 1137	 127	 72	 0	 0	 0	 68	 0	 121	 195	 1076	 0	 124	 1202	 294	 833	 116	 400	 959	 1267	 0	 814	 116	 1307	 1367	 39	 0	 1455	 1018	 0	 0	 1236	 582	 292	 206	 1286	 0	 89	 0	 95	 260	 232	 176	 1262	 0	 1033	 1037	 1324	 1306	 0	 1334	 476	 1310	 1478	 951	 0	 0	 1329	 130	 1142	 752	 1273	 165	 29	 1078	 1091	 1149	 69	 562	 171	 1252	 0	 1516	 1104	 1330	 125	 146	 182	 189	 0	 0	 262	 1172	 966	 1342	 77	 97	 252	 120	 167
"Dorea muris"	 0	 0	 0	 0	 0	 0	 0	 0	 0	 0	 0	 0	 0	 0	 0	 0	 0	 0	 0	 0	 0	 0	 0	 0	 0	 0	 0	 39	 0	 0	 0	 0	 0	 0	 0	 0	 0	 0	 0	 0	 0	 0	 0	 0	 0	 17	 0	 0	 0	 0	 0	 0	 0	 0	 0	 0	 0	 0	 0	 0	 0	 0	 0	 0	 0	 0	 0	 0	 0	 0	 0	 0	 0	 0	 0	 0	 0	 0	 0	 0	 0	 0	 0	 0	 0	 0	 0	 0	 0	 0	 0	 0	 0	 0	 0	 0	 0
"Dorea phocaeensis"	 0	 0	 0	 0	 0	 0	 0	 0	 0	 0	 0	 0	 0	 0	 202	 0	 117	 0	 0	 0	 0	 0	 0	 0	 0	 0	 0	 0	 0	 0	 0	 0	 0	 0	 0	 0	 0	 0	 0	 0	 0	 0	 0	 62	 0	 0	 0	 0	 0	 0	 0	 0	 0	 0	 0	 0	 0	 0	 0	 0	 0	 0	 0	 0	 0	 0	 0	 0	 0	 0	 0	 0	 0	 0	 0	 0	 0	 0	 0	 0	 0	 0	 0	 0	 0	 0	 0	 0	 0	 0	 0	 0	 0	 0	 0	 0	 0
"Dorea scindens"	 0	 0	 0	 0	 0	 0	 0	 0	 0	 0	 1351	 87	 66	 0	 0	 104	 0	 0	 0	 0	 0	 0	 0	 0	 33	 0	 0	 0	 0	 0	 0	 0	 0	 0	 0	 0	 69	 0	 0	 0	 0	 0	 122	 1338	 0	 1277	 0	 0	 0	 0	 0	 165	 0	 0	 0	 33	 0	 0	 0	 0	 59	 88	 43	 1353	 0	 0	 0	 0	 0	 0	 152	 0	 0	 114	 0	 0	 0	 0	 111	 0	 116	 0	 0	 0	 0	 0	 824	 107	 0	 0	 0	 0	 0	 0	 0	 0	 0
"Dorea sp000433215"	 0	 188	 0	 1057	 510	 1115	 0	 0	 0	 0	 0	 0	 0	 410	 0	 0	 0	 23	 0	 0	 1744	 0	 0	 0	 0	 0	 0	 0	 0	 1923	 342	 0	 0	 0	 0	 0	 0	 0	 0	 0	 650	 0	 0	 0	 0	 0	 0	 0	 0	 1820	 0	 0	 0	 21	 0	 0	 0	 0	 0	 0	 0	 0	 0	 0	 1253	 0	 0	 527	 0	 1282	 0	 1752	 0	 0	 0	 310	 0	 872	 0	 0	 0	 0	 745	 0	 1023	 0	 0	 0	 0	 0	 0	 0	 0	 0	 0	 0	 0
"Dorea sp000433535"	 0	 0	 0	 0	 0	 822	 0	 0	 0	 0	 0	 0	 0	 0	 194	 0	 0	 0	 0	 0	 0	 0	 0	 0	 0	 0	 0	 0	 0	 0	 0	 0	 36	 1056	 0	 63	 0	 0	 0	 0	 0	 0	 0	 0	 0	 0	 0	 974	 0	 0	 0	 0	 0	 0	 0	 0	 0	 0	 0	 0	 0	 0	 0	 0	 0	 0	 0	 0	 0	 0	 871	 0	 0	 0	 145	 0	 0	 0	 0	 0	 0	 0	 0	 0	 0	 0	 737	 0	 0	 0	 0	 369	 0	 16	 0	 131	 0
"Dorea sp000509125"	 0	 0	 0	 0	 0	 0	 0	 0	 0	 0	 61	 1087	 1075	 0	 0	 1001	 104	 0	 75	 60	 441	 0	 0	 0	 227	 0	 0	 0	 0	 0	 0	 0	 0	 0	 0	 0	 560	 105	 44	 0	 0	 0	 1100	 62	 0	 64	 51	 0	 0	 0	 183	 1072	 66	 0	 0	 180	 0	 0	 0	 0	 422	 867	 1086	 0	 0	 0	 0	 0	 0	 0	 787	 0	 0	 1100	 63	 0	 53	 55	 1122	 0	 707	 105	 0	 0	 0	 0	 61	 939	 0	 0	 242	 0	 0	 0	 0	 0	 0
"Dorea sp000765215"	 0	 0	 0	 0	 0	 0	 0	 0	 0	 0	 0	 0	 0	 0	 60	 0	 0	 0	 53	 0	 0	 0	 0	 0	 0	 0	 0	 0	 0	 0	 0	 0	 0	 0	 0	 0	 0	 32	 0	 0	 0	 0	 0	 143	 0	 0	 0	 0	 0	 0	 0	 0	 0	 0	 0	 0	 0	 0	 0	 0	 0	 0	 0	 0	 0	 0	 0	 0	 0	 0	 0	 0	 0	 0	 0	 0	 0	 0	 0	 0	 0	 0	 0	 0	 0	 0	 0	 0	 0	 0	 0	 0	 0	 0	 0	 0	 0
"Dorea sp001185345"	 0	 0	 0	 0	 0	 0	 0	 0	 0	 0	 0	 0	 0	 0	 0	 0	 0	 0	 0	 0	 0	 0	 0	 0	 0	 0	 0	 46	 0	 0	 0	 0	 0	 0	 0	 0	 0	 0	 0	 0	 0	 0	 0	 0	 0	 0	 0	 0	 0	 0	 0	 0	 0	 0	 0	 0	 0	 0	 0	 0	 0	 0	 0	 0	 0	 0	 0	 0	 0	 0	 0	 0	 0	 0	 0	 0	 0	 0	 0	 0	 0	 0	 0	 0	 0	 0	 0	 0	 0	 0	 0	 0	 0	 0	 0	 0	 0
"Dorea sp002160985"	 0	 0	 0	 0	 0	 0	 0	 0	 0	 0	 0	 0	 0	 0	 48	 0	 0	 0	 0	 0	 0	 0	 0	 0	 0	 0	 0	 0	 0	 0	 0	 0	 0	 0	 0	 0	 0	 0	 0	 0	 0	 0	 0	 46	 0	 0	 0	 0	 0	 0	 0	 0	 0	 0	 0	 0	 0	 0	 0	 0	 0	 0	 0	 0	 0	 0	 0	 0	 0	 0	 0	 0	 0	 0	 0	 0	 0	 0	 0	 0	 0	 0	 0	 0	 0	 0	 0	 0	 0	 0	 0	 0	 0	 0	 0	 0	 0
"Dorea sp900066555"	 354	 1706	 851	 435	 0	 2032	 0	 0	 0	 113	 0	 35	 35	 858	 37	 0	 0	 0	 0	 0	 1662	 72	 0	 1155	 0	 0	 900	 47	 907	 839	 1210	 443	 481	 1754	 94	 0	 19	 0	 519	 0	 78	 1209	 0	 1074	 438	 0	 36	 90	 1222	 559	 31	 36	 0	 0	 641	 0	 997	 0	 0	 332	 0	 0	 0	 182	 333	 44	 339	 1210	 825	 265	 0	 0	 452	 51	 0	 484	 0	 55	 44	 38	 38	 32	 83	 922	 136	 0	 0	 0	 532	 0	 573	 34	 912	 12	 134	 1142	 80
"Dorea sp900066765"	 0	 0	 0	 0	 0	 0	 0	 0	 0	 0	 0	 0	 0	 0	 0	 0	 0	 0	 0	 0	 0	 0	 0	 0	 0	 0	 0	 0	 0	 0	 0	 0	 0	 0	 0	 0	 0	 0	 0	 0	 0	 0	 0	 0	 0	 0	 0	 0	 0	 0	 0	 0	 0	 0	 0	 0	 0	 0	 0	 0	 0	 0	 0	 0	 0	 0	 0	 0	 0	 0	 0	 0	 0	 0	 0	 0	 0	 0	 0	 0	 0	 0	 0	 0	 0	 0	 0	 0	 0	 0	 0	 0	 0	 0	 0	 104	 0
"Dorea sp900240315"	 0	 0	 0	 0	 0	 0	 0	 0	 0	 0	 0	 0	 0	 0	 0	 0	 0	 0	 0	 0	 0	 0	 0	 0	 0	 0	 0	 0	 0	 0	 0	 0	 0	 0	 0	 0	 0	 0	 0	 0	 0	 0	 0	 0	 0	 0	 0	 0	 0	 0	 0	 0	 0	 0	 0	 0	 0	 0	 0	 0	 0	 0	 0	 0	 226	 0	 0	 0	 0	 0	 0	 0	 0	 0	 0	 0	 0	 0	 0	 0	 0	 0	 0	 0	 0	 0	 0	 0	 0	 0	 0	 0	 0	 0	 0	 0	 0
"Dorea sp900312975"	 0	 0	 0	 0	 278	 0	 0	 0	 0	 0	 0	 0	 0	 0	 0	 0	 0	 0	 0	 0	 0	 0	 0	 0	 0	 0	 0	 0	 0	 0	 0	 0	 0	 0	 0	 0	 0	 0	 0	 0	 0	 0	 0	 0	 0	 0	 0	 0	 0	 0	 0	 0	 0	 0	 0	 0	 0	 0	 0	 0	 0	 0	 0	 0	 0	 0	 0	 0	 0	 0	 0	 0	 0	 0	 0	 0	 0	 0	 0	 0	 0	 0	 0	 0	 0	 0	 0	 0	 0	 0	 0	 0	 0	 0	 0	 0	 0
"Eisenbergiella massiliensis"	 0	 0	 0	 0	 0	 1075	 0	 0	 0	 0	 0	 0	 0	 0	 0	 0	 0	 0	 47	 0	 64	 0	 0	 0	 0	 0	 0	 0	 0	 1487	 0	 0	 0	 0	 0	 0	 0	 0	 0	 0	 0	 0	 3741	 52	 0	 0	 0	 160	 0	 0	 0	 0	 0	 0	 0	 0	 0	 0	 0	 0	 0	 0	 0	 0	 0	 0	 0	 0	 0	 0	 1474	 0	 0	 0	 0	 0	 0	 0	 129	 0	 0	 0	 67	 0	 0	 33	 1236	 0	 0	 0	 0	 0	 0	 0	 0	 0	 0
"Eisenbergiella sp003478085"	 0	 0	 0	 0	 0	 0	 0	 0	 0	 0	 0	 0	 0	 0	 0	 0	 0	 0	 36	 0	 0	 0	 0	 0	 0	 0	 0	 0	 0	 0	 0	 0	 0	 0	 0	 0	 0	 0	 0	 0	 0	 0	 0	 0	 0	 0	 0	 0	 0	 0	 0	 0	 0	 0	 0	 0	 0	 0	 0	 0	 0	 0	 0	 0	 0	 0	 0	 0	 0	 0	 0	 0	 0	 0	 0	 0	 0	 0	 0	 0	 0	 0	 0	 0	 0	 35	 0	 0	 0	 0	 0	 0	 0	 0	 0	 0	 0
"Eisenbergiella sp900066775"	 24	 95	 292	 739	 469	 513	 22	 703	 0	 0	 0	 0	 0	 540	 86	 454	 380	 21	 0	 0	 0	 447	 291	 303	 0	 0	 0	 0	 223	 554	 81	 345	 50	 0	 754	 0	 0	 0	 0	 0	 429	 491	 0	 0	 0	 0	 608	 0	 51	 83	 0	 0	 296	 0	 0	 508	 0	 471	 0	 448	 370	 0	 0	 548	 263	 188	 141	 293	 0	 848	 0	 327	 306	 323	 0	 0	 245	 424	 0	 328	 0	 23	 526	 747	 497	 0	 0	 0	 435	 701	 498	 24	 650	 13	 0	 92	 575
"Eisenbergiella tayi"	 0	 0	 422	 82	 0	 77	 0	 57	 519	 0	 43	 0	 0	 72	 0	 0	 71	 0	 4213	 64	 4497	 0	 52	 0	 0	 0	 62	 1217	 81	 42	 0	 0	 0	 63	 0	 30	 0	 0	 0	 50	 0	 0	 743	 57	 0	 0	 0	 91	 0	 0	 0	 72	 55	 0	 0	 0	 33	 34	 0	 0	 66	 0	 33	 980	 53	 0	 152	 0	 45	 47	 796	 0	 0	 57	 0	 0	 82	 57	 0	 0	 0	 0	 57	 175	 0	 4136	 66	 158	 68	 0	 0	 0	 56	 0	 60	 82	 692
"Enterocloster aldenensis"	 0	 0	 0	 0	 0	 2053	 0	 0	 109	 211	 0	 156	 36	 0	 45	 0	 0	 0	 112	 42	 0	 0	 109	 0	 0	 0	 0	 306	 0	 51	 0	 952	 0	 0	 50	 35	 62	 0	 0	 0	 0	 0	 0	 67	 0	 2017	 0	 215	 0	 0	 108	 124	 0	 0	 0	 0	 170	 0	 0	 0	 0	 560	 0	 130	 213	 0	 0	 0	 0	 0	 1789	 0	 0	 0	 0	 0	 0	 0	 54	 0	 988	 38	 186	 0	 0	 2426	 41	 262	 0	 0	 0	 81	 0	 26	 0	 97	 174
"Enterocloster asparagiformis"	 0	 34	 0	 0	 0	 248	 0	 0	 221	 133	 37	 154	 0	 0	 727	 0	 0	 0	 2668	 49	 0	 0	 441	 0	 0	 0	 0	 1961	 0	 77	 0	 0	 0	 76	 214	 0	 0	 44	 0	 222	 0	 116	 79	 1755	 0	 27	 0	 77	 0	 0	 0	 173	 47	 0	 1507	 0	 1824	 92	 0	 0	 102	 155	 2109	 131	 0	 0	 0	 0	 0	 0	 3900	 0	 0	 0	 161	 0	 74	 0	 83	 0	 72	 0	 364	 0	 0	 3505	 487	 1161	 81	 0	 0	 126	 0	 0	 0	 426	 73
"Enterocloster bolteae"	 0	 54	 0	 0	 0	 110	 243	 0	 683	 63	 1101	 3460	 280	 25	 2926	 0	 0	 100	 4027	 286	 0	 0	 173	 0	 0	 0	 51	 3843	 0	 317	 0	 2101	 0	 144	 849	 456	 818	 1485	 0	 70	 0	 0	 2917	 675	 0	 2522	 0	 2760	 0	 0	 1968	 2156	 122	 426	 68	 231	 681	 220	 0	 0	 205	 52	 137	 395	 78	 0	 0	 0	 0	 0	 313	 68	 0	 0	 1574	 0	 146	 37	 352	 44	 180	 0	 843	 0	 35	 3728	 330	 1973	 0	 0	 0	 638	 0	 366	 0	 2699	 241
"Enterocloster citroniae"	 0	 137	 0	 0	 0	 723	 0	 0	 77	 0	 146	 523	 102	 0	 78	 0	 100	 0	 1100	 0	 0	 0	 47	 0	 0	 0	 0	 421	 0	 0	 0	 106	 51	 70	 75	 76	 0	 79	 0	 0	 0	 98	 0	 167	 0	 39	 0	 97	 0	 0	 45	 69	 0	 0	 56	 72	 215	 0	 0	 0	 170	 109	 0	 58	 0	 0	 0	 0	 71	 0	 263	 47	 0	 0	 104	 0	 0	 0	 78	 0	 648	 131	 60	 0	 36	 1421	 262	 119	 0	 0	 0	 31	 29	 0	 0	 76	 269
"Enterocloster clostridioformis"	 0	 0	 0	 0	 0	 75	 0	 0	 88	 0	 87	 404	 100	 0	 221	 0	 0	 26	 3470	 85	 0	 0	 146	 0	 0	 0	 0	 81	 0	 0	 0	 134	 0	 0	 110	 68	 55	 89	 0	 0	 0	 0	 877	 153	 25	 632	 38	 108	 0	 0	 100	 156	 0	 43	 50	 44	 84	 58	 0	 0	 0	 26	 0	 175	 0	 0	 0	 0	 36	 0	 3809	 0	 0	 49	 108	 0	 63	 0	 53	 0	 141	 0	 82	 0	 44	 124	 122	 169	 0	 0	 0	 140	 28	 44	 0	 882	 88
"Enterocloster clostridioformis_A"	 0	 0	 0	 0	 0	 0	 0	 0	 0	 0	 0	 0	 0	 0	 0	 0	 0	 0	 0	 0	 0	 0	 0	 0	 0	 0	 0	 0	 0	 0	 0	 0	 0	 0	 0	 0	 0	 0	 0	 0	 0	 0	 0	 0	 0	 32	 0	 0	 0	 0	 0	 0	 0	 0	 0	 0	 0	 0	 0	 0	 0	 0	 0	 0	 0	 0	 0	 0	 0	 0	 32	 0	 0	 0	 0	 0	 0	 0	 0	 0	 0	 0	 0	 0	 0	 0	 0	 0	 0	 0	 0	 0	 0	 0	 0	 0	 0
"Enterocloster lavalensis"	 0	 0	 0	 0	 0	 416	 0	 0	 0	 0	 89	 826	 0	 0	 95	 0	 0	 0	 515	 214	 0	 0	 0	 0	 0	 0	 0	 356	 0	 0	 0	 0	 0	 218	 122	 34	 0	 133	 0	 0	 0	 0	 0	 1131	 0	 37	 0	 0	 0	 0	 0	 83	 0	 0	 170	 0	 245	 0	 0	 0	 0	 0	 358	 0	 43	 0	 0	 0	 0	 0	 912	 0	 0	 0	 44	 0	 0	 0	 0	 0	 195	 0	 0	 0	 0	 353	 99	 223	 0	 0	 0	 227	 0	 0	 0	 155	 0
"Enterocloster sp000155435"	 0	 0	 0	 0	 0	 0	 0	 0	 0	 0	 0	 329	 0	 0	 65	 0	 0	 0	 645	 0	 0	 0	 0	 0	 0	 0	 0	 78	 0	 0	 0	 0	 0	 0	 76	 0	 0	 0	 0	 0	 0	 0	 63	 237	 0	 27	 0	 0	 0	 0	 0	 0	 0	 0	 0	 0	 0	 0	 0	 0	 0	 0	 0	 0	 0	 0	 0	 0	 0	 0	 41	 0	 0	 0	 0	 0	 0	 0	 62	 0	 0	 0	 0	 0	 0	 47	 0	 0	 0	 0	 0	 67	 0	 64	 0	 0	 0
"Enterocloster sp000431375"	 2300	 2844	 500	 0	 258	 2187	 75	 279	 1376	 0	 339	 0	 2831	 642	 32	 1503	 87	 2768	 0	 0	 820	 416	 166	 308	 3418	 2347	 1163	 43	 437	 79	 2655	 27	 2593	 329	 341	 3089	 19	 2475	 2673	 2368	 222	 2697	 2857	 0	 2638	 0	 861	 2621	 2617	 3008	 2685	 253	 401	 46	 2771	 551	 2662	 2789	 958	 83	 616	 220	 38	 1372	 979	 197	 218	 2821	 1541	 945	 1256	 0	 3290	 2599	 2691	 503	 177	 2796	 2563	 283	 274	 2933	 283	 113	 2928	 0	 374	 44	 159	 2859	 114	 955	 267	 12	 172	 339	 1037
"Enterocloster sp001517625"	 114	 765	 0	 0	 0	 0	 0	 0	 36	 91	 466	 0	 1112	 0	 1164	 57	 0	 0	 0	 894	 0	 0	 211	 0	 75	 717	 0	 0	 0	 0	 1104	 35	 0	 487	 0	 1163	 41	 0	 821	 0	 0	 0	 0	 0	 1170	 0	 72	 1130	 409	 0	 1139	 0	 398	 1130	 935	 133	 0	 59	 0	 0	 0	 1967	 715	 0	 113	 0	 0	 0	 684	 0	 0	 300	 420	 0	 1032	 0	 359	 0	 0	 0	 0	 39	 0	 0	 0	 0	 0	 0	 110	 0	 0	 0	 1226	 827	 0	 1064	 1177
"Enterocloster sp005845215"	 0	 0	 0	 0	 0	 0	 0	 0	 0	 0	 0	 0	 0	 0	 0	 0	 0	 0	 0	 0	 0	 0	 0	 0	 0	 0	 0	 0	 0	 0	 0	 28	 0	 0	 0	 37	 23	 30	 0	 0	 0	 0	 1462	 0	 0	 0	 0	 39	 0	 0	 32	 37	 0	 0	 0	 0	 0	 40	 0	 0	 0	 0	 0	 0	 0	 0	 0	 0	 0	 0	 34	 0	 0	 0	 63	 0	 0	 0	 0	 0	 0	 0	 0	 0	 0	 37	 201	 45	 0	 0	 0	 0	 0	 0	 0	 70	 0
"Eubacterium_F sp000433735"	 0	 0	 0	 0	 0	 0	 0	 0	 0	 0	 0	 0	 0	 0	 0	 0	 0	 0	 0	 0	 0	 0	 0	 0	 0	 0	 0	 0	 0	 0	 0	 0	 0	 0	 0	 0	 0	 0	 0	 0	 0	 0	 0	 0	 0	 0	 1102	 0	 0	 0	 0	 0	 0	 0	 0	 0	 0	 0	 0	 0	 0	 0	 0	 0	 0	 0	 0	 0	 0	 0	 0	 0	 0	 0	 0	 0	 0	 0	 0	 0	 0	 0	 0	 0	 0	 0	 0	 0	 0	 0	 0	 0	 0	 0	 1224	 0	 0
"Eubacterium_F sp000434115"	 0	 0	 0	 0	 0	 282	 0	 0	 0	 0	 0	 0	 0	 0	 0	 0	 0	 0	 0	 0	 0	 0	 0	 0	 0	 0	 0	 0	 0	 0	 0	 0	 0	 0	 0	 0	 0	 0	 0	 0	 0	 115	 0	 0	 0	 0	 0	 0	 0	 0	 0	 0	 0	 0	 0	 0	 0	 0	 0	 0	 0	 0	 0	 0	 0	 0	 119	 0	 0	 0	 0	 0	 0	 0	 0	 0	 0	 0	 0	 0	 0	 0	 0	 0	 0	 0	 0	 0	 0	 0	 0	 0	 0	 0	 152	 0	 0
"Eubacterium_F sp003491505"	 0	 0	 2286	 1559	 2272	 59	 0	 2042	 0	 0	 0	 0	 0	 0	 0	 250	 2185	 0	 0	 0	 0	 0	 0	 665	 0	 0	 0	 0	 2355	 0	 0	 0	 40	 0	 0	 0	 0	 0	 1707	 0	 2168	 0	 0	 0	 0	 0	 62	 2138	 0	 0	 0	 942	 0	 0	 0	 0	 0	 0	 0	 0	 2111	 0	 0	 0	 0	 0	 2310	 0	 2112	 587	 0	 0	 0	 0	 0	 43	 0	 2237	 0	 0	 0	 0	 558	 0	 1996	 0	 0	 0	 0	 447	 1906	 0	 0	 0	 93	 0	 0
"Eubacterium_G sp000432355"	 0	 0	 77	 356	 90	 319	 0	 50	 0	 0	 0	 0	 0	 0	 0	 0	 584	 0	 0	 0	 0	 0	 0	 0	 0	 0	 0	 0	 92	 0	 0	 0	 0	 0	 0	 0	 0	 0	 0	 0	 1005	 894	 0	 0	 0	 0	 0	 0	 0	 0	 0	 0	 0	 0	 0	 0	 0	 0	 0	 0	 0	 0	 0	 0	 0	 0	 0	 0	 303	 143	 0	 0	 0	 0	 0	 0	 0	 0	 0	 1232	 0	 0	 0	 0	 0	 0	 0	 0	 278	 0	 1050	 0	 0	 0	 95	 0	 0
"Eubacterium_G sp000434315"	 0	 0	 56	 0	 1186	 1084	 0	 0	 0	 0	 0	 0	 733	 0	 0	 1095	 697	 0	 0	 714	 0	 0	 0	 0	 0	 350	 0	 0	 0	 0	 1343	 0	 0	 0	 0	 0	 0	 560	 0	 1521	 630	 0	 0	 428	 0	 0	 0	 453	 0	 0	 0	 0	 469	 0	 0	 0	 0	 30	 0	 0	 0	 0	 0	 1282	 0	 0	 1508	 0	 0	 0	 0	 0	 0	 0	 1455	 0	 0	 0	 0	 1304	 0	 0	 0	 0	 325	 0	 120	 0	 1131	 0	 1410	 0	 0	 0	 0	 0	 73
"Eubacterium_G sp000435815"	 0	 0	 1238	 0	 0	 0	 0	 0	 0	 0	 1194	 0	 0	 0	 0	 0	 0	 230	 0	 0	 0	 0	 0	 0	 1116	 0	 0	 0	 1166	 0	 0	 0	 0	 0	 0	 0	 0	 0	 0	 1224	 101	 0	 0	 0	 673	 0	 0	 0	 1318	 0	 0	 1192	 0	 0	 0	 0	 0	 0	 92	 0	 1179	 1236	 0	 0	 0	 0	 0	 0	 886	 0	 0	 0	 672	 0	 0	 0	 397	 129	 0	 0	 0	 1278	 0	 0	 0	 0	 87	 0	 0	 0	 130	 1047	 0	 0	 120	 0	 0
"Eubacterium_G ventriosum"	 23	 293	 67	 1027	 0	 0	 0	 599	 258	 1536	 243	 0	 40	 535	 129	 1314	 121	 324	 0	 0	 1303	 1203	 1369	 0	 0	 28	 1381	 0	 1320	 0	 0	 0	 0	 1394	 0	 0	 0	 903	 1230	 0	 812	 1604	 0	 1257	 177	 0	 1127	 759	 0	 814	 0	 1322	 1263	 0	 1365	 1274	 482	 1200	 0	 842	 0	 0	 804	 0	 1319	 0	 1234	 78	 57	 1053	 0	 0	 1286	 1106	 1296	 0	 1538	 655	 1540	 431	 0	 1270	 1229	 629	 0	 0	 60	 0	 1316	 1649	 68	 43	 0	 127	 0	 234	 0
"Eubacterium_I ramulus"	 58	 517	 1501	 0	 483	 723	 0	 931	 0	 1158	 0	 0	 0	 0	 65	 192	 0	 0	 0	 0	 0	 54	 81	 522	 92	 699	 601	 0	 181	 55	 39	 32	 56	 0	 0	 0	 0	 0	 42	 0	 974	 138	 0	 0	 0	 0	 1135	 0	 1332	 200	 98	 115	 77	 75	 0	 1113	 0	 110	 22	 1107	 1207	 0	 0	 0	 105	 0	 0	 1316	 0	 46	 0	 0	 0	 702	 101	 490	 0	 104	 97	 93	 1088	 0	 243	 0	 324	 0	 0	 0	 1157	 57	 521	 0	 83	 0	 137	 0	 1144
"Eubacterium_I ramulus_A"	 0	 0	 101	 0	 265	 0	 0	 226	 0	 68	 0	 0	 0	 0	 1458	 213	 0	 0	 0	 0	 0	 865	 0	 360	 1523	 413	 474	 0	 1221	 47	 42	 26	 584	 48	 0	 0	 0	 0	 338	 0	 859	 0	 0	 0	 0	 0	 60	 0	 34	 484	 1482	 1837	 1153	 1537	 0	 50	 0	 589	 364	 64	 78	 0	 0	 0	 1700	 0	 68	 709	 0	 157	 0	 0	 0	 1053	 1537	 0	 0	 1568	 1701	 1462	 49	 0	 0	 148	 37	 0	 0	 0	 69	 740	 171	 0	 1284	 0	 318	 0	 115
"Faecalimonas nexilis"	 0	 0	 0	 0	 0	 0	 0	 0	 0	 0	 0	 1556	 240	 0	 52	 0	 0	 27	 0	 0	 0	 0	 0	 0	 0	 33	 0	 985	 0	 0	 34	 0	 0	 0	 0	 0	 1597	 0	 0	 0	 0	 0	 0	 42	 1522	 1121	 0	 0	 0	 0	 1006	 1404	 0	 0	 0	 272	 1495	 108	 0	 0	 0	 0	 0	 0	 0	 0	 0	 0	 0	 0	 0	 0	 0	 0	 1470	 0	 0	 0	 0	 0	 0	 0	 0	 0	 0	 1049	 0	 1560	 0	 0	 0	 40	 0	 1305	 0	 0	 992
"Faecalimonas umbilicata"	 0	 0	 0	 0	 0	 0	 139	 0	 0	 818	 84	 1901	 1405	 0	 1979	 0	 0	 1056	 0	 0	 0	 0	 0	 0	 0	 0	 0	 0	 0	 494	 0	 1024	 0	 0	 0	 311	 53	 1496	 0	 0	 0	 0	 0	 779	 1408	 1278	 0	 0	 0	 0	 577	 1476	 0	 1209	 0	 666	 923	 0	 0	 0	 0	 1453	 30	 396	 0	 0	 0	 0	 0	 0	 0	 0	 0	 0	 1384	 0	 0	 0	 0	 0	 206	 0	 0	 0	 0	 1384	 853	 0	 0	 0	 0	 1522	 0	 1377	 0	 0	 0
"Frisingicoccus caecimuris"	 0	 0	 0	 0	 0	 0	 0	 0	 0	 0	 0	 0	 0	 0	 0	 0	 0	 0	 0	 59	 0	 0	 0	 0	 0	 0	 0	 0	 0	 0	 0	 0	 0	 0	 0	 0	 0	 0	 0	 0	 0	 0	 1982	 0	 0	 0	 0	 0	 0	 0	 0	 0	 0	 0	 0	 0	 32	 0	 0	 0	 0	 0	 0	 0	 0	 0	 659	 0	 0	 0	 0	 0	 0	 0	 0	 0	 0	 0	 0	 0	 0	 0	 0	 0	 0	 0	 0	 0	 1557	 0	 0	 0	 0	 0	 0	 0	 0
"Fusicatenibacter saccharivorans"	 2210	 2519	 2684	 2390	 2754	 100	 1974	 97	 2504	 1918	 2263	 1917	 2372	 1969	 2147	 2670	 2308	 2454	 0	 2163	 2262	 2542	 1934	 2389	 2223	 2361	 2374	 2029	 2426	 2207	 2707	 1939	 1980	 2088	 2124	 2093	 30	 2291	 2412	 2530	 2519	 2658	 0	 75	 2053	 0	 2572	 46	 1846	 2156	 2027	 1710	 2758	 2188	 2134	 60	 1638	 1922	 754	 2058	 2325	 2563	 2516	 2365	 2384	 1949	 2525	 2434	 2113	 1680	 2086	 2387	 2327	 2590	 2111	 1654	 1961	 2150	 2153	 2131	 2136	 2186	 2331	 2408	 1939	 75	 1988	 2151	 2161	 2368	 1811	 1825	 2179	 2157	 1745	 2065	 2362
"GCA-900066135 sp900066135"	 0	 0	 183	 108	 78	 312	 23	 62	 0	 0	 1193	 0	 0	 0	 0	 111	 291	 0	 0	 0	 247	 109	 50	 317	 36	 34	 72	 0	 88	 0	 0	 0	 1419	 297	 90	 0	 19	 0	 290	 122	 208	 147	 0	 0	 0	 0	 222	 0	 30	 0	 42	 0	 197	 0	 219	 31	 266	 0	 0	 93	 62	 0	 45	 0	 43	 0	 254	 129	 80	 104	 29	 64	 40	 0	 52	 0	 138	 208	 367	 332	 697	 0	 0	 237	 38	 0	 0	 0	 0	 219	 0	 0	 0	 0	 0	 0	 0
"GCA-900066575 sp002160765"	 0	 0	 0	 0	 0	 0	 0	 0	 0	 0	 0	 0	 0	 0	 0	 0	 0	 0	 0	 0	 0	 0	 0	 0	 0	 0	 0	 0	 0	 0	 0	 0	 0	 0	 0	 0	 0	 0	 0	 0	 0	 0	 0	 781	 0	 0	 0	 0	 0	 0	 0	 0	 0	 0	 0	 0	 0	 0	 0	 0	 0	 0	 0	 0	 0	 0	 0	 0	 0	 0	 0	 0	 0	 0	 0	 0	 0	 0	 0	 0	 0	 0	 0	 0	 0	 0	 0	 50	 0	 0	 0	 0	 0	 0	 0	 0	 0
"GCA-900066575 sp002160825"	 0	 0	 0	 0	 0	 0	 0	 0	 0	 0	 144	 0	 0	 0	 0	 0	 0	 0	 0	 0	 0	 0	 0	 0	 0	 0	 0	 0	 0	 0	 0	 0	 0	 0	 0	 0	 0	 0	 0	 0	 0	 0	 50	 182	 0	 0	 0	 0	 0	 0	 0	 0	 87	 0	 0	 0	 0	 0	 0	 0	 0	 0	 0	 0	 0	 0	 0	 0	 0	 0	 0	 0	 0	 0	 0	 0	 0	 0	 0	 0	 0	 0	 0	 0	 0	 0	 0	 0	 0	 0	 0	 0	 0	 0	 0	 0	 0
"GCA-900066575 sp900066385"	 22	 51	 86	 0	 241	 126	 0	 126	 0	 0	 0	 0	 0	 0	 0	 0	 0	 0	 0	 0	 0	 82	 43	 0	 0	 0	 0	 0	 179	 41	 0	 66	 60	 381	 0	 0	 0	 0	 83	 0	 43	 90	 0	 0	 0	 0	 36	 0	 0	 0	 0	 0	 0	 0	 0	 0	 0	 0	 0	 83	 0	 0	 0	 45	 331	 41	 0	 336	 49	 182	 0	 45	 0	 447	 0	 61	 0	 109	 782	 72	 40	 32	 115	 0	 39	 0	 0	 0	 0	 108	 839	 0	 540	 14	 151	 0	 122
"GCA-900066755 sp900066755"	 0	 0	 0	 0	 0	 0	 0	 0	 0	 0	 0	 0	 0	 0	 0	 0	 0	 0	 0	 0	 0	 0	 0	 0	 0	 0	 0	 0	 0	 0	 0	 0	 0	 0	 0	 0	 0	 0	 0	 0	 0	 0	 0	 0	 0	 0	 0	 0	 0	 0	 0	 0	 0	 0	 0	 0	 0	 0	 0	 0	 0	 0	 0	 37	 0	 0	 0	 0	 0	 0	 0	 0	 0	 0	 0	 0	 0	 0	 0	 0	 0	 0	 0	 0	 0	 0	 0	 104	 0	 0	 0	 0	 0	 0	 0	 0	 0
"Hespellia stercorisuis"	 0	 0	 0	 0	 0	 0	 0	 0	 0	 0	 0	 0	 0	 0	 0	 0	 0	 0	 0	 0	 0	 0	 0	 0	 0	 0	 0	 0	 0	 0	 0	 0	 0	 0	 0	 0	 0	 0	 0	 0	 0	 0	 0	 0	 0	 18	 0	 0	 0	 0	 0	 0	 0	 0	 0	 0	 0	 0	 0	 0	 0	 0	 30	 0	 0	 0	 0	 0	 0	 0	 0	 0	 0	 0	 0	 0	 0	 0	 0	 0	 0	 0	 0	 0	 0	 0	 0	 0	 0	 0	 0	 0	 0	 0	 0	 0	 0
"Hungatella amygdalina"	 0	 0	 0	 0	 0	 0	 0	 0	 0	 0	 0	 0	 0	 0	 0	 0	 0	 0	 0	 0	 0	 0	 0	 0	 0	 0	 0	 0	 0	 0	 0	 0	 0	 0	 0	 0	 0	 0	 0	 0	 0	 0	 0	 0	 0	 36	 0	 0	 0	 0	 0	 0	 0	 0	 0	 0	 0	 0	 0	 0	 0	 0	 0	 0	 0	 0	 0	 0	 0	 0	 0	 0	 0	 0	 0	 0	 0	 0	 0	 0	 0	 0	 0	 0	 0	 0	 0	 0	 0	 0	 0	 0	 0	 0	 0	 0	 0
"Hungatella effluvii"	 0	 0	 0	 0	 0	 259	 0	 0	 97	 0	 0	 90	 931	 0	 28	 0	 0	 0	 0	 0	 0	 0	 52	 0	 0	 0	 0	 146	 0	 0	 32	 125	 0	 0	 74	 0	 0	 132	 0	 0	 0	 98	 2986	 93	 0	 44	 0	 0	 0	 0	 0	 42	 0	 0	 0	 146	 68	 0	 0	 0	 0	 211	 153	 0	 0	 0	 0	 0	 36	 0	 147	 0	 0	 0	 0	 0	 0	 0	 0	 0	 154	 0	 46	 0	 0	 1032	 77	 36	 0	 0	 0	 26	 43	 0	 0	 38	 213
"Hungatella sp005845265"	 0	 0	 0	 0	 0	 99	 0	 0	 0	 0	 0	 57	 66	 0	 0	 0	 333	 0	 0	 0	 0	 0	 0	 0	 0	 0	 0	 32	 0	 0	 0	 0	 0	 0	 48	 0	 33	 0	 0	 0	 0	 0	 2876	 501	 0	 134	 0	 0	 0	 0	 0	 0	 0	 0	 0	 0	 137	 0	 0	 0	 0	 0	 0	 40	 0	 0	 0	 0	 0	 0	 745	 0	 0	 0	 0	 0	 0	 0	 43	 0	 86	 0	 0	 0	 0	 64	 0	 0	 0	 0	 0	 0	 0	 0	 0	 0	 55
"Hungatella_A hathewayi_A"	 0	 0	 0	 0	 0	 0	 0	 0	 0	 0	 40	 0	 0	 0	 0	 0	 0	 0	 0	 0	 0	 0	 0	 0	 0	 0	 0	 0	 0	 0	 0	 0	 0	 0	 0	 0	 0	 0	 0	 0	 0	 0	 0	 42	 0	 0	 0	 0	 0	 0	 0	 0	 0	 0	 0	 0	 0	 0	 0	 0	 0	 0	 0	 0	 0	 0	 0	 0	 0	 0	 0	 0	 0	 0	 0	 0	 0	 0	 0	 0	 0	 0	 0	 0	 0	 29	 0	 0	 47	 0	 0	 0	 0	 0	 0	 0	 0
"KLE1615 sp900066985"	 0	 37	 571	 664	 601	 512	 192	 619	 557	 735	 0	 0	 400	 0	 536	 364	 515	 503	 0	 458	 702	 671	 472	 736	 518	 0	 549	 0	 660	 0	 487	 584	 556	 0	 646	 0	 0	 487	 480	 537	 675	 674	 0	 518	 0	 725	 647	 646	 130	 152	 0	 0	 583	 56	 399	 495	 525	 0	 226	 851	 656	 673	 614	 0	 490	 136	 477	 537	 0	 771	 0	 0	 332	 560	 264	 153	 547	 792	 651	 715	 558	 509	 0	 708	 652	 0	 0	 0	 649	 634	 593	 496	 225	 0	 719	 534	 107
"Lachnoclostridium_A edouardi"	 0	 0	 0	 0	 0	 0	 0	 0	 0	 0	 0	 0	 0	 0	 37	 0	 0	 0	 0	 45	 0	 0	 0	 0	 0	 0	 0	 0	 0	 0	 0	 0	 0	 0	 0	 0	 0	 0	 0	 0	 0	 0	 0	 0	 0	 0	 0	 0	 0	 0	 0	 0	 0	 0	 0	 0	 0	 0	 0	 0	 0	 0	 0	 0	 0	 0	 0	 0	 0	 0	 0	 0	 0	 0	 0	 0	 0	 0	 0	 0	 195	 0	 0	 0	 0	 0	 0	 0	 0	 0	 0	 0	 0	 0	 0	 0	 572
"Lachnoclostridium_A sp002160755"	 0	 0	 0	 0	 0	 0	 0	 0	 0	 0	 0	 0	 0	 0	 0	 0	 0	 0	 0	 0	 0	 0	 0	 0	 0	 0	 0	 0	 0	 0	 0	 0	 0	 0	 0	 0	 0	 0	 0	 0	 0	 0	 0	 88	 0	 0	 0	 0	 0	 0	 0	 0	 0	 0	 0	 0	 0	 0	 0	 0	 0	 0	 0	 0	 0	 0	 0	 0	 0	 0	 0	 0	 0	 0	 0	 0	 0	 0	 0	 0	 0	 0	 0	 0	 0	 0	 0	 0	 0	 0	 0	 0	 0	 0	 0	 0	 0
"Lachnoclostridium_A sp003464085"	 0	 0	 0	 0	 0	 0	 0	 0	 0	 0	 0	 0	 0	 0	 0	 0	 0	 0	 0	 0	 0	 0	 0	 0	 0	 0	 0	 128	 0	 0	 0	 0	 0	 0	 0	 0	 0	 0	 0	 0	 0	 0	 0	 314	 0	 0	 0	 0	 0	 0	 0	 0	 0	 0	 0	 0	 0	 0	 0	 0	 0	 0	 0	 0	 0	 0	 0	 0	 0	 0	 0	 0	 0	 0	 0	 0	 0	 0	 0	 0	 0	 0	 0	 0	 0	 0	 0	 0	 0	 0	 0	 0	 0	 0	 0	 0	 0
"Lachnospira eligens"	 0	 35	 0	 0	 0	 0	 0	 0	 0	 0	 0	 0	 0	 0	 0	 0	 0	 0	 0	 0	 0	 0	 0	 514	 0	 0	 0	 0	 0	 0	 0	 0	 0	 0	 0	 0	 0	 0	 0	 0	 0	 0	 0	 0	 0	 0	 0	 0	 0	 0	 0	 0	 0	 0	 0	 0	 0	 0	 0	 0	 0	 0	 0	 0	 0	 0	 0	 0	 50	 0	 0	 0	 0	 0	 0	 66	 0	 0	 0	 40	 0	 0	 0	 0	 0	 0	 0	 0	 0	 0	 0	 0	 35	 0	 0	 0	 0
"Lachnospira eligens_B"	 327	 1429	 1616	 1159	 1645	 486	 49	 1633	 1634	 0	 1012	 43	 1261	 0	 202	 40	 1543	 27	 0	 44	 556	 1631	 1601	 599	 1628	 540	 0	 0	 1175	 0	 43	 0	 904	 779	 0	 29	 0	 1614	 301	 1491	 1691	 1914	 0	 1908	 152	 1608	 1545	 0	 0	 65	 0	 1687	 1698	 25	 1723	 1723	 1620	 1558	 407	 1767	 1766	 1639	 1537	 0	 1665	 0	 476	 368	 1418	 1012	 0	 1597	 1385	 1647	 83	 1374	 1379	 582	 1470	 1590	 1588	 1551	 61	 1812	 1418	 0	 1571	 0	 45	 1680	 1703	 27	 1296	 0	 141	 42	 1432
"Lachnospira rogosae"	 32	 74	 96	 962	 105	 70	 43	 818	 699	 587	 0	 36	 0	 626	 631	 879	 870	 43	 0	 40	 0	 771	 0	 436	 739	 0	 55	 0	 574	 0	 31	 0	 634	 0	 902	 0	 0	 67	 0	 90	 685	 653	 0	 695	 0	 0	 84	 0	 0	 704	 0	 53	 0	 0	 0	 68	 0	 629	 145	 704	 713	 39	 647	 0	 731	 0	 83	 53	 707	 658	 0	 746	 0	 594	 0	 628	 703	 761	 0	 697	 0	 704	 732	 392	 0	 664	 641	 0	 727	 744	 827	 35	 0	 0	 692	 0	 735
"Lachnospira sp000436475"	 317	 1861	 2114	 171	 285	 58	 41	 2210	 43	 1015	 0	 1640	 0	 25	 0	 132	 111	 170	 0	 1363	 2180	 349	 0	 1203	 93	 0	 0	 0	 310	 0	 1628	 0	 68	 0	 118	 0	 0	 2241	 0	 247	 1657	 63	 0	 46	 0	 0	 172	 0	 221	 44	 0	 1903	 39	 0	 0	 0	 0	 55	 21	 70	 1375	 1661	 0	 0	 72	 0	 0	 1706	 68	 0	 0	 776	 0	 52	 0	 56	 0	 602	 0	 97	 0	 66	 63	 76	 0	 42	 98	 0	 1683	 1844	 1315	 1645	 0	 0	 120	 0	 453
"Lachnospira sp000436535"	 0	 0	 0	 0	 2243	 0	 161	 53	 0	 0	 0	 0	 0	 0	 0	 0	 0	 1933	 0	 0	 0	 1908	 0	 0	 0	 0	 0	 0	 1379	 0	 0	 0	 0	 0	 77	 0	 0	 38	 0	 2079	 44	 0	 0	 0	 0	 0	 2104	 0	 0	 0	 0	 0	 0	 0	 0	 0	 0	 0	 0	 0	 0	 0	 0	 0	 0	 0	 0	 0	 0	 0	 0	 64	 0	 0	 0	 0	 0	 0	 0	 0	 0	 0	 0	 0	 0	 0	 44	 0	 47	 37	 0	 0	 0	 0	 0	 0	 0
"Lachnospira sp000437735"	 0	 0	 0	 1056	 1035	 206	 0	 1020	 675	 0	 1028	 712	 0	 0	 0	 422	 0	 0	 0	 0	 202	 630	 707	 0	 1097	 0	 0	 1073	 966	 0	 0	 1031	 773	 1062	 0	 0	 0	 202	 1056	 0	 94	 765	 0	 919	 1070	 0	 1053	 0	 0	 1147	 1143	 0	 0	 1065	 0	 0	 0	 121	 305	 308	 77	 0	 0	 985	 999	 0	 0	 0	 0	 0	 0	 177	 457	 0	 0	 81	 713	 820	 1065	 0	 0	 0	 52	 0	 0	 1129	 67	 1043	 0	 0	 670	 0	 123	 0	 0	 1049	 0
"Lachnospira sp003451515"	 0	 72	 62	 73	 99	 61	 0	 60	 45	 0	 59	 0	 52	 0	 0	 0	 66	 0	 0	 0	 0	 88	 54	 97	 47	 44	 0	 0	 60	 0	 0	 0	 45	 0	 0	 0	 0	 65	 0	 71	 507	 54	 0	 72	 0	 47	 59	 0	 0	 0	 0	 63	 0	 0	 50	 50	 50	 59	 17	 0	 0	 62	 65	 0	 63	 0	 776	 0	 60	 54	 0	 61	 57	 50	 0	 84	 67	 41	 44	 81	 47	 62	 0	 0	 58	 0	 61	 0	 0	 56	 70	 0	 91	 0	 108	 0	 90
"Lachnospira sp003537285"	 24	 77	 0	 89	 75	 0	 0	 53	 48	 0	 74	 0	 60	 0	 0	 0	 0	 0	 0	 0	 0	 75	 52	 211	 45	 40	 0	 0	 56	 0	 0	 0	 61	 46	 0	 0	 0	 61	 0	 53	 72	 0	 0	 83	 0	 20	 51	 0	 0	 0	 0	 51	 42	 0	 34	 65	 49	 71	 16	 0	 0	 50	 48	 0	 41	 0	 68	 0	 82	 58	 0	 62	 68	 0	 0	 348	 54	 0	 71	 80	 34	 76	 0	 0	 57	 0	 55	 0	 0	 46	 66	 0	 69	 0	 0	 0	 60
"Lachnospira sp900316325"	 0	 0	 0	 0	 1382	 97	 1064	 1034	 0	 0	 0	 0	 0	 90	 0	 970	 890	 0	 0	 0	 0	 1400	 0	 1084	 1045	 0	 0	 0	 56	 0	 0	 0	 0	 0	 0	 0	 0	 0	 0	 0	 44	 0	 0	 0	 215	 0	 378	 0	 0	 0	 0	 0	 0	 0	 0	 1050	 0	 0	 0	 53	 1284	 0	 0	 0	 0	 0	 240	 536	 0	 134	 0	 120	 0	 0	 796	 0	 0	 0	 403	 882	 0	 1103	 0	 0	 0	 0	 1072	 0	 0	 1237	 1107	 0	 0	 12	 1248	 0	 73
"Lactonifactor longoviformis"	 0	 0	 0	 0	 0	 540	 0	 0	 0	 0	 61	 0	 0	 0	 0	 0	 0	 0	 0	 0	 93	 0	 104	 0	 0	 0	 42	 0	 0	 0	 0	 0	 44	 0	 0	 0	 0	 0	 0	 0	 0	 0	 0	 50	 0	 0	 0	 37	 0	 0	 0	 0	 0	 0	 0	 0	 0	 0	 0	 0	 0	 0	 0	 271	 164	 0	 0	 0	 0	 0	 231	 0	 0	 70	 0	 0	 0	 0	 0	 0	 0	 0	 0	 0	 0	 0	 41	 395	 0	 0	 0	 0	 0	 0	 0	 0	 0
"Marvinbryantia formatexigens"	 0	 0	 0	 0	 0	 0	 0	 0	 0	 0	 0	 0	 0	 0	 0	 0	 0	 0	 0	 0	 0	 0	 0	 0	 0	 0	 0	 0	 0	 0	 0	 0	 0	 0	 0	 0	 0	 0	 0	 0	 0	 0	 0	 0	 0	 0	 0	 0	 0	 0	 0	 0	 0	 0	 0	 0	 0	 0	 0	 0	 0	 0	 0	 0	 0	 0	 0	 0	 0	 0	 0	 0	 0	 0	 0	 0	 0	 0	 0	 0	 0	 0	 0	 0	 0	 0	 0	 0	 0	 0	 0	 28	 0	 0	 0	 0	 0
"Mediterraneibacter faecis"	 296	 1113	 1821	 299	 1426	 1387	 27	 1085	 55	 1345	 35	 59	 84	 33	 1173	 193	 1367	 61	 0	 39	 1415	 437	 78	 750	 57	 1419	 1108	 42	 1624	 54	 1576	 39	 1220	 1385	 1083	 1433	 1299	 57	 58	 62	 1140	 114	 0	 0	 1328	 0	 901	 37	 868	 435	 34	 29	 62	 26	 1271	 73	 1332	 47	 180	 1528	 1373	 1507	 46	 83	 1164	 0	 515	 1719	 1370	 1324	 0	 1435	 1648	 802	 63	 504	 109	 45	 40	 1385	 39	 66	 1351	 1185	 93	 33	 60	 0	 917	 1329	 1372	 1287	 77	 27	 329	 45	 1264
"Mediterraneibacter lactaris"	 0	 0	 1282	 0	 0	 0	 0	 0	 1220	 0	 0	 0	 0	 0	 0	 1184	 0	 0	 0	 0	 0	 0	 0	 0	 701	 0	 0	 0	 1181	 0	 0	 0	 0	 0	 1209	 0	 1413	 30	 1242	 0	 0	 0	 0	 1249	 0	 0	 263	 0	 0	 0	 0	 0	 1263	 0	 0	 1311	 0	 0	 139	 0	 0	 0	 0	 0	 0	 0	 0	 0	 0	 0	 0	 1193	 1222	 426	 0	 0	 0	 0	 0	 0	 0	 0	 0	 0	 0	 0	 0	 0	 0	 1219	 1205	 0	 0	 0	 1096	 0	 0
"Mediterraneibacter massiliensis"	 0	 0	 0	 0	 0	 0	 0	 0	 30	 0	 0	 0	 0	 34	 0	 56	 0	 0	 38	 0	 0	 0	 0	 0	 0	 0	 0	 0	 0	 0	 0	 0	 0	 0	 0	 0	 0	 0	 0	 0	 0	 0	 0	 0	 0	 0	 0	 0	 0	 0	 0	 0	 0	 0	 0	 0	 0	 0	 0	 0	 0	 0	 0	 0	 44	 0	 0	 0	 0	 0	 0	 0	 0	 0	 0	 0	 0	 0	 0	 0	 0	 0	 0	 0	 0	 0	 0	 0	 0	 0	 0	 0	 0	 0	 0	 0	 0
"Mediterraneibacter sp002160525"	 0	 0	 0	 0	 0	 0	 0	 0	 0	 0	 0	 0	 0	 0	 0	 0	 0	 0	 0	 0	 0	 0	 0	 0	 0	 0	 0	 0	 0	 0	 0	 0	 0	 0	 0	 0	 0	 0	 0	 0	 0	 0	 0	 65	 0	 0	 0	 0	 0	 0	 0	 0	 0	 0	 0	 0	 0	 0	 0	 0	 0	 0	 0	 0	 0	 0	 0	 0	 0	 0	 0	 0	 0	 0	 0	 0	 0	 0	 0	 0	 0	 0	 0	 0	 0	 0	 0	 0	 0	 0	 0	 0	 0	 0	 0	 0	 0
"Mediterraneibacter sp900120155"	 0	 0	 0	 0	 0	 0	 0	 0	 0	 0	 0	 0	 0	 0	 0	 0	 237	 0	 0	 0	 313	 0	 0	 0	 0	 0	 0	 0	 0	 0	 0	 0	 0	 0	 0	 0	 0	 0	 0	 0	 0	 0	 0	 0	 0	 0	 0	 0	 0	 0	 0	 0	 0	 0	 0	 0	 0	 0	 0	 0	 0	 0	 0	 0	 0	 0	 0	 0	 0	 0	 0	 0	 0	 0	 0	 0	 0	 0	 0	 0	 0	 0	 0	 0	 0	 0	 0	 0	 0	 0	 271	 0	 0	 0	 0	 0	 0
"Mediterraneibacter torques"	 86	 583	 1128	 1661	 125	 1617	 0	 0	 0	 318	 938	 1558	 1127	 355	 1636	 231	 1173	 1562	 1655	 1640	 1539	 636	 1047	 0	 1645	 1529	 314	 1266	 803	 1168	 50	 1567	 0	 1669	 0	 993	 48	 39	 1597	 1263	 66	 1009	 1610	 1393	 894	 0	 0	 1607	 0	 1589	 1648	 504	 480	 27	 129	 0	 46	 1430	 356	 1561	 1668	 790	 185	 1568	 1452	 95	 0	 40	 1339	 1490	 0	 1259	 0	 606	 1667	 0	 1523	 1211	 868	 63	 48	 23	 1738	 0	 250	 1540	 1547	 66	 639	 664	 0	 1496	 0	 65	 0	 1611	 1586
"Mediterraneibacter_A butyricigenes"	 0	 0	 0	 0	 0	 0	 0	 0	 0	 0	 0	 0	 0	 0	 0	 101	 0	 0	 0	 0	 0	 0	 0	 0	 0	 0	 0	 0	 0	 0	 0	 42	 73	 0	 0	 0	 0	 0	 111	 50	 138	 146	 0	 0	 0	 0	 0	 0	 0	 0	 0	 0	 550	 0	 0	 0	 0	 0	 0	 0	 46	 0	 516	 0	 68	 0	 0	 0	 0	 0	 0	 0	 0	 0	 0	 0	 140	 0	 0	 0	 40	 0	 0	 69	 0	 0	 63	 0	 0	 0	 0	 0	 33	 0	 0	 0	 0
"Muricomes contorta_B"	 0	 0	 0	 0	 0	 0	 0	 0	 247	 0	 40	 0	 851	 0	 29	 0	 446	 0	 44	 0	 0	 0	 88	 0	 0	 0	 0	 0	 0	 161	 0	 537	 0	 0	 0	 0	 0	 1139	 554	 639	 0	 0	 86	 374	 0	 46	 0	 63	 0	 0	 98	 0	 0	 0	 0	 0	 967	 0	 0	 0	 0	 1022	 744	 0	 0	 0	 0	 0	 0	 0	 879	 0	 0	 63	 0	 0	 0	 0	 0	 0	 77	 0	 0	 0	 0	 95	 361	 65	 0	 0	 0	 127	 0	 0	 0	 0	 0
"Muricomes fissicatena"	 0	 0	 0	 0	 0	 0	 0	 0	 0	 153	 0	 0	 0	 0	 0	 0	 0	 0	 0	 0	 0	 0	 0	 0	 0	 0	 0	 0	 0	 0	 0	 0	 0	 0	 0	 0	 0	 417	 0	 0	 0	 0	 1390	 0	 0	 0	 0	 0	 0	 0	 0	 0	 0	 0	 0	 0	 39	 0	 0	 0	 0	 36	 0	 0	 0	 0	 0	 0	 0	 0	 29	 0	 0	 0	 0	 0	 0	 0	 0	 0	 0	 0	 0	 0	 0	 4325	 0	 1083	 0	 0	 0	 0	 0	 0	 0	 0	 0
"Muricomes orotica"	 0	 0	 0	 0	 0	 0	 0	 0	 0	 0	 0	 0	 0	 0	 0	 0	 0	 0	 0	 0	 0	 0	 0	 0	 0	 0	 0	 848	 0	 0	 0	 0	 0	 0	 0	 0	 0	 0	 0	 0	 0	 0	 76	 0	 0	 32	 0	 0	 0	 0	 0	 0	 0	 0	 0	 0	 0	 0	 0	 0	 0	 0	 0	 0	 0	 0	 0	 0	 0	 0	 0	 0	 0	 0	 0	 0	 0	 0	 68	 0	 0	 0	 0	 0	 0	 56	 0	 196	 0	 0	 0	 0	 0	 0	 0	 0	 0
"Muricomes sp000509105"	 0	 0	 0	 0	 0	 0	 0	 0	 0	 0	 0	 159	 81	 0	 0	 0	 0	 0	 0	 0	 0	 0	 567	 0	 0	 0	 0	 0	 0	 0	 0	 55	 0	 0	 0	 0	 28	 87	 95	 174	 0	 0	 191	 0	 0	 0	 0	 0	 0	 0	 0	 0	 0	 0	 0	 0	 210	 0	 0	 0	 0	 113	 70	 152	 0	 0	 0	 0	 0	 0	 306	 0	 0	 0	 0	 0	 44	 0	 0	 0	 0	 0	 0	 0	 0	 71	 55	 0	 0	 0	 0	 0	 0	 0	 0	 0	 0
"Robinsoniella peoriensis"	 0	 0	 0	 0	 0	 0	 0	 0	 0	 0	 0	 0	 0	 0	 0	 0	 0	 0	 0	 0	 0	 0	 0	 0	 0	 0	 0	 0	 0	 0	 0	 0	 0	 0	 0	 0	 0	 0	 0	 0	 0	 0	 0	 0	 0	 0	 0	 0	 0	 0	 0	 0	 0	 0	 0	 0	 0	 0	 0	 0	 0	 0	 0	 0	 0	 0	 0	 0	 0	 0	 0	 0	 0	 0	 0	 0	 0	 0	 0	 0	 0	 0	 0	 0	 0	 0	 0	 35	 0	 0	 0	 0	 0	 0	 0	 0	 0
"Roseburia hominis"	 0	 0	 1404	 1453	 369	 0	 0	 0	 145	 267	 82	 0	 1194	 0	 29	 831	 734	 0	 0	 0	 1449	 1331	 0	 1312	 126	 927	 35	 0	 62	 1319	 48	 0	 43	 1489	 0	 33	 0	 0	 842	 1498	 385	 1462	 0	 678	 0	 0	 230	 0	 43	 562	 0	 0	 504	 0	 944	 1258	 0	 311	 23	 1402	 1381	 0	 716	 0	 1441	 127	 1437	 60	 123	 149	 0	 97	 0	 1316	 42	 862	 817	 795	 80	 1262	 0	 0	 0	 878	 1331	 1455	 0	 0	 78	 1431	 1159	 0	 52	 0	 1315	 198	 70
"Roseburia intestinalis"	 68	 75	 276	 73	 2352	 778	 44	 90	 63	 2084	 2090	 0	 55	 0	 51	 97	 1668	 48	 0	 57	 91	 2221	 71	 125	 2116	 50	 2152	 36	 2022	 1844	 1069	 79	 2069	 1388	 475	 2008	 28	 550	 74	 91	 72	 748	 0	 64	 49	 2259	 1972	 0	 264	 2193	 44	 38	 69	 32	 481	 48	 466	 2068	 643	 1938	 1435	 438	 40	 248	 1585	 1208	 137	 2392	 2243	 2044	 53	 87	 2094	 555	 569	 2328	 1066	 83	 2021	 63	 1867	 36	 594	 125	 2077	 2116	 350	 0	 671	 2102	 2354	 24	 68	 2104	 204	 674	 2080
"Roseburia inulinivorans"	 1240	 1245	 1594	 1351	 1495	 1411	 1337	 1038	 1459	 1562	 1498	 1162	 1058	 0	 1720	 116	 410	 41	 0	 1329	 1210	 1492	 904	 1081	 1254	 29	 1367	 0	 1681	 58	 1039	 1341	 1316	 1625	 1513	 65	 0	 39	 1241	 1124	 223	 1333	 0	 1602	 1271	 0	 1398	 36	 1083	 1663	 27	 1182	 1572	 0	 48	 390	 37	 1331	 407	 1700	 1276	 1361	 1836	 1322	 1543	 1653	 184	 1690	 1559	 1600	 35	 1418	 1349	 1292	 215	 1125	 1418	 1390	 1468	 509	 78	 1313	 1239	 325	 1320	 1295	 1303	 0	 145	 1363	 1455	 0	 76	 18	 479	 526	 1680
"Roseburia sp003470905"	 0	 0	 55	 0	 114	 57	 0	 0	 0	 76	 0	 0	 0	 0	 0	 0	 93	 0	 0	 0	 0	 90	 0	 0	 78	 0	 91	 0	 113	 111	 86	 0	 151	 107	 1389	 55	 0	 70	 0	 48	 0	 1597	 0	 0	 0	 45	 65	 0	 421	 36	 0	 0	 0	 0	 1329	 0	 1395	 66	 17	 125	 109	 0	 0	 0	 97	 72	 0	 124	 43	 0	 0	 0	 41	 0	 1477	 303	 64	 0	 49	 0	 113	 0	 47	 0	 102	 61	 617	 0	 49	 50	 180	 0	 0	 55	 64	 1582	 121
"Roseburia sp003483745"	 0	 0	 0	 0	 68	 0	 0	 0	 0	 0	 0	 0	 0	 0	 0	 0	 85	 0	 0	 0	 0	 57	 0	 0	 0	 0	 60	 0	 0	 65	 53	 0	 85	 59	 53	 0	 0	 0	 0	 0	 0	 107	 0	 0	 0	 18	 0	 0	 43	 0	 0	 0	 0	 0	 40	 0	 37	 0	 10	 70	 56	 0	 0	 0	 87	 53	 0	 55	 0	 0	 0	 0	 0	 0	 43	 1831	 45	 0	 0	 0	 0	 0	 0	 0	 0	 0	 46	 0	 0	 0	 91	 0	 0	 33	 0	 72	 43
"Roseburia sp900552665"	 352	 297	 349	 290	 224	 333	 271	 604	 303	 276	 190	 181	 614	 0	 358	 0	 0	 0	 0	 292	 238	 304	 242	 370	 329	 0	 230	 0	 286	 0	 220	 241	 294	 154	 259	 0	 0	 0	 140	 379	 53	 228	 0	 328	 305	 0	 232	 0	 261	 400	 0	 243	 321	 0	 0	 109	 0	 256	 58	 343	 205	 323	 353	 269	 230	 351	 0	 323	 197	 241	 0	 265	 209	 253	 45	 342	 329	 683	 285	 127	 0	 201	 347	 87	 162	 272	 206	 0	 0	 200	 203	 0	 0	 0	 132	 136	 340
"Ruminococcus_A sp000432335"	 0	 0	 0	 0	 0	 0	 0	 0	 0	 0	 0	 0	 0	 0	 0	 0	 0	 0	 0	 0	 0	 0	 0	 0	 0	 0	 0	 0	 0	 0	 219	 0	 0	 0	 0	 0	 0	 0	 0	 0	 0	 0	 0	 0	 0	 0	 0	 0	 0	 0	 0	 0	 0	 0	 0	 0	 0	 0	 0	 0	 0	 32	 0	 0	 0	 0	 0	 0	 0	 0	 0	 0	 0	 0	 0	 0	 0	 0	 0	 0	 0	 0	 0	 0	 0	 0	 0	 0	 0	 0	 0	 28	 26	 0	 0	 0	 118
"Ruminococcus_A sp000437095"	 72	 113	 90	 0	 877	 0	 0	 184	 47	 0	 0	 0	 50	 67	 0	 204	 85	 0	 0	 0	 832	 79	 0	 57	 0	 0	 90	 0	 80	 0	 0	 0	 87	 0	 0	 64	 0	 0	 0	 0	 58	 126	 0	 0	 0	 0	 55	 80	 972	 94	 0	 0	 926	 0	 0	 1040	 0	 0	 255	 0	 68	 0	 90	 0	 0	 0	 0	 981	 0	 111	 0	 87	 1092	 62	 0	 896	 806	 0	 0	 0	 0	 76	 0	 82	 48	 0	 0	 1072	 0	 960	 107	 0	 0	 83	 111	 839	 0
"Ruminococcus_A sp003011855"	 201	 491	 541	 0	 168	 0	 0	 534	 595	 0	 0	 0	 490	 555	 0	 466	 466	 0	 0	 0	 485	 571	 0	 606	 0	 0	 516	 0	 477	 0	 0	 0	 564	 0	 0	 535	 0	 0	 0	 0	 574	 438	 0	 0	 0	 0	 608	 544	 142	 563	 0	 0	 136	 0	 0	 138	 0	 0	 54	 0	 580	 0	 511	 0	 0	 0	 115	 531	 0	 382	 0	 404	 152	 557	 0	 192	 134	 0	 0	 0	 0	 487	 0	 295	 118	 0	 0	 128	 0	 122	 445	 0	 35	 524	 381	 158	 0
"Ruminococcus_B gnavus"	 55	 316	 81	 74	 0	 1213	 50	 80	 131	 1036	 2146	 2430	 2661	 359	 2616	 91	 101	 2443	 2153	 1490	 70	 51	 2155	 60	 102	 56	 104	 1466	 206	 375	 2358	 2204	 61	 1524	 781	 2185	 2461	 2595	 1820	 2316	 56	 2005	 54	 2240	 2948	 2555	 137	 2113	 57	 2065	 2398	 2047	 1119	 2232	 48	 2061	 2066	 2482	 313	 67	 485	 2742	 1845	 2237	 118	 44	 0	 77	 503	 65	 1661	 420	 84	 2376	 2381	 55	 1978	 1635	 1987	 361	 2129	 357	 43	 78	 45	 1031	 2305	 2514	 359	 71	 86	 2497	 119	 2243	 0	 1987	 1618
"Ruminococcus_G gauvreauii"	 0	 0	 0	 0	 0	 0	 0	 0	 0	 0	 0	 0	 0	 0	 0	 0	 0	 0	 0	 0	 0	 0	 0	 0	 0	 0	 0	 0	 0	 0	 0	 0	 0	 0	 0	 0	 0	 0	 0	 0	 0	 0	 84	 0	 0	 0	 0	 0	 0	 0	 0	 0	 0	 0	 0	 0	 0	 0	 0	 0	 0	 0	 0	 0	 0	 0	 0	 0	 0	 0	 0	 0	 0	 0	 0	 0	 0	 0	 0	 0	 0	 0	 0	 0	 0	 0	 0	 0	 0	 0	 0	 0	 0	 0	 0	 0	 0
"Schaedlerella glycyrrhizinilyticum"	 0	 0	 0	 0	 0	 0	 0	 0	 64	 0	 70	 1257	 578	 52	 292	 0	 0	 0	 0	 47	 0	 0	 0	 0	 396	 0	 0	 0	 0	 0	 0	 591	 0	 0	 0	 129	 1795	 0	 0	 227	 0	 0	 417	 41	 0	 0	 0	 0	 0	 0	 403	 0	 0	 948	 63	 148	 567	 236	 0	 0	 0	 0	 142	 49	 54	 0	 0	 0	 0	 0	 0	 83	 0	 0	 129	 0	 0	 0	 0	 0	 211	 0	 155	 0	 0	 185	 0	 0	 0	 0	 0	 0	 151	 12	 0	 146	 0
"Schaedlerella sp900066545"	 0	 0	 63	 0	 0	 73	 0	 80	 0	 0	 0	 0	 0	 0	 0	 0	 0	 0	 0	 0	 0	 0	 0	 0	 0	 0	 0	 0	 92	 0	 30	 0	 116	 0	 0	 0	 20	 0	 0	 0	 55	 0	 0	 0	 0	 0	 36	 0	 0	 39	 33	 30	 41	 20	 0	 0	 0	 0	 0	 58	 165	 0	 0	 0	 0	 0	 0	 353	 0	 0	 0	 0	 670	 125	 0	 0	 0	 0	 35	 416	 0	 1371	 0	 0	 0	 0	 0	 0	 0	 0	 0	 0	 0	 0	 0	 0	 0
"Sellimonas intestinalis"	 0	 0	 0	 0	 0	 0	 0	 0	 1299	 2046	 1549	 2099	 0	 0	 2347	 0	 0	 1429	 0	 587	 0	 0	 0	 0	 0	 0	 0	 0	 0	 388	 135	 0	 0	 2397	 0	 0	 1564	 1343	 0	 527	 0	 0	 377	 47	 0	 0	 0	 0	 0	 0	 0	 725	 0	 0	 0	 0	 0	 0	 0	 0	 613	 0	 1608	 2387	 617	 582	 0	 0	 0	 0	 0	 243	 0	 0	 0	 0	 0	 0	 0	 0	 0	 0	 0	 0	 0	 0	 1785	 2300	 0	 0	 0	 0	 0	 1187	 0	 1113	 0
"Sellimonas sp002161525"	 0	 0	 0	 0	 0	 0	 0	 0	 38	 0	 51	 0	 0	 0	 33	 0	 0	 0	 0	 0	 0	 0	 0	 0	 0	 0	 0	 0	 0	 0	 0	 0	 0	 0	 0	 29	 19	 401	 0	 0	 0	 0	 0	 2179	 0	 1345	 0	 0	 0	 0	 0	 0	 0	 0	 0	 0	 890	 0	 11	 0	 0	 0	 0	 87	 0	 0	 0	 0	 44	 0	 0	 0	 0	 0	 0	 0	 71	 0	 0	 0	 0	 0	 0	 0	 0	 1150	 0	 0	 0	 0	 0	 25	 0	 0	 0	 0	 0
"TF01-11 sp000436755"	 0	 0	 0	 0	 0	 0	 0	 0	 0	 0	 0	 0	 0	 0	 0	 0	 0	 0	 0	 0	 0	 191	 0	 0	 0	 0	 0	 0	 0	 0	 0	 0	 0	 0	 0	 0	 0	 0	 0	 0	 0	 682	 0	 0	 0	 0	 0	 0	 0	 0	 0	 0	 0	 0	 0	 0	 0	 0	 10	 0	 0	 0	 0	 0	 0	 0	 0	 0	 0	 0	 0	 0	 0	 0	 0	 47	 0	 1368	 0	 0	 0	 0	 0	 0	 0	 0	 0	 0	 0	 0	 0	 0	 0	 0	 0	 0	 0
"TF01-11 sp001414325"	 0	 0	 2190	 238	 768	 0	 0	 1597	 0	 0	 0	 0	 0	 0	 0	 0	 0	 0	 0	 0	 0	 0	 0	 0	 1778	 0	 0	 0	 1495	 0	 0	 0	 0	 0	 0	 0	 0	 0	 0	 0	 0	 83	 0	 0	 0	 0	 0	 0	 0	 1413	 0	 0	 0	 0	 0	 0	 0	 0	 662	 0	 127	 0	 0	 0	 0	 0	 1133	 0	 0	 348	 0	 0	 1395	 0	 0	 2056	 1992	 123	 0	 0	 0	 0	 0	 0	 0	 0	 0	 0	 0	 1585	 0	 0	 0	 0	 485	 0	 0
"TF01-11 sp001916135"	 0	 0	 0	 484	 0	 0	 0	 0	 0	 0	 0	 0	 0	 0	 0	 0	 0	 0	 0	 0	 0	 0	 0	 1378	 187	 0	 0	 0	 0	 0	 0	 0	 57	 0	 0	 0	 0	 0	 0	 0	 42	 0	 0	 0	 0	 0	 0	 0	 0	 0	 0	 0	 0	 0	 0	 0	 1232	 0	 0	 0	 0	 0	 0	 0	 0	 0	 97	 0	 0	 0	 0	 0	 0	 0	 0	 1679	 0	 0	 0	 0	 0	 0	 472	 290	 0	 0	 0	 0	 0	 0	 0	 0	 0	 0	 395	 0	 0
"TF01-11 sp003149875"	 0	 0	 0	 0	 0	 0	 0	 0	 0	 0	 0	 0	 0	 0	 0	 0	 0	 0	 0	 0	 0	 0	 0	 0	 893	 0	 0	 0	 0	 0	 0	 0	 0	 0	 0	 0	 0	 0	 789	 654	 0	 0	 0	 897	 0	 0	 0	 0	 0	 0	 0	 0	 0	 0	 942	 0	 0	 0	 0	 0	 0	 0	 0	 0	 918	 0	 0	 0	 0	 0	 0	 0	 0	 347	 0	 387	 0	 52	 0	 0	 0	 0	 0	 0	 0	 0	 0	 0	 0	 0	 0	 0	 0	 0	 180	 0	 0
"TF01-11 sp003524945"	 0	 0	 0	 0	 0	 0	 0	 0	 0	 0	 0	 0	 0	 0	 0	 0	 0	 0	 0	 0	 0	 0	 0	 80	 32	 0	 0	 0	 545	 0	 0	 0	 2398	 0	 0	 0	 0	 0	 0	 0	 2160	 0	 0	 0	 0	 0	 2236	 0	 0	 0	 0	 0	 0	 0	 0	 0	 63	 0	 0	 0	 0	 0	 0	 0	 0	 0	 2527	 0	 0	 0	 0	 0	 0	 0	 0	 118	 0	 0	 0	 0	 0	 0	 0	 0	 1813	 0	 0	 0	 0	 0	 0	 0	 0	 0	 0	 0	 0
"TF01-11 sp003529475"	 0	 0	 1182	 2092	 1695	 0	 0	 2076	 0	 0	 0	 0	 0	 0	 0	 0	 0	 0	 0	 0	 0	 0	 0	 1013	 0	 0	 0	 0	 1673	 0	 0	 0	 34	 0	 0	 0	 0	 0	 0	 0	 2045	 0	 0	 0	 0	 0	 0	 2046	 0	 506	 0	 0	 680	 0	 0	 0	 0	 0	 305	 0	 0	 0	 0	 0	 528	 0	 0	 0	 321	 0	 0	 0	 0	 2138	 0	 42	 2027	 0	 0	 0	 0	 0	 0	 0	 37	 0	 0	 0	 1895	 283	 1864	 0	 1405	 0	 70	 637	 0
"UBA11774 sp003507655"	 0	 0	 0	 629	 760	 151	 0	 429	 0	 0	 0	 0	 0	 0	 0	 442	 777	 0	 0	 187	 0	 0	 0	 628	 0	 0	 0	 0	 0	 0	 0	 0	 0	 0	 0	 0	 0	 0	 121	 729	 0	 679	 478	 0	 0	 0	 0	 0	 0	 0	 0	 0	 0	 0	 0	 0	 0	 0	 0	 0	 0	 0	 0	 0	 0	 0	 632	 43	 0	 0	 0	 0	 0	 0	 62	 0	 0	 180	 0	 158	 0	 0	 0	 773	 637	 0	 0	 0	 0	 0	 108	 0	 75	 0	 713	 198	 0
"UBA11957 sp003542935"	 0	 0	 0	 0	 0	 0	 0	 0	 0	 0	 0	 0	 0	 0	 0	 0	 0	 0	 0	 0	 0	 0	 0	 0	 0	 0	 0	 0	 0	 0	 0	 0	 0	 0	 0	 0	 0	 0	 0	 0	 0	 0	 0	 0	 0	 0	 0	 0	 0	 0	 0	 0	 0	 0	 0	 0	 0	 0	 0	 0	 0	 0	 0	 0	 0	 0	 0	 0	 0	 0	 0	 0	 0	 0	 0	 0	 0	 0	 0	 0	 0	 0	 0	 0	 0	 0	 0	 0	 0	 0	 0	 0	 0	 0	 84	 0	 0
"UBA9414 sp003458885"	 0	 0	 0	 0	 0	 0	 657	 0	 0	 0	 0	 0	 1340	 0	 0	 0	 0	 0	 0	 0	 0	 0	 0	 0	 0	 0	 0	 0	 0	 0	 0	 0	 0	 0	 0	 0	 0	 614	 97	 262	 0	 0	 0	 0	 0	 0	 0	 0	 0	 0	 0	 0	 0	 0	 0	 0	 0	 0	 0	 0	 0	 0	 0	 0	 0	 0	 0	 0	 0	 0	 0	 0	 0	 0	 0	 0	 0	 0	 0	 0	 0	 0	 0	 0	 0	 0	 0	 0	 0	 0	 0	 0	 27	 0	 0	 0	 0
"UBA9502 sp003478505"	 68	 264	 71	 0	 0	 255	 256	 290	 0	 288	 0	 0	 208	 70	 0	 0	 0	 818	 0	 0	 0	 111	 0	 69	 0	 0	 329	 0	 76	 0	 0	 36	 0	 53	 0	 0	 0	 0	 152	 652	 0	 0	 0	 0	 1722	 0	 0	 112	 99	 96	 81	 942	 278	 60	 671	 900	 1927	 0	 11	 75	 135	 0	 207	 0	 1542	 0	 0	 534	 91	 116	 0	 0	 682	 134	 1319	 270	 0	 432	 1430	 77	 0	 943	 0	 0	 602	 0	 70	 1855	 0	 0	 0	 0	 357	 0	 137	 0	 55
"UBA9502 sp003480315"	 516	 2006	 513	 72	 0	 1578	 2115	 1006	 0	 263	 0	 0	 1449	 506	 0	 89	 0	 221	 0	 0	 0	 279	 0	 272	 44	 0	 60	 0	 80	 0	 0	 44	 0	 0	 0	 0	 0	 0	 1001	 482	 97	 0	 0	 0	 131	 0	 0	 284	 221	 96	 70	 429	 1973	 382	 287	 2005	 203	 0	 0	 315	 675	 0	 157	 0	 222	 0	 0	 1089	 518	 406	 0	 0	 982	 117	 188	 659	 0	 1324	 225	 0	 0	 2116	 0	 0	 533	 0	 39	 257	 0	 0	 133	 0	 81	 0	 615	 0	 49
"UBA9502 sp003481825"	 51	 135	 66	 0	 0	 131	 100	 102	 0	 51	 0	 0	 122	 34	 0	 0	 0	 91	 0	 0	 0	 0	 0	 111	 0	 0	 74	 0	 0	 0	 0	 51	 736	 56	 0	 0	 0	 46	 91	 370	 0	 0	 0	 0	 48	 0	 0	 316	 41	 0	 316	 233	 111	 42	 51	 130	 66	 0	 32	 94	 52	 0	 70	 0	 84	 0	 0	 191	 122	 0	 0	 819	 132	 51	 76	 219	 0	 107	 66	 0	 0	 304	 0	 0	 70	 0	 208	 102	 0	 0	 0	 0	 75	 0	 0	 0	 79
"UBA9502 sp003506385"	 66	 228	 264	 0	 0	 206	 232	 214	 0	 68	 34	 0	 325	 85	 0	 0	 0	 158	 0	 0	 0	 71	 0	 131	 41	 0	 131	 0	 0	 0	 0	 76	 197	 73	 0	 0	 0	 225	 170	 441	 0	 55	 0	 0	 142	 0	 44	 2446	 57	 45	 2156	 422	 234	 53	 114	 281	 182	 0	 100	 64	 120	 0	 135	 0	 201	 0	 0	 345	 131	 66	 0	 259	 246	 115	 173	 243	 0	 201	 120	 49	 0	 527	 0	 0	 144	 0	 907	 192	 41	 0	 0	 0	 102	 13	 79	 0	 99
"UMGS1375 sp900066615"	 1031	 1481	 1548	 989	 639	 63	 1296	 1435	 30	 0	 0	 0	 41	 0	 41	 1464	 1940	 21	 0	 42	 0	 1448	 0	 1477	 1186	 0	 1423	 0	 962	 59	 1460	 1417	 680	 0	 438	 0	 0	 1020	 1495	 0	 1482	 1495	 0	 0	 39	 0	 1581	 36	 1347	 1005	 39	 26	 0	 1039	 0	 37	 43	 52	 429	 0	 1431	 1501	 1345	 0	 46	 935	 875	 1121	 0	 1263	 0	 0	 1531	 1362	 36	 52	 0	 1390	 32	 1357	 0	 1421	 1010	 0	 1532	 33	 0	 0	 1860	 38	 1587	 24	 728	 22	 811	 41	 1477
"Monoglobus pectinilyticus"	 0	 0	 0	 0	 0	 0	 0	 0	 0	 0	 0	 0	 0	 0	 0	 0	 65	 0	 0	 0	 0	 0	 0	 0	 0	 0	 0	 0	 0	 0	 0	 0	 0	 0	 0	 0	 0	 0	 0	 0	 0	 0	 0	 0	 0	 0	 0	 0	 0	 0	 0	 0	 0	 0	 0	 0	 298	 0	 0	 0	 722	 0	 0	 0	 0	 0	 0	 0	 288	 0	 736	 0	 0	 0	 0	 0	 0	 0	 0	 0	 45	 0	 0	 0	 0	 694	 0	 0	 0	 0	 0	 0	 0	 0	 0	 0	 0
"CAG-41 sp900066215"	 0	 56	 857	 581	 886	 814	 137	 1258	 791	 784	 682	 0	 794	 0	 157	 816	 802	 859	 0	 609	 924	 648	 504	 943	 179	 381	 585	 694	 820	 525	 602	 0	 0	 815	 610	 0	 0	 721	 1203	 549	 1022	 994	 0	 601	 567	 535	 546	 631	 811	 913	 509	 732	 1434	 0	 675	 844	 684	 958	 228	 82	 158	 604	 1097	 694	 668	 0	 606	 943	 820	 947	 0	 845	 795	 618	 486	 0	 800	 684	 540	 652	 756	 0	 1015	 552	 667	 0	 455	 519	 727	 1060	 522	 545	 886	 0	 75	 779	 403
"UBA9506 sp003506415"	 0	 0	 0	 0	 0	 0	 0	 0	 0	 0	 0	 0	 0	 0	 0	 0	 675	 0	 0	 0	 0	 0	 0	 0	 0	 0	 0	 0	 0	 0	 0	 0	 0	 0	 0	 0	 0	 0	 0	 0	 0	 0	 0	 0	 0	 0	 0	 0	 0	 0	 0	 0	 0	 0	 0	 0	 0	 0	 0	 0	 0	 0	 0	 0	 0	 0	 0	 0	 0	 0	 0	 0	 0	 0	 0	 0	 0	 0	 0	 0	 0	 0	 0	 0	 0	 0	 0	 0	 0	 0	 112	 0	 0	 0	 0	 0	 0
"Acutalibacter sp000432995"	 0	 0	 0	 0	 0	 0	 0	 0	 0	 0	 1861	 0	 0	 0	 0	 96	 85	 0	 0	 0	 245	 0	 0	 0	 0	 0	 0	 0	 0	 0	 0	 0	 0	 0	 0	 0	 0	 0	 0	 0	 0	 0	 0	 227	 0	 0	 0	 178	 0	 0	 0	 0	 0	 0	 0	 0	 0	 0	 0	 82	 0	 0	 0	 0	 0	 0	 0	 0	 0	 0	 0	 0	 0	 0	 0	 0	 417	 0	 0	 0	 0	 0	 0	 0	 0	 0	 0	 0	 0	 0	 0	 0	 0	 0	 0	 0	 0
"Acutalibacter sp000435395"	 0	 0	 0	 0	 88	 0	 0	 0	 0	 142	 83	 0	 37	 0	 0	 70	 1762	 0	 0	 0	 249	 0	 0	 0	 0	 0	 0	 0	 0	 0	 0	 0	 0	 0	 78	 0	 0	 0	 109	 0	 0	 0	 0	 901	 0	 0	 0	 106	 0	 0	 0	 0	 141	 0	 0	 0	 116	 0	 0	 1728	 0	 0	 34	 226	 0	 0	 0	 0	 0	 0	 0	 0	 0	 0	 0	 0	 322	 0	 0	 0	 0	 0	 97	 0	 0	 0	 0	 0	 0	 0	 98	 41	 0	 0	 0	 0	 0
"Acutalibacter timonensis"	 0	 0	 0	 0	 0	 0	 0	 0	 0	 0	 0	 0	 0	 0	 0	 0	 116	 0	 176	 0	 2245	 0	 2231	 0	 0	 0	 0	 0	 0	 0	 0	 0	 0	 0	 0	 0	 0	 0	 0	 0	 0	 0	 98	 0	 0	 0	 0	 222	 0	 0	 0	 0	 0	 0	 0	 0	 0	 0	 0	 0	 0	 0	 0	 0	 542	 0	 0	 0	 0	 0	 144	 0	 0	 284	 0	 0	 49	 0	 0	 0	 0	 0	 0	 0	 0	 0	 0	 56	 0	 0	 174	 0	 0	 0	 0	 0	 0
"An172 sp002160515"	 0	 0	 0	 0	 0	 0	 0	 0	 0	 0	 0	 0	 0	 0	 0	 0	 67	 0	 0	 0	 0	 0	 0	 0	 0	 0	 0	 0	 0	 0	 0	 0	 0	 0	 0	 0	 0	 0	 0	 0	 0	 0	 0	 0	 0	 0	 0	 0	 0	 0	 0	 0	 0	 0	 0	 0	 0	 0	 0	 0	 0	 0	 0	 0	 0	 0	 0	 0	 0	 0	 0	 0	 0	 0	 0	 0	 0	 0	 0	 0	 0	 0	 0	 0	 0	 0	 0	 0	 0	 0	 0	 0	 0	 0	 0	 0	 0
"An200 sp002160025"	 0	 0	 0	 0	 0	 0	 0	 0	 0	 0	 0	 0	 0	 0	 0	 0	 163	 0	 0	 0	 0	 0	 0	 0	 0	 0	 0	 0	 0	 0	 0	 0	 0	 0	 0	 0	 0	 0	 0	 0	 0	 0	 0	 65	 0	 0	 0	 0	 0	 0	 0	 0	 0	 0	 0	 0	 0	 0	 0	 0	 0	 0	 0	 0	 0	 0	 0	 0	 0	 0	 0	 0	 0	 0	 0	 0	 0	 0	 0	 0	 0	 0	 0	 0	 0	 0	 0	 0	 0	 0	 0	 0	 0	 0	 0	 0	 0
"An200 sp003268275"	 0	 0	 0	 0	 0	 122	 0	 0	 508	 0	 0	 0	 0	 0	 0	 0	 0	 0	 0	 0	 150	 0	 0	 0	 0	 0	 0	 0	 0	 0	 0	 0	 0	 0	 0	 0	 0	 0	 0	 0	 0	 0	 55	 117	 0	 0	 0	 0	 0	 0	 0	 0	 0	 0	 0	 0	 0	 0	 0	 0	 0	 0	 0	 47	 0	 0	 0	 0	 0	 0	 0	 0	 0	 0	 0	 0	 0	 0	 0	 0	 0	 0	 0	 0	 0	 0	 0	 0	 0	 0	 0	 0	 0	 0	 0	 0	 0
"Anaeromassilibacillus sp001305115"	 0	 0	 0	 0	 0	 0	 0	 0	 0	 0	 0	 0	 0	 0	 0	 0	 65	 0	 0	 0	 626	 0	 0	 0	 0	 0	 0	 0	 0	 0	 0	 0	 0	 0	 0	 0	 0	 0	 0	 0	 0	 0	 0	 0	 0	 0	 0	 0	 0	 0	 0	 0	 0	 0	 0	 0	 0	 0	 0	 0	 0	 0	 0	 0	 162	 0	 0	 0	 0	 0	 0	 0	 0	 0	 0	 0	 0	 0	 0	 0	 0	 0	 0	 0	 0	 0	 0	 48	 0	 0	 0	 0	 0	 0	 0	 0	 121
"Anaeromassilibacillus sp002159845"	 0	 0	 0	 0	 165	 636	 0	 0	 89	 285	 74	 0	 62	 0	 0	 110	 1309	 0	 0	 0	 463	 0	 596	 0	 0	 0	 0	 0	 59	 0	 0	 0	 0	 0	 124	 0	 0	 0	 0	 0	 58	 0	 0	 588	 0	 0	 0	 0	 0	 0	 0	 0	 312	 0	 108	 0	 87	 0	 0	 66	 423	 0	 0	 359	 0	 0	 0	 0	 38	 0	 0	 50	 0	 0	 0	 0	 646	 0	 0	 0	 59	 0	 42	 0	 0	 0	 0	 1320	 41	 0	 146	 0	 0	 0	 0	 0	 0
"CAG-177 sp000431775"	 0	 0	 0	 773	 0	 0	 0	 0	 0	 0	 0	 0	 0	 0	 0	 0	 0	 0	 0	 0	 0	 0	 0	 0	 0	 0	 0	 0	 0	 0	 0	 0	 0	 0	 0	 0	 0	 0	 0	 0	 0	 0	 0	 0	 0	 0	 0	 0	 0	 0	 0	 0	 0	 0	 0	 0	 0	 0	 0	 0	 0	 0	 0	 0	 0	 0	 862	 0	 0	 0	 0	 0	 0	 0	 0	 0	 0	 0	 0	 0	 0	 0	 0	 0	 0	 0	 0	 0	 0	 0	 908	 0	 0	 0	 829	 0	 0
"CAG-177 sp002451755"	 0	 0	 77	 75	 0	 0	 0	 0	 0	 0	 0	 0	 0	 0	 0	 0	 0	 0	 0	 0	 0	 0	 0	 0	 0	 0	 0	 0	 0	 0	 0	 0	 77	 0	 0	 0	 0	 0	 0	 0	 0	 0	 0	 0	 0	 0	 0	 0	 0	 68	 0	 0	 0	 0	 0	 0	 0	 0	 12	 0	 0	 0	 0	 0	 0	 0	 95	 0	 0	 62	 0	 0	 0	 0	 0	 57	 0	 0	 0	 0	 0	 0	 0	 82	 0	 0	 0	 0	 0	 0	 0	 0	 0	 0	 62	 0	 0
"CAG-177 sp003514385"	 0	 0	 593	 473	 0	 0	 0	 562	 0	 0	 0	 0	 0	 0	 0	 0	 139	 0	 0	 0	 594	 609	 0	 86	 0	 0	 0	 641	 0	 0	 0	 0	 563	 73	 0	 0	 0	 0	 0	 0	 631	 556	 559	 0	 0	 0	 0	 0	 0	 521	 0	 0	 0	 0	 0	 0	 0	 0	 216	 649	 0	 0	 0	 0	 91	 187	 487	 0	 0	 614	 0	 0	 0	 0	 0	 601	 550	 118	 0	 567	 0	 0	 0	 591	 621	 0	 0	 0	 0	 0	 185	 0	 0	 0	 310	 0	 0
"CAG-177 sp003538135"	 0	 46	 53	 0	 0	 0	 0	 0	 0	 0	 0	 0	 0	 0	 0	 0	 1867	 0	 0	 0	 0	 0	 0	 1704	 0	 0	 0	 0	 0	 0	 0	 0	 47	 462	 0	 0	 0	 0	 0	 0	 0	 0	 0	 0	 0	 0	 0	 0	 0	 36	 0	 0	 0	 0	 0	 0	 0	 0	 0	 37	 0	 0	 0	 0	 1619	 2040	 68	 0	 0	 49	 0	 0	 0	 0	 0	 0	 0	 0	 0	 0	 0	 0	 0	 0	 0	 0	 0	 0	 0	 0	 0	 0	 0	 0	 1238	 0	 0
"CAG-180 sp000432435"	 0	 0	 0	 0	 882	 0	 0	 0	 0	 856	 0	 0	 0	 0	 0	 1247	 888	 0	 1268	 0	 617	 0	 0	 0	 0	 0	 0	 0	 877	 0	 0	 0	 891	 928	 0	 0	 0	 0	 0	 0	 0	 0	 0	 1347	 0	 0	 545	 0	 0	 0	 0	 0	 0	 0	 858	 0	 1273	 0	 0	 1274	 908	 0	 0	 0	 0	 1382	 0	 0	 0	 883	 0	 0	 0	 0	 1250	 892	 0	 71	 0	 0	 909	 0	 1361	 489	 0	 0	 0	 0	 0	 0	 0	 0	 1230	 0	 0	 852	 0
"CAG-217 sp000436335"	 598	 593	 651	 578	 0	 0	 0	 0	 0	 0	 0	 0	 0	 539	 0	 0	 808	 237	 0	 0	 647	 665	 704	 0	 0	 0	 0	 0	 541	 0	 0	 535	 0	 551	 548	 0	 0	 0	 0	 0	 0	 0	 0	 0	 0	 0	 0	 0	 0	 556	 0	 0	 0	 0	 0	 0	 0	 0	 0	 0	 0	 0	 0	 0	 0	 704	 0	 624	 0	 0	 0	 0	 555	 542	 0	 535	 0	 581	 0	 0	 688	 0	 0	 588	 0	 0	 524	 566	 0	 615	 540	 0	 558	 0	 0	 0	 563
"CAG-488 sp000434055"	 0	 0	 0	 0	 0	 0	 0	 0	 0	 0	 0	 0	 0	 0	 0	 0	 0	 0	 0	 0	 0	 0	 0	 0	 0	 0	 0	 0	 0	 0	 0	 0	 0	 0	 0	 0	 0	 0	 0	 0	 0	 0	 0	 0	 0	 0	 0	 0	 0	 0	 0	 0	 0	 0	 0	 0	 0	 0	 0	 0	 0	 0	 0	 0	 0	 0	 0	 0	 0	 0	 0	 0	 0	 0	 0	 0	 0	 0	 0	 0	 0	 0	 0	 899	 0	 0	 0	 0	 0	 0	 0	 0	 0	 0	 0	 0	 0
"Clostridium_A leptum"	 324	 860	 1541	 1633	 95	 1492	 0	 0	 1094	 1526	 841	 1897	 1375	 0	 341	 1609	 1943	 0	 1247	 0	 1843	 0	 1533	 0	 0	 264	 78	 0	 82	 0	 0	 0	 213	 1534	 1998	 0	 0	 726	 1626	 164	 943	 1657	 391	 2574	 0	 0	 1053	 254	 938	 412	 340	 0	 511	 0	 1871	 0	 728	 1471	 503	 295	 1647	 0	 1493	 1082	 1488	 65	 0	 0	 65	 0	 0	 0	 192	 1121	 0	 1116	 1582	 180	 0	 1856	 1416	 0	 1495	 60	 542	 0	 1230	 1647	 1570	 0	 695	 1583	 67	 0	 0	 924	 508
"Eubacterium_R coprostanoligenes"	 0	 0	 0	 0	 0	 431	 0	 0	 0	 0	 0	 0	 0	 0	 0	 0	 0	 0	 0	 0	 0	 0	 0	 0	 0	 0	 0	 0	 0	 0	 0	 0	 0	 0	 0	 0	 0	 0	 0	 0	 0	 0	 0	 0	 0	 0	 0	 0	 0	 0	 0	 0	 0	 0	 0	 0	 0	 0	 0	 0	 0	 0	 0	 0	 0	 0	 0	 0	 0	 0	 0	 0	 0	 0	 0	 0	 0	 0	 0	 0	 0	 0	 0	 0	 0	 0	 0	 0	 0	 0	 0	 0	 0	 0	 0	 0	 0
"Eubacterium_R sp000434995"	 0	 0	 0	 0	 0	 0	 0	 0	 0	 0	 0	 0	 0	 0	 0	 0	 868	 0	 0	 0	 871	 0	 0	 0	 0	 0	 0	 0	 0	 0	 0	 0	 0	 959	 0	 0	 0	 0	 0	 0	 0	 0	 1072	 0	 0	 0	 0	 0	 0	 0	 40	 0	 0	 0	 0	 0	 0	 0	 0	 0	 0	 0	 0	 0	 0	 0	 0	 0	 0	 1472	 0	 0	 0	 0	 0	 0	 0	 0	 0	 0	 0	 0	 0	 0	 0	 0	 0	 0	 0	 0	 867	 0	 0	 36	 0	 0	 0
"Eubacterium_R sp000436835"	 0	 0	 0	 0	 997	 0	 0	 881	 899	 0	 0	 0	 0	 0	 0	 0	 0	 0	 0	 0	 0	 0	 0	 0	 168	 909	 0	 0	 898	 0	 0	 0	 0	 0	 0	 0	 0	 0	 0	 0	 881	 829	 0	 0	 0	 0	 0	 0	 0	 0	 1252	 0	 837	 0	 0	 1142	 0	 0	 258	 0	 0	 0	 0	 0	 0	 0	 93	 0	 819	 47	 0	 0	 0	 0	 0	 0	 0	 0	 807	 788	 0	 0	 859	 0	 0	 0	 0	 0	 806	 40	 0	 0	 0	 678	 0	 0	 0
"Eubacterium_R sp003526845"	 0	 0	 0	 0	 0	 0	 0	 0	 0	 0	 0	 0	 0	 0	 0	 0	 0	 0	 0	 0	 0	 0	 0	 0	 0	 0	 0	 0	 0	 0	 0	 0	 0	 0	 0	 0	 0	 0	 0	 0	 0	 0	 0	 0	 0	 0	 0	 0	 0	 0	 0	 0	 0	 0	 0	 0	 0	 0	 0	 0	 0	 0	 0	 0	 0	 0	 0	 0	 0	 0	 0	 0	 0	 0	 0	 0	 967	 0	 0	 0	 0	 0	 0	 0	 0	 0	 0	 0	 0	 0	 0	 0	 0	 0	 802	 0	 0
"GCA-900066995 sp900291955"	 0	 0	 0	 0	 0	 0	 0	 0	 0	 0	 0	 0	 0	 0	 0	 0	 0	 0	 0	 0	 0	 1278	 0	 0	 0	 0	 0	 0	 0	 0	 0	 0	 0	 0	 0	 0	 0	 0	 0	 0	 0	 0	 0	 0	 0	 0	 0	 0	 0	 0	 0	 0	 0	 0	 0	 0	 0	 0	 11	 0	 0	 0	 0	 0	 0	 0	 69	 0	 40	 0	 0	 0	 0	 0	 0	 0	 0	 0	 0	 38	 0	 0	 0	 0	 1011	 0	 0	 0	 0	 381	 1334	 0	 0	 0	 517	 0	 0
"Marseille-P4683 sp900232885"	 0	 0	 0	 0	 0	 0	 0	 0	 0	 0	 0	 0	 0	 0	 0	 40	 0	 0	 0	 0	 497	 0	 0	 0	 0	 0	 0	 0	 0	 0	 0	 0	 0	 0	 0	 0	 0	 0	 0	 0	 0	 0	 0	 0	 0	 0	 0	 0	 0	 0	 0	 0	 0	 0	 0	 0	 0	 0	 0	 0	 0	 0	 0	 0	 0	 0	 0	 0	 0	 0	 0	 0	 0	 0	 0	 0	 0	 0	 0	 0	 0	 0	 0	 0	 0	 0	 0	 0	 0	 0	 86	 0	 0	 0	 0	 38	 0
"Ruminococcus_E bromii"	 0	 0	 0	 0	 0	 0	 0	 0	 0	 0	 0	 0	 0	 0	 0	 0	 0	 0	 0	 0	 0	 0	 0	 0	 0	 0	 0	 0	 0	 0	 0	 0	 0	 0	 0	 0	 0	 0	 0	 0	 0	 0	 0	 0	 0	 0	 0	 0	 0	 0	 0	 0	 0	 0	 0	 0	 0	 0	 0	 0	 0	 0	 0	 0	 0	 0	 0	 0	 0	 0	 0	 0	 0	 0	 0	 0	 0	 0	 0	 0	 0	 0	 0	 0	 0	 0	 0	 0	 340	 0	 0	 0	 0	 0	 245	 0	 0
"Ruminococcus_E bromii_B"	 948	 955	 919	 1084	 900	 604	 0	 806	 1259	 902	 915	 0	 0	 0	 994	 0	 853	 856	 0	 0	 1125	 73	 1156	 876	 772	 0	 1005	 0	 1420	 0	 1001	 867	 0	 951	 948	 863	 418	 0	 1077	 788	 946	 0	 0	 0	 0	 0	 1049	 0	 0	 0	 0	 1103	 1070	 0	 881	 0	 1015	 1065	 334	 56	 1123	 0	 1043	 0	 1448	 0	 1178	 0	 843	 1400	 0	 0	 0	 1089	 40	 0	 984	 962	 0	 0	 1396	 0	 900	 169	 616	 0	 1117	 1012	 442	 1125	 241	 34	 32	 0	 445	 36	 1349
"Ruminococcus_E sp003526955"	 0	 0	 0	 0	 0	 699	 0	 0	 0	 0	 0	 593	 0	 0	 0	 0	 0	 0	 0	 0	 0	 0	 0	 0	 0	 0	 0	 0	 0	 0	 0	 0	 0	 0	 0	 0	 0	 0	 0	 0	 0	 577	 0	 569	 0	 0	 0	 0	 0	 571	 0	 0	 0	 0	 0	 0	 0	 0	 0	 586	 0	 692	 0	 0	 0	 0	 0	 0	 0	 0	 0	 0	 0	 0	 585	 0	 0	 0	 0	 0	 0	 0	 0	 0	 0	 0	 0	 0	 0	 0	 0	 565	 0	 12	 0	 548	 0
"Ruminococcus_E sp900314705"	 0	 0	 0	 0	 0	 0	 0	 0	 0	 0	 0	 0	 0	 0	 0	 0	 0	 0	 0	 0	 0	 0	 0	 0	 0	 0	 0	 0	 0	 0	 0	 0	 0	 0	 0	 0	 0	 0	 0	 0	 0	 0	 0	 0	 0	 0	 0	 0	 0	 0	 0	 0	 0	 0	 0	 0	 0	 0	 0	 0	 0	 0	 0	 0	 0	 0	 0	 0	 0	 0	 0	 548	 0	 0	 0	 0	 0	 0	 0	 0	 0	 0	 0	 0	 0	 0	 0	 0	 0	 0	 0	 0	 0	 0	 77	 0	 0
"Ruminococcus_H sp003531055"	 0	 0	 592	 310	 392	 531	 0	 161	 0	 0	 0	 0	 0	 324	 0	 358	 0	 629	 0	 0	 304	 720	 0	 664	 0	 0	 625	 439	 254	 605	 0	 0	 385	 241	 0	 0	 0	 0	 0	 673	 339	 319	 0	 535	 0	 0	 0	 267	 0	 444	 0	 0	 61	 0	 226	 0	 37	 0	 0	 0	 0	 0	 0	 0	 246	 696	 578	 401	 388	 545	 0	 0	 0	 241	 0	 0	 54	 0	 0	 363	 0	 0	 0	 668	 0	 0	 119	 214	 0	 0	 455	 0	 232	 0	 474	 0	 346
"UBA737 sp002431945"	 0	 0	 625	 0	 0	 0	 0	 0	 0	 0	 0	 0	 0	 0	 0	 0	 0	 0	 0	 0	 521	 0	 0	 0	 0	 0	 0	 0	 0	 0	 0	 0	 0	 0	 0	 0	 0	 0	 0	 0	 0	 0	 0	 0	 0	 0	 0	 0	 0	 83	 0	 0	 0	 0	 0	 0	 0	 0	 0	 0	 0	 0	 0	 0	 570	 0	 182	 0	 0	 0	 0	 0	 0	 0	 0	 0	 0	 0	 0	 0	 0	 0	 0	 701	 0	 0	 0	 0	 0	 0	 1075	 0	 0	 0	 325	 0	 0
"Agathobaculum butyriciproducens"	 670	 1443	 914	 1280	 1902	 1204	 1345	 1710	 2166	 2047	 1219	 64	 1988	 1963	 1723	 1701	 1247	 1296	 0	 1523	 1056	 1961	 943	 1333	 1332	 1850	 1409	 28	 1873	 1473	 1943	 1747	 1159	 1657	 1373	 1393	 0	 1373	 1217	 1463	 1549	 1893	 1028	 1127	 1319	 0	 2049	 1281	 1409	 655	 1869	 1849	 1348	 411	 1154	 2093	 1541	 2063	 463	 1125	 1151	 1834	 1373	 1376	 2003	 934	 162	 2059	 2506	 1670	 0	 1865	 2003	 1226	 1397	 1142	 1808	 1726	 2454	 1424	 961	 1775	 1207	 1710	 2132	 34	 757	 73	 1115	 1406	 1441	 1460	 1541	 616	 555	 1457	 1656
"Agathobaculum sp003481705"	 0	 0	 203	 0	 0	 0	 0	 256	 0	 0	 0	 0	 0	 0	 0	 0	 0	 166	 0	 0	 0	 0	 0	 0	 0	 0	 0	 0	 0	 0	 0	 255	 43	 0	 0	 0	 0	 0	 0	 0	 0	 0	 0	 0	 0	 0	 0	 0	 0	 296	 0	 0	 0	 0	 256	 0	 0	 0	 0	 222	 113	 0	 0	 0	 0	 0	 0	 0	 0	 0	 0	 0	 298	 0	 0	 0	 0	 169	 0	 0	 0	 0	 0	 245	 0	 0	 0	 0	 204	 0	 0	 0	 0	 0	 0	 0	 0
"Agathobaculum sp900291975"	 0	 34	 0	 0	 0	 96	 0	 86	 176	 44	 40	 221	 52	 0	 0	 222	 342	 0	 283	 32	 0	 0	 59	 0	 0	 0	 0	 1248	 0	 48	 0	 0	 0	 47	 0	 0	 0	 0	 92	 0	 49	 0	 79	 0	 0	 0	 0	 0	 0	 0	 51	 96	 183	 0	 114	 385	 40	 0	 0	 0	 463	 38	 47	 193	 0	 0	 0	 0	 0	 0	 523	 0	 0	 0	 0	 0	 0	 0	 0	 0	 0	 0	 229	 0	 0	 1429	 155	 1444	 183	 0	 0	 0	 0	 0	 0	 463	 149
"Butyricicoccus pullicaecorum"	 0	 0	 0	 0	 0	 0	 0	 0	 0	 0	 0	 0	 0	 0	 0	 0	 68	 0	 0	 0	 0	 0	 0	 0	 0	 0	 0	 0	 0	 0	 0	 0	 0	 0	 0	 0	 1095	 0	 0	 0	 0	 0	 0	 91	 0	 0	 0	 0	 0	 0	 0	 0	 0	 0	 0	 1387	 0	 0	 0	 0	 0	 0	 0	 40	 0	 0	 0	 0	 0	 0	 0	 0	 0	 0	 0	 0	 0	 0	 0	 0	 0	 0	 0	 0	 0	 311	 0	 0	 0	 0	 0	 27	 0	 0	 0	 0	 0
"Butyricicoccus sp900604335"	 0	 0	 0	 0	 0	 0	 0	 0	 0	 0	 0	 0	 0	 0	 0	 0	 0	 0	 393	 0	 0	 0	 0	 0	 0	 0	 0	 0	 0	 0	 0	 0	 0	 0	 0	 0	 0	 35	 0	 0	 0	 0	 0	 0	 0	 40	 0	 0	 0	 0	 0	 0	 0	 0	 0	 0	 0	 0	 0	 0	 0	 0	 0	 0	 0	 0	 0	 0	 0	 0	 30	 54	 0	 0	 0	 0	 0	 0	 0	 0	 0	 0	 0	 0	 0	 0	 0	 0	 79	 0	 0	 0	 0	 0	 0	 91	 47
"Intestinibacillus massiliensis"	 0	 0	 0	 0	 0	 0	 0	 0	 0	 0	 0	 0	 0	 0	 0	 0	 0	 0	 58	 0	 0	 0	 0	 0	 0	 0	 0	 684	 0	 0	 0	 0	 0	 0	 0	 0	 0	 0	 0	 0	 0	 0	 0	 0	 0	 0	 0	 0	 0	 0	 0	 0	 0	 0	 0	 0	 0	 0	 0	 0	 0	 0	 0	 0	 0	 0	 0	 0	 0	 0	 0	 0	 0	 0	 0	 0	 0	 0	 0	 0	 0	 0	 0	 0	 0	 0	 0	 0	 0	 0	 0	 0	 0	 0	 0	 0	 0
"CAG-272 sp000433515"	 0	 0	 0	 0	 0	 0	 0	 0	 0	 0	 0	 0	 0	 0	 0	 0	 0	 0	 0	 0	 0	 0	 0	 0	 0	 0	 0	 0	 0	 0	 0	 0	 0	 0	 0	 0	 0	 0	 0	 0	 0	 0	 0	 0	 0	 0	 0	 0	 0	 0	 0	 0	 0	 0	 0	 0	 0	 0	 0	 0	 0	 0	 0	 0	 0	 0	 0	 0	 0	 0	 0	 0	 0	 0	 0	 0	 0	 0	 0	 0	 0	 0	 0	 0	 0	 0	 0	 0	 0	 0	 0	 0	 0	 0	 108	 0	 0
"CAG-390 sp000437015"	 0	 0	 0	 0	 0	 0	 0	 0	 0	 0	 0	 0	 0	 0	 0	 0	 0	 0	 0	 0	 0	 0	 0	 102	 0	 0	 0	 0	 0	 0	 0	 0	 0	 0	 0	 0	 0	 0	 0	 0	 0	 0	 0	 0	 0	 0	 0	 0	 0	 0	 0	 0	 0	 0	 0	 0	 0	 0	 0	 0	 0	 0	 0	 0	 0	 0	 1835	 0	 0	 0	 0	 0	 0	 0	 0	 0	 0	 0	 0	 0	 0	 0	 0	 70	 0	 0	 0	 0	 0	 0	 0	 0	 0	 0	 1317	 0	 0
"CAG-390 sp003523225"	 0	 0	 0	 0	 0	 0	 0	 0	 0	 0	 0	 0	 0	 0	 0	 0	 0	 0	 0	 0	 0	 0	 0	 0	 0	 0	 0	 0	 0	 0	 0	 0	 0	 0	 0	 0	 0	 0	 0	 0	 0	 0	 0	 0	 0	 0	 0	 0	 0	 0	 0	 0	 0	 0	 0	 0	 0	 0	 0	 0	 0	 0	 0	 0	 0	 0	 0	 0	 0	 0	 0	 0	 0	 0	 0	 0	 0	 0	 0	 0	 0	 0	 0	 0	 0	 0	 0	 0	 0	 0	 0	 0	 0	 0	 82	 0	 0
"CAG-448 sp000433415"	 0	 0	 0	 0	 0	 0	 0	 0	 0	 0	 0	 0	 0	 0	 0	 0	 0	 0	 0	 0	 0	 0	 0	 0	 0	 0	 0	 0	 0	 0	 0	 0	 0	 0	 0	 0	 0	 0	 0	 0	 0	 0	 0	 0	 0	 0	 0	 0	 0	 0	 0	 0	 0	 0	 0	 0	 0	 0	 0	 0	 0	 0	 0	 0	 0	 0	 0	 0	 0	 0	 0	 0	 0	 0	 0	 0	 0	 0	 0	 0	 0	 0	 0	 0	 0	 0	 0	 0	 0	 0	 0	 0	 0	 0	 120	 0	 0
"CAG-448 sp003150135"	 0	 0	 286	 779	 0	 0	 0	 0	 0	 0	 0	 0	 0	 0	 0	 0	 0	 0	 0	 0	 0	 0	 0	 0	 0	 0	 0	 0	 0	 0	 0	 0	 0	 0	 0	 0	 0	 0	 0	 0	 0	 0	 0	 0	 0	 0	 0	 0	 0	 0	 0	 0	 0	 0	 0	 0	 0	 0	 0	 0	 0	 0	 0	 0	 0	 0	 0	 0	 0	 0	 0	 0	 0	 0	 0	 0	 0	 0	 0	 0	 0	 0	 0	 0	 0	 0	 0	 0	 0	 0	 0	 0	 0	 0	 627	 0	 0
"CAG-724 sp003524145"	 0	 0	 0	 0	 0	 0	 0	 0	 0	 0	 0	 0	 0	 0	 0	 0	 0	 0	 0	 0	 0	 0	 0	 0	 0	 0	 0	 0	 0	 0	 0	 0	 0	 0	 0	 0	 0	 0	 0	 0	 0	 0	 0	 0	 0	 0	 0	 0	 0	 0	 0	 0	 0	 0	 0	 0	 0	 0	 0	 0	 0	 0	 0	 0	 0	 0	 1744	 0	 0	 0	 0	 0	 0	 0	 0	 0	 0	 0	 0	 0	 0	 0	 0	 0	 0	 0	 0	 0	 0	 0	 0	 0	 0	 0	 70	 0	 0
"CAG-841 sp000437375"	 0	 0	 0	 0	 0	 0	 0	 0	 0	 0	 0	 0	 0	 0	 0	 0	 0	 0	 0	 0	 0	 0	 0	 58	 0	 0	 0	 0	 0	 0	 0	 0	 0	 0	 0	 0	 0	 0	 0	 0	 0	 0	 0	 0	 0	 0	 0	 0	 0	 0	 0	 0	 0	 0	 0	 0	 0	 0	 0	 0	 0	 0	 0	 0	 0	 0	 0	 0	 0	 0	 0	 0	 0	 0	 0	 0	 0	 0	 0	 0	 0	 0	 0	 0	 0	 0	 0	 0	 0	 0	 0	 0	 0	 0	 119	 0	 0
"QALR01 sp003150035"	 0	 0	 0	 894	 0	 0	 0	 0	 0	 0	 0	 0	 0	 0	 0	 0	 1419	 0	 0	 0	 1532	 0	 0	 0	 0	 0	 0	 0	 0	 0	 0	 0	 0	 0	 0	 0	 0	 0	 0	 0	 0	 0	 0	 0	 0	 0	 0	 0	 0	 0	 0	 0	 0	 0	 0	 0	 0	 0	 0	 0	 0	 0	 0	 0	 0	 0	 0	 0	 0	 0	 0	 0	 0	 0	 0	 0	 0	 0	 0	 0	 0	 0	 0	 0	 0	 0	 0	 0	 0	 0	 0	 0	 0	 0	 0	 0	 0
"UBA11512 sp003522145"	 0	 0	 0	 708	 0	 0	 0	 0	 0	 0	 0	 0	 0	 0	 0	 0	 0	 0	 0	 0	 0	 0	 0	 670	 0	 0	 0	 0	 0	 0	 0	 0	 0	 0	 0	 0	 0	 0	 0	 0	 0	 0	 0	 0	 0	 0	 0	 0	 0	 0	 0	 0	 0	 0	 0	 0	 0	 0	 0	 0	 0	 0	 0	 0	 0	 0	 1497	 0	 0	 0	 0	 0	 0	 0	 0	 0	 0	 0	 0	 0	 0	 0	 0	 0	 0	 0	 0	 0	 0	 0	 0	 0	 0	 0	 1428	 0	 0
"UMGS1865 sp002438075"	 0	 0	 0	 92	 0	 0	 0	 0	 0	 0	 0	 0	 0	 0	 0	 0	 0	 0	 0	 0	 0	 0	 0	 1305	 0	 0	 0	 0	 0	 0	 0	 0	 0	 0	 0	 0	 0	 0	 0	 0	 0	 0	 0	 0	 0	 0	 0	 0	 0	 0	 0	 0	 0	 0	 0	 0	 0	 0	 0	 0	 0	 0	 0	 0	 0	 0	 1604	 0	 0	 0	 0	 0	 0	 0	 0	 347	 0	 0	 0	 0	 0	 0	 0	 0	 0	 0	 0	 0	 0	 0	 0	 0	 0	 0	 97	 0	 0
"UMGS902 sp003343845"	 0	 0	 0	 0	 0	 0	 0	 0	 0	 0	 0	 0	 0	 0	 0	 0	 0	 0	 0	 0	 0	 0	 0	 102	 0	 0	 0	 0	 0	 0	 0	 0	 0	 0	 0	 0	 0	 0	 0	 0	 0	 0	 0	 0	 0	 0	 0	 0	 0	 0	 0	 0	 0	 0	 0	 0	 0	 0	 0	 0	 0	 0	 0	 0	 0	 0	 476	 0	 0	 0	 0	 0	 0	 0	 0	 0	 0	 0	 0	 0	 0	 0	 0	 0	 0	 0	 0	 0	 0	 0	 0	 0	 0	 0	 2233	 0	 0
"UMGS911 sp003343545"	 0	 0	 0	 0	 0	 0	 0	 0	 0	 0	 0	 0	 0	 0	 0	 0	 141	 0	 0	 0	 0	 0	 0	 0	 0	 0	 0	 0	 0	 0	 0	 0	 0	 0	 0	 0	 0	 0	 0	 0	 0	 0	 0	 0	 0	 0	 0	 0	 0	 0	 0	 0	 0	 0	 0	 0	 0	 0	 0	 0	 0	 0	 0	 0	 0	 0	 0	 0	 0	 0	 0	 0	 0	 0	 0	 0	 199	 0	 0	 0	 0	 0	 0	 0	 0	 0	 0	 0	 0	 0	 0	 0	 0	 0	 0	 0	 0
"UMGS911 sp900545935"	 0	 0	 0	 181	 0	 0	 0	 0	 0	 0	 0	 0	 0	 0	 0	 0	 204	 0	 0	 0	 423	 0	 0	 2289	 0	 0	 151	 0	 0	 0	 0	 0	 0	 0	 0	 0	 0	 0	 0	 0	 0	 0	 0	 0	 0	 0	 0	 0	 0	 0	 0	 0	 0	 0	 0	 0	 0	 0	 0	 0	 0	 0	 0	 0	 0	 0	 1354	 0	 0	 0	 0	 0	 0	 0	 0	 0	 0	 0	 0	 0	 0	 0	 0	 0	 2061	 0	 0	 0	 0	 0	 0	 0	 0	 0	 75	 0	 0
"UBA1206 sp000433115"	 0	 0	 0	 0	 0	 0	 0	 0	 0	 0	 0	 0	 0	 0	 0	 0	 0	 0	 0	 0	 0	 0	 0	 0	 0	 0	 0	 0	 0	 0	 0	 0	 0	 0	 0	 0	 0	 0	 0	 0	 0	 0	 0	 0	 0	 0	 0	 0	 0	 0	 0	 0	 0	 0	 0	 0	 0	 0	 0	 0	 0	 0	 0	 0	 0	 0	 0	 0	 0	 0	 0	 0	 0	 0	 0	 0	 0	 0	 0	 0	 0	 0	 0	 0	 0	 0	 0	 0	 0	 0	 0	 0	 0	 0	 785	 0	 0
"UCG-010 sp003150115"	 0	 0	 0	 73	 0	 0	 0	 0	 0	 0	 0	 0	 0	 0	 0	 0	 0	 0	 0	 0	 0	 0	 0	 56	 0	 0	 0	 0	 0	 0	 0	 0	 0	 0	 0	 0	 0	 0	 0	 0	 0	 0	 0	 0	 0	 0	 0	 0	 0	 0	 0	 0	 0	 0	 0	 0	 0	 0	 0	 0	 0	 0	 0	 0	 0	 0	 1203	 0	 0	 0	 0	 0	 0	 0	 0	 0	 0	 0	 0	 0	 0	 0	 0	 0	 0	 0	 0	 0	 0	 0	 0	 0	 0	 0	 0	 0	 0
"UCG-010 sp003150215"	 0	 0	 0	 0	 0	 0	 0	 0	 0	 0	 0	 0	 0	 0	 0	 0	 0	 0	 0	 0	 0	 0	 0	 0	 0	 0	 0	 0	 0	 0	 0	 0	 0	 0	 0	 0	 0	 0	 0	 0	 0	 0	 0	 0	 0	 0	 0	 0	 0	 0	 0	 0	 0	 0	 0	 0	 0	 0	 0	 0	 0	 0	 0	 0	 0	 0	 138	 0	 0	 0	 0	 0	 0	 0	 0	 0	 460	 0	 0	 0	 0	 0	 0	 0	 0	 0	 0	 0	 0	 0	 81	 0	 0	 0	 0	 0	 0
"UMGS882 sp003343885"	 0	 0	 0	 94	 0	 0	 0	 340	 0	 0	 0	 0	 0	 0	 0	 0	 0	 0	 0	 0	 0	 0	 0	 0	 0	 0	 0	 0	 0	 0	 0	 0	 0	 0	 0	 0	 0	 0	 0	 0	 0	 0	 0	 0	 0	 0	 0	 0	 0	 0	 0	 0	 0	 0	 0	 0	 0	 0	 0	 0	 0	 0	 0	 0	 0	 0	 754	 0	 0	 0	 0	 0	 0	 0	 0	 0	 0	 0	 0	 0	 0	 0	 0	 0	 0	 0	 0	 0	 0	 0	 0	 0	 0	 0	 0	 0	 0
"CAG-103 sp000432375"	 0	 0	 816	 844	 734	 0	 0	 1243	 825	 923	 0	 719	 0	 114	 0	 0	 1099	 0	 0	 56	 917	 234	 708	 102	 0	 444	 89	 0	 892	 0	 0	 0	 158	 66	 38	 0	 0	 0	 606	 109	 1235	 694	 0	 0	 0	 0	 0	 569	 0	 795	 0	 0	 758	 0	 764	 0	 0	 0	 307	 264	 56	 0	 768	 0	 920	 734	 671	 0	 870	 110	 0	 0	 0	 105	 0	 886	 410	 734	 0	 740	 0	 0	 746	 888	 767	 0	 0	 0	 519	 0	 791	 0	 215	 0	 898	 716	 123
"CAG-110 sp000434635"	 0	 0	 522	 534	 635	 200	 0	 0	 0	 0	 0	 0	 0	 0	 0	 0	 0	 0	 0	 0	 646	 0	 0	 0	 0	 0	 0	 0	 606	 0	 0	 0	 0	 547	 0	 0	 0	 0	 0	 0	 0	 0	 0	 0	 0	 0	 0	 0	 0	 0	 0	 0	 0	 0	 0	 0	 0	 0	 0	 0	 0	 0	 0	 0	 0	 0	 0	 0	 0	 217	 0	 0	 0	 0	 0	 0	 0	 0	 0	 0	 0	 0	 0	 258	 0	 0	 0	 0	 281	 0	 570	 0	 0	 0	 158	 0	 0
"CAG-110 sp000435995"	 0	 0	 0	 2367	 0	 0	 0	 0	 0	 0	 0	 0	 0	 0	 0	 0	 181	 0	 0	 0	 2146	 0	 0	 1684	 0	 0	 0	 0	 0	 0	 0	 0	 0	 0	 0	 0	 0	 0	 0	 514	 0	 0	 0	 0	 0	 0	 0	 0	 0	 0	 0	 0	 0	 0	 0	 0	 0	 0	 0	 0	 0	 0	 0	 186	 236	 0	 175	 0	 0	 0	 0	 0	 0	 0	 0	 0	 1349	 0	 0	 0	 0	 0	 0	 0	 0	 0	 195	 0	 0	 0	 0	 0	 0	 12	 94	 924	 85
"CAG-110 sp002437585"	 0	 0	 0	 0	 0	 194	 0	 0	 0	 0	 0	 0	 0	 0	 0	 0	 0	 0	 0	 0	 0	 0	 0	 0	 0	 0	 0	 0	 0	 0	 0	 0	 0	 0	 0	 0	 0	 0	 0	 0	 0	 0	 0	 0	 0	 0	 0	 0	 0	 0	 0	 0	 0	 0	 0	 0	 0	 0	 0	 0	 0	 0	 0	 0	 0	 0	 0	 0	 0	 0	 0	 0	 0	 0	 0	 0	 0	 0	 0	 0	 0	 0	 0	 0	 0	 0	 0	 0	 0	 0	 0	 0	 0	 0	 141	 0	 0
"CAG-110 sp003525905"	 0	 0	 624	 70	 890	 734	 0	 63	 0	 1010	 0	 0	 479	 80	 0	 1036	 197	 0	 598	 1118	 1034	 60	 793	 0	 0	 92	 1019	 0	 997	 0	 0	 0	 606	 802	 784	 0	 0	 0	 995	 994	 993	 689	 518	 0	 0	 0	 0	 759	 0	 949	 0	 0	 696	 0	 994	 0	 0	 0	 0	 831	 710	 0	 985	 0	 918	 0	 0	 0	 789	 646	 0	 919	 0	 0	 0	 758	 1068	 0	 988	 868	 41	 0	 842	 841	 820	 0	 167	 1025	 147	 462	 135	 730	 174	 0	 625	 584	 894
"CAG-170 sp000432135"	 448	 925	 85	 1719	 0	 0	 0	 423	 0	 0	 0	 0	 0	 0	 0	 0	 0	 0	 0	 0	 1792	 0	 0	 1335	 0	 0	 0	 0	 703	 0	 0	 0	 0	 0	 0	 0	 0	 0	 0	 0	 299	 0	 0	 0	 0	 0	 0	 0	 0	 135	 0	 0	 0	 0	 0	 0	 0	 0	 0	 0	 0	 0	 0	 0	 0	 133	 247	 0	 0	 87	 0	 0	 0	 0	 0	 784	 64	 0	 0	 0	 0	 0	 0	 1159	 0	 0	 0	 0	 949	 0	 0	 0	 0	 0	 874	 0	 0
"CAG-170 sp000436735"	 35	 51	 0	 337	 56	 596	 0	 74	 0	 0	 0	 0	 0	 0	 0	 0	 626	 0	 0	 0	 1162	 0	 0	 124	 0	 0	 0	 0	 76	 0	 0	 0	 0	 83	 0	 0	 0	 0	 0	 0	 52	 0	 0	 0	 0	 0	 0	 0	 0	 0	 0	 0	 0	 0	 0	 0	 0	 0	 0	 0	 0	 0	 0	 0	 0	 0	 1092	 0	 0	 0	 0	 0	 0	 0	 0	 953	 0	 0	 0	 0	 0	 0	 0	 979	 0	 0	 0	 0	 874	 0	 0	 0	 0	 0	 499	 0	 43
"CAG-170 sp003516765"	 0	 0	 0	 172	 0	 58	 0	 332	 0	 0	 0	 0	 0	 0	 0	 0	 0	 0	 0	 0	 687	 94	 0	 129	 0	 0	 0	 0	 93	 0	 0	 0	 0	 0	 0	 0	 0	 0	 0	 0	 87	 0	 0	 0	 0	 0	 0	 57	 0	 0	 0	 0	 0	 0	 0	 0	 0	 0	 0	 0	 0	 0	 0	 0	 42	 196	 1045	 0	 0	 85	 0	 0	 0	 0	 0	 77	 0	 0	 0	 0	 0	 0	 0	 852	 0	 0	 0	 0	 46	 0	 0	 0	 0	 0	 179	 0	 43
"CAG-170 sp900553545"	 0	 34	 472	 64	 1017	 73	 0	 916	 0	 0	 0	 0	 0	 0	 0	 0	 0	 0	 0	 0	 98	 222	 0	 378	 0	 0	 0	 0	 0	 0	 0	 0	 128	 78	 0	 0	 0	 0	 0	 0	 738	 0	 70	 0	 0	 0	 0	 0	 0	 0	 0	 0	 0	 0	 0	 0	 0	 0	 0	 0	 0	 0	 0	 0	 778	 91	 96	 0	 0	 0	 0	 0	 0	 0	 0	 52	 0	 0	 0	 0	 0	 0	 0	 1327	 0	 0	 0	 0	 0	 0	 0	 0	 93	 0	 205	 0	 0
"CAG-83 sp000431575"	 31	 233	 0	 340	 0	 426	 54	 0	 0	 129	 47	 257	 0	 73	 0	 285	 206	 0	 329	 279	 252	 0	 275	 214	 0	 0	 262	 257	 287	 269	 167	 0	 297	 295	 231	 0	 0	 0	 280	 282	 296	 278	 248	 0	 0	 0	 301	 296	 0	 142	 0	 0	 283	 0	 305	 0	 0	 0	 82	 259	 291	 0	 308	 0	 0	 0	 0	 0	 277	 258	 0	 0	 126	 0	 0	 406	 273	 232	 0	 363	 289	 0	 270	 313	 292	 0	 197	 264	 0	 0	 0	 0	 286	 0	 0	 294	 320
"CAG-83 sp000435555"	 0	 0	 474	 474	 0	 446	 0	 450	 0	 0	 0	 0	 0	 0	 0	 0	 418	 0	 0	 0	 0	 428	 0	 295	 0	 0	 0	 0	 0	 0	 0	 0	 0	 0	 0	 0	 0	 0	 0	 0	 420	 0	 160	 0	 0	 0	 0	 0	 0	 119	 0	 0	 0	 0	 0	 0	 0	 0	 0	 0	 0	 0	 0	 0	 417	 0	 486	 0	 0	 0	 0	 0	 0	 0	 0	 0	 419	 0	 0	 0	 0	 0	 448	 0	 0	 0	 0	 0	 0	 0	 419	 0	 127	 0	 276	 0	 0
"CAG-83 sp000435975"	 48	 231	 175	 571	 177	 210	 0	 224	 0	 93	 113	 0	 0	 197	 0	 0	 91	 0	 45	 38	 312	 217	 43	 162	 0	 0	 112	 0	 99	 55	 0	 0	 75	 255	 61	 1124	 0	 0	 54	 66	 195	 48	 1010	 0	 0	 0	 0	 42	 0	 134	 0	 0	 0	 0	 65	 0	 0	 161	 12	 72	 44	 0	 33	 0	 117	 977	 187	 0	 173	 176	 0	 0	 52	 120	 0	 76	 368	 61	 0	 49	 151	 0	 162	 374	 67	 0	 105	 81	 969	 39	 264	 0	 57	 0	 264	 160	 1065
"CAG-83 sp001916855"	 43	 273	 303	 0	 200	 0	 0	 207	 0	 306	 314	 0	 0	 323	 0	 0	 0	 0	 0	 0	 495	 390	 0	 101	 0	 0	 144	 0	 0	 0	 0	 0	 0	 312	 0	 87	 0	 0	 0	 0	 328	 0	 192	 0	 0	 0	 0	 0	 0	 247	 0	 0	 0	 0	 0	 0	 0	 315	 0	 0	 0	 0	 0	 0	 319	 35	 68	 0	 428	 218	 0	 0	 0	 284	 0	 0	 59	 0	 0	 0	 385	 0	 0	 418	 0	 0	 761	 0	 73	 0	 512	 0	 0	 0	 152	 206	 86
"CAG-83 sp003487665"	 61	 100	 221	 331	 51	 1110	 0	 1342	 0	 0	 35	 0	 52	 32	 0	 45	 109	 0	 0	 0	 387	 151	 0	 513	 0	 0	 71	 0	 0	 0	 0	 0	 42	 129	 0	 29	 0	 0	 0	 93	 149	 0	 106	 0	 0	 0	 0	 63	 0	 43	 0	 0	 64	 0	 53	 0	 0	 0	 0	 75	 0	 0	 0	 0	 120	 52	 490	 0	 0	 72	 0	 0	 0	 0	 0	 57	 101	 57	 0	 885	 0	 0	 168	 259	 0	 0	 0	 0	 49	 0	 162	 0	 63	 0	 928	 0	 40
"CAG-83 sp003539495"	 62	 163	 59	 1006	 987	 1067	 0	 125	 0	 0	 0	 0	 0	 26	 0	 0	 0	 0	 33	 0	 1108	 56	 0	 82	 0	 0	 45	 0	 0	 0	 0	 0	 41	 78	 0	 0	 0	 0	 0	 0	 53	 0	 0	 0	 0	 0	 0	 136	 0	 159	 0	 0	 0	 0	 0	 0	 0	 0	 0	 0	 0	 0	 0	 0	 47	 0	 122	 0	 0	 0	 0	 0	 0	 0	 0	 0	 51	 0	 0	 0	 0	 0	 0	 204	 0	 0	 0	 0	 0	 0	 68	 0	 30	 0	 111	 0	 38
"ER4 sp000765235"	 946	 951	 1227	 909	 725	 798	 0	 1642	 0	 0	 0	 0	 1041	 873	 0	 688	 1071	 19	 0	 1661	 951	 1051	 0	 1201	 0	 107	 736	 0	 757	 0	 0	 0	 1204	 1599	 0	 0	 0	 0	 293	 70	 730	 725	 1318	 0	 0	 0	 0	 972	 0	 793	 0	 0	 555	 0	 0	 0	 0	 0	 0	 668	 927	 0	 0	 0	 769	 951	 960	 1086	 0	 944	 0	 0	 0	 0	 902	 750	 795	 735	 32	 716	 31	 0	 843	 1226	 549	 0	 714	 0	 252	 272	 1428	 0	 906	 0	 1150	 452	 693
"ER4 sp003522105"	 29	 47	 60	 0	 0	 75	 0	 209	 0	 0	 0	 0	 0	 0	 0	 0	 98	 0	 0	 38	 0	 68	 0	 462	 0	 0	 43	 0	 0	 0	 0	 0	 64	 190	 0	 0	 0	 0	 0	 42	 0	 0	 71	 0	 0	 0	 0	 86	 0	 67	 0	 0	 100	 0	 0	 0	 0	 0	 0	 0	 0	 0	 0	 0	 50	 0	 80	 42	 0	 55	 0	 0	 0	 0	 45	 45	 0	 38	 0	 0	 0	 0	 0	 83	 34	 0	 48	 0	 0	 0	 171	 0	 0	 0	 476	 34	 61
"ER4 sp900317525"	 41	 348	 506	 222	 0	 480	 0	 282	 0	 0	 0	 0	 0	 0	 0	 0	 412	 0	 0	 0	 142	 182	 0	 110	 0	 0	 64	 0	 77	 0	 0	 0	 0	 194	 0	 0	 0	 0	 0	 395	 0	 0	 371	 0	 0	 0	 0	 403	 0	 0	 0	 0	 0	 0	 0	 0	 0	 0	 0	 0	 0	 0	 0	 0	 410	 64	 702	 0	 0	 373	 0	 0	 0	 0	 0	 0	 420	 0	 0	 627	 0	 0	 0	 682	 0	 0	 0	 0	 0	 0	 723	 0	 32	 0	 540	 0	 136
"Evtepia gabavorous"	 1231	 1103	 0	 0	 0	 0	 0	 0	 2093	 1104	 0	 0	 0	 726	 1504	 0	 0	 23	 0	 0	 1224	 1030	 1250	 2012	 0	 0	 0	 1372	 0	 0	 0	 0	 822	 0	 0	 0	 0	 1145	 0	 0	 0	 0	 0	 0	 0	 0	 0	 2076	 0	 0	 0	 0	 0	 0	 0	 1418	 0	 0	 0	 1236	 1343	 0	 1400	 0	 2041	 0	 0	 0	 1348	 0	 1549	 0	 0	 0	 1031	 0	 1480	 51	 2043	 2099	 1958	 0	 0	 0	 0	 0	 0	 2084	 2061	 0	 0	 51	 1627	 0	 95	 1977	 427
"F23-B02 sp000431075"	 0	 0	 0	 0	 0	 0	 0	 0	 0	 0	 0	 0	 0	 0	 0	 0	 0	 0	 0	 0	 0	 0	 0	 0	 0	 0	 0	 0	 0	 0	 0	 0	 0	 0	 0	 0	 0	 0	 0	 0	 0	 0	 0	 0	 0	 0	 0	 0	 0	 0	 0	 0	 0	 0	 0	 0	 0	 0	 0	 0	 0	 0	 0	 0	 0	 0	 0	 0	 0	 0	 0	 0	 0	 0	 0	 0	 0	 0	 0	 0	 0	 0	 0	 0	 0	 0	 0	 0	 0	 0	 0	 0	 0	 0	 650	 0	 0
"F23-B02 sp001916715"	 0	 0	 0	 70	 0	 0	 0	 49	 0	 0	 0	 0	 0	 0	 0	 0	 0	 0	 0	 0	 101	 44	 0	 63	 0	 0	 0	 0	 0	 0	 0	 0	 0	 49	 0	 0	 0	 0	 0	 0	 47	 0	 0	 0	 0	 0	 0	 0	 0	 0	 0	 0	 0	 0	 0	 0	 0	 0	 0	 0	 0	 0	 0	 0	 0	 0	 707	 0	 0	 0	 0	 0	 0	 0	 0	 0	 113	 0	 0	 0	 0	 0	 53	 0	 0	 0	 0	 0	 0	 0	 0	 0	 0	 0	 801	 0	 54
"F23-B02 sp002472405"	 0	 0	 0	 0	 0	 0	 0	 0	 0	 0	 0	 0	 0	 0	 0	 0	 0	 0	 0	 0	 0	 0	 0	 0	 0	 0	 0	 0	 0	 0	 0	 0	 0	 0	 0	 0	 0	 0	 0	 0	 0	 0	 0	 0	 0	 0	 0	 0	 0	 0	 0	 0	 0	 0	 0	 0	 0	 0	 0	 0	 0	 0	 0	 0	 0	 0	 121	 0	 0	 0	 0	 0	 0	 0	 0	 0	 0	 0	 0	 0	 0	 0	 0	 0	 0	 0	 0	 0	 0	 0	 0	 0	 0	 0	 315	 0	 0
"F23-B02 sp003533405"	 0	 0	 0	 0	 0	 0	 0	 0	 0	 0	 0	 0	 0	 0	 0	 0	 0	 0	 0	 0	 0	 0	 0	 0	 0	 0	 0	 0	 0	 0	 0	 0	 0	 0	 0	 0	 0	 0	 0	 0	 0	 0	 0	 0	 0	 0	 0	 0	 0	 0	 0	 0	 0	 0	 0	 0	 0	 0	 0	 0	 0	 0	 0	 0	 0	 0	 0	 0	 0	 0	 0	 0	 0	 0	 0	 0	 0	 0	 0	 0	 0	 0	 0	 0	 0	 0	 0	 0	 0	 0	 0	 0	 0	 0	 247	 0	 0
"Flavonifractor massiliensis_A"	 0	 0	 0	 0	 0	 0	 0	 0	 0	 0	 0	 0	 0	 0	 0	 0	 80	 0	 0	 0	 0	 0	 0	 0	 0	 0	 0	 0	 0	 0	 0	 0	 0	 0	 0	 0	 0	 0	 0	 0	 0	 0	 0	 0	 0	 0	 0	 0	 0	 0	 0	 0	 0	 0	 0	 0	 0	 0	 0	 0	 0	 0	 0	 0	 0	 0	 70	 0	 0	 0	 0	 0	 0	 0	 0	 0	 0	 0	 0	 0	 0	 0	 0	 0	 0	 0	 0	 0	 0	 0	 0	 0	 0	 0	 0	 0	 0
"Flavonifractor plautii"	 265	 255	 102	 0	 0	 622	 69	 0	 252	 248	 315	 326	 442	 186	 257	 263	 105	 778	 357	 195	 302	 0	 378	 0	 251	 340	 37	 205	 72	 381	 211	 339	 49	 191	 635	 380	 592	 245	 292	 78	 0	 98	 624	 900	 0	 949	 0	 209	 154	 197	 347	 542	 138	 21	 343	 511	 315	 82	 23	 0	 301	 700	 370	 688	 86	 51	 98	 0	 298	 356	 324	 459	 333	 0	 43	 58	 136	 404	 346	 108	 274	 630	 328	 187	 52	 406	 550	 781	 206	 0	 0	 859	 32	 860	 0	 536	 697
"Flavonifractor sp000508885"	 549	 867	 88	 0	 0	 228	 57	 0	 1033	 288	 330	 948	 447	 168	 385	 149	 0	 145	 725	 223	 109	 0	 89	 0	 1034	 377	 0	 312	 97	 392	 185	 451	 34	 304	 383	 589	 175	 684	 397	 97	 102	 194	 293	 235	 0	 91	 53	 193	 113	 89	 811	 659	 107	 0	 371	 367	 710	 97	 66	 0	 345	 219	 437	 256	 0	 41	 0	 0	 492	 221	 679	 876	 326	 0	 37	 49	 116	 342	 711	 97	 576	 360	 312	 270	 0	 440	 478	 436	 115	 0	 70	 143	 0	 236	 0	 187	 358
"Flavonifractor sp002159175"	 0	 0	 0	 0	 0	 0	 0	 0	 0	 0	 49	 0	 41	 0	 0	 0	 154	 0	 0	 0	 68	 0	 0	 0	 0	 0	 0	 0	 0	 0	 0	 0	 0	 0	 54	 0	 0	 73	 0	 0	 0	 0	 0	 98	 0	 0	 0	 0	 0	 0	 0	 0	 42	 0	 0	 0	 0	 0	 0	 0	 0	 0	 0	 90	 0	 0	 110	 0	 0	 0	 0	 46	 0	 60	 0	 0	 0	 0	 0	 0	 0	 0	 0	 0	 0	 28	 69	 92	 0	 0	 82	 81	 0	 0	 0	 0	 50
"Flavonifractor sp002159265"	 0	 0	 0	 0	 0	 0	 0	 0	 0	 0	 0	 0	 0	 0	 0	 0	 129	 0	 0	 0	 0	 0	 0	 0	 0	 0	 0	 0	 0	 0	 0	 0	 0	 0	 0	 0	 0	 0	 0	 0	 0	 0	 0	 62	 0	 0	 0	 0	 0	 0	 0	 0	 0	 0	 0	 0	 0	 0	 0	 0	 0	 0	 0	 56	 0	 0	 0	 0	 0	 0	 0	 0	 0	 0	 0	 0	 0	 0	 0	 0	 0	 0	 0	 0	 0	 0	 0	 0	 0	 0	 0	 0	 0	 0	 0	 0	 0
"Flavonifractor sp002159455"	 0	 0	 0	 0	 0	 0	 0	 0	 0	 0	 0	 0	 0	 0	 0	 0	 104	 0	 0	 0	 0	 0	 0	 0	 0	 0	 0	 0	 0	 0	 0	 0	 0	 0	 0	 0	 0	 0	 0	 0	 0	 0	 0	 63	 0	 0	 0	 0	 0	 0	 0	 0	 49	 0	 0	 0	 0	 0	 0	 0	 0	 0	 0	 0	 0	 0	 0	 0	 0	 0	 0	 40	 0	 0	 0	 0	 0	 0	 0	 0	 0	 0	 0	 0	 0	 0	 0	 0	 0	 0	 0	 0	 0	 0	 0	 0	 0
"Flavonifractor sp002161085"	 0	 39	 0	 82	 62	 80	 0	 0	 33	 39	 66	 41	 0	 0	 0	 0	 240	 0	 52	 0	 198	 0	 0	 0	 0	 0	 0	 33	 0	 0	 0	 0	 0	 0	 93	 0	 0	 58	 76	 0	 0	 0	 116	 266	 0	 0	 0	 0	 0	 0	 31	 28	 71	 0	 37	 33	 36	 0	 0	 0	 0	 0	 0	 106	 0	 0	 108	 0	 0	 0	 0	 121	 0	 67	 0	 0	 46	 0	 39	 0	 0	 0	 82	 0	 0	 44	 158	 90	 49	 0	 154	 51	 0	 0	 0	 0	 62
"Flavonifractor sp002161215"	 0	 0	 0	 0	 0	 0	 0	 0	 0	 0	 0	 0	 0	 0	 0	 0	 712	 0	 0	 0	 0	 0	 0	 0	 0	 0	 0	 0	 0	 0	 0	 0	 0	 0	 0	 0	 0	 0	 0	 0	 0	 0	 0	 75	 0	 0	 0	 0	 0	 0	 0	 0	 47	 0	 0	 0	 0	 0	 0	 0	 0	 0	 0	 0	 0	 0	 0	 0	 0	 0	 0	 43	 0	 0	 0	 0	 0	 0	 0	 0	 0	 0	 0	 0	 0	 0	 0	 0	 0	 0	 0	 0	 0	 0	 0	 0	 0
"Flavonifractor sp900199495"	 0	 0	 0	 0	 0	 0	 0	 0	 0	 65	 0	 72	 56	 0	 0	 0	 0	 0	 0	 0	 0	 0	 0	 0	 88	 0	 0	 41	 0	 0	 187	 84	 0	 0	 0	 0	 0	 0	 0	 0	 0	 0	 0	 0	 0	 0	 0	 0	 0	 0	 41	 51	 0	 0	 0	 67	 0	 0	 0	 0	 0	 29	 0	 0	 0	 0	 0	 0	 0	 0	 0	 0	 0	 0	 0	 0	 0	 0	 0	 0	 0	 0	 0	 0	 0	 0	 0	 0	 0	 0	 0	 26	 0	 230	 0	 0	 0
"Intestinimonas butyriciproducens"	 0	 52	 0	 0	 234	 790	 0	 67	 1061	 0	 0	 0	 0	 0	 0	 0	 1554	 0	 35	 0	 118	 0	 0	 93	 0	 0	 0	 363	 0	 0	 0	 0	 0	 0	 51	 0	 0	 0	 72	 40	 0	 0	 186	 145	 0	 0	 0	 213	 0	 0	 0	 0	 0	 0	 76	 168	 0	 0	 0	 0	 0	 0	 0	 50	 41	 0	 2222	 0	 0	 48	 731	 1466	 0	 0	 0	 0	 0	 0	 42	 48	 32	 0	 532	 77	 74	 0	 0	 0	 65	 0	 69	 27	 26	 0	 74	 49	 88
"Intestinimonas massiliensis"	 0	 0	 0	 0	 0	 0	 0	 0	 0	 0	 0	 0	 0	 0	 0	 0	 0	 0	 0	 0	 0	 0	 0	 0	 0	 0	 0	 0	 0	 0	 0	 0	 0	 0	 38	 0	 0	 0	 0	 0	 0	 0	 347	 63	 0	 0	 0	 86	 0	 0	 0	 0	 0	 0	 39	 0	 0	 0	 0	 163	 0	 0	 0	 0	 0	 0	 514	 0	 0	 0	 236	 0	 0	 0	 0	 0	 0	 105	 0	 0	 0	 0	 0	 160	 0	 0	 46	 0	 0	 0	 0	 0	 0	 0	 0	 695	 0
"Intestinimonas timonensis"	 27	 57	 0	 0	 0	 70	 0	 0	 0	 0	 0	 0	 0	 0	 0	 0	 270	 0	 0	 0	 0	 0	 0	 0	 0	 0	 0	 618	 0	 0	 0	 0	 0	 0	 0	 0	 0	 0	 0	 0	 0	 0	 0	 0	 0	 0	 0	 56	 0	 51	 0	 0	 0	 0	 0	 0	 0	 0	 0	 0	 0	 0	 0	 0	 44	 0	 0	 0	 0	 0	 0	 0	 0	 0	 40	 0	 0	 43	 32	 0	 0	 0	 0	 0	 0	 0	 0	 0	 0	 0	 0	 86	 45	 0	 0	 0	 0
"Lawsonibacter asaccharolyticus"	 338	 1010	 93	 58	 736	 428	 29	 154	 933	 1109	 1125	 396	 888	 0	 146	 1057	 1173	 0	 375	 922	 1044	 0	 961	 0	 0	 109	 64	 0	 151	 556	 0	 56	 421	 173	 1079	 0	 0	 1011	 546	 359	 399	 0	 59	 1110	 0	 0	 673	 342	 542	 396	 485	 0	 1058	 0	 1056	 137	 513	 67	 0	 321	 0	 358	 555	 46	 82	 227	 0	 0	 391	 433	 0	 629	 0	 233	 39	 0	 432	 1256	 0	 144	 1011	 0	 169	 897	 0	 0	 639	 1313	 1147	 0	 813	 27	 317	 0	 0	 334	 1259
"Lawsonibacter sp000177015"	 0	 0	 0	 0	 48	 0	 0	 0	 708	 0	 117	 0	 0	 0	 0	 0	 0	 0	 687	 0	 0	 0	 0	 0	 202	 0	 0	 0	 0	 0	 0	 0	 0	 0	 0	 0	 213	 218	 0	 0	 0	 0	 0	 0	 0	 0	 0	 0	 0	 0	 0	 0	 0	 0	 0	 0	 696	 0	 155	 0	 0	 0	 0	 224	 0	 0	 0	 0	 0	 0	 0	 547	 0	 97	 0	 0	 0	 0	 488	 0	 143	 0	 0	 0	 0	 0	 232	 0	 0	 0	 0	 228	 0	 0	 0	 0	 0
"Lawsonibacter sp002160305"	 0	 0	 0	 0	 54	 0	 0	 0	 56	 0	 50	 0	 0	 0	 0	 0	 898	 0	 31	 0	 75	 0	 0	 0	 0	 0	 0	 0	 0	 0	 0	 0	 0	 0	 41	 0	 0	 64	 0	 41	 0	 0	 0	 1264	 0	 0	 0	 0	 0	 0	 0	 0	 458	 0	 0	 0	 0	 0	 0	 0	 0	 0	 0	 128	 0	 0	 0	 0	 0	 0	 0	 80	 0	 0	 0	 0	 0	 0	 0	 0	 0	 0	 54	 0	 0	 0	 55	 94	 0	 0	 81	 90	 0	 0	 0	 0	 44
"Lawsonibacter sp002161175"	 0	 0	 0	 0	 90	 0	 0	 0	 0	 0	 31	 0	 0	 0	 0	 0	 271	 0	 0	 0	 355	 0	 0	 0	 0	 0	 0	 0	 0	 0	 0	 0	 0	 0	 0	 0	 0	 57	 0	 0	 0	 0	 0	 49	 0	 0	 0	 0	 0	 0	 0	 0	 0	 0	 0	 71	 0	 0	 0	 0	 0	 0	 0	 70	 0	 0	 85	 0	 0	 0	 0	 126	 0	 0	 0	 0	 0	 41	 0	 0	 0	 0	 0	 0	 0	 0	 0	 51	 0	 0	 0	 39	 0	 0	 0	 75	 67
"Lawsonibacter sp003478995"	 0	 0	 0	 67	 56	 754	 0	 0	 0	 0	 57	 0	 0	 0	 0	 0	 270	 0	 29	 0	 108	 0	 0	 0	 0	 0	 0	 0	 0	 0	 0	 0	 0	 0	 0	 0	 0	 78	 1123	 0	 0	 0	 592	 48	 0	 0	 0	 0	 0	 0	 0	 0	 0	 0	 0	 0	 0	 0	 0	 0	 0	 0	 0	 97	 65	 0	 985	 0	 0	 0	 0	 120	 0	 0	 0	 0	 0	 0	 0	 0	 0	 0	 0	 0	 0	 0	 39	 62	 0	 0	 95	 89	 193	 0	 0	 54	 71
"Lawsonibacter sp900066645"	 0	 0	 132	 60	 0	 0	 0	 0	 49	 60	 35	 494	 0	 0	 0	 120	 245	 0	 374	 105	 337	 0	 599	 0	 0	 33	 0	 0	 66	 0	 0	 0	 0	 146	 89	 0	 0	 43	 240	 46	 96	 0	 250	 62	 0	 0	 0	 292	 0	 87	 97	 0	 216	 0	 174	 0	 0	 0	 0	 0	 0	 0	 0	 37	 102	 0	 0	 0	 272	 99	 27	 265	 0	 0	 0	 0	 220	 106	 139	 348	 0	 0	 334	 0	 85	 0	 38	 91	 280	 0	 0	 616	 0	 0	 0	 380	 215
"Lawsonibacter sp900066825"	 0	 0	 0	 0	 51	 63	 216	 0	 1605	 1777	 68	 0	 0	 28	 1290	 649	 621	 1016	 131	 1144	 875	 0	 1333	 0	 32	 745	 0	 0	 0	 1444	 261	 59	 0	 93	 1835	 1280	 0	 80	 1561	 974	 0	 0	 0	 46	 24	 18	 35	 43	 1615	 80	 1404	 1728	 101	 0	 1604	 1516	 1357	 335	 17	 0	 501	 1438	 1494	 87	 515	 0	 0	 0	 1529	 45	 0	 1312	 0	 0	 317	 0	 280	 164	 66	 51	 0	 1822	 438	 0	 67	 1221	 55	 1682	 350	 0	 0	 78	 39	 0	 0	 302	 1361
"NK3B98 sp003150485"	 0	 0	 0	 234	 0	 0	 0	 0	 0	 0	 0	 0	 0	 0	 0	 0	 454	 0	 0	 0	 0	 0	 0	 0	 0	 0	 0	 0	 0	 0	 0	 0	 0	 0	 0	 0	 0	 0	 0	 0	 0	 0	 0	 0	 0	 0	 0	 0	 0	 0	 0	 0	 0	 0	 0	 0	 0	 0	 0	 0	 0	 0	 0	 0	 0	 0	 70	 0	 0	 0	 0	 0	 0	 0	 0	 0	 0	 0	 0	 0	 0	 0	 0	 0	 0	 0	 0	 0	 0	 0	 1258	 0	 0	 0	 0	 0	 0
"Oscillibacter sp000436875"	 0	 0	 0	 0	 0	 0	 0	 0	 0	 0	 0	 0	 0	 0	 0	 0	 0	 0	 0	 0	 0	 0	 0	 0	 0	 0	 0	 0	 0	 0	 0	 0	 0	 0	 0	 0	 0	 0	 0	 0	 0	 0	 0	 0	 0	 0	 0	 0	 0	 0	 0	 0	 0	 0	 0	 0	 0	 0	 0	 0	 0	 0	 0	 0	 0	 0	 0	 0	 0	 0	 0	 0	 0	 0	 0	 0	 0	 0	 0	 0	 0	 0	 0	 0	 0	 0	 0	 0	 0	 0	 0	 41	 39	 0	 65	 72	 71
"Oscillibacter sp001916835"	 225	 253	 200	 248	 0	 251	 26	 213	 0	 0	 0	 0	 82	 0	 0	 0	 0	 0	 0	 0	 137	 242	 238	 211	 0	 0	 242	 0	 235	 203	 0	 0	 127	 229	 0	 0	 0	 0	 215	 218	 229	 90	 205	 0	 0	 0	 92	 250	 247	 268	 0	 0	 0	 0	 0	 0	 0	 0	 35	 238	 420	 0	 0	 0	 252	 89	 222	 99	 0	 239	 0	 108	 0	 91	 118	 245	 220	 55	 260	 242	 0	 0	 257	 227	 212	 0	 0	 237	 0	 112	 200	 0	 212	 0	 143	 221	 175
"Oscillibacter sp900115635"	 0	 0	 0	 0	 0	 0	 0	 0	 0	 0	 0	 0	 0	 0	 0	 0	 0	 0	 0	 0	 83	 0	 0	 0	 0	 0	 0	 0	 0	 0	 0	 0	 0	 0	 0	 0	 0	 0	 0	 0	 0	 0	 0	 0	 0	 0	 0	 0	 0	 0	 0	 0	 0	 0	 0	 0	 0	 0	 0	 0	 0	 0	 0	 0	 0	 0	 76	 0	 0	 0	 0	 0	 0	 0	 0	 0	 0	 0	 0	 0	 0	 0	 0	 0	 0	 0	 0	 0	 0	 0	 0	 0	 0	 0	 0	 0	 0
"Oscillibacter welbionis"	 87	 513	 417	 65	 1478	 1586	 56	 484	 1707	 1013	 1045	 2002	 1763	 79	 644	 1742	 1600	 291	 1119	 549	 1982	 105	 1521	 0	 976	 1747	 80	 1570	 675	 977	 94	 0	 435	 393	 1908	 895	 1307	 1850	 1470	 366	 910	 1501	 1570	 279	 0	 0	 332	 1370	 114	 441	 779	 220	 1804	 0	 1813	 1635	 1941	 277	 367	 632	 165	 1191	 181	 230	 1062	 319	 87	 0	 1520	 407	 1899	 1037	 258	 1409	 1011	 0	 1072	 887	 1746	 793	 1448	 30	 1953	 893	 257	 1292	 854	 1500	 1858	 106	 1384	 1753	 433	 688	 82	 1799	 1623
"Pseudoflavonifractor capillosus"	 0	 0	 0	 0	 50	 0	 0	 0	 0	 0	 72	 36	 0	 0	 0	 0	 179	 0	 273	 0	 94	 0	 0	 0	 0	 0	 0	 0	 67	 0	 34	 0	 88	 0	 54	 0	 27	 104	 0	 99	 0	 0	 58	 1888	 0	 0	 0	 0	 0	 0	 0	 0	 66	 0	 38	 0	 0	 0	 0	 0	 0	 0	 0	 85	 44	 0	 84	 0	 0	 0	 0	 262	 0	 52	 0	 0	 0	 0	 0	 0	 36	 0	 336	 0	 0	 39	 226	 59	 45	 0	 171	 73	 0	 23	 58	 0	 76
"UBA1777 sp003150355"	 0	 0	 0	 0	 0	 0	 0	 0	 0	 0	 0	 0	 0	 0	 0	 0	 0	 0	 0	 0	 478	 0	 0	 339	 0	 0	 0	 0	 0	 0	 0	 0	 0	 0	 0	 0	 0	 0	 0	 0	 0	 0	 0	 0	 0	 0	 0	 0	 0	 0	 0	 0	 0	 0	 0	 0	 0	 0	 0	 0	 0	 0	 0	 0	 0	 0	 159	 0	 0	 0	 0	 0	 0	 0	 0	 0	 0	 0	 0	 0	 0	 0	 0	 0	 0	 0	 0	 0	 0	 0	 437	 0	 0	 0	 482	 0	 0
"UBA738 sp003522945"	 0	 56	 93	 660	 0	 980	 0	 738	 0	 0	 0	 0	 0	 0	 0	 0	 891	 0	 0	 0	 0	 0	 0	 0	 0	 0	 69	 0	 0	 0	 0	 0	 0	 455	 0	 0	 0	 0	 0	 0	 837	 0	 0	 0	 0	 0	 0	 0	 0	 0	 0	 0	 0	 0	 0	 0	 0	 0	 0	 0	 0	 0	 0	 0	 0	 0	 1097	 0	 0	 0	 0	 0	 0	 0	 0	 0	 0	 0	 0	 0	 0	 0	 0	 846	 0	 0	 0	 0	 0	 0	 0	 0	 0	 0	 124	 0	 0
"UBA9475 sp002161235"	 0	 0	 0	 0	 0	 0	 0	 0	 0	 0	 0	 0	 0	 0	 0	 0	 0	 0	 0	 0	 72	 0	 0	 0	 0	 0	 0	 0	 0	 0	 0	 0	 0	 0	 0	 0	 0	 0	 0	 0	 0	 0	 0	 62	 0	 0	 0	 0	 0	 0	 0	 0	 0	 0	 0	 0	 0	 0	 0	 0	 0	 0	 0	 0	 0	 0	 0	 0	 0	 0	 0	 49	 0	 0	 0	 0	 0	 0	 0	 0	 0	 0	 0	 0	 0	 0	 0	 0	 0	 0	 0	 0	 0	 0	 0	 0	 0
"UBA9475 sp002161675"	 0	 0	 0	 0	 0	 0	 0	 0	 0	 0	 0	 0	 0	 0	 0	 0	 65	 0	 0	 0	 0	 0	 0	 0	 0	 0	 0	 0	 0	 0	 0	 0	 0	 0	 0	 0	 0	 0	 0	 0	 0	 0	 0	 54	 0	 0	 0	 0	 0	 0	 0	 0	 0	 0	 0	 0	 0	 0	 0	 0	 0	 0	 0	 0	 0	 0	 0	 0	 0	 0	 0	 48	 0	 0	 0	 0	 0	 0	 0	 0	 0	 0	 0	 0	 0	 0	 0	 0	 0	 0	 0	 156	 0	 0	 0	 0	 0
"UBA9475 sp003534045"	 0	 0	 0	 0	 0	 0	 0	 0	 0	 0	 0	 0	 0	 0	 0	 0	 0	 0	 0	 0	 0	 0	 0	 0	 0	 0	 0	 0	 0	 0	 0	 0	 0	 0	 0	 0	 0	 0	 0	 0	 0	 0	 0	 0	 0	 0	 0	 0	 0	 0	 0	 0	 0	 0	 0	 0	 0	 0	 0	 0	 0	 0	 0	 0	 0	 0	 0	 0	 0	 0	 0	 47	 0	 0	 0	 0	 0	 0	 0	 0	 0	 0	 0	 0	 0	 0	 0	 0	 0	 0	 0	 0	 0	 0	 0	 0	 0
"QAMX01 sp003149835"	 0	 0	 0	 0	 0	 0	 0	 0	 0	 0	 0	 0	 0	 0	 0	 0	 0	 0	 0	 0	 0	 0	 0	 0	 0	 0	 0	 0	 0	 0	 0	 0	 0	 0	 0	 0	 0	 0	 0	 0	 0	 0	 0	 0	 0	 0	 0	 0	 0	 0	 0	 0	 0	 0	 0	 0	 0	 0	 0	 0	 0	 0	 0	 0	 0	 0	 81	 0	 0	 0	 0	 0	 0	 0	 0	 0	 0	 0	 0	 0	 0	 0	 0	 0	 0	 0	 0	 0	 0	 0	 0	 0	 0	 0	 0	 0	 0
"Anaerofilum sp002160015"	 0	 0	 0	 0	 0	 0	 0	 0	 0	 0	 0	 0	 0	 0	 0	 0	 75	 0	 0	 0	 0	 0	 0	 0	 0	 0	 0	 0	 0	 0	 0	 0	 0	 0	 0	 0	 0	 0	 0	 0	 0	 0	 0	 46	 0	 0	 0	 0	 0	 0	 0	 0	 0	 0	 0	 0	 0	 0	 0	 0	 0	 0	 0	 0	 0	 0	 0	 0	 0	 0	 0	 0	 0	 0	 0	 0	 0	 0	 0	 0	 0	 0	 132	 0	 0	 0	 0	 0	 0	 0	 0	 102	 0	 0	 0	 0	 0
"Anaerotruncus colihominis"	 0	 0	 62	 0	 50	 67	 0	 0	 109	 0	 51	 89	 0	 0	 0	 114	 142	 0	 59	 0	 272	 0	 2225	 0	 0	 0	 0	 55	 0	 0	 0	 0	 0	 0	 0	 39	 0	 0	 47	 0	 0	 0	 69	 310	 0	 0	 0	 37	 0	 0	 0	 29	 0	 0	 83	 35	 305	 0	 0	 0	 411	 0	 0	 50	 57	 0	 0	 0	 37	 0	 128	 73	 0	 0	 0	 0	 61	 70	 0	 0	 2230	 0	 0	 0	 0	 287	 51	 188	 40	 0	 0	 38	 0	 12	 0	 48	 261
"Anaerotruncus massiliensis"	 0	 0	 0	 0	 0	 0	 0	 0	 0	 0	 0	 0	 0	 0	 0	 0	 0	 0	 0	 0	 0	 0	 0	 0	 0	 0	 0	 0	 0	 0	 0	 0	 0	 0	 0	 0	 0	 0	 0	 0	 0	 0	 171	 0	 0	 0	 0	 84	 0	 0	 0	 0	 0	 0	 0	 0	 0	 0	 0	 0	 0	 0	 0	 0	 0	 0	 0	 0	 0	 0	 0	 0	 0	 0	 0	 0	 0	 0	 0	 0	 0	 0	 0	 0	 0	 0	 0	 0	 0	 0	 0	 0	 0	 0	 0	 0	 0
"Anaerotruncus rubiinfantis"	 0	 0	 0	 0	 0	 0	 0	 0	 0	 0	 0	 0	 0	 0	 0	 0	 0	 0	 0	 0	 222	 0	 0	 0	 0	 0	 0	 0	 0	 0	 0	 0	 0	 0	 0	 0	 0	 0	 0	 0	 0	 0	 0	 0	 0	 0	 0	 0	 0	 0	 0	 0	 0	 0	 0	 0	 0	 0	 0	 0	 0	 0	 0	 0	 0	 0	 0	 0	 0	 0	 0	 0	 0	 0	 0	 0	 0	 0	 0	 0	 0	 0	 0	 247	 0	 0	 0	 0	 0	 0	 79	 0	 0	 0	 0	 0	 0
"Angelakisella massiliensis"	 0	 0	 0	 0	 0	 254	 0	 0	 0	 0	 0	 0	 0	 0	 0	 0	 1208	 0	 0	 0	 163	 0	 0	 0	 0	 0	 0	 0	 0	 0	 0	 0	 0	 0	 0	 0	 0	 0	 0	 0	 94	 0	 0	 144	 0	 0	 0	 0	 0	 0	 0	 0	 0	 0	 0	 0	 0	 0	 0	 0	 0	 0	 0	 43	 0	 0	 0	 0	 0	 0	 0	 48	 0	 0	 0	 0	 0	 0	 0	 0	 0	 0	 0	 0	 0	 0	 0	 0	 0	 0	 73	 0	 0	 0	 0	 0	 0
"Angelakisella sp003453215"	 0	 0	 83	 0	 114	 0	 0	 56	 0	 0	 0	 0	 0	 0	 0	 0	 0	 0	 0	 0	 0	 0	 0	 0	 0	 0	 0	 0	 0	 0	 0	 0	 0	 46	 0	 0	 0	 0	 0	 0	 0	 0	 0	 0	 0	 0	 0	 0	 0	 0	 0	 0	 0	 0	 0	 0	 0	 0	 0	 0	 0	 0	 0	 0	 0	 0	 89	 0	 0	 0	 0	 0	 0	 0	 0	 0	 0	 0	 0	 0	 0	 0	 0	 0	 0	 0	 0	 0	 0	 0	 95	 0	 0	 0	 78	 0	 0
"Bittarella massiliensis"	 0	 0	 0	 0	 0	 0	 0	 0	 0	 0	 0	 0	 0	 0	 0	 0	 0	 0	 51	 0	 0	 0	 0	 0	 0	 0	 0	 0	 0	 0	 0	 0	 0	 64	 40	 0	 0	 119	 0	 0	 0	 0	 177	 0	 0	 0	 0	 42	 0	 0	 0	 0	 0	 0	 0	 0	 0	 0	 0	 0	 0	 0	 0	 0	 0	 0	 0	 0	 0	 0	 0	 0	 0	 0	 0	 0	 0	 0	 0	 0	 0	 0	 0	 0	 0	 0	 0	 0	 0	 0	 0	 0	 0	 0	 0	 0	 0
"CAG-115 sp000432175"	 0	 0	 85	 0	 0	 0	 0	 0	 0	 0	 0	 0	 0	 0	 0	 0	 0	 0	 0	 0	 0	 0	 0	 0	 44	 0	 0	 0	 0	 0	 0	 0	 0	 0	 0	 0	 0	 0	 0	 0	 0	 0	 0	 0	 0	 0	 0	 0	 0	 0	 0	 0	 0	 0	 0	 0	 0	 0	 0	 0	 0	 0	 0	 0	 0	 0	 0	 0	 0	 0	 0	 0	 0	 0	 0	 0	 0	 0	 0	 0	 0	 0	 0	 0	 0	 0	 0	 0	 0	 0	 77	 0	 0	 0	 87	 0	 0
"CAG-115 sp003507295"	 0	 0	 463	 0	 0	 0	 0	 0	 0	 0	 0	 0	 0	 0	 0	 0	 0	 0	 0	 0	 0	 0	 0	 0	 56	 0	 0	 0	 0	 0	 0	 0	 0	 0	 0	 0	 0	 0	 0	 0	 0	 0	 0	 0	 0	 0	 0	 0	 0	 0	 0	 0	 0	 0	 0	 0	 0	 0	 0	 0	 0	 0	 0	 0	 0	 0	 470	 0	 0	 0	 0	 0	 0	 0	 0	 0	 0	 0	 0	 0	 0	 0	 0	 0	 0	 0	 0	 0	 0	 0	 1178	 0	 0	 0	 622	 0	 0
"CAG-115 sp003531585"	 0	 0	 104	 0	 0	 0	 0	 0	 0	 0	 0	 0	 0	 0	 0	 0	 0	 0	 0	 0	 0	 0	 0	 0	 2600	 0	 0	 0	 0	 0	 0	 0	 0	 0	 0	 0	 0	 0	 0	 0	 0	 0	 0	 0	 0	 0	 0	 0	 0	 0	 0	 0	 0	 0	 0	 0	 0	 0	 0	 0	 0	 0	 0	 0	 0	 0	 0	 0	 0	 0	 0	 0	 0	 0	 0	 0	 0	 0	 0	 0	 0	 0	 0	 0	 0	 0	 0	 0	 0	 0	 66	 0	 0	 0	 90	 0	 0
"CAG-353 sp900066885"	 0	 0	 0	 0	 0	 0	 0	 0	 0	 0	 0	 0	 0	 0	 0	 0	 0	 0	 0	 0	 0	 0	 0	 0	 0	 0	 0	 0	 0	 0	 0	 0	 0	 0	 0	 0	 0	 0	 0	 0	 0	 0	 0	 0	 0	 0	 0	 0	 0	 0	 0	 0	 0	 0	 0	 0	 0	 0	 0	 0	 0	 0	 0	 0	 0	 0	 0	 0	 0	 0	 0	 0	 0	 0	 33	 0	 0	 0	 0	 0	 0	 0	 0	 0	 0	 0	 0	 0	 0	 41	 0	 0	 0	 0	 0	 0	 0
"Faecalibacterium prausnitzii"	 104	 120	 869	 956	 1202	 113	 330	 540	 70	 1235	 68	 54	 82	 1117	 71	 111	 534	 40	 34	 87	 1098	 969	 84	 744	 69	 87	 1072	 126	 840	 1089	 78	 54	 1313	 445	 60	 38	 77	 1084	 1386	 299	 899	 940	 815	 0	 0	 0	 1050	 155	 1119	 1053	 52	 1000	 848	 0	 79	 1012	 121	 97	 35	 978	 1017	 0	 960	 441	 838	 1020	 360	 897	 297	 911	 0	 379	 1441	 860	 594	 910	 1268	 880	 870	 380	 60	 94	 944	 1216	 1060	 49	 386	 39	 148	 1222	 928	 235	 286	 369	 497	 949	 1070
"Faecalibacterium prausnitzii_A"	 43	 59	 248	 262	 224	 0	 271	 1015	 0	 324	 0	 0	 0	 254	 0	 67	 153	 0	 0	 0	 217	 230	 0	 983	 33	 65	 128	 43	 240	 157	 36	 29	 219	 390	 0	 0	 25	 180	 138	 205	 289	 211	 198	 0	 0	 0	 182	 76	 117	 172	 0	 146	 195	 0	 34	 125	 64	 42	 15	 215	 198	 0	 102	 269	 203	 181	 355	 332	 214	 287	 0	 301	 215	 266	 134	 311	 127	 558	 235	 281	 0	 41	 203	 325	 255	 0	 336	 0	 68	 241	 754	 663	 801	 115	 711	 129	 136
"Faecalibacterium prausnitzii_C"	 1161	 1174	 991	 790	 1062	 1025	 376	 1183	 66	 98	 921	 0	 63	 1056	 0	 975	 939	 32	 30	 1430	 811	 899	 55	 372	 887	 936	 967	 72	 959	 137	 67	 34	 948	 1070	 897	 37	 62	 1025	 95	 137	 1048	 1200	 970	 0	 0	 0	 994	 111	 48	 1301	 31	 76	 142	 39	 73	 73	 88	 943	 333	 773	 113	 0	 46	 46	 941	 949	 1040	 1081	 95	 1093	 0	 939	 1018	 739	 49	 675	 82	 1005	 140	 968	 113	 1093	 925	 1084	 961	 842	 159	 0	 115	 954	 1102	 52	 871	 927	 773	 87	 894
"Faecalibacterium prausnitzii_D"	 128	 364	 621	 1359	 1169	 921	 180	 1123	 1149	 298	 73	 1166	 1233	 1089	 1106	 1089	 1419	 31	 36	 1056	 365	 1348	 94	 543	 219	 96	 121	 1158	 489	 1071	 137	 53	 270	 1323	 59	 43	 1095	 605	 1084	 1201	 194	 1210	 296	 0	 0	 0	 1354	 1165	 363	 1288	 66	 124	 122	 26	 99	 936	 1274	 1140	 385	 1246	 1007	 0	 68	 49	 148	 173	 205	 1422	 1176	 1131	 0	 1170	 1092	 1063	 48	 1162	 130	 1018	 1286	 1157	 355	 119	 1090	 1261	 1147	 35	 1072	 0	 1085	 1112	 1522	 74	 115	 68	 464	 113	 271
"Faecalibacterium prausnitzii_E"	 22	 0	 52	 0	 0	 0	 824	 246	 0	 0	 0	 0	 0	 37	 0	 0	 0	 0	 0	 0	 0	 62	 0	 77	 0	 0	 0	 0	 0	 47	 764	 0	 34	 49	 0	 0	 0	 41	 0	 0	 63	 0	 0	 0	 0	 0	 53	 0	 0	 0	 0	 0	 791	 0	 0	 0	 0	 0	 19	 0	 0	 0	 0	 0	 51	 0	 368	 785	 0	 54	 0	 72	 1370	 0	 0	 756	 0	 0	 0	 38	 0	 0	 0	 0	 39	 0	 0	 0	 73	 377	 814	 0	 35	 12	 718	 0	 0
"Faecalibacterium prausnitzii_F"	 23	 35	 0	 73	 63	 0	 40	 73	 0	 238	 0	 0	 0	 64	 0	 0	 0	 0	 0	 0	 0	 65	 0	 53	 0	 27	 0	 48	 69	 47	 0	 0	 36	 61	 0	 0	 0	 31	 0	 0	 0	 0	 0	 0	 0	 0	 37	 50	 0	 50	 0	 0	 54	 0	 0	 0	 34	 0	 10	 45	 54	 0	 0	 0	 0	 0	 0	 260	 39	 59	 0	 1353	 54	 50	 0	 58	 0	 63	 62	 56	 0	 0	 0	 134	 52	 0	 61	 0	 48	 53	 72	 0	 0	 0	 63	 0	 0
"Faecalibacterium prausnitzii_G"	 861	 872	 938	 895	 623	 94	 731	 733	 811	 946	 637	 35	 729	 602	 33	 546	 961	 551	 809	 164	 209	 999	 1094	 813	 694	 572	 652	 834	 741	 984	 646	 699	 890	 902	 915	 690	 729	 730	 708	 844	 809	 545	 82	 0	 1189	 0	 1129	 894	 50	 744	 646	 561	 712	 260	 672	 740	 1029	 1096	 358	 1004	 983	 0	 732	 0	 854	 176	 335	 746	 737	 963	 0	 808	 605	 1257	 37	 735	 517	 779	 908	 745	 127	 732	 509	 427	 767	 0	 997	 901	 1084	 690	 943	 665	 604	 30	 861	 617	 607
"Faecalibacterium prausnitzii_H"	 0	 0	 0	 0	 0	 0	 35	 0	 0	 0	 0	 0	 0	 32	 0	 0	 0	 0	 0	 0	 0	 0	 0	 1373	 0	 0	 0	 0	 0	 0	 0	 0	 39	 0	 0	 0	 0	 0	 0	 0	 0	 0	 0	 0	 0	 0	 0	 0	 0	 0	 0	 0	 0	 0	 0	 0	 0	 0	 0	 0	 0	 0	 0	 0	 0	 0	 0	 48	 0	 0	 0	 1447	 48	 0	 0	 51	 0	 0	 0	 0	 0	 0	 0	 0	 0	 0	 0	 0	 0	 39	 66	 0	 0	 13	 267	 0	 0
"Faecalibacterium prausnitzii_I"	 113	 628	 767	 85	 77	 0	 98	 1724	 0	 66	 32	 0	 0	 100	 0	 56	 406	 0	 0	 0	 0	 102	 0	 649	 0	 48	 77	 33	 105	 61	 36	 0	 1664	 84	 0	 0	 25	 41	 64	 72	 71	 91	 0	 0	 0	 0	 54	 37	 33	 73	 0	 39	 94	 20	 38	 36	 0	 53	 14	 81	 95	 0	 0	 0	 63	 309	 91	 1153	 40	 99	 0	 131	 1398	 63	 0	 112	 53	 222	 95	 92	 0	 47	 61	 245	 69	 0	 60	 0	 67	 118	 270	 39	 68	 35	 1701	 59	 76
"Faecalibacterium prausnitzii_J"	 0	 0	 0	 0	 0	 0	 193	 54	 0	 0	 0	 0	 0	 42	 0	 0	 0	 0	 0	 0	 0	 0	 0	 0	 0	 0	 0	 0	 0	 0	 0	 0	 0	 0	 0	 0	 0	 30	 0	 194	 53	 0	 0	 0	 0	 0	 0	 0	 0	 0	 0	 0	 0	 0	 0	 0	 0	 0	 0	 0	 0	 0	 0	 0	 0	 0	 199	 0	 311	 0	 0	 234	 0	 0	 33	 0	 50	 0	 31	 273	 0	 0	 0	 0	 0	 0	 77	 0	 0	 0	 0	 0	 0	 28	 0	 0	 0
"Faecalibacterium sp002160895"	 0	 0	 0	 0	 0	 0	 0	 0	 0	 0	 0	 0	 0	 0	 0	 0	 69	 0	 45	 0	 0	 0	 0	 0	 0	 0	 0	 0	 0	 0	 0	 0	 0	 0	 0	 0	 0	 0	 0	 0	 0	 0	 0	 69	 0	 0	 0	 0	 0	 0	 0	 0	 43	 0	 0	 0	 0	 0	 0	 0	 0	 0	 0	 37	 0	 0	 0	 0	 0	 0	 0	 0	 0	 0	 0	 0	 0	 0	 0	 0	 0	 0	 0	 0	 0	 0	 0	 0	 0	 0	 0	 0	 0	 0	 0	 0	 0
"Faecalibacterium sp003449675"	 0	 0	 53	 0	 0	 0	 102	 110	 0	 0	 0	 0	 0	 56	 0	 0	 0	 0	 0	 0	 0	 51	 0	 80	 0	 0	 0	 0	 0	 0	 0	 0	 39	 79	 0	 0	 0	 50	 0	 48	 44	 0	 56	 0	 0	 0	 0	 0	 0	 0	 0	 27	 48	 0	 0	 0	 0	 0	 0	 43	 0	 0	 0	 47	 48	 39	 78	 68	 41	 54	 0	 59	 35	 61	 0	 56	 0	 77	 51	 57	 0	 0	 0	 63	 51	 0	 111	 0	 0	 55	 77	 45	 56	 24	 68	 0	 0
"Fournierella massiliensis"	 0	 0	 0	 0	 0	 0	 0	 0	 0	 0	 0	 0	 0	 0	 0	 0	 0	 0	 0	 0	 0	 0	 0	 0	 0	 0	 0	 0	 0	 0	 0	 0	 0	 0	 0	 0	 47	 509	 0	 0	 0	 0	 0	 686	 0	 0	 0	 53	 0	 0	 0	 0	 0	 0	 0	 699	 0	 0	 0	 0	 0	 0	 0	 0	 0	 0	 0	 0	 0	 0	 0	 0	 0	 0	 0	 0	 0	 0	 0	 0	 0	 0	 0	 0	 0	 160	 0	 0	 0	 0	 0	 68	 0	 0	 0	 0	 0
"Fournierella sp002159185"	 0	 0	 0	 0	 0	 0	 0	 0	 0	 0	 0	 0	 0	 0	 0	 0	 0	 0	 0	 0	 0	 0	 0	 0	 0	 0	 0	 0	 0	 0	 0	 0	 0	 0	 0	 0	 39	 31	 0	 0	 0	 0	 0	 67	 0	 0	 0	 0	 0	 0	 0	 0	 0	 0	 0	 0	 0	 0	 0	 0	 0	 0	 0	 0	 0	 0	 0	 0	 0	 0	 0	 0	 0	 0	 0	 0	 0	 0	 0	 0	 0	 0	 0	 0	 0	 326	 0	 0	 0	 0	 0	 0	 0	 0	 0	 0	 0
"Fournierella sp002160145"	 0	 0	 0	 0	 0	 0	 0	 0	 0	 0	 0	 0	 0	 0	 0	 0	 0	 0	 0	 0	 0	 0	 0	 0	 0	 0	 0	 0	 0	 0	 0	 0	 0	 0	 0	 0	 90	 80	 0	 0	 0	 0	 0	 933	 0	 0	 0	 0	 0	 0	 0	 0	 0	 0	 0	 47	 0	 0	 0	 0	 0	 0	 0	 0	 0	 0	 0	 0	 0	 0	 0	 0	 0	 0	 0	 0	 0	 0	 0	 0	 0	 0	 0	 0	 0	 127	 0	 0	 0	 0	 0	 0	 0	 0	 0	 0	 0
"Fournierella sp002161595"	 0	 0	 0	 0	 0	 0	 0	 0	 0	 0	 0	 0	 0	 0	 0	 0	 0	 0	 0	 0	 0	 0	 0	 0	 0	 0	 0	 0	 0	 0	 0	 0	 0	 0	 0	 0	 922	 76	 0	 0	 0	 0	 0	 178	 0	 0	 0	 0	 0	 0	 0	 0	 0	 0	 0	 36	 0	 0	 0	 0	 0	 0	 0	 0	 0	 0	 0	 0	 0	 0	 0	 0	 0	 0	 0	 0	 0	 0	 0	 0	 0	 0	 0	 0	 0	 334	 0	 0	 0	 0	 0	 0	 0	 0	 0	 0	 0
"Gemmiger formicilis"	 193	 414	 696	 571	 775	 566	 414	 641	 0	 588	 0	 0	 0	 657	 0	 534	 611	 0	 0	 656	 564	 605	 0	 671	 595	 811	 610	 81	 728	 747	 560	 34	 604	 0	 149	 517	 0	 480	 618	 490	 560	 683	 0	 0	 0	 0	 352	 526	 666	 621	 0	 50	 40	 0	 0	 0	 0	 526	 21	 78	 527	 490	 0	 0	 572	 454	 617	 562	 624	 574	 0	 641	 578	 509	 123	 653	 641	 507	 572	 636	 541	 0	 647	 670	 528	 0	 0	 0	 498	 700	 695	 0	 500	 0	 130	 0	 628
"Gemmiger qucibialis"	 26	 47	 857	 919	 817	 794	 237	 792	 0	 838	 782	 0	 0	 805	 0	 819	 1000	 817	 0	 58	 806	 783	 695	 738	 550	 688	 808	 0	 793	 744	 813	 767	 787	 707	 790	 30	 0	 0	 791	 645	 861	 845	 904	 0	 0	 0	 941	 735	 771	 801	 731	 46	 0	 0	 774	 808	 0	 774	 10	 947	 833	 0	 799	 0	 717	 802	 1057	 823	 35	 880	 0	 802	 707	 428	 0	 802	 0	 796	 789	 769	 0	 766	 751	 1000	 734	 0	 186	 0	 909	 955	 1036	 0	 724	 661	 680	 0	 281
"Gemmiger variabilis"	 0	 0	 0	 0	 0	 0	 0	 0	 0	 0	 152	 0	 0	 0	 0	 0	 0	 0	 0	 0	 0	 0	 0	 0	 0	 0	 0	 0	 0	 0	 0	 0	 0	 0	 0	 0	 0	 0	 0	 0	 0	 0	 0	 40	 0	 0	 0	 0	 0	 0	 0	 0	 0	 0	 0	 0	 0	 0	 0	 0	 0	 0	 0	 0	 0	 57	 0	 0	 0	 0	 0	 0	 0	 0	 0	 0	 0	 0	 0	 0	 0	 0	 0	 0	 0	 191	 0	 0	 0	 0	 0	 0	 0	 0	 0	 0	 0
"Gemmiger variabilis_C"	 0	 0	 0	 0	 0	 0	 0	 0	 0	 0	 68	 0	 0	 0	 0	 0	 0	 0	 0	 0	 0	 0	 0	 0	 0	 0	 0	 0	 0	 0	 0	 0	 0	 0	 0	 0	 0	 0	 0	 0	 0	 0	 0	 0	 0	 0	 0	 0	 0	 0	 0	 0	 0	 0	 0	 0	 0	 0	 0	 0	 0	 0	 0	 0	 0	 0	 0	 0	 0	 0	 0	 0	 0	 0	 0	 0	 0	 0	 0	 0	 0	 0	 0	 0	 0	 42	 0	 0	 0	 0	 0	 0	 0	 0	 0	 0	 0
"Gemmiger_A sp002160955"	 0	 0	 0	 0	 0	 0	 0	 0	 0	 0	 0	 0	 0	 0	 0	 0	 0	 0	 0	 0	 0	 0	 0	 0	 0	 0	 0	 0	 0	 0	 0	 0	 0	 0	 0	 0	 0	 0	 0	 0	 0	 0	 0	 53	 0	 0	 0	 0	 0	 0	 0	 0	 0	 0	 0	 0	 0	 0	 0	 0	 0	 0	 0	 0	 0	 0	 0	 0	 0	 0	 0	 0	 0	 0	 0	 0	 0	 0	 0	 0	 0	 0	 0	 0	 0	 0	 0	 0	 0	 0	 0	 0	 0	 0	 0	 0	 0
"Harryflintia acetispora"	 0	 0	 0	 0	 0	 0	 0	 0	 0	 0	 0	 0	 0	 0	 0	 0	 0	 0	 0	 0	 0	 0	 0	 0	 0	 0	 0	 0	 0	 0	 0	 0	 0	 0	 0	 0	 0	 0	 0	 0	 0	 0	 71	 69	 0	 0	 0	 0	 0	 0	 0	 0	 0	 0	 0	 0	 0	 0	 0	 0	 0	 0	 0	 0	 0	 0	 0	 0	 0	 0	 0	 0	 0	 0	 0	 0	 0	 0	 0	 0	 0	 0	 0	 0	 0	 0	 0	 0	 0	 0	 0	 0	 0	 0	 0	 0	 0
"Massilimaliae massiliensis"	 0	 0	 0	 0	 55	 330	 0	 0	 0	 0	 0	 0	 2396	 0	 0	 628	 2379	 0	 0	 0	 2606	 0	 0	 0	 0	 0	 0	 0	 0	 0	 0	 0	 324	 208	 0	 0	 0	 0	 214	 385	 0	 0	 0	 0	 0	 0	 0	 138	 0	 0	 0	 0	 0	 0	 195	 0	 0	 0	 0	 59	 0	 0	 0	 0	 87	 0	 0	 0	 0	 0	 0	 0	 0	 0	 0	 0	 356	 46	 0	 0	 0	 0	 0	 0	 0	 0	 0	 2374	 0	 0	 1715	 0	 0	 0	 0	 0	 0
"Massilimaliae timonensis"	 0	 0	 0	 0	 0	 289	 0	 0	 94	 69	 0	 55	 225	 0	 0	 0	 175	 0	 211	 0	 782	 0	 47	 0	 0	 0	 0	 0	 0	 0	 0	 0	 68	 0	 0	 0	 0	 0	 0	 57	 0	 0	 0	 0	 0	 0	 0	 219	 0	 0	 0	 0	 99	 0	 0	 0	 0	 0	 0	 0	 56	 0	 0	 0	 98	 0	 0	 0	 0	 0	 0	 0	 0	 0	 0	 0	 0	 59	 37	 0	 131	 0	 0	 0	 0	 0	 0	 1174	 0	 0	 102	 37	 0	 0	 0	 37	 0
"Massilioclostridium coli"	 0	 0	 0	 0	 0	 0	 0	 0	 0	 0	 0	 0	 0	 0	 0	 0	 0	 0	 0	 0	 171	 0	 0	 0	 0	 0	 0	 0	 0	 0	 0	 0	 0	 0	 0	 0	 0	 130	 0	 0	 0	 0	 0	 202	 0	 0	 0	 0	 0	 0	 0	 0	 0	 0	 0	 0	 0	 0	 0	 0	 0	 0	 0	 0	 0	 0	 0	 0	 0	 0	 29	 0	 0	 0	 0	 0	 0	 0	 0	 0	 0	 0	 0	 0	 0	 0	 0	 0	 0	 0	 66	 0	 0	 0	 0	 0	 41
"Negativibacillus massiliensis"	 0	 0	 0	 1038	 901	 89	 0	 364	 0	 43	 1314	 1046	 1009	 0	 0	 991	 81	 0	 0	 0	 176	 210	 0	 0	 0	 0	 0	 715	 518	 0	 0	 0	 0	 1080	 0	 0	 45	 1313	 338	 399	 80	 0	 981	 79	 0	 0	 0	 0	 412	 371	 0	 1197	 97	 0	 214	 0	 0	 0	 29	 164	 960	 0	 858	 997	 784	 0	 0	 0	 1146	 71	 0	 72	 0	 1076	 0	 0	 0	 0	 0	 0	 0	 0	 0	 0	 0	 0	 1130	 0	 188	 0	 1040	 0	 440	 0	 0	 0	 1012
"Negativibacillus sp000435195"	 526	 1041	 77	 0	 1135	 0	 0	 0	 0	 0	 0	 0	 0	 0	 0	 0	 71	 0	 0	 1031	 882	 0	 0	 513	 0	 0	 0	 0	 1084	 987	 0	 0	 328	 0	 0	 512	 0	 0	 0	 0	 66	 0	 923	 63	 0	 0	 0	 961	 116	 0	 0	 0	 49	 0	 0	 0	 0	 0	 0	 635	 0	 0	 0	 0	 0	 1058	 0	 363	 0	 1002	 0	 79	 0	 0	 0	 0	 0	 0	 0	 736	 0	 0	 880	 1056	 0	 0	 0	 0	 0	 0	 1023	 0	 0	 0	 0	 0	 0
"Neobitarella massiliensis"	 0	 0	 0	 0	 0	 0	 0	 0	 0	 0	 0	 0	 0	 0	 0	 0	 0	 0	 0	 0	 0	 0	 0	 0	 0	 0	 0	 0	 0	 0	 0	 0	 0	 0	 0	 0	 0	 0	 0	 0	 0	 0	 0	 0	 0	 0	 0	 0	 0	 0	 0	 0	 0	 0	 0	 0	 0	 0	 0	 0	 0	 0	 0	 0	 0	 0	 0	 0	 0	 0	 0	 0	 0	 0	 0	 0	 0	 0	 0	 0	 0	 0	 0	 0	 0	 0	 0	 0	 0	 0	 0	 0	 0	 0	 0	 49	 0
"Phocea massiliensis"	 0	 0	 0	 0	 0	 0	 0	 0	 37	 0	 0	 1645	 0	 0	 36	 49	 0	 0	 0	 0	 139	 0	 0	 0	 251	 0	 0	 52	 0	 141	 0	 0	 0	 0	 0	 0	 0	 312	 57	 0	 0	 0	 78	 0	 0	 0	 0	 89	 0	 0	 0	 0	 0	 0	 46	 0	 0	 0	 13	 0	 0	 1300	 42	 0	 44	 0	 0	 0	 0	 0	 45	 0	 0	 0	 0	 0	 0	 0	 239	 0	 84	 0	 209	 146	 0	 0	 215	 0	 0	 0	 0	 528	 0	 0	 0	 74	 53
"QAMM01 sp003150405"	 0	 0	 0	 0	 0	 0	 0	 0	 0	 0	 0	 0	 0	 0	 0	 0	 0	 0	 0	 0	 0	 0	 0	 0	 0	 0	 0	 0	 0	 0	 0	 0	 0	 0	 0	 0	 0	 0	 0	 0	 0	 0	 53	 0	 0	 0	 0	 0	 0	 0	 0	 0	 0	 0	 0	 0	 0	 0	 0	 0	 0	 0	 0	 0	 71	 0	 0	 0	 0	 0	 157	 0	 0	 0	 0	 0	 0	 0	 0	 0	 0	 0	 0	 0	 0	 0	 0	 0	 0	 0	 0	 0	 0	 0	 0	 0	 0
"QANG01 sp003150145"	 0	 0	 0	 0	 0	 0	 0	 0	 0	 0	 0	 0	 0	 0	 0	 0	 0	 0	 0	 0	 0	 0	 0	 0	 45	 0	 0	 0	 0	 0	 0	 0	 0	 0	 0	 0	 0	 0	 0	 0	 0	 0	 0	 0	 0	 0	 0	 0	 0	 0	 0	 0	 0	 0	 0	 0	 0	 0	 0	 0	 82	 0	 0	 0	 0	 0	 0	 0	 0	 0	 0	 0	 0	 0	 0	 0	 0	 0	 0	 0	 0	 0	 0	 0	 0	 0	 0	 0	 0	 0	 0	 0	 0	 0	 0	 0	 0
"Ruminiclostridium_E siraeum"	 0	 0	 680	 1222	 56	 1878	 0	 941	 0	 0	 0	 0	 0	 0	 0	 0	 1089	 0	 0	 0	 97	 0	 0	 0	 0	 0	 557	 0	 187	 0	 0	 0	 0	 0	 0	 0	 0	 0	 0	 0	 0	 0	 0	 0	 0	 0	 0	 57	 0	 0	 0	 0	 0	 0	 0	 0	 0	 0	 0	 958	 0	 0	 0	 0	 47	 0	 0	 0	 41	 0	 0	 0	 0	 1021	 0	 0	 0	 0	 0	 0	 0	 0	 0	 1034	 50	 0	 1118	 0	 1197	 0	 572	 1195	 0	 0	 271	 0	 964
"Ruminiclostridium_E sp003512525"	 0	 0	 0	 0	 0	 0	 0	 56	 0	 0	 0	 0	 0	 0	 0	 0	 0	 0	 0	 0	 0	 0	 0	 0	 0	 0	 45	 0	 0	 0	 0	 0	 0	 0	 0	 0	 0	 0	 0	 0	 0	 0	 0	 0	 0	 0	 0	 0	 0	 0	 0	 0	 0	 0	 0	 0	 0	 0	 0	 62	 0	 0	 0	 0	 0	 0	 0	 0	 0	 0	 0	 0	 0	 70	 0	 0	 0	 0	 0	 0	 0	 0	 0	 71	 0	 0	 0	 0	 0	 0	 0	 0	 0	 0	 2050	 0	 0
"Ruminococcus sp002438605"	 0	 0	 0	 0	 0	 0	 0	 0	 0	 0	 0	 0	 0	 0	 0	 0	 0	 0	 0	 0	 0	 0	 0	 0	 0	 0	 0	 0	 0	 0	 0	 0	 0	 0	 0	 0	 0	 0	 0	 0	 0	 0	 0	 0	 0	 0	 0	 0	 0	 0	 0	 0	 0	 0	 0	 0	 0	 0	 0	 0	 0	 0	 0	 0	 0	 0	 0	 0	 0	 0	 0	 0	 0	 0	 0	 0	 0	 0	 0	 0	 0	 0	 0	 0	 0	 0	 0	 0	 0	 0	 0	 0	 0	 0	 118	 0	 0
"Ruminococcus_C callidus"	 89	 65	 63	 115	 65	 0	 0	 0	 0	 0	 685	 0	 0	 0	 0	 90	 93	 0	 0	 0	 505	 59	 0	 0	 0	 0	 0	 0	 150	 0	 0	 0	 68	 0	 0	 0	 0	 0	 64	 0	 0	 814	 0	 0	 0	 0	 794	 0	 0	 0	 0	 0	 85	 0	 812	 600	 75	 0	 300	 601	 0	 0	 0	 0	 0	 46	 0	 0	 102	 0	 0	 0	 0	 85	 71	 701	 122	 670	 0	 63	 0	 0	 943	 101	 92	 0	 0	 0	 0	 653	 0	 0	 0	 0	 706	 0	 0
"Ruminococcus_C sp000433635"	 0	 0	 375	 0	 362	 292	 0	 375	 0	 0	 0	 0	 0	 0	 0	 0	 0	 0	 0	 0	 0	 0	 0	 383	 418	 0	 0	 0	 465	 0	 0	 0	 0	 361	 0	 0	 0	 0	 0	 0	 422	 0	 0	 0	 0	 0	 0	 0	 0	 0	 0	 0	 0	 0	 0	 0	 0	 0	 0	 0	 0	 0	 0	 0	 0	 0	 0	 0	 0	 324	 0	 0	 0	 0	 0	 0	 416	 0	 0	 0	 0	 0	 0	 413	 0	 0	 0	 0	 0	 0	 0	 0	 0	 0	 0	 0	 0
"Ruminococcus_C sp000437175"	 0	 0	 0	 0	 0	 0	 0	 0	 0	 0	 0	 0	 0	 0	 0	 0	 0	 0	 0	 0	 0	 0	 0	 0	 0	 0	 0	 0	 0	 0	 0	 0	 0	 0	 0	 0	 0	 0	 0	 0	 0	 0	 0	 0	 0	 0	 488	 0	 0	 0	 0	 0	 0	 0	 0	 0	 0	 0	 0	 0	 0	 0	 0	 0	 0	 0	 0	 0	 0	 0	 0	 0	 0	 0	 0	 0	 0	 0	 0	 0	 0	 0	 0	 0	 0	 0	 0	 0	 0	 0	 0	 0	 33	 0	 0	 0	 0
"Ruminococcus_C sp000437255"	 0	 0	 0	 1258	 0	 0	 0	 0	 0	 0	 0	 0	 0	 0	 0	 0	 0	 0	 0	 0	 0	 0	 0	 0	 0	 0	 0	 0	 0	 0	 0	 0	 0	 0	 0	 0	 0	 0	 0	 0	 0	 0	 0	 0	 0	 0	 0	 0	 0	 0	 0	 0	 0	 0	 0	 0	 0	 0	 0	 0	 0	 0	 0	 0	 0	 0	 0	 0	 0	 0	 0	 0	 0	 0	 0	 0	 0	 0	 0	 0	 0	 0	 0	 0	 0	 0	 0	 0	 0	 0	 0	 0	 0	 0	 0	 0	 0
"Ruminococcus_D bicirculans"	 0	 39	 1384	 892	 1126	 0	 0	 1335	 1229	 0	 0	 0	 1040	 510	 0	 1189	 1120	 0	 0	 0	 1264	 1266	 0	 299	 0	 0	 0	 0	 1041	 0	 0	 0	 1323	 52	 535	 0	 0	 0	 1382	 1228	 1178	 1153	 0	 1363	 0	 0	 1306	 0	 0	 1416	 0	 0	 1219	 0	 1191	 0	 1136	 0	 0	 1035	 1131	 0	 0	 464	 940	 0	 186	 0	 1071	 1287	 0	 1232	 1024	 0	 1205	 1163	 1246	 1672	 1183	 0	 0	 0	 1221	 341	 124	 0	 0	 0	 1447	 1470	 248	 0	 0	 0	 0	 0	 0
"Ruminococcus_D sp000434695"	 0	 0	 0	 0	 0	 0	 0	 0	 0	 0	 0	 0	 0	 0	 0	 0	 0	 0	 0	 0	 0	 0	 0	 0	 0	 0	 0	 0	 0	 0	 0	 0	 0	 0	 0	 0	 0	 0	 0	 0	 0	 0	 0	 0	 0	 0	 0	 0	 0	 0	 0	 0	 0	 0	 0	 0	 0	 0	 0	 0	 0	 0	 0	 0	 0	 0	 1179	 0	 0	 0	 0	 0	 0	 0	 0	 0	 0	 0	 0	 0	 0	 0	 0	 0	 0	 0	 0	 0	 0	 0	 0	 0	 0	 0	 0	 0	 0
"Ruminococcus_D sp900604945"	 0	 0	 0	 0	 0	 0	 0	 0	 0	 0	 0	 0	 0	 0	 0	 0	 0	 0	 0	 0	 0	 0	 0	 0	 0	 0	 0	 0	 0	 0	 0	 0	 0	 0	 0	 0	 0	 0	 0	 0	 0	 0	 0	 0	 0	 0	 0	 0	 0	 0	 0	 0	 0	 0	 0	 0	 0	 0	 0	 0	 0	 0	 0	 0	 0	 0	 73	 0	 0	 0	 0	 0	 0	 0	 0	 0	 0	 0	 0	 0	 0	 0	 0	 0	 0	 0	 55	 0	 0	 0	 0	 0	 0	 0	 0	 0	 0
"Ruthenibacterium lactatiformans"	 0	 196	 675	 499	 65	 1786	 0	 175	 1191	 376	 1560	 1919	 1308	 27	 52	 1469	 1578	 0	 1993	 73	 1154	 53	 2788	 53	 707	 0	 61	 1145	 505	 350	 32	 500	 157	 462	 1436	 55	 91	 297	 1261	 257	 559	 229	 1886	 1749	 0	 0	 0	 1432	 0	 483	 80	 85	 900	 0	 970	 1096	 660	 0	 106	 132	 1723	 0	 0	 2005	 309	 71	 356	 0	 1685	 100	 1772	 316	 0	 286	 268	 0	 1355	 226	 1918	 646	 498	 28	 2297	 490	 114	 2427	 1325	 1831	 1430	 0	 71	 1291	 63	 0	 0	 1054	 1859
"Ruthenibacterium sp003149955"	 0	 0	 0	 0	 0	 776	 0	 0	 0	 0	 53	 0	 0	 0	 0	 0	 0	 0	 0	 0	 172	 0	 0	 0	 0	 0	 0	 0	 0	 0	 0	 0	 0	 0	 0	 0	 0	 0	 0	 0	 0	 0	 0	 69	 0	 0	 0	 0	 0	 0	 0	 0	 0	 0	 0	 0	 0	 0	 0	 0	 0	 0	 0	 0	 0	 0	 0	 0	 0	 0	 0	 0	 0	 0	 0	 0	 0	 0	 0	 0	 0	 0	 0	 0	 0	 0	 0	 94	 0	 0	 0	 0	 0	 0	 0	 0	 0
"UBA3818 sp002369315"	 0	 0	 0	 208	 265	 0	 0	 0	 0	 0	 0	 0	 0	 0	 0	 39	 436	 0	 0	 0	 148	 0	 0	 0	 0	 0	 0	 37	 51	 0	 0	 0	 0	 156	 0	 0	 0	 0	 0	 0	 0	 0	 404	 0	 0	 0	 0	 0	 0	 0	 0	 0	 90	 0	 0	 0	 0	 0	 0	 0	 0	 0	 0	 0	 0	 0	 0	 0	 38	 0	 0	 0	 0	 0	 0	 0	 0	 0	 0	 0	 0	 0	 0	 0	 0	 0	 197	 0	 117	 0	 154	 0	 0	 0	 0	 139	 102
"UBA5884 sp002431975"	 0	 0	 0	 0	 0	 0	 0	 0	 0	 0	 0	 0	 0	 0	 0	 0	 0	 0	 0	 0	 0	 0	 0	 0	 0	 0	 0	 0	 0	 0	 0	 0	 0	 0	 0	 0	 0	 0	 0	 0	 0	 0	 0	 0	 0	 0	 0	 0	 0	 0	 0	 0	 0	 0	 0	 0	 0	 0	 0	 0	 0	 0	 0	 0	 0	 0	 0	 0	 0	 0	 0	 0	 0	 0	 0	 0	 0	 0	 0	 0	 0	 0	 0	 0	 0	 0	 0	 0	 0	 0	 0	 0	 0	 0	 110	 0	 0
"QAKR01 sp003343705"	 0	 0	 0	 0	 0	 0	 0	 0	 0	 0	 0	 0	 0	 0	 0	 0	 112	 0	 0	 0	 0	 0	 0	 0	 0	 0	 0	 0	 0	 0	 0	 0	 0	 0	 0	 0	 0	 0	 0	 0	 0	 0	 0	 0	 0	 0	 0	 0	 0	 0	 0	 0	 0	 0	 0	 0	 0	 0	 0	 0	 0	 0	 0	 0	 0	 0	 0	 0	 0	 0	 0	 0	 0	 0	 0	 0	 0	 0	 0	 0	 0	 0	 0	 0	 0	 0	 0	 0	 0	 0	 0	 0	 0	 0	 0	 0	 0
"CAG-145 sp000435715"	 0	 0	 0	 0	 0	 0	 0	 0	 0	 0	 0	 0	 0	 0	 0	 74	 0	 0	 0	 0	 236	 0	 0	 0	 0	 0	 0	 0	 0	 0	 0	 0	 0	 0	 0	 0	 0	 0	 0	 0	 0	 0	 0	 0	 0	 0	 0	 0	 0	 0	 0	 0	 0	 0	 0	 0	 0	 0	 0	 0	 0	 0	 0	 0	 0	 0	 0	 0	 0	 0	 0	 0	 0	 0	 0	 0	 0	 66	 0	 0	 0	 0	 0	 0	 0	 0	 206	 56	 175	 0	 0	 0	 0	 0	 0	 0	 208
"CAG-145 sp003150015"	 0	 0	 0	 0	 0	 0	 0	 0	 30	 0	 0	 0	 0	 0	 0	 0	 0	 0	 0	 0	 0	 0	 0	 0	 0	 0	 0	 0	 0	 0	 0	 0	 0	 0	 0	 0	 0	 0	 0	 0	 0	 0	 0	 0	 0	 0	 0	 0	 0	 0	 0	 0	 0	 0	 0	 0	 0	 0	 0	 0	 0	 0	 0	 0	 0	 0	 0	 0	 0	 0	 0	 0	 0	 0	 0	 0	 0	 0	 0	 0	 0	 0	 0	 0	 0	 0	 0	 0	 0	 0	 0	 0	 0	 0	 0	 0	 0
"CAG-238 sp000435615"	 0	 0	 0	 292	 0	 295	 0	 73	 0	 0	 0	 47	 0	 0	 0	 0	 0	 0	 0	 0	 0	 0	 0	 193	 0	 0	 0	 0	 70	 0	 0	 0	 124	 95	 0	 0	 0	 0	 0	 0	 0	 83	 0	 0	 0	 0	 0	 0	 0	 0	 0	 0	 0	 0	 0	 0	 0	 0	 0	 0	 0	 0	 0	 0	 0	 0	 1463	 0	 0	 0	 0	 0	 0	 0	 0	 0	 166	 0	 0	 302	 0	 0	 302	 469	 0	 0	 0	 0	 0	 0	 1150	 0	 0	 0	 1460	 83	 0
"Emergencia sp900066695"	 0	 0	 0	 0	 0	 0	 0	 0	 36	 0	 0	 0	 0	 0	 0	 0	 0	 0	 0	 0	 0	 0	 0	 0	 0	 0	 0	 0	 0	 0	 0	 0	 0	 0	 0	 0	 0	 0	 0	 0	 0	 0	 174	 96	 0	 0	 0	 0	 0	 0	 0	 0	 0	 0	 0	 0	 0	 0	 0	 0	 0	 0	 0	 99	 0	 0	 0	 0	 0	 0	 0	 0	 0	 0	 0	 0	 0	 0	 0	 0	 0	 0	 0	 0	 0	 0	 222	 55	 0	 0	 0	 63	 0	 0	 0	 0	 0
"Emergencia timonensis"	 0	 0	 0	 0	 0	 0	 0	 0	 1122	 0	 0	 0	 0	 0	 0	 671	 0	 0	 0	 0	 152	 0	 0	 0	 0	 0	 0	 0	 0	 0	 0	 0	 0	 0	 0	 0	 0	 0	 0	 0	 0	 0	 0	 63	 0	 0	 0	 56	 0	 0	 0	 0	 0	 0	 0	 0	 0	 0	 0	 0	 0	 0	 0	 0	 0	 0	 0	 0	 0	 0	 0	 0	 0	 0	 0	 0	 0	 0	 0	 0	 0	 0	 0	 0	 0	 0	 233	 0	 0	 0	 0	 47	 0	 0	 0	 0	 0
"Mogibacterium diversum"	 0	 0	 0	 0	 0	 0	 0	 0	 0	 0	 0	 0	 0	 0	 0	 0	 0	 0	 0	 0	 0	 0	 0	 0	 0	 0	 0	 0	 0	 0	 0	 0	 0	 0	 0	 0	 0	 0	 0	 0	 0	 0	 0	 0	 0	 0	 0	 0	 0	 0	 0	 0	 0	 0	 0	 0	 0	 0	 0	 0	 0	 0	 0	 0	 0	 118	 0	 0	 0	 0	 0	 0	 0	 0	 0	 0	 0	 0	 0	 0	 0	 0	 0	 0	 0	 0	 0	 0	 0	 0	 0	 0	 0	 0	 0	 0	 0
"QAKD01 sp003343965"	 0	 0	 0	 0	 0	 0	 0	 0	 0	 0	 0	 0	 0	 0	 0	 0	 78	 0	 0	 0	 0	 0	 0	 0	 0	 0	 0	 0	 0	 0	 0	 0	 0	 0	 0	 0	 0	 0	 0	 0	 0	 0	 0	 0	 0	 0	 0	 0	 0	 0	 0	 0	 0	 0	 0	 0	 0	 0	 0	 0	 0	 0	 0	 0	 0	 0	 0	 0	 0	 0	 0	 0	 0	 0	 0	 0	 0	 0	 0	 0	 0	 0	 0	 704	 0	 0	 0	 0	 212	 0	 0	 0	 0	 0	 0	 53	 0
"UBA1191 sp900066305"	 0	 0	 0	 0	 0	 0	 0	 0	 0	 0	 0	 0	 0	 0	 0	 0	 0	 0	 0	 0	 0	 0	 0	 0	 0	 0	 0	 0	 0	 0	 0	 0	 0	 0	 0	 0	 0	 0	 0	 0	 0	 0	 0	 0	 0	 0	 0	 0	 0	 0	 0	 0	 0	 0	 0	 0	 0	 0	 0	 0	 62	 0	 0	 0	 0	 0	 0	 0	 0	 0	 0	 0	 0	 0	 0	 0	 0	 0	 0	 0	 0	 0	 0	 0	 0	 0	 0	 0	 0	 0	 0	 0	 0	 0	 0	 0	 0
"Clostridioides difficile"	 0	 0	 0	 0	 0	 0	 31	 0	 32	 0	 0	 34	 0	 0	 0	 0	 0	 0	 0	 0	 0	 0	 0	 0	 32	 0	 0	 0	 0	 43	 0	 0	 0	 0	 0	 34	 28	 0	 0	 0	 0	 0	 0	 44	 27	 33	 0	 0	 0	 0	 0	 0	 0	 0	 0	 0	 0	 0	 0	 0	 0	 29	 0	 0	 0	 37	 0	 0	 0	 0	 0	 0	 0	 0	 0	 0	 0	 0	 0	 0	 32	 0	 0	 0	 0	 0	 0	 0	 0	 0	 0	 0	 0	 16	 0	 0	 0
"Intestinibacter bartlettii"	 0	 0	 0	 0	 267	 0	 0	 0	 40	 0	 0	 0	 0	 0	 0	 0	 0	 0	 0	 0	 0	 0	 0	 0	 0	 0	 0	 0	 0	 58	 0	 0	 0	 0	 0	 0	 343	 0	 0	 0	 0	 0	 1148	 1120	 0	 51	 0	 0	 0	 0	 0	 62	 0	 0	 0	 0	 0	 0	 0	 0	 83	 192	 0	 0	 350	 0	 0	 0	 570	 0	 0	 374	 0	 0	 0	 0	 0	 0	 584	 0	 0	 0	 0	 0	 0	 56	 0	 0	 65	 116	 0	 47	 0	 0	 0	 0	 144
"Peptostreptococcus anaerobius"	 0	 0	 0	 0	 0	 0	 0	 0	 0	 0	 0	 0	 0	 0	 0	 0	 0	 0	 0	 0	 0	 0	 0	 0	 0	 0	 0	 0	 0	 0	 0	 0	 0	 0	 0	 0	 0	 0	 0	 0	 0	 0	 0	 0	 0	 0	 0	 0	 0	 0	 0	 0	 0	 0	 0	 0	 0	 0	 0	 0	 0	 0	 0	 0	 0	 0	 0	 0	 0	 0	 0	 0	 0	 0	 0	 0	 0	 0	 0	 0	 0	 0	 54	 0	 0	 0	 0	 0	 0	 0	 0	 0	 0	 0	 0	 0	 0
"Romboutsia timonensis"	 0	 0	 0	 305	 227	 201	 32	 88	 0	 0	 0	 49	 305	 0	 0	 124	 0	 0	 0	 0	 0	 0	 0	 0	 257	 0	 0	 0	 0	 0	 51	 0	 185	 517	 610	 0	 0	 0	 0	 0	 0	 548	 0	 0	 629	 0	 0	 0	 0	 0	 0	 539	 147	 0	 61	 0	 0	 405	 0	 0	 187	 179	 78	 0	 0	 0	 482	 248	 0	 0	 0	 335	 0	 371	 0	 0	 0	 0	 355	 58	 0	 0	 158	 0	 0	 0	 0	 0	 47	 517	 125	 0	 0	 0	 189	 0	 0
"Terrisporobacter glycolicus"	 0	 0	 0	 0	 0	 0	 0	 0	 0	 0	 0	 0	 0	 0	 0	 0	 0	 0	 0	 0	 0	 0	 0	 0	 0	 0	 0	 0	 0	 0	 0	 0	 0	 0	 0	 0	 0	 0	 0	 0	 0	 0	 0	 0	 0	 0	 0	 0	 0	 0	 0	 0	 0	 0	 0	 0	 0	 0	 0	 0	 0	 0	 0	 0	 0	 0	 0	 181	 0	 0	 0	 0	 0	 0	 0	 0	 0	 0	 0	 0	 0	 0	 0	 0	 0	 0	 0	 0	 0	 0	 0	 0	 0	 0	 0	 0	 0
"Terrisporobacter glycolicus_A"	 0	 0	 0	 0	 0	 0	 0	 0	 0	 0	 0	 0	 0	 0	 0	 0	 0	 0	 0	 0	 0	 0	 0	 0	 0	 0	 0	 0	 0	 0	 0	 0	 0	 0	 0	 0	 0	 0	 0	 0	 0	 0	 0	 0	 0	 0	 0	 0	 0	 0	 0	 0	 0	 0	 0	 0	 0	 0	 0	 0	 0	 0	 0	 0	 0	 0	 0	 40	 0	 0	 0	 0	 0	 0	 0	 0	 0	 0	 0	 0	 0	 0	 0	 0	 0	 0	 0	 0	 0	 0	 0	 0	 0	 0	 0	 0	 0
"Terrisporobacter othiniensis"	 0	 0	 0	 0	 0	 0	 0	 0	 0	 0	 0	 0	 0	 0	 0	 0	 0	 0	 0	 0	 0	 0	 0	 0	 0	 0	 0	 0	 0	 0	 0	 0	 0	 0	 0	 0	 0	 0	 0	 0	 0	 0	 0	 0	 0	 0	 0	 0	 0	 0	 0	 0	 0	 0	 0	 0	 0	 0	 0	 0	 0	 0	 0	 0	 0	 0	 0	 455	 0	 0	 0	 0	 0	 0	 0	 0	 0	 0	 0	 0	 0	 0	 0	 0	 0	 0	 0	 0	 0	 0	 0	 0	 0	 0	 0	 0	 0
"CAG-245 sp000434195"	 0	 0	 0	 0	 0	 0	 0	 0	 0	 0	 0	 0	 0	 0	 0	 0	 0	 0	 0	 0	 426	 0	 0	 0	 0	 0	 0	 0	 0	 0	 0	 0	 0	 0	 0	 0	 0	 0	 0	 0	 0	 0	 0	 0	 0	 0	 0	 0	 0	 0	 0	 0	 0	 0	 0	 0	 0	 0	 0	 0	 0	 0	 0	 0	 0	 0	 0	 116	 0	 0	 0	 0	 0	 0	 0	 0	 0	 0	 0	 0	 0	 0	 0	 0	 0	 0	 0	 0	 0	 0	 616	 0	 0	 0	 0	 0	 0
"CAG-245 sp000435175"	 0	 0	 0	 944	 0	 0	 0	 0	 34	 0	 0	 0	 0	 0	 0	 0	 1306	 0	 0	 0	 0	 0	 0	 1106	 0	 0	 0	 0	 1425	 0	 0	 0	 0	 0	 0	 0	 0	 0	 0	 0	 492	 0	 0	 0	 0	 0	 85	 0	 0	 0	 0	 0	 0	 0	 0	 0	 0	 0	 0	 0	 0	 0	 0	 0	 0	 0	 0	 1686	 0	 1025	 0	 0	 0	 0	 0	 98	 1213	 0	 0	 0	 0	 0	 0	 0	 36	 0	 892	 0	 1039	 0	 1312	 0	 0	 0	 1550	 0	 0
"CAG-269 sp000431335"	 0	 0	 0	 0	 0	 0	 0	 774	 0	 0	 0	 0	 0	 0	 0	 0	 771	 0	 0	 0	 228	 0	 0	 0	 0	 0	 0	 0	 0	 0	 0	 0	 0	 0	 0	 0	 0	 0	 0	 0	 0	 0	 0	 0	 0	 0	 0	 0	 0	 0	 0	 0	 0	 0	 0	 0	 0	 0	 0	 0	 0	 0	 0	 0	 0	 0	 0	 118	 755	 0	 0	 0	 0	 0	 0	 0	 0	 0	 0	 0	 0	 0	 0	 0	 806	 0	 0	 0	 41	 354	 0	 0	 0	 0	 0	 0	 0
"CAG-269 sp000435535"	 0	 0	 0	 0	 0	 0	 0	 0	 0	 0	 0	 0	 0	 0	 0	 0	 0	 0	 0	 0	 0	 0	 0	 0	 0	 0	 0	 0	 61	 0	 0	 0	 0	 86	 0	 0	 0	 0	 0	 1113	 0	 0	 0	 0	 0	 0	 0	 0	 0	 0	 0	 0	 0	 0	 0	 0	 0	 0	 0	 0	 0	 0	 0	 0	 0	 0	 0	 0	 0	 0	 0	 0	 0	 0	 0	 0	 0	 0	 0	 0	 0	 0	 0	 0	 0	 0	 0	 0	 0	 0	 0	 0	 0	 0	 0	 0	 0
"CAG-269 sp000437215"	 0	 0	 0	 0	 0	 0	 0	 0	 0	 0	 0	 0	 0	 0	 0	 0	 0	 0	 0	 0	 0	 0	 0	 0	 0	 0	 0	 0	 1179	 0	 0	 0	 0	 0	 0	 0	 0	 0	 0	 0	 0	 0	 0	 0	 0	 0	 0	 0	 0	 0	 0	 0	 855	 0	 0	 0	 0	 0	 0	 0	 0	 0	 0	 0	 0	 0	 0	 0	 1012	 0	 0	 0	 0	 0	 0	 0	 0	 0	 0	 0	 0	 0	 0	 0	 1126	 0	 0	 0	 0	 0	 474	 0	 0	 0	 0	 0	 0
"CAG-269 sp000438255"	 0	 0	 0	 168	 0	 0	 0	 0	 0	 0	 0	 0	 0	 0	 0	 0	 289	 0	 0	 0	 0	 0	 0	 0	 0	 0	 0	 0	 403	 0	 0	 0	 0	 353	 0	 0	 0	 0	 0	 0	 0	 0	 0	 0	 0	 0	 0	 0	 0	 0	 0	 0	 0	 0	 0	 0	 0	 0	 0	 0	 0	 0	 91	 0	 0	 0	 0	 0	 0	 0	 0	 0	 0	 0	 0	 0	 0	 0	 0	 0	 0	 0	 0	 0	 0	 0	 759	 0	 0	 0	 0	 0	 0	 0	 0	 0	 0
"CAG-269 sp001915995"	 0	 0	 0	 0	 0	 0	 0	 0	 0	 0	 0	 0	 0	 0	 0	 0	 115	 0	 0	 0	 0	 62	 0	 0	 0	 0	 0	 0	 0	 0	 0	 0	 0	 54	 0	 0	 0	 0	 0	 0	 0	 0	 0	 0	 0	 0	 0	 0	 0	 0	 0	 0	 0	 0	 0	 0	 0	 0	 0	 0	 0	 0	 0	 0	 0	 0	 0	 0	 0	 0	 0	 0	 0	 0	 0	 0	 0	 0	 0	 0	 0	 0	 0	 0	 0	 0	 0	 0	 0	 0	 144	 0	 0	 0	 0	 0	 0
"CAG-269 sp001916005"	 0	 0	 0	 0	 0	 0	 0	 0	 0	 0	 0	 0	 0	 0	 0	 0	 0	 0	 0	 0	 0	 0	 0	 0	 0	 0	 0	 0	 49	 0	 0	 0	 0	 601	 0	 0	 0	 0	 0	 0	 0	 0	 0	 0	 0	 0	 0	 0	 0	 0	 0	 0	 0	 0	 0	 0	 0	 0	 0	 0	 0	 0	 0	 0	 1017	 0	 0	 79	 0	 0	 0	 566	 0	 0	 0	 0	 849	 0	 0	 0	 0	 0	 0	 0	 0	 0	 0	 0	 0	 0	 710	 0	 0	 0	 138	 0	 0
"CAG-269 sp001916035"	 0	 0	 0	 0	 569	 0	 0	 0	 0	 0	 0	 0	 0	 0	 0	 0	 1410	 0	 0	 0	 694	 0	 0	 0	 0	 0	 0	 0	 0	 0	 0	 0	 0	 0	 0	 0	 0	 0	 0	 0	 0	 0	 0	 0	 0	 0	 0	 0	 0	 0	 0	 0	 0	 0	 0	 0	 0	 0	 0	 0	 0	 0	 1329	 0	 0	 0	 0	 85	 0	 553	 0	 0	 0	 0	 0	 665	 0	 0	 0	 0	 0	 0	 0	 0	 0	 0	 0	 0	 0	 0	 1254	 0	 0	 0	 0	 0	 0
"CAG-269 sp001916055"	 0	 0	 0	 107	 0	 0	 0	 0	 0	 0	 0	 0	 0	 0	 0	 0	 1788	 0	 0	 0	 0	 0	 0	 0	 0	 0	 0	 0	 0	 0	 0	 44	 0	 1627	 0	 0	 0	 0	 0	 0	 0	 0	 0	 0	 0	 0	 0	 0	 0	 0	 0	 0	 0	 0	 0	 0	 0	 0	 0	 0	 0	 0	 0	 0	 0	 0	 0	 229	 0	 0	 0	 0	 0	 0	 0	 302	 0	 0	 0	 0	 0	 0	 0	 0	 0	 0	 0	 0	 0	 0	 1955	 0	 0	 0	 74	 0	 0
"CAG-269 sp001916065"	 0	 0	 0	 199	 0	 0	 0	 0	 0	 0	 0	 0	 0	 0	 0	 0	 293	 0	 0	 0	 0	 0	 0	 0	 0	 0	 0	 0	 485	 0	 0	 0	 0	 756	 0	 0	 0	 0	 0	 0	 0	 0	 0	 0	 0	 0	 0	 0	 0	 0	 0	 0	 0	 0	 0	 0	 0	 0	 0	 0	 0	 0	 1232	 0	 348	 0	 0	 52	 0	 0	 0	 0	 0	 0	 0	 0	 56	 0	 0	 0	 0	 0	 0	 0	 0	 0	 71	 0	 0	 0	 81	 0	 0	 0	 422	 0	 0
"CAG-269 sp003518755"	 0	 0	 0	 0	 0	 0	 0	 377	 0	 0	 0	 0	 0	 0	 0	 0	 0	 0	 0	 0	 0	 0	 0	 0	 0	 0	 0	 0	 404	 0	 0	 0	 0	 0	 0	 0	 0	 0	 0	 0	 0	 0	 0	 0	 0	 0	 0	 0	 0	 0	 0	 0	 0	 0	 0	 0	 0	 0	 0	 0	 0	 0	 0	 0	 0	 0	 0	 335	 0	 0	 0	 0	 0	 0	 0	 0	 0	 0	 0	 0	 0	 0	 0	 0	 0	 0	 0	 0	 0	 0	 335	 0	 0	 0	 0	 0	 0
"CAG-269 sp003525075"	 0	 0	 0	 0	 0	 0	 0	 0	 0	 0	 0	 0	 0	 0	 0	 0	 1084	 0	 0	 0	 0	 842	 0	 0	 0	 0	 0	 0	 49	 0	 0	 0	 0	 805	 0	 0	 0	 0	 0	 0	 0	 0	 0	 0	 0	 0	 0	 0	 0	 0	 0	 0	 0	 0	 0	 0	 0	 0	 0	 0	 0	 0	 0	 0	 0	 0	 104	 52	 0	 0	 0	 0	 0	 0	 0	 0	 0	 0	 0	 0	 0	 0	 0	 0	 0	 0	 0	 0	 0	 0	 995	 0	 0	 0	 0	 0	 0
"CAG-273 sp000437855"	 0	 0	 0	 0	 0	 0	 0	 0	 0	 0	 0	 0	 0	 0	 0	 0	 0	 0	 0	 0	 0	 0	 0	 985	 0	 0	 0	 0	 0	 0	 0	 0	 0	 0	 0	 0	 0	 0	 0	 0	 0	 0	 0	 0	 0	 0	 0	 0	 0	 0	 0	 0	 0	 0	 0	 0	 0	 0	 0	 0	 0	 0	 0	 0	 0	 0	 0	 0	 0	 0	 0	 0	 0	 0	 0	 0	 0	 0	 0	 0	 0	 0	 0	 0	 0	 0	 0	 0	 0	 0	 0	 0	 0	 0	 0	 0	 0
"CAG-273 sp000438355"	 0	 0	 0	 0	 0	 0	 0	 0	 0	 0	 0	 0	 0	 0	 0	 0	 401	 0	 0	 0	 0	 0	 0	 0	 0	 0	 0	 0	 0	 0	 0	 0	 142	 0	 0	 0	 0	 0	 0	 0	 0	 0	 0	 0	 0	 0	 0	 0	 0	 0	 0	 0	 0	 0	 0	 0	 0	 0	 0	 0	 0	 0	 0	 0	 0	 0	 0	 0	 0	 0	 0	 0	 0	 0	 0	 0	 0	 0	 0	 0	 0	 0	 0	 0	 0	 0	 0	 0	 0	 0	 0	 0	 0	 0	 0	 0	 0
"CAG-273 sp003507395"	 0	 0	 0	 0	 0	 0	 0	 0	 0	 0	 0	 0	 0	 0	 0	 0	 0	 0	 0	 0	 0	 0	 0	 0	 0	 0	 0	 0	 0	 0	 0	 0	 0	 0	 0	 0	 0	 0	 0	 0	 0	 0	 0	 0	 0	 0	 0	 0	 0	 0	 0	 0	 0	 0	 0	 0	 0	 0	 0	 0	 0	 0	 0	 0	 0	 0	 1130	 0	 0	 0	 0	 0	 0	 0	 0	 0	 0	 0	 0	 0	 0	 0	 0	 0	 0	 0	 0	 0	 0	 0	 0	 0	 0	 0	 118	 0	 0
"CAG-273 sp003534295"	 0	 0	 0	 439	 0	 0	 0	 0	 0	 0	 0	 0	 0	 0	 0	 0	 251	 0	 0	 0	 0	 0	 0	 0	 0	 0	 0	 0	 0	 0	 0	 0	 0	 0	 0	 0	 0	 0	 0	 0	 0	 0	 0	 0	 0	 0	 0	 0	 0	 0	 0	 0	 0	 0	 0	 0	 0	 0	 0	 0	 0	 0	 0	 0	 0	 0	 0	 0	 0	 0	 0	 0	 0	 0	 0	 0	 0	 0	 0	 0	 0	 0	 0	 0	 0	 0	 0	 0	 0	 0	 490	 0	 0	 0	 0	 0	 0
"CAG-354 sp001915925"	 0	 0	 0	 0	 0	 0	 0	 0	 0	 0	 0	 0	 0	 0	 0	 0	 0	 0	 0	 0	 0	 0	 0	 0	 0	 0	 0	 0	 0	 0	 0	 0	 0	 0	 0	 0	 0	 0	 0	 0	 0	 0	 0	 0	 0	 0	 0	 0	 0	 0	 0	 0	 0	 0	 0	 0	 0	 0	 0	 0	 0	 0	 0	 0	 0	 0	 1023	 0	 0	 0	 0	 0	 0	 0	 0	 0	 0	 0	 0	 0	 0	 0	 0	 0	 0	 0	 0	 0	 0	 0	 0	 0	 0	 0	 0	 0	 0
"CAG-452 sp000434035"	 0	 0	 0	 751	 0	 0	 0	 0	 0	 0	 0	 0	 0	 0	 0	 0	 765	 0	 0	 0	 972	 0	 0	 0	 0	 0	 0	 0	 0	 0	 0	 0	 0	 0	 0	 0	 0	 0	 0	 0	 0	 0	 0	 0	 0	 0	 0	 0	 0	 0	 0	 0	 0	 0	 0	 0	 0	 0	 0	 0	 0	 0	 0	 0	 0	 0	 0	 0	 0	 0	 0	 0	 0	 0	 0	 0	 0	 0	 0	 0	 0	 0	 0	 0	 0	 0	 0	 0	 0	 0	 0	 0	 0	 0	 242	 0	 0
"CAG-492 sp000434015"	 0	 0	 1109	 0	 0	 0	 0	 0	 0	 0	 0	 0	 0	 0	 0	 0	 0	 0	 0	 0	 0	 0	 0	 0	 0	 0	 0	 0	 0	 0	 0	 0	 0	 0	 0	 0	 0	 0	 0	 0	 0	 0	 0	 0	 0	 0	 0	 0	 0	 0	 0	 0	 0	 0	 0	 0	 0	 0	 0	 0	 0	 0	 0	 0	 0	 0	 0	 0	 0	 0	 0	 0	 0	 0	 0	 956	 0	 0	 0	 0	 0	 0	 0	 0	 0	 0	 0	 0	 0	 0	 1065	 0	 0	 0	 0	 0	 0
"CAG-492 sp000434335"	 0	 0	 227	 0	 615	 0	 0	 0	 0	 0	 0	 0	 0	 0	 0	 0	 0	 0	 0	 0	 0	 0	 0	 0	 0	 0	 0	 0	 180	 0	 0	 0	 0	 0	 0	 0	 0	 0	 0	 0	 0	 0	 0	 0	 0	 0	 0	 0	 0	 0	 0	 0	 0	 0	 0	 0	 0	 0	 0	 0	 0	 0	 0	 0	 0	 0	 0	 0	 0	 0	 0	 0	 0	 0	 0	 0	 808	 0	 0	 0	 0	 0	 0	 0	 0	 0	 0	 0	 0	 0	 0	 0	 0	 0	 0	 0	 0
"CAG-793 sp000433915"	 0	 0	 0	 0	 0	 0	 0	 0	 0	 0	 0	 0	 0	 0	 0	 0	 0	 0	 0	 0	 0	 0	 0	 0	 0	 0	 0	 0	 0	 0	 0	 0	 0	 0	 0	 0	 0	 0	 0	 1169	 0	 0	 0	 0	 0	 0	 0	 0	 0	 0	 0	 0	 0	 0	 0	 0	 0	 0	 0	 0	 0	 0	 0	 0	 0	 0	 0	 0	 0	 0	 0	 0	 0	 0	 0	 0	 0	 0	 0	 0	 0	 0	 0	 0	 0	 0	 0	 0	 0	 0	 0	 0	 0	 0	 0	 0	 0
"UMGS1537 sp900543695"	 0	 0	 0	 0	 0	 0	 0	 0	 0	 0	 0	 0	 0	 0	 0	 0	 0	 0	 0	 0	 537	 0	 0	 0	 0	 0	 0	 0	 0	 0	 0	 0	 0	 0	 0	 0	 0	 0	 0	 0	 0	 0	 0	 0	 0	 0	 0	 0	 0	 0	 0	 0	 0	 0	 0	 0	 0	 0	 0	 0	 0	 0	 0	 0	 0	 0	 0	 0	 0	 0	 0	 0	 0	 0	 0	 0	 0	 0	 0	 0	 0	 0	 0	 0	 0	 0	 0	 0	 0	 0	 0	 0	 0	 0	 0	 0	 0
"Borkfalkia ceftriaxoniphila"	 0	 0	 0	 0	 0	 0	 0	 0	 0	 0	 0	 0	 0	 0	 0	 0	 0	 0	 0	 0	 0	 0	 0	 158	 0	 0	 0	 0	 0	 0	 0	 0	 0	 0	 0	 0	 0	 0	 0	 0	 0	 0	 0	 0	 0	 0	 0	 0	 0	 0	 0	 0	 0	 0	 0	 0	 0	 0	 0	 0	 0	 0	 0	 0	 0	 0	 1005	 0	 0	 0	 0	 0	 0	 0	 0	 0	 0	 0	 0	 0	 0	 0	 0	 2329	 0	 0	 663	 0	 0	 0	 0	 0	 0	 0	 0	 0	 0
"Borkfalkia sp003343765"	 0	 0	 0	 0	 0	 183	 0	 0	 0	 0	 0	 0	 0	 0	 0	 0	 0	 0	 0	 0	 0	 0	 0	 0	 0	 0	 0	 0	 0	 0	 0	 0	 0	 0	 0	 0	 0	 0	 0	 0	 0	 0	 0	 0	 0	 0	 0	 0	 0	 0	 0	 0	 0	 0	 0	 0	 0	 0	 0	 0	 0	 0	 0	 0	 0	 0	 140	 0	 0	 0	 0	 0	 0	 0	 0	 0	 0	 0	 0	 0	 0	 0	 0	 0	 0	 0	 0	 0	 0	 0	 0	 0	 0	 0	 0	 0	 0
"QALS01 sp003150575"	 0	 0	 262	 63	 1013	 0	 0	 0	 0	 0	 0	 0	 0	 0	 0	 54	 1539	 0	 0	 0	 76	 0	 0	 0	 0	 0	 0	 0	 0	 0	 0	 0	 0	 0	 159	 0	 0	 0	 0	 0	 0	 0	 0	 796	 0	 0	 0	 0	 0	 0	 0	 0	 0	 0	 0	 0	 0	 0	 0	 0	 0	 0	 0	 0	 0	 0	 344	 0	 0	 0	 0	 0	 0	 0	 0	 0	 85	 0	 115	 0	 0	 0	 0	 793	 0	 0	 0	 0	 0	 0	 240	 0	 0	 0	 0	 0	 0
"UBA10281 sp000437515"	 0	 0	 0	 0	 0	 0	 0	 0	 0	 0	 0	 0	 0	 0	 0	 0	 0	 0	 0	 0	 0	 0	 0	 68	 0	 0	 0	 0	 0	 0	 0	 0	 47	 0	 0	 0	 0	 0	 0	 0	 0	 0	 0	 0	 0	 0	 0	 0	 0	 0	 0	 0	 0	 0	 0	 0	 0	 0	 0	 0	 0	 0	 0	 0	 0	 0	 0	 0	 0	 0	 0	 0	 0	 0	 0	 279	 0	 0	 0	 0	 0	 0	 0	 0	 0	 0	 0	 0	 0	 0	 0	 0	 0	 0	 82	 0	 0
"UBA11475 sp003538975"	 0	 0	 0	 0	 0	 0	 0	 0	 0	 0	 0	 0	 0	 0	 0	 0	 0	 0	 0	 0	 0	 0	 0	 0	 0	 0	 0	 0	 0	 0	 0	 0	 0	 0	 0	 0	 0	 0	 0	 0	 0	 0	 0	 0	 0	 0	 0	 0	 0	 0	 0	 0	 0	 0	 0	 0	 0	 0	 0	 0	 0	 0	 0	 0	 0	 0	 0	 0	 0	 0	 0	 0	 0	 0	 0	 0	 0	 0	 0	 0	 0	 0	 0	 0	 0	 0	 0	 0	 0	 0	 0	 0	 0	 0	 825	 0	 0
"UBA1259 sp003523255"	 0	 0	 0	 0	 0	 0	 0	 0	 0	 0	 0	 0	 0	 0	 0	 0	 0	 0	 0	 0	 0	 0	 0	 0	 0	 0	 0	 0	 0	 0	 0	 0	 0	 0	 0	 0	 0	 0	 0	 0	 0	 0	 0	 0	 0	 0	 0	 0	 0	 0	 0	 0	 0	 0	 0	 0	 0	 0	 0	 0	 0	 0	 0	 0	 0	 0	 73	 0	 0	 0	 0	 0	 0	 0	 0	 0	 0	 0	 0	 0	 0	 0	 0	 0	 0	 0	 0	 0	 0	 0	 0	 0	 0	 0	 1145	 0	 0
"UBA7597 sp003448195"	 0	 0	 0	 0	 0	 0	 0	 0	 0	 0	 0	 0	 0	 0	 0	 0	 0	 0	 0	 0	 0	 0	 0	 112	 0	 0	 0	 0	 62	 0	 0	 0	 0	 0	 0	 0	 0	 0	 0	 0	 0	 0	 0	 0	 0	 0	 0	 0	 0	 0	 0	 0	 0	 0	 0	 0	 0	 0	 0	 0	 0	 0	 0	 0	 0	 0	 82	 0	 0	 0	 0	 0	 0	 0	 0	 0	 94	 0	 0	 0	 0	 0	 0	 0	 0	 0	 0	 0	 0	 0	 0	 0	 0	 0	 0	 0	 0
"UMGS1004 sp003343805"	 0	 0	 0	 0	 0	 0	 0	 0	 0	 0	 0	 0	 0	 0	 0	 0	 0	 0	 0	 0	 0	 0	 0	 0	 0	 0	 0	 0	 0	 0	 0	 0	 0	 0	 0	 0	 0	 0	 0	 0	 0	 0	 0	 0	 0	 0	 0	 0	 0	 0	 0	 0	 0	 0	 0	 0	 0	 0	 0	 0	 0	 0	 0	 0	 0	 0	 88	 0	 0	 0	 0	 0	 0	 0	 0	 0	 0	 0	 0	 0	 0	 0	 0	 0	 0	 0	 0	 0	 0	 0	 0	 0	 0	 0	 0	 0	 0
"UMGS775 sp003343995"	 0	 0	 0	 0	 0	 69	 0	 0	 0	 0	 0	 0	 0	 0	 0	 0	 0	 0	 0	 0	 0	 0	 0	 0	 0	 0	 0	 0	 0	 0	 0	 0	 0	 0	 0	 0	 0	 0	 0	 0	 0	 0	 0	 0	 0	 0	 0	 0	 0	 0	 0	 0	 0	 0	 0	 0	 0	 0	 0	 0	 0	 0	 0	 0	 0	 0	 70	 0	 0	 0	 0	 0	 0	 0	 0	 0	 0	 0	 0	 0	 0	 0	 0	 0	 0	 0	 0	 0	 0	 0	 0	 0	 0	 0	 0	 0	 0
"CAG-1024 sp000432015"	 0	 0	 0	 0	 0	 0	 0	 0	 0	 0	 0	 0	 0	 0	 0	 0	 0	 0	 0	 0	 0	 0	 0	 0	 0	 0	 0	 0	 0	 0	 0	 0	 0	 0	 0	 0	 0	 0	 0	 0	 0	 0	 0	 0	 0	 0	 0	 0	 0	 0	 0	 0	 0	 0	 0	 0	 0	 0	 0	 0	 0	 0	 0	 0	 0	 0	 0	 0	 0	 0	 0	 0	 0	 0	 0	 0	 0	 0	 0	 0	 0	 0	 0	 0	 0	 0	 0	 0	 0	 0	 0	 0	 0	 0	 108	 0	 0
"PeH17 sp000435055"	 0	 0	 818	 754	 802	 0	 0	 0	 0	 0	 0	 0	 0	 0	 0	 0	 878	 0	 0	 0	 733	 0	 0	 833	 0	 0	 0	 0	 0	 0	 0	 0	 0	 0	 0	 0	 0	 0	 0	 0	 0	 0	 737	 0	 0	 0	 0	 0	 0	 0	 0	 0	 0	 0	 0	 0	 0	 0	 0	 0	 0	 0	 0	 0	 0	 115	 741	 0	 0	 0	 0	 0	 0	 0	 0	 0	 0	 0	 0	 0	 0	 0	 0	 0	 0	 0	 0	 0	 0	 0	 141	 0	 0	 0	 744	 0	 0
"Phil1 sp001940855"	 0	 0	 0	 771	 0	 0	 0	 0	 0	 0	 0	 0	 0	 0	 0	 0	 0	 0	 0	 0	 788	 0	 0	 872	 0	 0	 0	 0	 0	 0	 0	 0	 0	 0	 0	 0	 0	 0	 0	 0	 0	 0	 0	 0	 0	 0	 0	 0	 0	 0	 0	 0	 0	 0	 0	 0	 0	 0	 0	 0	 0	 0	 0	 0	 0	 0	 826	 0	 0	 50	 0	 0	 0	 0	 0	 0	 791	 0	 0	 0	 0	 0	 0	 0	 0	 0	 0	 0	 0	 0	 0	 0	 0	 0	 970	 0	 0
"CAG-1435 sp003537755"	 0	 0	 0	 0	 0	 0	 0	 0	 0	 0	 0	 0	 0	 0	 0	 0	 0	 0	 0	 0	 0	 0	 0	 0	 0	 0	 0	 0	 0	 0	 0	 0	 0	 0	 0	 0	 0	 0	 0	 0	 0	 0	 150	 0	 0	 0	 0	 0	 0	 0	 0	 0	 0	 0	 0	 0	 0	 0	 0	 0	 0	 0	 0	 0	 0	 0	 1387	 0	 0	 0	 0	 0	 0	 0	 0	 0	 0	 0	 0	 0	 0	 0	 0	 0	 0	 0	 0	 0	 0	 0	 0	 0	 0	 0	 522	 0	 0
"CAG-314 sp000437915"	 0	 0	 0	 1231	 0	 0	 0	 0	 0	 0	 0	 0	 0	 0	 0	 0	 1214	 0	 0	 0	 1672	 0	 0	 0	 0	 0	 0	 0	 0	 0	 0	 0	 0	 0	 0	 0	 0	 0	 0	 0	 0	 0	 0	 0	 0	 0	 0	 0	 0	 0	 0	 0	 0	 0	 0	 0	 0	 0	 0	 0	 0	 0	 0	 0	 0	 0	 0	 0	 0	 0	 0	 0	 0	 0	 0	 0	 0	 0	 0	 0	 0	 0	 0	 0	 0	 0	 0	 0	 0	 0	 0	 0	 0	 0	 0	 0	 0
"CAG-552 sp000435495"	 0	 0	 0	 0	 0	 0	 0	 0	 0	 0	 0	 0	 0	 0	 0	 0	 0	 0	 0	 0	 0	 0	 0	 0	 0	 0	 0	 0	 0	 0	 0	 0	 0	 0	 0	 0	 0	 0	 0	 0	 0	 0	 0	 0	 0	 0	 0	 0	 0	 0	 0	 0	 0	 0	 0	 0	 0	 0	 0	 0	 0	 0	 0	 0	 0	 0	 781	 0	 0	 0	 0	 0	 0	 0	 0	 0	 0	 0	 0	 0	 0	 0	 0	 0	 0	 0	 0	 0	 0	 0	 0	 0	 0	 0	 0	 0	 0
"UBA10677 sp003533505"	 0	 0	 0	 0	 0	 0	 0	 0	 0	 0	 0	 0	 0	 0	 0	 0	 0	 0	 0	 0	 0	 0	 0	 378	 0	 0	 0	 0	 0	 0	 0	 0	 0	 0	 0	 0	 0	 0	 0	 0	 0	 0	 0	 0	 0	 0	 0	 0	 0	 0	 0	 0	 0	 0	 0	 0	 0	 0	 0	 0	 0	 0	 0	 0	 0	 0	 210	 0	 0	 0	 0	 0	 0	 0	 0	 0	 0	 0	 0	 0	 0	 0	 0	 0	 0	 0	 0	 0	 0	 0	 0	 0	 0	 0	 115	 0	 0
"UBA11524 sp000437595"	 0	 0	 1065	 0	 83	 0	 0	 1109	 0	 0	 0	 0	 0	 0	 0	 0	 1175	 0	 0	 0	 0	 1412	 0	 336	 0	 0	 0	 0	 1066	 0	 0	 0	 0	 0	 0	 0	 0	 0	 0	 0	 1209	 0	 0	 0	 0	 0	 0	 0	 0	 0	 0	 0	 0	 0	 0	 0	 0	 0	 0	 0	 0	 0	 0	 0	 0	 0	 980	 0	 0	 1112	 0	 0	 0	 0	 0	 316	 0	 0	 0	 0	 0	 0	 0	 1112	 0	 0	 0	 0	 0	 1329	 0	 0	 0	 0	 566	 0	 0
"CAG-1138 sp000434675"	 0	 0	 0	 0	 0	 0	 0	 0	 0	 0	 0	 0	 0	 0	 0	 0	 0	 0	 0	 0	 0	 0	 0	 0	 0	 0	 0	 0	 0	 0	 0	 0	 0	 0	 0	 0	 0	 0	 0	 0	 0	 0	 0	 0	 0	 0	 0	 0	 0	 0	 0	 0	 0	 0	 0	 0	 0	 0	 0	 0	 0	 0	 0	 0	 0	 0	 0	 0	 0	 0	 0	 0	 0	 0	 0	 0	 0	 0	 0	 0	 0	 0	 0	 0	 0	 0	 0	 0	 0	 0	 0	 0	 0	 0	 176	 0	 0
"CAG-349 sp003539515"	 0	 0	 119	 0	 0	 0	 0	 0	 0	 0	 0	 0	 0	 0	 0	 0	 0	 0	 0	 0	 0	 0	 0	 0	 0	 0	 0	 0	 0	 0	 0	 0	 0	 0	 0	 0	 0	 0	 0	 0	 0	 0	 0	 0	 0	 0	 0	 0	 0	 0	 0	 0	 0	 0	 0	 0	 0	 0	 0	 0	 0	 0	 0	 0	 0	 0	 0	 0	 0	 0	 0	 0	 0	 0	 0	 0	 0	 0	 0	 0	 0	 0	 0	 0	 0	 0	 0	 0	 0	 0	 0	 0	 0	 0	 0	 0	 0
"CAG-475 sp000434435"	 0	 0	 0	 0	 0	 0	 0	 0	 0	 0	 0	 0	 0	 0	 0	 0	 0	 0	 0	 0	 0	 0	 0	 0	 0	 0	 0	 0	 0	 0	 0	 0	 0	 0	 0	 0	 0	 0	 0	 0	 0	 0	 0	 0	 0	 0	 0	 0	 0	 0	 0	 0	 0	 0	 0	 0	 0	 0	 0	 0	 0	 0	 0	 0	 0	 0	 607	 0	 0	 0	 0	 0	 0	 0	 0	 0	 0	 0	 0	 0	 0	 0	 0	 0	 0	 0	 0	 0	 0	 0	 0	 0	 0	 0	 0	 0	 0
"CAG-917 sp000437555"	 0	 0	 0	 0	 0	 0	 0	 0	 0	 0	 0	 0	 0	 0	 0	 0	 0	 0	 0	 0	 0	 0	 0	 0	 0	 0	 0	 0	 0	 0	 0	 0	 0	 0	 0	 0	 0	 0	 0	 0	 0	 0	 0	 0	 0	 0	 0	 0	 0	 0	 0	 0	 0	 0	 0	 0	 0	 0	 0	 0	 0	 0	 0	 0	 0	 0	 1176	 0	 0	 0	 0	 0	 0	 0	 0	 0	 0	 0	 0	 0	 0	 0	 0	 0	 0	 0	 0	 0	 0	 0	 0	 0	 0	 0	 0	 0	 0
"Catabacter hongkongensis"	 0	 0	 0	 0	 0	 0	 0	 0	 0	 0	 0	 0	 0	 0	 0	 0	 0	 0	 0	 0	 0	 0	 0	 0	 0	 0	 0	 0	 0	 0	 0	 0	 0	 0	 0	 0	 0	 0	 0	 0	 0	 0	 2371	 0	 0	 0	 0	 0	 0	 0	 0	 0	 0	 0	 0	 0	 0	 0	 0	 0	 0	 0	 0	 0	 0	 0	 0	 0	 0	 0	 0	 0	 0	 425	 0	 0	 0	 0	 0	 0	 0	 0	 0	 0	 0	 0	 0	 53	 0	 0	 0	 0	 0	 0	 0	 0	 0
"Christensenella minuta"	 0	 0	 0	 0	 0	 0	 0	 0	 311	 0	 0	 0	 0	 0	 0	 0	 0	 0	 0	 0	 0	 0	 0	 0	 0	 0	 0	 0	 0	 0	 0	 0	 0	 0	 0	 0	 0	 0	 0	 0	 0	 0	 634	 0	 0	 0	 0	 0	 0	 0	 0	 0	 0	 0	 0	 0	 0	 0	 0	 0	 0	 0	 0	 0	 0	 0	 0	 0	 0	 0	 0	 0	 0	 0	 0	 0	 0	 0	 0	 0	 0	 0	 0	 0	 0	 0	 0	 0	 0	 0	 0	 0	 0	 0	 0	 0	 0
"Christensenella sp001678845"	 0	 0	 0	 0	 0	 0	 0	 0	 0	 0	 0	 0	 0	 0	 0	 0	 0	 0	 0	 0	 0	 0	 0	 0	 0	 0	 0	 0	 0	 0	 0	 0	 0	 0	 0	 0	 0	 0	 0	 0	 0	 0	 56	 0	 0	 0	 0	 0	 0	 0	 0	 0	 0	 0	 0	 0	 0	 0	 0	 0	 0	 0	 0	 0	 0	 0	 0	 0	 0	 0	 33	 0	 0	 78	 0	 0	 0	 0	 0	 0	 0	 0	 0	 0	 0	 0	 0	 0	 0	 0	 0	 0	 0	 0	 0	 0	 0
"Christensenella_A timonensis"	 0	 0	 0	 0	 0	 0	 0	 0	 0	 0	 0	 0	 0	 0	 0	 0	 0	 0	 0	 0	 0	 0	 0	 0	 0	 0	 0	 0	 0	 0	 0	 0	 0	 0	 0	 0	 0	 0	 0	 0	 0	 0	 281	 0	 0	 0	 0	 0	 0	 0	 0	 0	 0	 0	 0	 0	 0	 0	 0	 0	 0	 0	 0	 0	 0	 0	 0	 0	 0	 0	 0	 0	 0	 0	 0	 0	 0	 0	 0	 0	 0	 0	 0	 0	 0	 0	 0	 0	 0	 0	 0	 0	 0	 0	 0	 0	 0
"QAKS01 sp003343685"	 0	 0	 0	 0	 0	 0	 0	 0	 0	 0	 0	 0	 0	 0	 0	 0	 0	 0	 0	 0	 0	 0	 0	 0	 0	 0	 0	 0	 0	 0	 0	 0	 0	 0	 0	 0	 0	 0	 0	 0	 0	 0	 0	 0	 0	 0	 0	 0	 0	 0	 0	 0	 0	 0	 0	 0	 0	 0	 0	 0	 0	 0	 0	 91	 0	 0	 0	 0	 0	 0	 0	 0	 0	 0	 0	 0	 0	 0	 0	 0	 0	 0	 0	 0	 0	 0	 0	 0	 0	 0	 0	 0	 0	 0	 0	 0	 0
"QANA01 sp003149735"	 0	 0	 0	 0	 0	 0	 0	 159	 55	 0	 0	 0	 0	 0	 0	 161	 0	 0	 0	 0	 0	 0	 0	 0	 0	 0	 0	 0	 0	 0	 0	 0	 0	 0	 0	 0	 0	 0	 0	 0	 0	 0	 0	 0	 0	 0	 0	 0	 0	 0	 0	 0	 0	 0	 0	 0	 0	 0	 0	 0	 0	 0	 0	 0	 0	 0	 1433	 0	 0	 0	 0	 0	 0	 0	 0	 0	 0	 0	 0	 0	 0	 0	 0	 996	 0	 0	 0	 0	 0	 0	 0	 0	 0	 0	 79	 0	 0
"GCA-900066905 sp900066905"	 0	 0	 0	 0	 0	 0	 0	 0	 80	 0	 0	 0	 0	 0	 0	 0	 176	 0	 0	 0	 1212	 0	 60	 0	 0	 0	 0	 0	 0	 0	 0	 0	 0	 0	 0	 0	 0	 0	 0	 0	 0	 0	 853	 0	 0	 0	 0	 41	 0	 0	 0	 0	 0	 0	 0	 0	 0	 0	 0	 0	 52	 0	 0	 184	 0	 0	 0	 0	 0	 0	 0	 0	 0	 0	 0	 0	 0	 0	 0	 0	 0	 0	 0	 0	 0	 0	 0	 0	 0	 0	 93	 0	 0	 0	 0	 0	 0
"QALW01 sp003150515"	 0	 0	 0	 0	 0	 0	 0	 0	 0	 0	 0	 0	 0	 0	 0	 0	 100	 0	 0	 0	 176	 0	 0	 0	 0	 0	 0	 0	 0	 0	 0	 0	 0	 0	 0	 0	 0	 0	 0	 0	 0	 0	 0	 0	 0	 0	 0	 0	 0	 0	 0	 0	 0	 0	 0	 0	 0	 0	 0	 0	 0	 0	 0	 0	 0	 0	 0	 0	 0	 0	 0	 0	 0	 0	 0	 0	 0	 0	 0	 0	 0	 0	 0	 0	 0	 0	 0	 0	 0	 0	 0	 0	 0	 0	 0	 116	 0
"QAND01 sp003150225"	 0	 0	 0	 122	 0	 0	 0	 0	 67	 0	 0	 0	 0	 0	 0	 0	 89	 0	 0	 0	 320	 0	 0	 0	 0	 0	 0	 0	 0	 0	 0	 0	 0	 0	 0	 0	 0	 0	 0	 0	 0	 0	 198	 0	 0	 0	 0	 0	 0	 0	 0	 0	 0	 0	 0	 0	 0	 0	 0	 0	 0	 0	 0	 0	 45	 0	 87	 0	 0	 0	 0	 0	 0	 65	 0	 0	 0	 0	 0	 0	 0	 0	 0	 0	 0	 0	 0	 0	 86	 0	 134	 0	 0	 0	 0	 47	 0
"Desulfitobacterium hafniense"	 0	 0	 0	 0	 0	 0	 0	 0	 0	 0	 0	 0	 0	 0	 0	 0	 0	 0	 0	 0	 0	 0	 0	 0	 0	 0	 0	 0	 0	 0	 0	 0	 0	 0	 0	 0	 0	 0	 0	 0	 0	 0	 0	 0	 0	 0	 0	 0	 0	 0	 0	 0	 0	 0	 0	 0	 0	 0	 0	 0	 0	 0	 0	 0	 0	 0	 0	 0	 0	 0	 32	 0	 0	 0	 0	 0	 0	 0	 0	 0	 0	 0	 0	 0	 0	 0	 0	 0	 0	 0	 0	 0	 0	 0	 0	 0	 0
"QAKL01 sp003343815"	 0	 0	 122	 0	 0	 0	 0	 158	 0	 0	 0	 0	 0	 0	 0	 0	 0	 0	 0	 0	 0	 0	 0	 0	 0	 0	 0	 0	 215	 0	 0	 0	 0	 0	 0	 0	 0	 0	 0	 0	 0	 0	 0	 0	 0	 0	 0	 0	 0	 0	 0	 0	 0	 0	 0	 0	 0	 0	 0	 0	 0	 0	 0	 0	 0	 0	 0	 0	 0	 0	 0	 0	 0	 0	 0	 0	 0	 0	 0	 0	 0	 0	 0	 0	 0	 0	 55	 0	 0	 0	 222	 0	 0	 0	 0	 0	 0
"Acidaminococcus fermentans"	 0	 0	 0	 0	 0	 0	 0	 0	 0	 0	 0	 0	 0	 0	 0	 0	 0	 0	 0	 0	 0	 0	 0	 0	 0	 0	 0	 0	 0	 0	 0	 0	 0	 0	 0	 0	 0	 0	 0	 0	 0	 0	 0	 59	 0	 0	 0	 0	 0	 0	 0	 0	 0	 0	 1175	 0	 0	 0	 0	 0	 0	 0	 0	 0	 0	 0	 0	 0	 0	 0	 47	 0	 0	 0	 0	 0	 0	 0	 0	 0	 0	 0	 0	 0	 0	 0	 0	 0	 0	 0	 0	 0	 0	 0	 0	 0	 0
"Acidaminococcus intestini"	 1232	 1264	 0	 1434	 1149	 0	 0	 0	 1288	 0	 1244	 1474	 1378	 1275	 0	 1342	 0	 0	 0	 1226	 0	 0	 1459	 332	 1607	 1279	 1469	 0	 0	 1495	 1346	 1259	 0	 0	 110	 1330	 1289	 1319	 0	 985	 1271	 1288	 1436	 0	 1311	 0	 1472	 0	 1417	 1304	 0	 0	 1465	 1481	 1040	 0	 1475	 0	 397	 0	 0	 0	 1277	 1257	 0	 1259	 0	 0	 1475	 1301	 1334	 0	 0	 301	 0	 848	 0	 1333	 0	 111	 0	 0	 1556	 328	 906	 1335	 0	 1344	 1385	 322	 0	 1285	 0	 0	 0	 1387	 0
"Acidaminococcus massiliensis"	 0	 0	 0	 0	 0	 0	 0	 0	 0	 0	 0	 0	 0	 0	 0	 0	 0	 18	 0	 0	 0	 0	 0	 0	 0	 0	 0	 0	 0	 0	 0	 0	 0	 0	 0	 0	 0	 0	 0	 0	 0	 0	 0	 48	 0	 0	 0	 0	 0	 0	 0	 0	 0	 0	 0	 0	 0	 0	 63	 0	 0	 0	 0	 0	 0	 71	 0	 0	 0	 0	 0	 0	 0	 0	 0	 0	 0	 0	 0	 0	 0	 0	 0	 0	 0	 0	 0	 0	 0	 0	 0	 0	 0	 0	 0	 0	 0
"Acidaminococcus provencensis"	 0	 0	 0	 0	 124	 0	 0	 0	 0	 498	 0	 0	 0	 0	 1950	 0	 0	 0	 0	 0	 0	 0	 0	 0	 0	 0	 0	 2183	 0	 0	 0	 0	 0	 0	 0	 0	 0	 0	 2076	 0	 0	 0	 0	 2056	 0	 0	 0	 0	 0	 0	 695	 0	 0	 0	 0	 0	 40	 1628	 0	 0	 2349	 2265	 0	 0	 0	 0	 0	 0	 0	 0	 504	 0	 0	 756	 0	 0	 0	 0	 0	 0	 0	 0	 0	 0	 0	 0	 0	 0	 0	 0	 0	 0	 0	 0	 0	 0	 0
"Acidaminococcus sp000437815"	 0	 0	 0	 0	 0	 0	 0	 0	 0	 0	 0	 0	 0	 0	 0	 0	 379	 0	 0	 353	 0	 0	 0	 0	 0	 0	 0	 0	 71	 0	 0	 0	 0	 0	 0	 0	 0	 0	 0	 0	 0	 0	 0	 0	 0	 0	 0	 0	 0	 0	 0	 0	 0	 0	 0	 0	 0	 0	 0	 0	 0	 0	 0	 0	 0	 0	 0	 0	 0	 0	 358	 0	 0	 51	 0	 0	 0	 0	 0	 0	 0	 0	 0	 0	 0	 0	 0	 0	 0	 0	 0	 0	 0	 0	 0	 0	 0
"Acidaminococcus timonensis"	 0	 0	 0	 0	 0	 0	 0	 0	 0	 0	 0	 0	 0	 0	 0	 0	 0	 0	 0	 0	 0	 0	 0	 0	 0	 0	 0	 0	 0	 0	 0	 0	 0	 0	 0	 0	 0	 0	 0	 0	 0	 0	 0	 72	 0	 0	 0	 0	 0	 0	 0	 0	 0	 0	 0	 0	 0	 0	 0	 0	 0	 0	 0	 0	 0	 0	 0	 0	 0	 0	 0	 0	 0	 0	 0	 0	 0	 0	 0	 0	 0	 0	 0	 0	 0	 0	 0	 0	 0	 0	 0	 0	 0	 0	 0	 0	 0
"Phascolarctobacterium faecium"	 554	 1174	 58	 63	 189	 1282	 711	 1200	 696	 59	 1111	 1233	 1167	 1033	 1185	 0	 157	 995	 919	 0	 346	 1082	 1063	 0	 299	 0	 243	 1108	 366	 0	 656	 1101	 0	 163	 1052	 1113	 1248	 0	 0	 160	 0	 0	 873	 1097	 617	 0	 661	 769	 0	 102	 1122	 1162	 0	 1229	 1202	 1028	 1233	 796	 0	 620	 731	 1239	 1218	 1225	 1092	 0	 1120	 0	 0	 979	 0	 0	 815	 769	 1019	 0	 262	 1291	 1192	 1149	 1144	 1294	 1178	 0	 35	 993	 779	 0	 0	 563	 0	 910	 0	 1086	 0	 1056	 1431
"Phascolarctobacterium sp000436095"	 0	 0	 0	 348	 0	 0	 0	 0	 0	 0	 0	 0	 0	 0	 0	 0	 0	 0	 0	 152	 0	 0	 0	 0	 0	 0	 154	 0	 0	 0	 0	 0	 0	 169	 0	 0	 0	 0	 0	 0	 0	 0	 0	 0	 0	 0	 0	 0	 0	 179	 0	 0	 0	 0	 0	 0	 0	 0	 0	 0	 0	 0	 0	 0	 0	 0	 0	 0	 147	 0	 0	 158	 0	 0	 0	 0	 220	 0	 0	 0	 0	 0	 0	 0	 0	 0	 0	 163	 0	 0	 156	 0	 0	 0	 0	 0	 0
"Phascolarctobacterium sp003150755"	 0	 0	 0	 0	 0	 0	 0	 0	 0	 0	 0	 0	 0	 0	 0	 0	 0	 0	 0	 42	 0	 0	 0	 0	 0	 0	 40	 0	 0	 0	 0	 0	 0	 0	 0	 0	 0	 0	 0	 0	 0	 0	 0	 0	 0	 0	 0	 0	 0	 40	 0	 0	 0	 0	 0	 0	 0	 0	 0	 0	 0	 0	 0	 0	 0	 0	 0	 0	 0	 0	 0	 0	 0	 0	 0	 0	 0	 0	 0	 0	 0	 0	 0	 0	 0	 0	 0	 0	 0	 0	 0	 0	 0	 44	 0	 0	 0
"Phascolarctobacterium_A succinatutens"	 0	 0	 0	 0	 0	 0	 0	 0	 0	 0	 0	 0	 0	 0	 0	 0	 0	 0	 0	 0	 0	 0	 0	 0	 0	 0	 0	 0	 0	 672	 0	 0	 434	 0	 0	 0	 0	 0	 0	 0	 0	 200	 0	 0	 0	 0	 0	 0	 0	 0	 0	 0	 0	 0	 0	 0	 0	 0	 0	 0	 0	 0	 0	 0	 0	 193	 0	 667	 0	 0	 0	 0	 0	 0	 0	 131	 0	 0	 0	 0	 0	 0	 0	 685	 0	 0	 0	 0	 0	 0	 0	 0	 187	 0	 0	 0	 0
"Megamonas funiformis"	 1360	 1360	 1536	 839	 0	 0	 0	 1416	 0	 0	 1292	 1408	 0	 1548	 1362	 0	 0	 0	 0	 1595	 516	 0	 1323	 0	 1592	 0	 0	 0	 0	 1503	 0	 0	 0	 1311	 0	 1338	 0	 1500	 1356	 1309	 0	 1590	 0	 0	 0	 0	 1529	 1435	 1343	 1318	 0	 0	 1270	 1342	 0	 0	 1542	 0	 301	 0	 0	 0	 0	 0	 0	 0	 0	 0	 0	 1403	 0	 0	 0	 1319	 1369	 0	 0	 0	 0	 1490	 0	 0	 900	 488	 0	 1404	 0	 0	 1315	 0	 1037	 1376	 1468	 1432	 0	 1518	 1374
"Mitsuokella jalaludinii"	 0	 0	 0	 0	 0	 0	 0	 0	 0	 0	 0	 0	 0	 0	 0	 269	 0	 0	 0	 0	 0	 0	 0	 0	 0	 0	 0	 0	 0	 0	 0	 0	 0	 0	 0	 0	 0	 0	 0	 0	 0	 0	 0	 0	 0	 0	 0	 0	 36	 0	 0	 0	 0	 0	 0	 0	 0	 0	 0	 0	 0	 0	 0	 0	 0	 41	 0	 0	 0	 0	 0	 0	 0	 0	 0	 325	 0	 0	 0	 0	 0	 0	 42	 0	 0	 0	 0	 0	 0	 0	 0	 0	 0	 0	 0	 0	 0
"Mitsuokella multacida"	 0	 0	 0	 0	 0	 0	 0	 0	 0	 362	 0	 0	 0	 0	 0	 384	 0	 0	 0	 612	 0	 0	 0	 0	 0	 0	 0	 0	 0	 0	 0	 0	 0	 0	 0	 0	 0	 0	 555	 0	 734	 405	 0	 421	 0	 0	 0	 0	 688	 0	 0	 0	 0	 0	 0	 0	 0	 38	 0	 0	 0	 0	 0	 0	 0	 314	 0	 0	 0	 743	 373	 0	 0	 0	 0	 74	 0	 0	 0	 0	 0	 0	 672	 0	 801	 0	 0	 0	 0	 0	 0	 0	 0	 0	 676	 0	 0
"Mitsuokella sp003458855"	 0	 0	 0	 0	 0	 0	 0	 0	 0	 0	 0	 0	 0	 0	 0	 0	 1664	 0	 0	 0	 0	 0	 0	 0	 0	 0	 0	 0	 0	 0	 0	 0	 0	 0	 0	 0	 0	 0	 0	 0	 0	 0	 0	 0	 0	 0	 0	 0	 0	 0	 0	 0	 0	 0	 0	 0	 0	 1746	 0	 0	 0	 0	 0	 0	 0	 0	 0	 434	 0	 0	 0	 0	 2046	 0	 0	 0	 0	 0	 0	 0	 0	 0	 0	 0	 0	 0	 0	 0	 0	 0	 0	 0	 0	 0	 0	 0	 0
"Allisonella histaminiformans"	 0	 53	 0	 0	 0	 0	 157	 0	 0	 37	 0	 61	 133	 199	 47	 205	 107	 0	 0	 0	 0	 0	 0	 0	 0	 348	 0	 0	 0	 136	 0	 0	 257	 0	 0	 123	 0	 256	 269	 194	 0	 325	 0	 0	 0	 0	 0	 176	 109	 0	 90	 161	 86	 401	 98	 0	 0	 186	 124	 0	 79	 0	 131	 0	 68	 69	 0	 275	 0	 53	 0	 0	 0	 0	 0	 0	 0	 248	 0	 48	 0	 0	 0	 0	 110	 0	 0	 0	 0	 0	 0	 170	 66	 179	 0	 0	 0
"Dialister invisus"	 0	 0	 0	 0	 0	 0	 0	 0	 0	 0	 0	 0	 0	 0	 0	 0	 0	 0	 0	 0	 0	 327	 0	 0	 0	 0	 0	 0	 0	 0	 0	 0	 0	 0	 0	 0	 0	 0	 0	 0	 0	 0	 0	 0	 0	 0	 0	 0	 0	 0	 0	 0	 0	 0	 0	 0	 0	 0	 0	 0	 0	 0	 0	 0	 0	 0	 0	 0	 0	 0	 0	 0	 0	 0	 0	 0	 0	 0	 0	 0	 0	 0	 0	 0	 0	 0	 0	 0	 0	 0	 0	 0	 0	 0	 0	 0	 0
"Dialister sp000434475"	 0	 0	 0	 0	 0	 0	 0	 0	 0	 0	 0	 0	 0	 0	 0	 391	 0	 0	 0	 0	 0	 0	 0	 0	 0	 0	 0	 0	 0	 0	 0	 0	 0	 0	 0	 0	 0	 0	 0	 0	 0	 0	 0	 0	 0	 0	 0	 0	 0	 0	 0	 0	 0	 0	 0	 0	 0	 0	 0	 0	 0	 0	 0	 0	 0	 0	 0	 0	 0	 0	 0	 0	 0	 0	 0	 610	 0	 0	 0	 0	 0	 0	 0	 0	 0	 0	 0	 0	 0	 0	 0	 0	 0	 0	 0	 0	 0
"Dialister sp900343095"	 0	 0	 0	 923	 1140	 0	 306	 0	 0	 1130	 1131	 0	 0	 67	 0	 0	 1089	 417	 0	 1126	 894	 0	 0	 935	 887	 1078	 0	 0	 932	 0	 1041	 0	 0	 0	 0	 0	 0	 984	 873	 0	 946	 0	 875	 0	 1020	 1134	 837	 0	 1136	 0	 0	 0	 1092	 0	 0	 0	 0	 1153	 388	 1059	 1148	 0	 0	 897	 0	 0	 0	 0	 0	 914	 878	 0	 1029	 0	 0	 0	 0	 115	 0	 0	 0	 0	 904	 0	 895	 1030	 0	 0	 928	 0	 867	 0	 0	 0	 0	 0	 0
"Dialister succinatiphilus"	 0	 0	 0	 0	 0	 0	 0	 0	 0	 0	 0	 0	 0	 0	 0	 0	 0	 0	 0	 0	 0	 0	 0	 0	 0	 0	 0	 0	 0	 0	 0	 0	 0	 0	 0	 0	 0	 0	 0	 72	 0	 0	 0	 0	 0	 0	 0	 0	 0	 0	 0	 0	 0	 0	 0	 0	 0	 0	 0	 0	 0	 0	 0	 0	 0	 62	 0	 0	 0	 0	 0	 0	 0	 0	 0	 0	 0	 0	 0	 0	 0	 0	 0	 0	 0	 0	 0	 0	 0	 0	 0	 0	 0	 0	 0	 0	 0
"UBA5809 sp002417965"	 0	 0	 122	 0	 0	 0	 0	 0	 0	 0	 0	 0	 0	 0	 0	 0	 0	 0	 0	 0	 0	 0	 0	 0	 0	 0	 0	 0	 0	 0	 0	 0	 0	 0	 0	 0	 0	 0	 0	 0	 0	 0	 0	 0	 0	 0	 0	 0	 0	 0	 0	 0	 0	 0	 0	 0	 0	 0	 0	 0	 0	 0	 0	 0	 0	 0	 0	 0	 0	 0	 0	 0	 0	 0	 0	 0	 0	 0	 0	 0	 0	 0	 0	 0	 0	 0	 0	 0	 0	 0	 0	 0	 0	 0	 0	 0	 0
"Megasphaera cerevisiae"	 0	 0	 0	 0	 0	 0	 0	 0	 0	 0	 0	 0	 0	 0	 0	 0	 0	 0	 0	 0	 0	 0	 0	 0	 0	 0	 0	 0	 0	 0	 0	 0	 0	 0	 0	 0	 0	 0	 0	 0	 0	 0	 0	 0	 0	 0	 0	 0	 0	 0	 0	 0	 0	 23	 0	 0	 0	 0	 0	 0	 0	 0	 0	 0	 0	 0	 0	 0	 0	 0	 0	 0	 0	 0	 0	 0	 0	 0	 0	 0	 0	 0	 0	 0	 0	 0	 0	 0	 0	 0	 0	 0	 0	 0	 0	 0	 0
"Megasphaera elsdenii"	 89	 62	 0	 69	 71	 0	 0	 0	 0	 70	 64	 75	 0	 80	 61	 0	 105	 0	 0	 83	 118	 0	 78	 90	 0	 59	 0	 0	 88	 1224	 0	 0	 0	 0	 0	 76	 66	 95	 84	 0	 91	 66	 0	 103	 0	 0	 86	 0	 71	 83	 96	 79	 0	 62	 57	 0	 105	 75	 23	 0	 96	 0	 67	 0	 0	 69	 0	 0	 70	 90	 76	 56	 0	 60	 0	 116	 0	 69	 0	 0	 0	 0	 78	 0	 37	 72	 0	 55	 0	 0	 0	 106	 0	 91	 81	 0	 0
"Megasphaera massiliensis"	 0	 0	 0	 0	 0	 0	 0	 0	 0	 0	 0	 0	 0	 36	 0	 0	 0	 0	 0	 0	 0	 0	 0	 0	 0	 0	 0	 0	 0	 0	 0	 0	 0	 0	 0	 0	 0	 0	 0	 44	 0	 0	 0	 0	 0	 0	 0	 0	 0	 0	 0	 0	 0	 0	 0	 0	 0	 37	 0	 0	 0	 0	 0	 0	 0	 0	 0	 0	 0	 0	 0	 0	 0	 0	 0	 0	 0	 0	 0	 0	 0	 0	 0	 0	 0	 0	 0	 0	 0	 0	 0	 0	 0	 0	 0	 0	 0
"Megasphaera sp000417505"	 686	 984	 0	 958	 1029	 0	 0	 0	 0	 1027	 979	 1088	 0	 991	 993	 0	 919	 0	 0	 940	 310	 0	 826	 856	 0	 1000	 0	 0	 899	 0	 0	 0	 0	 0	 0	 867	 854	 985	 1025	 0	 1014	 846	 0	 975	 0	 0	 990	 0	 988	 1002	 352	 999	 0	 916	 980	 0	 398	 1015	 371	 0	 866	 0	 983	 0	 0	 938	 0	 0	 328	 908	 1069	 395	 0	 448	 0	 298	 0	 815	 0	 0	 0	 0	 965	 264	 275	 537	 0	 220	 0	 0	 0	 651	 0	 396	 1008	 0	 0
"Megasphaera sp001546855"	 0	 0	 0	 0	 0	 0	 0	 0	 0	 0	 0	 0	 1453	 1394	 1463	 0	 0	 0	 0	 0	 0	 0	 0	 0	 0	 110	 0	 0	 0	 0	 0	 0	 0	 0	 0	 1484	 0	 0	 0	 1287	 0	 0	 0	 0	 0	 0	 0	 0	 1474	 0	 0	 0	 0	 1485	 0	 0	 0	 1348	 0	 0	 0	 0	 0	 0	 0	 0	 0	 0	 0	 0	 0	 0	 0	 0	 1454	 0	 0	 0	 0	 0	 0	 0	 0	 0	 0	 0	 0	 0	 0	 0	 0	 0	 0	 0	 0	 1442	 0
"Megasphaera stantonii"	 0	 0	 0	 0	 0	 0	 0	 0	 0	 0	 0	 0	 0	 0	 0	 0	 0	 0	 0	 0	 0	 0	 0	 0	 0	 0	 0	 0	 0	 0	 0	 0	 0	 0	 0	 0	 0	 0	 0	 0	 0	 0	 0	 0	 0	 0	 0	 0	 0	 0	 0	 0	 0	 0	 0	 0	 0	 0	 0	 0	 0	 0	 0	 0	 0	 0	 0	 0	 0	 0	 0	 0	 0	 0	 0	 0	 785	 0	 0	 0	 0	 0	 0	 0	 0	 0	 0	 0	 0	 0	 0	 0	 0	 0	 0	 0	 0
"Megasphaera_B hexanoica"	 0	 0	 0	 0	 0	 0	 0	 0	 0	 159	 0	 0	 0	 0	 0	 79	 191	 0	 0	 0	 0	 0	 139	 140	 0	 0	 0	 0	 59	 171	 0	 0	 0	 0	 0	 0	 0	 0	 134	 0	 101	 60	 0	 151	 0	 0	 0	 0	 0	 114	 0	 0	 0	 0	 0	 0	 0	 0	 0	 0	 0	 0	 0	 0	 0	 0	 0	 0	 0	 0	 0	 0	 0	 184	 0	 0	 0	 0	 0	 152	 0	 0	 0	 0	 84	 0	 0	 0	 0	 0	 0	 0	 0	 0	 0	 0	 0
"Megasphaera_B sp003467125"	 0	 0	 0	 0	 0	 0	 0	 0	 0	 776	 0	 0	 0	 0	 0	 1135	 1203	 0	 0	 0	 0	 0	 640	 738	 0	 0	 0	 0	 291	 831	 0	 0	 0	 0	 0	 0	 0	 0	 1233	 0	 604	 995	 0	 1175	 0	 0	 0	 0	 0	 535	 0	 0	 0	 0	 0	 0	 0	 0	 0	 0	 0	 0	 0	 0	 0	 0	 0	 0	 0	 78	 0	 0	 0	 1161	 0	 0	 0	 0	 0	 1292	 0	 0	 0	 0	 462	 0	 0	 0	 0	 0	 0	 0	 0	 0	 0	 0	 0
"Veillonella atypica"	 0	 0	 0	 0	 0	 0	 0	 0	 0	 0	 0	 0	 0	 0	 0	 0	 0	 0	 0	 46	 0	 0	 0	 0	 0	 0	 0	 843	 0	 0	 0	 0	 0	 0	 55	 0	 0	 0	 0	 537	 0	 0	 0	 0	 670	 0	 0	 0	 45	 0	 0	 0	 0	 0	 0	 0	 0	 0	 0	 0	 0	 0	 0	 0	 0	 70	 0	 0	 0	 0	 0	 0	 0	 0	 0	 0	 0	 0	 0	 0	 0	 0	 0	 0	 0	 0	 0	 0	 0	 193	 0	 0	 0	 0	 0	 0	 0
"Veillonella dispar"	 0	 0	 0	 0	 0	 0	 0	 0	 0	 0	 0	 0	 0	 0	 0	 0	 0	 0	 0	 0	 0	 0	 0	 0	 0	 0	 0	 0	 0	 0	 0	 0	 0	 0	 0	 0	 0	 0	 0	 54	 0	 0	 0	 0	 109	 0	 0	 0	 0	 0	 0	 0	 0	 0	 0	 0	 0	 0	 0	 0	 0	 0	 0	 0	 0	 87	 0	 0	 0	 0	 0	 0	 0	 0	 0	 0	 0	 0	 0	 0	 0	 0	 0	 0	 0	 0	 0	 0	 0	 0	 0	 0	 0	 0	 0	 0	 0
"Veillonella dispar_A"	 0	 0	 0	 0	 0	 0	 0	 0	 0	 113	 0	 0	 0	 0	 0	 0	 0	 0	 0	 0	 0	 0	 0	 0	 0	 0	 0	 0	 0	 0	 0	 0	 0	 0	 0	 0	 0	 0	 0	 79	 0	 0	 0	 0	 200	 0	 0	 0	 0	 0	 0	 0	 0	 0	 0	 0	 0	 0	 0	 0	 0	 0	 0	 0	 0	 75	 0	 0	 0	 0	 0	 0	 0	 0	 0	 0	 0	 0	 0	 0	 0	 0	 0	 0	 0	 0	 0	 0	 0	 67	 0	 0	 0	 0	 0	 0	 0
"Veillonella infantium"	 0	 0	 0	 0	 0	 0	 0	 0	 0	 0	 0	 0	 0	 0	 0	 0	 0	 0	 0	 0	 0	 0	 0	 0	 0	 0	 0	 0	 0	 0	 0	 0	 0	 0	 0	 0	 0	 0	 0	 48	 0	 0	 0	 0	 52	 0	 0	 0	 0	 0	 0	 0	 0	 0	 0	 0	 0	 0	 0	 0	 0	 0	 0	 0	 0	 0	 0	 0	 0	 0	 0	 0	 0	 0	 0	 0	 0	 0	 0	 0	 0	 0	 0	 0	 0	 0	 0	 0	 0	 0	 0	 0	 0	 0	 0	 0	 0
"Veillonella parvula_A"	 0	 0	 0	 0	 0	 0	 668	 0	 0	 52	 0	 0	 0	 0	 0	 0	 0	 0	 0	 0	 0	 0	 0	 0	 0	 0	 0	 0	 0	 127	 0	 0	 0	 0	 0	 0	 0	 0	 0	 0	 0	 0	 0	 0	 40	 380	 0	 0	 0	 0	 0	 0	 0	 0	 0	 0	 0	 0	 0	 0	 0	 56	 0	 0	 0	 85	 0	 0	 0	 0	 0	 0	 0	 598	 0	 0	 0	 0	 0	 0	 0	 0	 0	 0	 0	 0	 0	 0	 0	 0	 0	 0	 0	 0	 0	 0	 0
"Veillonella rogosae"	 0	 0	 0	 0	 0	 0	 0	 97	 0	 217	 0	 0	 0	 0	 0	 0	 0	 0	 0	 0	 0	 0	 0	 0	 0	 0	 0	 0	 0	 0	 0	 0	 0	 0	 0	 0	 0	 0	 0	 0	 0	 0	 0	 0	 214	 0	 0	 0	 0	 0	 0	 0	 0	 0	 0	 0	 0	 0	 0	 298	 0	 0	 0	 0	 0	 0	 0	 0	 0	 0	 0	 0	 0	 0	 0	 109	 0	 0	 0	 0	 0	 0	 0	 0	 0	 0	 0	 0	 0	 0	 0	 0	 0	 0	 0	 0	 39
"Veillonella sp002959755"	 0	 0	 0	 0	 0	 0	 0	 0	 0	 0	 0	 0	 0	 0	 0	 0	 0	 0	 0	 0	 0	 0	 0	 0	 0	 0	 0	 0	 0	 0	 0	 0	 0	 0	 0	 0	 0	 0	 0	 146	 0	 0	 0	 0	 99	 0	 0	 0	 0	 0	 0	 0	 0	 0	 0	 0	 0	 0	 0	 0	 0	 0	 0	 0	 0	 72	 0	 0	 0	 0	 0	 0	 0	 0	 0	 0	 0	 0	 0	 0	 0	 0	 0	 0	 0	 0	 0	 0	 0	 58	 0	 0	 0	 0	 0	 0	 0
"Veillonella sp003463825"	 0	 0	 0	 0	 0	 0	 0	 0	 0	 0	 0	 0	 0	 0	 0	 0	 0	 0	 0	 0	 0	 0	 0	 0	 0	 0	 0	 0	 0	 0	 0	 0	 0	 0	 0	 0	 0	 0	 0	 50	 0	 0	 0	 0	 47	 0	 0	 0	 0	 0	 0	 0	 0	 0	 0	 0	 0	 0	 0	 0	 0	 0	 0	 0	 0	 35	 0	 0	 0	 0	 0	 0	 0	 0	 0	 0	 0	 0	 0	 0	 0	 0	 0	 0	 0	 0	 0	 0	 0	 0	 0	 0	 0	 0	 0	 0	 0
"Veillonella tobetsuensis"	 0	 0	 0	 0	 0	 0	 76	 0	 0	 0	 0	 0	 0	 0	 0	 0	 0	 0	 0	 0	 0	 0	 0	 0	 0	 0	 0	 0	 0	 0	 0	 0	 0	 0	 0	 0	 0	 0	 0	 56	 0	 0	 0	 0	 36	 0	 0	 0	 0	 0	 0	 0	 0	 0	 0	 0	 0	 0	 0	 407	 0	 0	 0	 0	 0	 0	 0	 0	 0	 0	 0	 0	 0	 0	 0	 154	 0	 0	 0	 0	 0	 0	 0	 0	 0	 0	 0	 0	 0	 0	 0	 0	 0	 0	 0	 0	 0
"Veillonella_A magna"	 0	 0	 0	 0	 0	 0	 0	 0	 0	 0	 0	 0	 0	 0	 0	 0	 0	 0	 0	 0	 0	 0	 0	 0	 0	 0	 0	 0	 0	 0	 0	 0	 0	 0	 0	 0	 0	 0	 0	 0	 0	 0	 0	 0	 0	 17	 0	 0	 0	 0	 0	 0	 0	 0	 0	 0	 0	 0	 0	 0	 0	 0	 0	 0	 0	 0	 0	 0	 0	 0	 0	 0	 0	 0	 0	 0	 0	 0	 0	 0	 0	 0	 0	 0	 0	 0	 0	 0	 0	 0	 0	 0	 0	 0	 0	 0	 0
"Cetobacterium_A somerae"	 0	 0	 0	 0	 0	 0	 0	 0	 0	 0	 0	 0	 0	 0	 322	 0	 0	 0	 0	 0	 0	 0	 0	 0	 0	 0	 0	 0	 0	 0	 0	 0	 0	 0	 0	 0	 0	 0	 0	 0	 0	 0	 0	 0	 0	 0	 0	 0	 0	 0	 0	 0	 0	 0	 0	 0	 0	 0	 0	 0	 0	 0	 0	 0	 0	 733	 0	 0	 0	 0	 0	 0	 0	 0	 0	 0	 0	 0	 0	 0	 0	 0	 0	 0	 0	 0	 0	 0	 0	 0	 0	 0	 0	 0	 0	 0	 0
"Cetobacterium_A sp000799075"	 0	 0	 0	 0	 0	 0	 0	 0	 0	 0	 0	 0	 0	 0	 63	 0	 0	 0	 0	 0	 0	 0	 0	 0	 0	 0	 0	 0	 0	 0	 0	 0	 0	 0	 0	 0	 0	 0	 0	 0	 0	 0	 0	 0	 0	 0	 0	 0	 0	 0	 0	 0	 0	 0	 0	 0	 0	 0	 0	 0	 0	 0	 0	 0	 0	 37	 0	 0	 0	 0	 0	 0	 0	 0	 0	 0	 0	 0	 0	 0	 0	 0	 0	 0	 0	 0	 0	 0	 0	 0	 0	 0	 0	 0	 0	 0	 0
"Fusobacterium_A mortiferum"	 0	 0	 0	 0	 0	 0	 0	 0	 0	 70	 0	 0	 0	 0	 0	 0	 0	 0	 0	 0	 0	 0	 0	 0	 0	 0	 0	 0	 1574	 0	 0	 0	 0	 0	 0	 0	 0	 0	 0	 0	 0	 0	 0	 0	 0	 0	 0	 0	 0	 0	 0	 0	 0	 1558	 0	 1650	 0	 0	 0	 0	 0	 0	 0	 0	 0	 1517	 0	 0	 0	 0	 0	 0	 0	 0	 2025	 0	 0	 0	 0	 0	 1162	 727	 0	 0	 0	 0	 0	 0	 0	 0	 0	 0	 0	 0	 0	 0	 0
"Fusobacterium_A necrogenes"	 0	 0	 0	 0	 0	 0	 0	 0	 0	 0	 0	 0	 0	 0	 0	 0	 0	 0	 0	 0	 0	 0	 0	 0	 0	 0	 0	 0	 0	 0	 0	 0	 0	 0	 0	 0	 0	 0	 0	 0	 0	 0	 0	 0	 0	 0	 0	 0	 0	 0	 0	 0	 0	 0	 0	 0	 0	 0	 0	 0	 0	 0	 0	 0	 0	 0	 0	 0	 0	 0	 0	 0	 0	 0	 72	 0	 0	 0	 0	 0	 34	 0	 0	 0	 0	 0	 0	 0	 0	 0	 0	 0	 0	 0	 0	 0	 0
"Fusobacterium_A ulcerans"	 0	 0	 0	 0	 0	 0	 32	 0	 0	 0	 0	 0	 0	 0	 0	 0	 0	 0	 48	 0	 0	 0	 0	 0	 0	 0	 0	 0	 0	 0	 0	 47	 0	 0	 0	 0	 37	 45	 0	 0	 0	 0	 0	 0	 0	 44	 0	 0	 0	 0	 0	 56	 0	 0	 0	 0	 0	 0	 0	 0	 0	 54	 0	 0	 0	 0	 0	 0	 0	 0	 0	 0	 0	 0	 0	 0	 0	 0	 0	 0	 0	 0	 0	 0	 0	 0	 0	 0	 0	 0	 0	 0	 0	 0	 0	 0	 0
"Fusobacterium_A ulcerans_A"	 0	 0	 0	 0	 0	 0	 0	 0	 0	 0	 0	 0	 0	 0	 0	 0	 0	 0	 0	 0	 0	 0	 0	 0	 0	 0	 0	 0	 0	 0	 0	 35	 0	 0	 0	 0	 160	 0	 0	 0	 0	 0	 0	 0	 0	 32	 0	 0	 0	 0	 0	 815	 0	 0	 0	 0	 0	 0	 0	 0	 0	 0	 0	 0	 0	 0	 0	 0	 0	 0	 0	 0	 0	 0	 0	 0	 0	 0	 0	 0	 0	 0	 0	 0	 0	 0	 0	 0	 0	 0	 0	 0	 0	 0	 0	 0	 0
"Fusobacterium_A varium"	 657	 2295	 0	 0	 0	 0	 515	 0	 0	 0	 0	 0	 0	 0	 0	 0	 0	 0	 1290	 0	 0	 0	 0	 0	 0	 0	 0	 0	 0	 0	 0	 1441	 0	 0	 0	 0	 0	 909	 0	 0	 0	 0	 460	 0	 0	 41	 0	 0	 0	 0	 0	 46	 0	 0	 0	 0	 0	 0	 0	 0	 0	 1937	 0	 0	 0	 0	 0	 0	 0	 0	 0	 0	 0	 0	 0	 0	 0	 0	 0	 0	 0	 0	 0	 0	 0	 0	 0	 0	 0	 0	 0	 29	 0	 0	 0	 0	 111
"51-20 sp001917175"	 0	 0	 2184	 1612	 0	 0	 0	 0	 0	 0	 0	 0	 0	 0	 0	 0	 0	 0	 0	 0	 0	 0	 0	 0	 0	 0	 0	 0	 0	 0	 0	 0	 0	 0	 0	 0	 0	 0	 0	 0	 0	 0	 0	 0	 0	 0	 0	 1645	 0	 0	 0	 0	 0	 0	 0	 0	 0	 0	 0	 0	 0	 0	 0	 0	 0	 0	 0	 0	 0	 1632	 0	 0	 0	 0	 0	 0	 0	 0	 0	 0	 0	 0	 0	 0	 0	 0	 0	 0	 0	 0	 0	 0	 0	 0	 0	 0	 0
"CAG-267 sp001917135"	 0	 0	 1649	 0	 0	 0	 0	 0	 0	 0	 0	 0	 0	 0	 0	 0	 0	 0	 0	 0	 0	 0	 0	 0	 0	 0	 1471	 0	 0	 0	 0	 0	 0	 0	 0	 0	 0	 0	 0	 0	 0	 0	 0	 0	 0	 0	 0	 0	 0	 0	 0	 0	 0	 0	 0	 0	 0	 0	 0	 0	 0	 0	 0	 0	 0	 0	 0	 0	 0	 0	 0	 0	 0	 0	 0	 0	 0	 0	 0	 0	 0	 0	 0	 0	 0	 0	 0	 0	 0	 0	 0	 0	 0	 0	 0	 0	 0
"CAG-495 sp000436375"	 0	 0	 0	 0	 0	 0	 0	 0	 0	 0	 0	 0	 0	 0	 0	 0	 0	 0	 0	 0	 0	 0	 0	 0	 0	 0	 0	 0	 0	 0	 0	 0	 0	 0	 0	 0	 0	 0	 0	 0	 0	 0	 0	 0	 0	 0	 0	 0	 0	 0	 0	 0	 0	 0	 0	 0	 0	 0	 0	 0	 0	 0	 0	 0	 0	 0	 908	 0	 0	 0	 0	 0	 0	 0	 0	 0	 0	 0	 0	 0	 0	 0	 0	 0	 0	 0	 0	 0	 0	 0	 0	 890	 943	 0	 0	 0	 0
"CAG-495 sp001917125"	 0	 0	 0	 0	 0	 0	 0	 0	 0	 0	 0	 0	 0	 0	 1406	 0	 0	 0	 0	 0	 0	 0	 0	 0	 0	 0	 0	 0	 0	 0	 0	 0	 0	 0	 0	 0	 0	 0	 0	 0	 0	 0	 0	 0	 0	 0	 0	 0	 0	 0	 0	 0	 0	 0	 0	 0	 0	 0	 0	 0	 0	 0	 0	 0	 0	 0	 0	 0	 0	 0	 0	 0	 0	 0	 0	 0	 0	 0	 0	 0	 0	 0	 0	 0	 1316	 0	 0	 0	 0	 0	 0	 0	 0	 0	 0	 0	 0
"Rs-D84 sp002437665"	 0	 0	 0	 0	 0	 0	 0	 0	 0	 0	 0	 0	 0	 0	 0	 0	 0	 0	 0	 0	 0	 0	 0	 0	 0	 0	 0	 0	 0	 0	 0	 0	 0	 0	 0	 0	 0	 0	 0	 0	 0	 0	 0	 0	 0	 0	 0	 0	 0	 0	 0	 0	 0	 0	 0	 0	 0	 0	 0	 0	 0	 0	 0	 0	 0	 0	 0	 0	 0	 0	 0	 0	 0	 0	 0	 0	 0	 0	 0	 0	 0	 0	 0	 0	 0	 0	 0	 0	 0	 0	 0	 0	 0	 0	 121	 0	 0
"CAG-521 sp000437635"	 0	 0	 0	 143	 0	 0	 0	 0	 0	 0	 0	 0	 118	 0	 0	 0	 0	 0	 0	 0	 0	 0	 0	 0	 0	 0	 0	 0	 0	 0	 0	 0	 0	 101	 0	 0	 0	 0	 0	 0	 0	 0	 0	 0	 0	 0	 0	 0	 0	 104	 0	 0	 0	 0	 142	 0	 0	 0	 0	 0	 118	 0	 0	 0	 0	 192	 0	 0	 0	 0	 0	 0	 0	 0	 0	 0	 0	 163	 0	 0	 0	 0	 0	 0	 0	 0	 0	 0	 0	 0	 0	 0	 0	 0	 0	 0	 0
"Comamonas kerstersii"	 0	 0	 70	 0	 0	 0	 0	 0	 0	 861	 0	 0	 0	 0	 0	 0	 0	 0	 0	 0	 0	 0	 0	 0	 0	 0	 0	 0	 0	 0	 0	 0	 0	 0	 0	 0	 0	 0	 0	 0	 0	 0	 0	 0	 0	 17	 0	 0	 0	 0	 0	 0	 0	 0	 0	 0	 0	 0	 0	 0	 0	 0	 0	 0	 0	 0	 0	 0	 0	 0	 0	 0	 0	 0	 0	 68	 0	 0	 0	 0	 0	 0	 0	 0	 0	 0	 0	 0	 0	 0	 0	 0	 0	 0	 0	 0	 0
"Duodenibacillus massiliensis"	 0	 0	 0	 0	 0	 0	 0	 0	 0	 0	 0	 0	 0	 0	 0	 0	 0	 0	 0	 0	 0	 0	 0	 0	 0	 0	 0	 0	 0	 0	 0	 0	 0	 0	 0	 0	 0	 0	 0	 0	 0	 0	 0	 0	 0	 0	 0	 0	 0	 0	 0	 0	 0	 0	 0	 0	 0	 0	 0	 0	 0	 0	 0	 0	 0	 0	 951	 0	 0	 0	 0	 0	 0	 0	 0	 0	 0	 0	 0	 0	 0	 0	 0	 0	 0	 0	 0	 0	 0	 0	 0	 0	 0	 0	 0	 0	 0
"Duodenibacillus sp003472385"	 0	 0	 0	 0	 0	 0	 0	 0	 0	 0	 0	 0	 0	 0	 0	 539	 0	 0	 0	 0	 0	 0	 0	 0	 0	 0	 0	 0	 0	 0	 0	 0	 0	 1237	 0	 0	 0	 0	 0	 0	 1334	 0	 0	 0	 0	 0	 0	 0	 576	 439	 0	 0	 1197	 1241	 0	 0	 0	 0	 0	 0	 0	 0	 0	 0	 370	 0	 0	 0	 464	 0	 0	 0	 0	 0	 0	 0	 1180	 0	 0	 0	 0	 0	 0	 0	 0	 0	 0	 0	 0	 0	 439	 0	 0	 0	 0	 0	 415
"Mesosutterella massiliensis"	 112	 419	 0	 380	 268	 0	 0	 0	 0	 0	 196	 0	 285	 0	 394	 0	 0	 0	 0	 0	 430	 0	 0	 54	 0	 242	 0	 0	 0	 0	 217	 0	 0	 0	 206	 204	 0	 0	 186	 0	 72	 123	 0	 242	 0	 0	 302	 0	 373	 0	 186	 197	 383	 0	 0	 182	 297	 0	 119	 133	 228	 0	 50	 0	 0	 0	 0	 90	 477	 0	 346	 233	 289	 0	 0	 0	 0	 37	 0	 0	 0	 0	 259	 0	 420	 0	 117	 0	 0	 0	 370	 0	 0	 0	 0	 0	 0
"Mesosutterella multiformis"	 182	 933	 0	 1090	 1046	 0	 0	 0	 0	 0	 972	 0	 520	 0	 1082	 0	 0	 0	 0	 0	 1021	 0	 0	 86	 0	 1051	 0	 0	 0	 0	 1039	 0	 0	 0	 1003	 930	 0	 0	 958	 0	 106	 211	 0	 1062	 0	 0	 1059	 0	 794	 0	 953	 957	 1022	 0	 0	 960	 1048	 0	 372	 251	 963	 0	 97	 0	 0	 0	 0	 141	 1004	 0	 1132	 1001	 1077	 0	 0	 0	 0	 54	 0	 0	 0	 0	 1033	 0	 897	 0	 235	 0	 0	 0	 1164	 0	 0	 0	 0	 0	 0
"Oxalobacter formigenes"	 0	 38	 0	 0	 0	 0	 0	 0	 0	 0	 0	 0	 0	 0	 0	 0	 64	 0	 0	 0	 0	 0	 0	 0	 0	 0	 211	 0	 0	 0	 0	 0	 0	 0	 0	 0	 0	 0	 0	 0	 0	 0	 0	 0	 0	 0	 0	 0	 0	 0	 0	 0	 0	 0	 0	 0	 0	 0	 0	 0	 0	 0	 93	 500	 0	 0	 0	 0	 0	 0	 607	 0	 0	 0	 77	 0	 0	 0	 0	 410	 422	 0	 702	 0	 134	 0	 44	 0	 0	 0	 0	 0	 0	 0	 0	 0	 0
"Parasutterella excrementihominis"	 172	 796	 0	 0	 384	 78	 591	 0	 0	 0	 0	 128	 0	 0	 881	 0	 0	 0	 1189	 0	 233	 0	 0	 66	 0	 281	 0	 0	 0	 0	 725	 0	 1139	 0	 0	 421	 52	 0	 263	 72	 0	 0	 764	 0	 0	 1228	 515	 0	 0	 0	 0	 0	 0	 0	 0	 0	 794	 0	 0	 0	 0	 0	 639	 978	 0	 0	 0	 0	 0	 0	 0	 1015	 0	 0	 38	 0	 0	 0	 0	 0	 935	 0	 593	 0	 0	 0	 993	 472	 0	 0	 92	 564	 141	 0	 0	 148	 0
"Parasutterella sp000980495"	 0	 41	 0	 0	 0	 190	 50	 0	 0	 0	 0	 0	 0	 37	 43	 0	 0	 0	 0	 0	 0	 0	 0	 0	 0	 39	 0	 0	 0	 0	 57	 0	 0	 0	 0	 50	 70	 0	 41	 0	 0	 0	 0	 0	 0	 0	 201	 0	 0	 0	 0	 0	 0	 0	 0	 0	 47	 0	 0	 0	 0	 0	 0	 0	 0	 0	 0	 0	 0	 0	 0	 0	 0	 0	 0	 0	 0	 0	 0	 0	 0	 0	 65	 0	 0	 0	 0	 41	 0	 0	 0	 59	 0	 0	 0	 0	 0
"Sutterella megalosphaeroides"	 0	 0	 0	 0	 0	 0	 0	 0	 0	 0	 0	 0	 0	 0	 0	 0	 0	 0	 0	 40	 0	 0	 0	 0	 0	 0	 0	 0	 0	 0	 0	 0	 0	 0	 0	 0	 0	 0	 0	 0	 0	 0	 0	 0	 0	 0	 0	 0	 58	 0	 0	 0	 0	 0	 0	 0	 0	 0	 0	 0	 0	 0	 0	 0	 0	 0	 0	 0	 0	 0	 0	 0	 0	 0	 0	 0	 0	 0	 0	 0	 0	 0	 0	 0	 0	 0	 0	 0	 0	 0	 0	 0	 0	 0	 0	 0	 0
"Sutterella parvirubra"	 0	 0	 0	 0	 0	 0	 0	 0	 0	 0	 0	 0	 0	 0	 0	 0	 0	 0	 0	 0	 0	 0	 0	 0	 0	 0	 0	 0	 0	 0	 0	 0	 0	 0	 0	 0	 0	 0	 0	 0	 0	 0	 0	 0	 0	 0	 0	 0	 0	 0	 0	 0	 0	 0	 0	 0	 0	 0	 0	 0	 0	 0	 0	 0	 0	 0	 0	 0	 0	 0	 0	 0	 0	 69	 0	 0	 0	 0	 0	 0	 0	 0	 0	 0	 0	 0	 0	 0	 0	 0	 0	 0	 0	 0	 0	 0	 0
"Sutterella sp006337085"	 0	 0	 0	 0	 0	 0	 0	 0	 0	 0	 0	 0	 0	 0	 0	 0	 0	 0	 0	 0	 0	 0	 0	 0	 0	 0	 0	 0	 0	 0	 0	 0	 0	 0	 0	 0	 0	 0	 0	 0	 0	 0	 0	 0	 0	 0	 0	 0	 0	 0	 0	 0	 0	 0	 0	 0	 0	 0	 0	 0	 0	 0	 0	 0	 0	 0	 0	 0	 0	 0	 0	 0	 0	 0	 0	 1565	 0	 0	 0	 0	 0	 0	 0	 0	 0	 0	 0	 0	 0	 0	 0	 0	 0	 0	 124	 0	 0
"Sutterella wadsworthensis"	 0	 0	 543	 846	 0	 1093	 0	 570	 0	 1210	 0	 1382	 0	 1561	 0	 0	 1009	 0	 0	 0	 0	 563	 953	 885	 0	 0	 1862	 0	 352	 508	 0	 0	 0	 0	 0	 0	 1603	 1251	 0	 1780	 1047	 1751	 0	 0	 1557	 0	 0	 0	 0	 1005	 0	 0	 0	 1824	 1077	 0	 0	 1495	 0	 1820	 903	 0	 1195	 0	 531	 881	 0	 669	 1262	 1859	 0	 0	 0	 0	 1155	 0	 0	 1267	 1318	 0	 1539	 948	 0	 806	 0	 0	 0	 1462	 1183	 1051	 0	 1524	 1492	 0	 0	 1803	 519
"Sutterella wadsworthensis_A"	 0	 0	 1218	 0	 0	 0	 0	 1201	 1163	 1000	 0	 0	 0	 0	 0	 1273	 0	 0	 0	 0	 0	 191	 0	 0	 1076	 1255	 0	 975	 1122	 1340	 0	 0	 0	 0	 0	 0	 0	 1125	 0	 0	 0	 2085	 0	 0	 0	 0	 0	 0	 0	 0	 0	 0	 0	 0	 0	 0	 0	 1166	 505	 0	 0	 0	 0	 0	 0	 375	 0	 1271	 0	 0	 0	 0	 0	 1391	 0	 314	 0	 0	 1135	 1148	 0	 1277	 0	 1450	 0	 1169	 0	 0	 0	 0	 0	 0	 0	 0	 0	 0	 0
"Turicimonas muris"	 0	 0	 0	 0	 0	 0	 0	 0	 0	 0	 216	 0	 0	 0	 0	 0	 0	 0	 0	 0	 0	 0	 0	 0	 0	 0	 0	 0	 0	 0	 0	 0	 0	 0	 0	 0	 0	 0	 0	 0	 0	 0	 211	 0	 0	 0	 0	 0	 0	 0	 0	 0	 0	 0	 0	 0	 0	 0	 0	 0	 0	 0	 0	 0	 0	 0	 0	 0	 0	 0	 0	 0	 0	 0	 0	 0	 0	 0	 0	 0	 0	 0	 0	 0	 0	 0	 0	 0	 0	 0	 0	 0	 0	 0	 0	 0	 0
"Aeromonas caviae"	 0	 0	 0	 0	 0	 0	 0	 0	 0	 0	 0	 0	 0	 0	 2055	 0	 0	 0	 0	 0	 0	 0	 0	 0	 0	 0	 0	 0	 0	 0	 0	 0	 0	 0	 0	 0	 0	 0	 0	 0	 0	 0	 0	 0	 0	 0	 0	 0	 0	 0	 0	 0	 0	 0	 0	 0	 0	 0	 0	 0	 0	 0	 0	 0	 0	 0	 0	 0	 0	 0	 0	 0	 0	 0	 0	 0	 0	 0	 0	 0	 0	 0	 0	 0	 0	 0	 0	 0	 0	 0	 0	 0	 0	 0	 0	 0	 0
"Citrobacter braakii"	 0	 0	 0	 0	 0	 81	 81	 0	 0	 0	 0	 0	 0	 0	 0	 0	 0	 0	 0	 0	 0	 0	 0	 0	 0	 0	 0	 0	 0	 0	 0	 0	 0	 0	 0	 0	 0	 0	 0	 0	 0	 0	 0	 0	 46	 0	 0	 0	 0	 0	 0	 0	 0	 0	 0	 0	 0	 0	 0	 0	 0	 0	 0	 0	 0	 0	 0	 0	 0	 0	 0	 0	 0	 0	 0	 0	 0	 0	 0	 0	 0	 0	 0	 0	 0	 0	 0	 0	 0	 0	 0	 0	 0	 0	 0	 0	 0
"Citrobacter europaeus"	 0	 0	 0	 0	 0	 0	 105	 0	 0	 0	 0	 0	 0	 0	 0	 0	 0	 0	 0	 0	 0	 0	 0	 0	 0	 0	 0	 0	 0	 0	 0	 0	 0	 0	 0	 0	 0	 0	 0	 0	 0	 0	 0	 0	 0	 0	 0	 0	 0	 0	 0	 0	 0	 0	 0	 0	 0	 0	 0	 0	 0	 0	 0	 0	 0	 0	 0	 0	 0	 0	 0	 0	 0	 0	 0	 0	 0	 0	 0	 0	 0	 0	 0	 0	 0	 0	 0	 0	 0	 0	 0	 0	 0	 0	 0	 0	 0
"Citrobacter freundii"	 0	 0	 0	 0	 0	 174	 490	 0	 0	 0	 0	 0	 0	 0	 0	 0	 0	 0	 0	 0	 0	 0	 0	 0	 0	 0	 0	 0	 0	 40	 0	 0	 0	 0	 0	 0	 0	 0	 0	 0	 0	 0	 0	 0	 2758	 0	 0	 0	 0	 0	 0	 0	 0	 0	 0	 0	 0	 0	 21	 73	 0	 0	 0	 0	 0	 0	 0	 0	 0	 0	 0	 0	 0	 0	 0	 0	 0	 0	 0	 0	 0	 0	 0	 0	 0	 0	 0	 0	 0	 0	 0	 0	 0	 0	 0	 0	 0
"Citrobacter murliniae"	 0	 0	 0	 0	 0	 0	 0	 0	 0	 0	 0	 0	 0	 0	 0	 0	 0	 0	 0	 0	 0	 0	 0	 0	 0	 0	 0	 0	 0	 0	 0	 0	 0	 0	 0	 0	 0	 0	 42	 0	 0	 0	 0	 0	 0	 0	 0	 0	 0	 0	 0	 0	 0	 0	 0	 0	 0	 0	 0	 0	 0	 0	 0	 0	 0	 0	 0	 0	 0	 0	 0	 0	 0	 0	 0	 0	 0	 0	 0	 0	 0	 0	 0	 0	 0	 0	 0	 0	 0	 0	 0	 0	 0	 0	 0	 0	 0
"Citrobacter portucalensis"	 0	 0	 0	 0	 0	 62	 1810	 0	 0	 0	 0	 0	 0	 0	 0	 0	 0	 0	 0	 0	 0	 0	 0	 0	 0	 0	 0	 0	 0	 0	 0	 0	 0	 0	 0	 0	 0	 0	 0	 0	 0	 0	 0	 0	 33	 0	 0	 0	 0	 0	 0	 0	 0	 0	 0	 0	 0	 0	 16	 75	 0	 0	 0	 0	 0	 0	 0	 0	 0	 0	 0	 0	 0	 0	 0	 0	 0	 0	 0	 0	 0	 0	 0	 0	 0	 0	 0	 0	 0	 0	 0	 0	 0	 0	 0	 0	 0
"Cronobacter dublinensis"	 0	 0	 0	 0	 0	 0	 0	 0	 0	 0	 0	 0	 0	 0	 0	 0	 0	 0	 0	 0	 0	 0	 0	 0	 0	 0	 0	 0	 0	 0	 0	 0	 0	 0	 0	 0	 0	 0	 0	 51	 0	 0	 0	 0	 0	 0	 0	 0	 0	 0	 0	 0	 0	 0	 0	 0	 0	 0	 0	 0	 0	 0	 0	 0	 0	 0	 0	 0	 0	 0	 0	 0	 0	 0	 0	 0	 0	 0	 0	 0	 0	 0	 0	 0	 0	 0	 0	 0	 0	 0	 0	 0	 0	 0	 0	 0	 0
"Cronobacter malonaticus"	 0	 0	 0	 0	 0	 0	 0	 0	 0	 0	 0	 0	 0	 0	 0	 0	 0	 0	 0	 0	 0	 0	 0	 0	 0	 0	 0	 0	 0	 0	 0	 0	 0	 0	 0	 0	 0	 0	 0	 866	 0	 0	 0	 0	 0	 0	 0	 0	 0	 0	 0	 0	 0	 0	 0	 0	 0	 0	 0	 0	 0	 0	 0	 0	 0	 0	 0	 0	 0	 0	 0	 0	 0	 0	 0	 0	 0	 0	 0	 0	 0	 0	 0	 0	 0	 0	 0	 0	 0	 0	 0	 0	 0	 0	 0	 0	 0
"Cronobacter sakazakii"	 0	 0	 0	 0	 0	 0	 0	 0	 0	 0	 0	 0	 0	 0	 0	 0	 0	 0	 0	 0	 0	 0	 0	 0	 0	 0	 0	 0	 0	 0	 0	 0	 0	 0	 0	 0	 0	 0	 0	 539	 0	 0	 0	 0	 38	 0	 0	 0	 0	 0	 0	 0	 0	 0	 0	 0	 0	 0	 0	 0	 0	 0	 0	 0	 0	 0	 0	 0	 0	 0	 0	 0	 0	 0	 0	 0	 0	 0	 0	 0	 0	 0	 0	 0	 0	 0	 0	 0	 0	 0	 0	 0	 0	 0	 0	 0	 0
"Enterobacter asburiae"	 0	 0	 0	 0	 0	 0	 0	 0	 0	 0	 0	 0	 0	 0	 0	 0	 0	 28	 0	 0	 0	 0	 0	 0	 106	 0	 0	 0	 0	 50	 0	 0	 0	 0	 67	 0	 0	 0	 0	 0	 0	 0	 0	 0	 0	 0	 0	 0	 0	 0	 0	 0	 0	 0	 0	 0	 0	 0	 0	 0	 0	 0	 0	 77	 0	 0	 0	 0	 0	 0	 0	 0	 0	 0	 0	 0	 0	 0	 0	 0	 0	 0	 0	 0	 0	 0	 0	 0	 0	 0	 0	 0	 0	 0	 0	 0	 0
"Enterobacter cloacae"	 0	 0	 0	 0	 0	 67	 0	 0	 0	 0	 0	 0	 0	 0	 0	 0	 0	 23	 0	 0	 0	 0	 0	 0	 91	 0	 0	 0	 0	 49	 0	 0	 0	 0	 0	 0	 0	 0	 0	 0	 0	 0	 0	 0	 0	 0	 0	 0	 0	 0	 0	 0	 0	 0	 0	 0	 0	 0	 0	 0	 0	 0	 0	 51	 0	 0	 0	 0	 0	 0	 0	 93	 0	 0	 0	 0	 0	 0	 0	 0	 0	 0	 0	 0	 0	 0	 0	 0	 0	 0	 0	 0	 0	 0	 113	 0	 0
"Enterobacter cloacae_M"	 0	 0	 0	 0	 0	 0	 0	 0	 0	 0	 0	 0	 0	 0	 0	 0	 0	 0	 0	 0	 0	 0	 0	 0	 0	 0	 0	 0	 0	 0	 0	 0	 0	 0	 86	 0	 0	 0	 0	 0	 0	 0	 0	 0	 0	 0	 0	 0	 0	 0	 0	 0	 0	 0	 0	 0	 0	 0	 0	 0	 0	 0	 0	 0	 0	 0	 0	 0	 0	 0	 0	 0	 0	 0	 0	 0	 0	 0	 0	 0	 0	 0	 0	 0	 0	 0	 0	 0	 0	 0	 0	 0	 0	 0	 0	 0	 0
"Enterobacter himalayensis"	 0	 0	 0	 0	 0	 0	 0	 0	 0	 0	 0	 0	 0	 0	 0	 0	 0	 64	 0	 0	 0	 0	 0	 0	 127	 0	 0	 0	 0	 2345	 0	 0	 0	 0	 41	 0	 0	 0	 0	 0	 0	 0	 1045	 0	 2436	 24	 0	 0	 0	 0	 0	 0	 0	 0	 0	 0	 0	 0	 0	 0	 0	 0	 0	 54	 0	 0	 0	 0	 0	 2555	 0	 48	 0	 0	 0	 0	 0	 0	 0	 0	 0	 0	 0	 0	 0	 0	 119	 0	 0	 0	 0	 0	 0	 0	 418	 0	 0
"Enterobacter kobei"	 0	 0	 0	 0	 0	 0	 0	 0	 0	 0	 0	 0	 0	 0	 0	 0	 0	 2504	 0	 0	 0	 0	 0	 0	 0	 0	 0	 0	 0	 0	 0	 0	 0	 0	 0	 0	 0	 0	 0	 0	 0	 0	 0	 0	 0	 0	 0	 0	 0	 0	 0	 0	 0	 0	 0	 0	 0	 0	 0	 0	 0	 0	 0	 0	 0	 0	 0	 0	 0	 0	 0	 78	 0	 0	 0	 0	 0	 0	 0	 0	 0	 0	 0	 0	 0	 0	 0	 0	 0	 0	 0	 0	 0	 0	 0	 0	 0
"Enterobacter ludwigii"	 0	 0	 0	 0	 0	 0	 0	 0	 0	 0	 0	 0	 0	 0	 0	 0	 0	 0	 0	 0	 0	 0	 0	 0	 225	 0	 0	 0	 0	 0	 0	 0	 0	 0	 0	 0	 0	 0	 0	 0	 0	 0	 0	 0	 0	 0	 0	 0	 0	 0	 0	 0	 0	 0	 0	 0	 0	 0	 0	 0	 0	 0	 0	 0	 0	 0	 0	 0	 0	 0	 0	 0	 0	 0	 0	 0	 0	 0	 0	 0	 0	 0	 0	 0	 0	 0	 0	 0	 0	 0	 0	 0	 0	 0	 0	 0	 0
"Enterobacter mori"	 0	 0	 0	 0	 0	 0	 0	 0	 0	 0	 0	 0	 0	 0	 0	 0	 0	 0	 0	 0	 0	 0	 0	 0	 1172	 0	 0	 0	 0	 0	 0	 0	 0	 0	 0	 0	 0	 0	 0	 0	 0	 0	 0	 0	 0	 0	 0	 0	 0	 0	 0	 0	 0	 0	 0	 0	 0	 0	 0	 0	 0	 0	 0	 0	 0	 0	 0	 0	 0	 0	 0	 0	 0	 0	 0	 0	 0	 0	 0	 0	 0	 0	 0	 0	 0	 0	 0	 0	 0	 0	 0	 0	 0	 0	 0	 0	 0
"Enterobacter roggenkampii"	 0	 0	 0	 0	 0	 0	 0	 0	 0	 0	 0	 0	 0	 0	 0	 0	 0	 148	 0	 58	 0	 0	 0	 0	 0	 0	 0	 0	 0	 1341	 0	 0	 0	 0	 73	 0	 0	 0	 0	 0	 0	 0	 0	 0	 0	 0	 0	 0	 0	 0	 0	 0	 0	 0	 0	 0	 0	 0	 0	 0	 0	 0	 0	 1174	 0	 0	 0	 0	 0	 0	 0	 0	 0	 0	 0	 0	 0	 0	 0	 0	 0	 0	 0	 0	 0	 0	 0	 0	 0	 0	 0	 0	 0	 0	 0	 0	 0
"Enterobacter sesami"	 0	 0	 0	 0	 0	 0	 0	 0	 0	 0	 0	 0	 0	 0	 0	 0	 0	 102	 0	 0	 0	 0	 0	 0	 48	 0	 0	 0	 0	 131	 0	 0	 0	 0	 0	 0	 0	 0	 0	 0	 0	 0	 0	 0	 0	 0	 0	 0	 0	 0	 0	 0	 0	 0	 0	 0	 0	 0	 0	 0	 0	 0	 0	 128	 0	 0	 0	 0	 0	 0	 0	 0	 0	 0	 0	 0	 0	 0	 0	 0	 0	 0	 0	 0	 0	 0	 0	 0	 0	 0	 0	 0	 0	 0	 0	 0	 0
"Escherichia coli"	 28	 248	 0	 0	 290	 0	 0	 0	 0	 0	 0	 58	 0	 0	 46	 0	 0	 0	 234	 57	 91	 0	 53	 0	 0	 45	 0	 69	 73	 0	 273	 44	 47	 0	 0	 0	 0	 0	 116	 285	 0	 287	 97	 0	 61	 118	 102	 33	 49	 180	 0	 0	 39	 20	 0	 0	 0	 37	 25	 278	 67	 33	 132	 0	 0	 327	 76	 0	 0	 70	 41	 0	 44	 100	 295	 54	 0	 0	 0	 0	 216	 0	 358	 0	 0	 32	 70	 187	 0	 0	 0	 0	 0	 22	 0	 0	 0
"Escherichia coli_C"	 0	 0	 0	 0	 0	 0	 0	 0	 0	 0	 0	 0	 0	 0	 0	 0	 0	 0	 0	 0	 0	 0	 0	 0	 0	 0	 0	 0	 0	 0	 0	 0	 0	 0	 0	 0	 0	 0	 0	 0	 0	 0	 0	 0	 0	 0	 0	 0	 0	 0	 0	 0	 0	 0	 0	 0	 0	 0	 0	 0	 0	 0	 0	 0	 0	 0	 0	 0	 0	 0	 0	 0	 0	 0	 0	 0	 0	 0	 0	 0	 0	 0	 0	 0	 0	 0	 0	 0	 0	 1168	 0	 0	 0	 0	 0	 0	 0
"Escherichia coli_D"	 0	 73	 0	 0	 0	 0	 0	 0	 0	 0	 0	 96	 0	 0	 47	 0	 0	 23	 0	 59	 245	 0	 0	 0	 0	 334	 58	 150	 0	 0	 120	 932	 36	 0	 59	 0	 0	 0	 73	 42	 0	 83	 0	 0	 76	 55	 288	 57	 46	 57	 0	 0	 58	 29	 0	 0	 0	 49	 98	 222	 155	 102	 71	 0	 0	 77	 212	 0	 0	 141	 74	 0	 64	 310	 36	 60	 0	 0	 0	 0	 61	 0	 0	 0	 0	 41	 799	 63	 83	 72	 0	 0	 0	 26	 96	 0	 0
"Escherichia dysenteriae"	 0	 0	 0	 0	 0	 0	 0	 0	 0	 0	 0	 0	 0	 0	 0	 0	 0	 0	 0	 31	 0	 0	 42	 0	 0	 35	 0	 0	 0	 0	 30	 0	 0	 0	 0	 0	 0	 0	 0	 0	 0	 0	 0	 0	 38	 0	 0	 0	 0	 0	 0	 0	 0	 0	 0	 0	 0	 0	 13	 46	 0	 305	 0	 0	 0	 39	 0	 0	 0	 0	 30	 0	 44	 49	 0	 48	 0	 0	 0	 0	 0	 0	 0	 0	 0	 0	 40	 0	 0	 0	 0	 0	 0	 14	 0	 0	 0
"Escherichia fergusonii"	 0	 0	 0	 0	 0	 0	 0	 0	 0	 0	 0	 0	 0	 0	 0	 0	 0	 0	 0	 0	 0	 0	 0	 0	 0	 0	 0	 0	 0	 0	 0	 0	 0	 0	 0	 0	 0	 0	 0	 0	 0	 0	 0	 0	 0	 0	 0	 0	 0	 0	 0	 0	 0	 0	 0	 0	 0	 0	 0	 0	 0	 0	 0	 0	 0	 0	 0	 0	 0	 0	 0	 0	 0	 0	 0	 0	 0	 0	 0	 0	 0	 0	 0	 0	 0	 0	 0	 0	 0	 47	 0	 0	 0	 0	 0	 0	 0
"Escherichia flexneri"	 53	 302	 0	 1321	 173	 1855	 64	 64	 0	 0	 0	 171	 0	 0	 1947	 0	 225	 78	 259	 544	 514	 0	 1783	 1781	 74	 1613	 231	 223	 1946	 94	 355	 405	 385	 0	 285	 59	 1688	 1786	 523	 204	 0	 307	 1685	 1946	 1010	 165	 354	 365	 305	 289	 0	 0	 815	 66	 0	 0	 0	 1291	 90	 424	 1285	 1196	 322	 42	 0	 923	 353	 0	 0	 490	 506	 1864	 1129	 743	 141	 707	 0	 1609	 0	 0	 221	 0	 262	 0	 1685	 1110	 340	 219	 298	 250	 0	 0	 0	 204	 771	 125	 1498
"Hafnia alvei"	 0	 0	 0	 0	 0	 0	 0	 0	 0	 0	 0	 0	 0	 0	 0	 0	 0	 0	 0	 0	 0	 0	 0	 0	 0	 0	 0	 0	 0	 0	 0	 0	 0	 0	 0	 0	 0	 0	 0	 0	 0	 0	 0	 0	 0	 0	 0	 0	 76	 0	 0	 0	 0	 0	 0	 0	 0	 0	 0	 0	 0	 0	 0	 0	 0	 0	 0	 0	 0	 0	 0	 0	 0	 0	 0	 0	 0	 0	 0	 0	 0	 0	 0	 0	 0	 0	 0	 0	 0	 0	 0	 0	 0	 0	 0	 0	 0
"Hafnia paralvei"	 0	 0	 0	 0	 0	 0	 0	 0	 0	 0	 0	 0	 0	 0	 0	 0	 0	 0	 0	 0	 0	 0	 0	 0	 0	 0	 0	 0	 0	 0	 0	 0	 0	 0	 0	 0	 0	 0	 0	 0	 0	 0	 0	 0	 0	 0	 0	 0	 31	 0	 0	 0	 0	 0	 0	 0	 0	 0	 0	 0	 0	 0	 0	 0	 0	 0	 0	 0	 0	 0	 0	 0	 0	 0	 0	 0	 0	 0	 0	 0	 0	 0	 0	 0	 0	 0	 0	 0	 0	 0	 0	 0	 0	 0	 0	 0	 0
"Klebsiella pneumoniae"	 0	 0	 0	 0	 445	 1193	 198	 412	 0	 704	 109	 681	 0	 26	 615	 0	 0	 611	 0	 0	 0	 100	 597	 740	 138	 0	 0	 742	 850	 1097	 34	 0	 0	 0	 752	 0	 0	 0	 71	 1117	 0	 783	 0	 0	 1015	 453	 0	 0	 846	 749	 0	 0	 0	 375	 0	 0	 154	 273	 134	 130	 0	 0	 0	 274	 0	 743	 0	 142	 0	 688	 0	 231	 723	 285	 104	 332	 73	 624	 712	 0	 34	 0	 194	 0	 0	 159	 659	 628	 0	 297	 303	 0	 431	 15	 147	 40	 0
"Klebsiella quasipneumoniae"	 0	 0	 0	 0	 0	 433	 2163	 0	 0	 0	 1924	 0	 0	 0	 0	 0	 0	 0	 0	 0	 0	 80	 1843	 0	 0	 0	 0	 0	 0	 324	 0	 0	 0	 0	 0	 0	 0	 0	 0	 661	 0	 0	 0	 0	 31	 2276	 0	 0	 34	 0	 0	 0	 0	 0	 0	 0	 112	 87	 12	 54	 0	 0	 0	 130	 0	 0	 0	 0	 0	 0	 0	 0	 0	 0	 1826	 106	 0	 0	 0	 0	 0	 0	 0	 0	 0	 0	 0	 0	 0	 0	 1328	 0	 84	 0	 0	 0	 0
"Klebsiella variicola"	 0	 0	 0	 0	 0	 313	 143	 0	 0	 0	 138	 34	 0	 0	 36	 0	 0	 31	 0	 0	 0	 83	 160	 0	 0	 0	 0	 0	 55	 452	 0	 0	 0	 0	 46	 0	 0	 0	 0	 176	 0	 0	 0	 0	 261	 132	 0	 0	 51	 35	 0	 0	 0	 26	 0	 0	 55	 113	 71	 0	 0	 0	 0	 103	 0	 57	 0	 0	 0	 0	 0	 238	 48	 67	 123	 191	 0	 0	 41	 0	 0	 0	 45	 0	 0	 0	 71	 40	 0	 36	 203	 0	 52	 0	 2872	 0	 0
"Klebsiella_A grimontii"	 0	 0	 0	 0	 0	 0	 0	 0	 0	 0	 0	 0	 0	 0	 0	 0	 0	 0	 0	 0	 0	 0	 0	 0	 2637	 0	 0	 0	 0	 127	 0	 0	 0	 0	 0	 0	 0	 0	 0	 0	 0	 0	 0	 0	 0	 0	 0	 0	 0	 0	 0	 0	 0	 0	 0	 0	 0	 0	 0	 0	 0	 0	 0	 0	 0	 0	 0	 0	 0	 0	 0	 0	 0	 0	 0	 0	 0	 0	 0	 0	 0	 0	 0	 0	 0	 0	 0	 0	 0	 0	 0	 0	 0	 0	 0	 0	 0
"Klebsiella_A michiganensis"	 0	 0	 0	 0	 0	 0	 0	 0	 0	 0	 0	 0	 0	 0	 0	 0	 0	 0	 0	 0	 0	 0	 0	 0	 474	 0	 0	 0	 0	 910	 0	 0	 0	 0	 0	 0	 0	 0	 0	 0	 0	 0	 0	 0	 0	 0	 0	 0	 0	 0	 0	 0	 0	 0	 0	 0	 0	 0	 0	 0	 0	 0	 0	 0	 0	 0	 0	 0	 0	 0	 0	 0	 0	 0	 0	 0	 0	 0	 0	 0	 0	 0	 0	 0	 0	 0	 0	 0	 0	 0	 0	 0	 0	 0	 0	 0	 0
"Klebsiella_A oxytoca"	 0	 0	 0	 0	 0	 0	 0	 0	 0	 0	 0	 0	 0	 0	 0	 0	 0	 0	 0	 0	 0	 0	 0	 0	 51	 0	 0	 0	 0	 196	 0	 0	 0	 0	 0	 0	 0	 0	 0	 0	 0	 0	 0	 0	 0	 0	 0	 0	 0	 0	 0	 0	 0	 0	 0	 0	 0	 0	 0	 0	 0	 0	 0	 0	 0	 0	 0	 0	 0	 0	 0	 0	 0	 0	 0	 0	 0	 0	 0	 0	 0	 0	 0	 0	 0	 0	 0	 0	 0	 0	 0	 0	 0	 0	 0	 0	 0
"Klebsiella_B aerogenes"	 0	 0	 0	 0	 0	 0	 0	 0	 0	 0	 0	 0	 0	 0	 0	 0	 0	 0	 0	 0	 0	 0	 0	 0	 0	 0	 0	 0	 0	 81	 0	 0	 0	 0	 0	 0	 0	 0	 0	 0	 0	 0	 0	 0	 131	 0	 0	 0	 0	 0	 0	 0	 0	 0	 0	 0	 0	 0	 0	 82	 0	 0	 0	 0	 0	 0	 0	 0	 0	 0	 0	 0	 0	 946	 0	 0	 0	 0	 0	 0	 0	 0	 0	 0	 0	 0	 0	 0	 0	 0	 0	 0	 0	 0	 0	 0	 0
"Kluyvera ascorbata"	 0	 0	 0	 0	 0	 0	 0	 0	 0	 0	 0	 0	 0	 0	 0	 0	 0	 0	 0	 0	 0	 0	 0	 0	 0	 0	 0	 0	 0	 0	 0	 0	 0	 0	 0	 0	 0	 0	 0	 0	 0	 0	 0	 0	 0	 1196	 0	 0	 0	 0	 0	 0	 0	 0	 0	 0	 0	 0	 0	 0	 0	 0	 0	 0	 0	 0	 0	 0	 0	 0	 0	 0	 0	 0	 0	 0	 0	 0	 0	 0	 0	 0	 0	 0	 0	 0	 0	 0	 0	 0	 0	 0	 0	 0	 0	 0	 0
"Kluyvera cryocrescens"	 0	 0	 0	 0	 0	 0	 34	 0	 0	 0	 0	 0	 0	 0	 0	 0	 0	 0	 0	 0	 0	 0	 0	 0	 0	 0	 0	 0	 0	 0	 0	 0	 0	 0	 0	 0	 0	 0	 0	 0	 0	 0	 0	 0	 0	 142	 0	 0	 0	 0	 0	 0	 0	 0	 0	 0	 0	 0	 0	 0	 0	 0	 0	 0	 0	 0	 0	 0	 0	 0	 0	 0	 0	 0	 0	 0	 0	 0	 0	 0	 0	 0	 0	 0	 0	 0	 0	 0	 0	 0	 0	 0	 0	 0	 0	 0	 0
"Kluyvera georgiana"	 0	 0	 0	 0	 0	 0	 45	 0	 0	 0	 0	 0	 0	 0	 0	 0	 0	 0	 0	 0	 0	 0	 0	 0	 0	 0	 0	 0	 0	 0	 0	 0	 0	 0	 0	 0	 0	 0	 0	 0	 0	 0	 0	 0	 0	 0	 0	 0	 0	 0	 0	 0	 0	 0	 0	 0	 0	 0	 0	 0	 0	 0	 0	 0	 0	 0	 0	 0	 0	 0	 0	 0	 0	 0	 0	 0	 0	 0	 0	 0	 0	 0	 0	 0	 0	 0	 0	 0	 0	 0	 0	 0	 0	 0	 0	 0	 0
"Kluyvera georgiana_A"	 0	 0	 0	 0	 0	 0	 50	 0	 0	 0	 0	 0	 0	 0	 0	 0	 0	 0	 0	 0	 0	 0	 0	 0	 0	 0	 0	 0	 0	 0	 0	 0	 0	 0	 0	 0	 0	 0	 0	 0	 0	 0	 0	 0	 0	 17	 0	 0	 0	 0	 0	 0	 0	 0	 0	 0	 0	 0	 0	 0	 0	 0	 0	 0	 0	 0	 0	 0	 0	 0	 0	 0	 0	 0	 0	 0	 0	 0	 0	 0	 0	 0	 0	 0	 0	 0	 0	 0	 0	 0	 0	 0	 0	 0	 0	 0	 0
"Plesiomonas shigelloides"	 0	 0	 0	 0	 0	 0	 0	 0	 0	 0	 0	 0	 0	 0	 970	 0	 0	 0	 0	 0	 0	 0	 0	 0	 0	 0	 0	 0	 1456	 0	 0	 0	 0	 0	 0	 0	 0	 0	 0	 0	 0	 0	 0	 0	 0	 0	 0	 0	 0	 0	 0	 0	 0	 0	 0	 0	 0	 0	 0	 0	 0	 0	 0	 0	 0	 0	 0	 0	 0	 0	 0	 0	 0	 0	 0	 0	 0	 0	 0	 0	 0	 0	 0	 0	 0	 0	 0	 0	 0	 0	 0	 0	 0	 0	 0	 0	 0
"Raoultella ornithinolytica"	 0	 0	 0	 0	 0	 0	 0	 0	 0	 0	 0	 0	 0	 0	 0	 0	 0	 0	 0	 0	 0	 0	 0	 0	 436	 0	 0	 0	 0	 0	 0	 0	 0	 0	 0	 0	 0	 0	 0	 0	 0	 0	 0	 0	 0	 0	 0	 0	 0	 0	 0	 0	 0	 0	 0	 0	 0	 0	 0	 0	 0	 0	 0	 0	 0	 0	 0	 0	 0	 0	 0	 0	 0	 0	 0	 0	 0	 0	 0	 0	 0	 0	 0	 0	 0	 0	 0	 0	 0	 0	 0	 0	 0	 0	 0	 0	 0
"Raoultella planticola"	 0	 0	 0	 0	 0	 0	 0	 0	 0	 0	 0	 0	 0	 0	 0	 0	 0	 0	 0	 0	 0	 0	 0	 0	 232	 0	 0	 0	 0	 0	 0	 0	 0	 0	 0	 0	 0	 0	 0	 0	 0	 0	 0	 0	 0	 0	 0	 0	 0	 0	 0	 0	 0	 0	 0	 0	 0	 0	 0	 0	 0	 0	 0	 0	 0	 0	 0	 0	 0	 0	 0	 0	 0	 0	 0	 0	 0	 0	 0	 0	 0	 0	 0	 0	 0	 0	 0	 0	 0	 0	 0	 0	 0	 0	 0	 0	 0
"Raoultella terrigena"	 0	 0	 0	 0	 0	 0	 0	 0	 0	 0	 0	 0	 0	 0	 0	 0	 0	 0	 0	 0	 0	 0	 0	 0	 37	 0	 0	 0	 0	 0	 0	 0	 0	 0	 0	 0	 0	 0	 0	 0	 0	 0	 0	 0	 0	 0	 0	 0	 0	 0	 0	 0	 0	 0	 0	 0	 0	 0	 0	 0	 0	 0	 0	 0	 0	 0	 0	 0	 0	 0	 0	 0	 0	 0	 0	 0	 0	 0	 0	 0	 0	 0	 0	 0	 0	 0	 0	 0	 0	 0	 0	 0	 0	 0	 0	 0	 0
"Salmonella enterica"	 0	 0	 0	 0	 0	 67	 48	 0	 0	 0	 0	 0	 0	 0	 0	 0	 0	 20	 0	 0	 0	 0	 0	 0	 46	 41	 0	 0	 0	 71	 0	 0	 0	 0	 0	 0	 0	 0	 0	 0	 0	 0	 0	 0	 75	 51	 0	 0	 0	 0	 0	 0	 0	 0	 0	 0	 0	 0	 16	 37	 0	 0	 0	 0	 0	 0	 0	 0	 0	 0	 0	 0	 36	 0	 0	 0	 0	 0	 0	 0	 0	 0	 0	 0	 0	 0	 0	 0	 0	 0	 0	 0	 0	 16	 0	 0	 0
"Aggregatibacter aphrophilus"	 0	 0	 0	 0	 0	 0	 0	 0	 0	 0	 0	 0	 0	 0	 0	 0	 0	 0	 0	 0	 0	 0	 0	 0	 0	 0	 0	 0	 0	 0	 0	 0	 0	 0	 0	 0	 0	 0	 0	 0	 0	 0	 0	 0	 28	 0	 0	 0	 0	 0	 0	 0	 0	 0	 0	 0	 0	 0	 0	 0	 0	 0	 0	 0	 0	 0	 0	 0	 0	 0	 0	 0	 0	 0	 0	 0	 0	 0	 0	 0	 0	 0	 0	 0	 0	 0	 0	 0	 0	 0	 0	 0	 0	 0	 0	 0	 0
"Haemophilus influenzae"	 0	 0	 0	 0	 0	 0	 0	 0	 0	 44	 0	 0	 0	 0	 0	 0	 0	 0	 0	 0	 0	 0	 0	 0	 0	 0	 0	 0	 0	 0	 0	 45	 0	 0	 0	 0	 0	 0	 0	 0	 0	 0	 0	 0	 0	 0	 0	 0	 0	 0	 0	 0	 0	 0	 0	 0	 0	 0	 0	 0	 0	 0	 0	 0	 0	 0	 0	 0	 0	 0	 0	 0	 0	 0	 0	 0	 0	 0	 0	 0	 0	 27	 0	 0	 0	 0	 0	 0	 0	 0	 0	 0	 0	 0	 0	 0	 0
"Haemophilus_A sputorum"	 0	 0	 0	 0	 0	 0	 0	 0	 0	 0	 0	 0	 0	 0	 0	 0	 0	 0	 0	 0	 0	 0	 0	 0	 0	 0	 0	 0	 0	 0	 0	 0	 0	 0	 0	 0	 0	 0	 0	 0	 0	 0	 0	 0	 0	 0	 0	 0	 0	 0	 0	 0	 0	 0	 0	 0	 0	 0	 0	 0	 0	 0	 0	 0	 0	 0	 0	 0	 0	 0	 0	 0	 0	 0	 0	 126	 0	 0	 0	 0	 0	 0	 0	 0	 0	 0	 0	 0	 0	 0	 0	 0	 0	 0	 0	 0	 0
"Haemophilus_D parainfluenzae"	 0	 0	 0	 0	 0	 0	 46	 0	 0	 123	 0	 0	 0	 0	 0	 0	 0	 0	 0	 0	 0	 0	 0	 0	 0	 0	 0	 0	 0	 0	 0	 539	 0	 0	 0	 0	 0	 0	 0	 75	 0	 0	 0	 0	 77	 0	 0	 0	 0	 0	 0	 0	 0	 0	 0	 0	 0	 0	 0	 517	 0	 0	 0	 0	 0	 0	 0	 0	 0	 0	 0	 0	 0	 433	 0	 52	 0	 0	 0	 0	 0	 78	 0	 0	 0	 0	 0	 0	 0	 0	 0	 0	 0	 0	 0	 0	 0
"Haemophilus_D parainfluenzae_A"	 0	 0	 0	 0	 0	 0	 0	 0	 0	 0	 0	 0	 0	 0	 0	 0	 0	 0	 0	 0	 0	 0	 0	 0	 0	 0	 0	 0	 0	 0	 0	 0	 0	 0	 0	 0	 0	 0	 0	 0	 0	 0	 0	 0	 0	 0	 0	 0	 0	 0	 0	 0	 0	 0	 0	 0	 0	 0	 0	 0	 0	 0	 0	 0	 0	 0	 0	 0	 0	 0	 0	 0	 0	 0	 0	 0	 0	 0	 0	 0	 0	 23	 0	 0	 0	 0	 0	 0	 0	 0	 0	 0	 0	 0	 0	 0	 0
"Haemophilus_D parainfluenzae_J"	 0	 0	 0	 0	 0	 0	 0	 0	 0	 0	 0	 0	 0	 0	 0	 0	 0	 0	 0	 0	 0	 0	 0	 0	 0	 0	 0	 0	 0	 0	 0	 0	 0	 0	 0	 0	 0	 0	 0	 0	 0	 0	 0	 0	 0	 0	 0	 0	 0	 0	 0	 0	 0	 0	 0	 0	 0	 0	 0	 0	 0	 0	 0	 0	 0	 0	 0	 0	 0	 0	 0	 0	 0	 0	 0	 0	 0	 0	 0	 0	 0	 26	 0	 0	 0	 0	 0	 0	 0	 0	 0	 0	 0	 0	 0	 0	 0
"Haemophilus_D parainfluenzae_K"	 0	 0	 0	 0	 0	 0	 38	 67	 0	 206	 0	 0	 0	 0	 0	 0	 0	 0	 0	 0	 0	 0	 0	 0	 0	 0	 0	 0	 0	 0	 0	 41	 0	 0	 0	 0	 0	 0	 0	 0	 0	 0	 0	 0	 109	 0	 0	 0	 0	 0	 0	 0	 0	 0	 0	 0	 0	 0	 0	 52	 0	 0	 0	 0	 0	 0	 0	 0	 0	 0	 0	 0	 0	 0	 0	 86	 0	 0	 0	 0	 0	 32	 0	 0	 0	 0	 0	 0	 0	 0	 0	 0	 0	 0	 0	 0	 0
"Haemophilus_D parainfluenzae_L"	 0	 0	 0	 0	 0	 0	 45	 0	 0	 46	 0	 0	 0	 0	 0	 0	 0	 0	 0	 0	 0	 0	 0	 0	 0	 0	 0	 0	 0	 0	 0	 0	 0	 0	 0	 0	 0	 0	 0	 0	 0	 0	 0	 0	 26	 0	 0	 0	 0	 0	 0	 0	 0	 0	 0	 0	 0	 0	 0	 0	 0	 0	 0	 0	 0	 0	 0	 0	 0	 0	 0	 0	 0	 0	 0	 231	 0	 0	 0	 0	 0	 0	 0	 0	 0	 0	 0	 0	 0	 0	 0	 0	 0	 0	 0	 0	 0
"Haemophilus_D parainfluenzae_M"	 0	 0	 0	 0	 0	 0	 28	 0	 0	 39	 0	 0	 0	 0	 0	 0	 0	 0	 0	 0	 0	 0	 0	 0	 0	 0	 0	 0	 0	 0	 0	 0	 0	 0	 0	 0	 0	 0	 0	 0	 0	 0	 0	 0	 26	 0	 0	 0	 0	 0	 0	 0	 0	 0	 0	 0	 0	 0	 0	 39	 0	 0	 0	 0	 0	 0	 0	 0	 0	 0	 0	 0	 0	 0	 0	 0	 0	 0	 0	 0	 0	 28	 0	 0	 0	 0	 0	 0	 0	 0	 0	 0	 0	 0	 0	 0	 0
"Haemophilus_D sp001679485"	 0	 0	 0	 0	 0	 0	 97	 0	 0	 0	 0	 0	 0	 0	 0	 0	 0	 0	 0	 0	 0	 0	 0	 0	 0	 0	 0	 0	 0	 0	 0	 0	 0	 0	 0	 0	 0	 0	 0	 0	 0	 0	 0	 0	 39	 0	 0	 0	 0	 0	 0	 0	 0	 0	 0	 0	 0	 0	 0	 0	 0	 0	 0	 0	 0	 0	 0	 0	 0	 0	 0	 0	 0	 0	 0	 74	 0	 0	 0	 0	 0	 35	 0	 0	 0	 0	 0	 0	 0	 0	 0	 0	 0	 0	 0	 0	 0
"Haemophilus_D sp001815355"	 0	 0	 0	 0	 0	 0	 0	 0	 0	 56	 0	 0	 0	 0	 0	 0	 0	 0	 0	 0	 0	 0	 0	 0	 0	 0	 0	 0	 0	 0	 0	 0	 0	 0	 0	 0	 0	 0	 0	 0	 0	 0	 0	 0	 188	 0	 0	 0	 0	 0	 0	 0	 0	 0	 0	 0	 0	 0	 0	 0	 0	 0	 0	 0	 0	 0	 0	 0	 0	 0	 0	 0	 0	 0	 0	 0	 0	 0	 0	 0	 0	 0	 0	 0	 0	 0	 0	 0	 0	 0	 0	 0	 0	 0	 0	 0	 0
"Succinatimonas hippei"	 0	 0	 0	 0	 0	 0	 0	 0	 0	 0	 0	 0	 0	 0	 0	 0	 0	 0	 0	 0	 0	 0	 0	 0	 0	 0	 0	 0	 0	 0	 754	 0	 0	 0	 0	 0	 0	 0	 0	 0	 0	 0	 0	 0	 0	 0	 0	 0	 0	 204	 0	 0	 0	 0	 0	 0	 0	 0	 0	 0	 0	 0	 0	 0	 0	 0	 0	 0	 0	 0	 0	 0	 0	 0	 0	 0	 0	 0	 0	 0	 0	 0	 0	 0	 0	 0	 0	 0	 0	 0	 0	 0	 0	 0	 0	 0	 0
"Succinivibrio sp000431835"	 0	 0	 0	 0	 0	 0	 0	 0	 0	 0	 0	 0	 0	 0	 0	 0	 0	 0	 0	 0	 0	 0	 0	 0	 0	 0	 0	 0	 0	 0	 0	 0	 0	 0	 0	 0	 0	 0	 0	 0	 0	 0	 0	 0	 0	 0	 0	 0	 0	 0	 0	 0	 0	 0	 0	 0	 0	 0	 0	 0	 0	 0	 0	 0	 0	 0	 0	 0	 0	 0	 0	 0	 0	 0	 0	 701	 0	 0	 0	 0	 0	 0	 0	 0	 0	 0	 0	 0	 0	 0	 0	 0	 0	 0	 0	 0	 0
"Pseudomonas aeruginosa"	 0	 0	 0	 0	 0	 0	 0	 0	 0	 0	 0	 0	 0	 0	 0	 0	 0	 0	 0	 0	 0	 0	 0	 0	 0	 0	 0	 0	 0	 0	 0	 0	 0	 0	 0	 0	 0	 0	 0	 0	 0	 0	 0	 0	 0	 0	 0	 0	 0	 0	 0	 0	 0	 0	 0	 0	 0	 0	 0	 0	 0	 0	 0	 0	 0	 0	 0	 0	 0	 0	 0	 0	 0	 0	 0	 0	 0	 0	 0	 0	 0	 0	 0	 0	 0	 0	 0	 0	 0	 0	 0	 0	 0	 0	 0	 0	 56
"Pyramidobacter piscolens"	 0	 0	 0	 0	 0	 0	 0	 0	 0	 0	 0	 0	 0	 0	 0	 0	 0	 0	 0	 0	 0	 0	 0	 0	 0	 0	 0	 0	 0	 0	 0	 0	 0	 0	 0	 0	 0	 0	 0	 0	 0	 0	 0	 0	 0	 0	 0	 0	 0	 0	 0	 0	 0	 0	 0	 0	 0	 0	 0	 0	 591	 0	 0	 0	 0	 0	 0	 0	 0	 0	 0	 0	 0	 0	 0	 0	 0	 0	 0	 0	 0	 0	 0	 0	 0	 0	 0	 0	 0	 0	 0	 0	 0	 0	 0	 0	 0
"Pyramidobacter sp002007215"	 0	 0	 0	 0	 0	 0	 0	 0	 0	 0	 0	 0	 0	 0	 0	 0	 0	 0	 0	 0	 0	 0	 0	 0	 0	 0	 0	 0	 0	 0	 0	 0	 0	 0	 0	 0	 0	 0	 0	 0	 0	 0	 0	 0	 0	 0	 0	 0	 0	 0	 0	 0	 0	 0	 0	 0	 0	 0	 0	 0	 60	 0	 0	 0	 0	 0	 0	 0	 0	 0	 0	 0	 0	 0	 0	 0	 0	 0	 0	 0	 0	 0	 0	 0	 0	 0	 0	 0	 0	 0	 0	 0	 0	 0	 0	 0	 0
"An23 sp002159945"	 0	 0	 0	 83	 0	 0	 0	 0	 0	 0	 0	 0	 0	 0	 0	 0	 0	 0	 0	 0	 0	 0	 0	 0	 0	 0	 0	 0	 0	 0	 0	 0	 0	 0	 0	 0	 0	 0	 0	 0	 0	 0	 0	 0	 0	 0	 0	 0	 0	 0	 0	 0	 0	 0	 0	 0	 0	 0	 0	 0	 0	 0	 0	 0	 0	 0	 0	 0	 0	 0	 0	 0	 0	 0	 0	 0	 58	 0	 0	 0	 0	 0	 0	 0	 0	 0	 0	 0	 0	 0	 0	 0	 0	 0	 0	 0	 0
"Cloacibacillus evryensis"	 0	 0	 0	 0	 0	 0	 0	 0	 0	 0	 0	 0	 0	 0	 0	 0	 0	 0	 0	 0	 1043	 0	 105	 0	 0	 0	 0	 0	 0	 0	 0	 0	 0	 0	 0	 0	 0	 0	 0	 0	 0	 0	 1761	 0	 0	 0	 0	 0	 0	 0	 0	 0	 0	 0	 0	 0	 0	 0	 0	 0	 0	 0	 0	 104	 0	 0	 0	 0	 0	 0	 0	 0	 0	 0	 0	 0	 0	 0	 0	 0	 0	 0	 0	 0	 0	 0	 0	 0	 0	 0	 0	 0	 0	 0	 0	 382	 0
"Cloacibacillus porcorum"	 0	 0	 0	 0	 0	 0	 0	 0	 0	 0	 0	 0	 0	 0	 0	 0	 0	 0	 163	 0	 0	 0	 0	 0	 0	 0	 0	 0	 0	 0	 0	 0	 0	 0	 0	 0	 0	 0	 0	 0	 0	 0	 1943	 0	 0	 0	 0	 0	 0	 0	 0	 0	 0	 0	 0	 0	 0	 0	 0	 0	 0	 0	 0	 0	 0	 0	 120	 0	 0	 0	 0	 0	 0	 0	 0	 0	 0	 0	 0	 0	 0	 0	 43	 0	 0	 0	 0	 0	 0	 0	 0	 0	 0	 0	 0	 0	 157
"UBA11452 sp003526375"	 0	 0	 3435	 155	 62	 0	 0	 0	 0	 0	 0	 0	 0	 0	 0	 0	 3942	 0	 0	 0	 0	 0	 0	 143	 0	 0	 0	 0	 0	 0	 0	 0	 0	 0	 0	 0	 0	 0	 0	 0	 0	 0	 0	 0	 0	 0	 0	 0	 0	 0	 0	 0	 0	 0	 0	 0	 0	 0	 0	 0	 0	 0	 0	 0	 0	 0	 1845	 0	 0	 0	 0	 0	 0	 0	 0	 0	 72	 0	 0	 0	 0	 0	 0	 3285	 0	 0	 0	 0	 0	 0	 467	 0	 0	 0	 105	 0	 0
"Victivallis sp002998355"	 0	 0	 335	 273	 0	 0	 0	 0	 0	 0	 0	 0	 0	 0	 0	 204	 142	 0	 0	 0	 2850	 214	 0	 83	 0	 0	 69	 0	 0	 0	 0	 0	 0	 0	 0	 0	 0	 0	 0	 0	 0	 0	 448	 0	 0	 0	 0	 0	 0	 0	 0	 0	 0	 0	 0	 0	 48	 0	 0	 0	 0	 0	 0	 131	 756	 0	 2075	 0	 0	 0	 0	 0	 0	 0	 0	 0	 371	 0	 0	 0	 0	 0	 131	 553	 0	 0	 0	 0	 361	 0	 0	 0	 0	 0	 0	 1111	 0
"Victivallis vadensis"	 0	 0	 1801	 0	 0	 0	 0	 0	 0	 0	 0	 0	 0	 0	 0	 0	 0	 0	 0	 0	 0	 0	 0	 74	 0	 0	 0	 0	 0	 0	 0	 0	 0	 0	 0	 0	 0	 0	 0	 0	 0	 0	 212	 0	 0	 0	 0	 0	 0	 0	 0	 0	 0	 0	 0	 0	 0	 0	 0	 0	 0	 0	 0	 0	 0	 0	 78	 0	 0	 0	 0	 0	 0	 0	 0	 0	 0	 191	 0	 0	 0	 0	 0	 0	 0	 0	 0	 0	 0	 0	 0	 0	 0	 0	 0	 0	 0
"CAG-312 sp000438015"	 0	 0	 0	 0	 0	 0	 0	 0	 0	 0	 0	 0	 0	 0	 0	 0	 0	 0	 0	 0	 0	 0	 0	 0	 0	 0	 0	 0	 0	 0	 0	 0	 0	 0	 0	 0	 0	 0	 0	 0	 0	 0	 0	 0	 0	 0	 0	 0	 0	 0	 0	 0	 0	 0	 0	 0	 0	 0	 0	 0	 0	 0	 0	 0	 0	 0	 1845	 0	 0	 0	 0	 0	 0	 0	 0	 0	 0	 0	 0	 0	 0	 0	 0	 0	 0	 0	 0	 0	 0	 0	 0	 0	 0	 0	 151	 0	 0
"CAG-312 sp001917305"	 0	 61	 613	 0	 561	 0	 0	 0	 0	 0	 0	 0	 0	 0	 0	 0	 0	 0	 0	 0	 2816	 0	 0	 102	 0	 0	 0	 0	 0	 0	 0	 0	 0	 0	 0	 0	 0	 0	 0	 0	 0	 0	 0	 0	 0	 0	 0	 0	 0	 0	 0	 0	 0	 0	 0	 0	 0	 0	 0	 0	 0	 0	 0	 0	 0	 0	 175	 0	 0	 0	 0	 0	 0	 0	 0	 0	 0	 0	 0	 0	 0	 0	 0	 0	 0	 0	 0	 0	 0	 0	 0	 0	 0	 0	 141	 0	 0
"Akkermansia muciniphila"	 0	 0	 881	 1068	 0	 0	 0	 0	 1642	 0	 0	 0	 0	 0	 0	 0	 0	 0	 0	 0	 0	 0	 1664	 867	 0	 0	 749	 0	 0	 0	 0	 0	 0	 0	 1321	 993	 0	 0	 0	 0	 978	 0	 57	 0	 0	 0	 0	 0	 0	 0	 465	 0	 0	 0	 47	 0	 0	 0	 0	 83	 0	 0	 0	 0	 0	 0	 0	 0	 0	 0	 0	 0	 43	 0	 0	 0	 0	 0	 0	 0	 1546	 0	 1505	 1420	 0	 0	 0	 0	 65	 0	 0	 0	 0	 0	 1540	 1289	 0
"Akkermansia muciniphila_A"	 0	 0	 0	 0	 0	 0	 0	 0	 0	 0	 0	 0	 0	 0	 0	 0	 0	 0	 0	 0	 0	 0	 0	 0	 0	 0	 61	 0	 0	 0	 0	 0	 0	 0	 0	 50	 0	 0	 0	 0	 56	 0	 0	 0	 0	 0	 0	 0	 0	 0	 43	 0	 0	 0	 0	 0	 0	 0	 0	 0	 0	 0	 0	 0	 0	 0	 0	 0	 0	 0	 0	 0	 0	 0	 0	 0	 0	 0	 0	 0	 0	 0	 0	 0	 0	 0	 0	 0	 0	 0	 0	 0	 0	 0	 0	 0	 0
"Akkermansia muciniphila_B"	 0	 0	 0	 0	 0	 0	 0	 0	 0	 0	 42	 0	 0	 0	 0	 0	 0	 0	 0	 0	 0	 0	 0	 0	 0	 0	 0	 0	 0	 0	 0	 0	 0	 0	 0	 0	 0	 0	 0	 0	 0	 0	 0	 0	 0	 0	 0	 0	 0	 0	 0	 0	 0	 0	 1199	 0	 1411	 0	 0	 0	 0	 0	 0	 0	 95	 0	 0	 0	 0	 0	 0	 0	 0	 0	 0	 0	 0	 0	 0	 0	 0	 0	 0	 0	 0	 0	 0	 0	 0	 0	 0	 0	 0	 0	 0	 0	 0
"Akkermansia muciniphila_C"	 0	 0	 0	 0	 0	 0	 0	 0	 0	 0	 0	 0	 0	 0	 0	 0	 0	 0	 0	 0	 0	 0	 0	 0	 0	 34	 0	 0	 0	 0	 0	 0	 0	 0	 0	 0	 0	 0	 0	 0	 0	 0	 0	 0	 0	 0	 0	 0	 0	 0	 0	 0	 0	 0	 48	 0	 0	 0	 0	 0	 0	 0	 0	 0	 0	 0	 0	 0	 0	 0	 0	 0	 0	 0	 0	 0	 0	 0	 0	 0	 0	 0	 0	 0	 0	 0	 0	 0	 0	 0	 0	 0	 0	 0	 0	 0	 0
"Chlamydia trachomatis"	 0	 0	 0	 0	 0	 0	 0	 0	 0	 0	 0	 0	 0	 0	 0	 0	 0	 0	 0	 0	 0	 0	 0	 0	 0	 0	 0	 0	 0	 0	 0	 0	 0	 0	 0	 0	 0	 0	 0	 0	 0	 0	 0	 0	 0	 0	 0	 0	 0	 0	 0	 0	 0	 0	 0	 0	 0	 0	 0	 0	 0	 0	 0	 0	 0	 0	 0	 0	 0	 0	 0	 0	 0	 0	 0	 0	 0	 0	 0	 0	 0	 0	 0	 0	 0	 0	 0	 0	 0	 0	 0	 0	 0	 0	 76	 0	 0
