#Datasets	 AA_0001	 AA_0003	 AA_0004	 AA_0006	 AA_0008	 AA_0009	 AA_0010	 AA_0012	 AA_0013	 AA_0014	 AA_0015	 AA_0016	 AA_0017	 AA_0018	 AA_0019	 AA_0021	 AA_0023	 AA_0025	 AA_0026	 AA_0027	 AA_0030	 AA_0032	 AA_0033	 AA_0034	 AA_0035	 AA_0036	 AA_0037	 AA_0038	 AA_0039	 AA_0040	 AA_0041	 AA_0042	 AA_0043	 AA_0044	 AA_0045	 AA_0046	 AA_0047	 AA_0048	 AA_0049	 AA_0050	 AA_0052	 AA_0053	 AA_0054	 AA_0055	 AA_0057	 AA_0058	 AA_0060	 AA_0061	 AA_0062	 AA_0065	 AA_0071	 AA_0080	 AA_0092	 AA_0093	 AA_0096	 AA_0097	 AA_0098	 AA_0099	 AA_0100	 AA_0102	 AA_0103	 AA_0104	 AA_0105	 AA_0106	 AA_0109	 AA_0111	 AA_0112	 AA_0113	 AA_0115	 AA_0116	 AA_0117	 AA_0118	 AA_0119	 AA_0120	 AA_0121	 AA_0123	 AA_0125	 AA_0126	 AA_0127	 AA_0128	 AA_0129	 AA_0130	 AA_0131	 AA_0132	 AA_0133	 AA_0134	 AA_0135	 AA_0136	 AA_0137	 AA_0138	 AA_0139	 AA_0141	 AA_0142	 AA_0143	 AA_0151	 AA_0152	 AA_0153
"Actinomyces"	0	0	0	0	0	0	0	0	0	0.037854	0	0	0	0	0	0	0	0	0	0	0	0	0	0	0	0	0	0	0	0	0	0	0	0	0	0	0	0	0	0.060453	0	0	0	0	0	0	0	0	0	0	0	0	0	0	0	0	0	0	0	0	0	0	0	0	0	0.194477	0	0	0	0	0	0	0	0	0	0	0	0	0	0	0	0	0	0	0	0	0	0	0	0	0	0	0	0	0	0	0
"Pauljensenia"	0	0	0	0	0	0	0	0.097417	0	0.304636	0	0.061933	0	0.061708	0	0	0	0	0	0	0	0	0	0	0	0	0	0	0	0	0	0	0	0	0	0	0	0	0	0.13747	0	0	0	0	0.051968	0	0	0	0.095476	0	0	0	0	0	0	0	0	0	0	0	0	0	0.046175	0.101103	0	0.706641	0	0	0	0	0	0	0	0	0	0	0	0	0	0	0	0	0	0	0	0	0	0.193698	0	0	0	0	0	0.091649	0	0	0
"Bifidobacterium"	1.929109	1.847991	1.935679	3.351039	3.109967	0.631565	3.375943	2.282657	2.904812	4.243277	4.317347	2.538447	3.635884	5.237105	1.011261	2.549451	2.995422	0	0	1.699219	2.054888	2.416635	3.607661	1.265713	2.135933	4.342421	2.637218	3.889543	2.304018	3.834624	5.522521	0	2.317219	1.770079	2.140678	1.292459	3.534888	4.246607	2.946328	3.584975	2.715505	2.326029	2.141979	0.418269	4.506671	3.677934	3.943624	0	3.374921	1.775367	1.203309	2.414858	2.588627	5.407588	3.50964	1.13151	3.705353	4.391899	3.707536	2.656381	2.584884	4.090472	3.02909	2.931102	2.133583	2.490759	0.304887	2.973549	3.117474	3.070153	3.53505	1.832389	3.009134	2.294339	0.695272	2.519285	2.527707	2.69796	3.821951	2.19381	1.862762	1.932856	3.372385	1.554707	0.856228	2.471703	1.892707	1.864236	3.308985	4.208895	1.329674	2.239693	0	3.827438	1.930332	2.699717	0.067146
"Rothia"	0	0	0	0	0	0	0	0	0	0.849917	0	0	0	0	0.02921	0	0	0	0	0	0	0	0	0	0	0	0	0	0	0	0	0	0	0	0	0	0	0	0	0	0	0	0	0	0	0	0	0	0	0	0	0	0	0	0	0	0	0	0	0	0	0	0	0	0	0.138912	0	0	0	0	0	0	0	0	0	0	0	0	0	0	0	0	0	0	0	0	0	0	0	0	0	0	0	0	0	0	0
"Olsenella"	0	0	0	0	0	0	0	0	0	0	0	0	0	0	0	0	0	0	0	0	0	0	0	0.159391	0	0	0	0	0	0	0	0	0	0	0	0	0	0	0	0	0	0	0	0	0	0	0	0	0	0	0	0	0	0	0	0	0	0	0	0	0	0	0	0	0	0	0	0	0	0	0	0	0	0	0	0	0	0	0	0	0	0	0	0	0	0	0	0	0	0	0	0	0	0	0	0	0
"Olsenella_B"	0	0	0	0.710474	1.390976	0	0	0	0	0	2.152497	0	0	3.136361	0.643621	0	0.733702	0	0	0	0	0	0	0.273139	0	1.260809	0	0	0.150962	0	0.328298	0	0	0	0	0	0	0	0.09696	0	0.246158	1.283231	0	0	0	0	0.411706	0	0.242445	0	0	0	0	0	0	0	2.104625	0.037686	0.968558	0.807128	1.447683	0	1.865476	0	0	0.620878	0	0	0.255104	0	0	0	0	0.040775	0	0	0	0	0	0.066276	0	0	1.471657	0	0.460913	0	0	0	0.610434	0	0.568933	0	0	0.093831	0	0	0
"Olsenella_E"	0	0	0	0.343304	0	0	0	0.535793	0	0	0	0	0	0	0	0	0	0	0	0.550535	0.355357	0.794191	0.65115	0.066655	0	0.797632	0	0.709886	0	0.796456	0.168741	0	0	0	0	0	0	0	0	0	0	0.495981	0.051082	0	0	0	0.708909	0	0	0	0	0	0.071735	0	0	0	0	0	0.045985	0	0	0	0	0	0	0	0	0.669937	0	0.528827	0	0	0	0	0	0.689953	0.074299	0	0	0	0	0	0.107854	0	0	0	0	0	0	0	0.504013	0.742963	0.575996	0.03055	1.091277	0	0
"Parolsenella"	0	0	0	0	0	0	0	0	0	0	0	0	0	0	0	0	0	0	0	0	0	0	0.034351	0	0	0	0	0	0	0	0	0	0	0	0	0	0	0	0	0	0	0	0	0	0	0	0	0	0	0	0	0	0	0	0	0	0	0	0	0	0	0	0	0	0	0	0	0	0	0	0	0	0	0	0	0.373724	0	0	0	0	0	0	0	0	0	0	0	0	0	0	0	0	0	0	0.153935	0	0
"Collinsella"	0.674355	0.423293	0.54391	0.600935	0.45977	0.418777	1.131198	1.446494	0.625652	1.139231	0	0.361946	0.775347	2.080622	0.602325	1.97978	0.599777	0	0.708264	1.855948	1.358481	1.118182	0.941229	0.487593	0.497359	1.408234	0.559629	0.966948	0.703819	1.972348	1.138712	0.641475	1.528577	0.642631	1.133592	1.742149	0.78161	1.361805	1.4067	1.546947	0.732262	1.522292	1.052007	0	0	0	0.856248	1.343267	1.7647	0.635413	0	0	1.376847	3.747757	2.241725	1.124331	1.039999	1.105464	1.278956	0.721599	0.475678	0.663138	0.950182	0.563908	0.450087	2.101805	0.538655	1.423074	0.835802	1.134573	1.749177	0	0.603909	1.064527	0.940264	1.406737	0.734475	0.611169	0.319836	0.69212	1.502412	0.986792	1.273144	1.139065	0.692233	0.689523	0.642229	0	1.43048	0.986099	0.621459	0.783772	2.635278	1.531848	0.745104	0.568743	0.733753
"Enorma"	0	0	0	0	0	0	0	0	0	0	0	0	0	0	0.095687	0	0	0	0	0	0	0	0	0	0	0	0	0.513135	0	0	0	0	0	0	0.09674	0	0	0	0	0	0	0	0.215371	0	0	0	0	0	0	0	0	0	0	0	0	0	0	0	0.192562	0	0.537627	0	0	0	0	0	0	0	0	0	0	0	0	0	0	0	0	0	0	0	0	0	0	0	0	0	0	0.532013	0	0	0	0	0	0.067646	0	0	0
"Adlercreutzia"	0	0	0	0.079554	0.089895	0.258336	0	0	0	0	0	0	0.256524	0.414515	0	0.42022	0.150666	0	0	0.039678	0.242627	0	0	0	0	0	0	0	0.044282	0	0	0	0	0.317142	0	0	0	0	0.269767	0	0.23684	0	0.23608	0	0	0	0	0.09277	0.275701	0.066296	0.364026	0.475382	0.26997	0	0.345455	0	0.35898	0	0	0	0.138647	0	0	0	0.112522	0	0	0	0.214825	0.046596	0.246864	0.368456	0.091817	0.110676	0.027878	0	0.101387	0.333679	0	0.035235	0.174455	0	0.456425	0.296102	0.21492	0	0.29478	0	0.228013	0	0.059608	0	0	0	0	0	0
"CAG-1427"	0.043947	0.217463	0.057472	0.262527	0	0	0	0.24428	0	0.346997	0	0	0	0.330002	0.051369	0.376264	0.192806	0	0	0.092252	0.199709	0.269992	0.17481	0.151422	0	0.615002	0.055149	0.619914	0.713883	0.097544	0.437348	0	0.21141	0.163123	0.352232	0	0	0	0.37611	0.096063	0.176271	0.190286	0.543261	0	0	0	0.095139	0	0	0.25141	0	0	0.256086	0	0.25489	0	0.145865	0	0.037363	0.52646	0.317856	0	0	0	0.129833	0.271785	1.082876	0.357069	0	0.079139	0	0.037917	0	0	0	0.12745	0.540988	0.2213	0	0	0	0	0.26729	0.466481	0	0	0	0	0.440825	0.237109	0.273843	0	0	0	0.180675	0.034414	0.283955
"Eggerthella"	0	0.183457	0	0	0	0.474523	0	0.0369	1.324793	0	1.398969	1.265202	0.902372	0	0.895429	0	0.075622	1.581436	1.168635	0.106139	0	0	0.105344	0	0.494647	0	0	0.161158	0	0.068012	1.253501	2.014758	0.069434	0.039453	0.89629	1.168554	2.452031	0.813377	0.057863	1.108038	0	0	0	1.929741	0	3.375617	0.645764	0.427876	0	0	0.932311	2.088099	0.517571	0	0	1.898711	0	1.512282	0	0	0.24632	1.768046	0.047201	2.205953	0.052654	0	0	0	0	0	0.445912	1.32298	0.736429	0	0	0.056538	0.281716	0	0.797699	0.609904	0.840817	1.318438	0.136771	0.25282	0	1.882507	0.684705	1.096455	0.042402	0	0	0.253256	0.091607	0	0	1.05145	0.205483
"Enteroscipio"	0	0	0	0	0	0	0	0	0.030786	0	0	0	0	0	0	0	0	0	0	0	0	0	0	0	0	0	0	0	0	0	0	0	0	0	0	0	0	0	0	0	0	0	0	0	0	0	0	0	0	0	0	0	0	0	0	0	0	0.077305	0	0	0	0	0	0.053166	0	0	0	0	0	0	0	0	0	0	0	0	0	0	0	0	0	0	0	0	0	0	0	0	0	0	0	0	0	0	0	0	0
"Gordonibacter"	0	0.04564	0	0	0	0.348754	0	0	0.246288	0.043262	0.055588	0.129496	0.082484	0	0.060434	0	0.092939	0	0	0	0.068096	0.076428	0.391606	0	0.136548	0	0	0.53983	0	0	0.033289	0	0	0	0.318332	0.029908	0	0	0.094614	0.107657	0.049698	0	0.200875	0	0	0	0.035361	0.115489	0	0	0.066738	0.132812	0.354818	0	0	0	0	0.040585	0	0	0.849583	0	0	0.789646	0	0	0	0	0.042797	0.229281	0.075616	0.333012	0	0.043688	0.04224	0	0.324283	0.070021	0.399322	0.265942	0	0	0	0.927465	0	0	0.201334	0.078882	0.316018	0	0	0	0	0	0	0.468217	0.037214
"Paraeggerthella"	0	0	0	0	0	0	0	0	0	0	0	0	0	0	0	0	0	0	0	0	0	0	0	0	0	0	0	0	0	0	0	0	0	0	0	0	0	0	0	0	0	0	0	0	0	0	0	0	0	0	0	0.103298	0	0	0	0	0	0	0	0	0	0	0	0	0	0	0	0	0	0	0	0	0	0	0	0	0	0	0	0	0	0	0	0	0	0	0	0	0	0	0	0.09002	0	0	0	0	0
"Raoultibacter"	0	0	0	0	0	0	0	0	0	0	0	0	0.029694	0	0	1.14022	0.042718	0	0.141653	0	0.050929	0	0.030535	0	0	0.029705	0	0	0	0	0	0	0	0	0	0	0	0	0	0	0	0	0	1.24098	0	0	0	0	0	0	0	0	0	0	0	0.916155	0	0	0	0	0.162247	0	0	0.119406	0.051212	0	0	0	0	0	0	0.037917	0	0	0	0	0	0	0	0	0	0	0	0	0	0	0	0	0	0	0	0	0	0	0	0.043471	0
"Rubneribacter"	0	0	0	0	0	0	0	0	0	0	0	0	0	0	0	0	0	0	0	0	0	0	0	0	0	0	0	0	0	0	0	0	0	0	0	0	0	0	0	0	0	0	0	0	0	0	0	0	0	0	0	0	0	0	0	0	0	0	0	0	0	0	0	0.042707	0	0	0	0	0	0	0	0	0	0	0	0	0	0	0	0	0	0	0	0	0	0	0	0	0	0	0	0	0	0	0	0	0
"Senegalimassilia"	0	0	0.053917	0	0	0	0	0.230996	0	0	0.312941	0	0	0	0	0.246154	0	0	0	0.226166	0.158509	0.037383	0.122138	0.049991	0	0.034106	0.075943	0	0.168407	0.128865	0	0	0.496399	0.226855	0	0	0	0.382602	0.175935	0	0	0.041904	0	0	0	0	0	0	0.054711	0.197167	0	0	0.041653	0	0.23715	0	0	0	0	0	0.169622	0	0.327331	0	0	0	0.361165	0.170734	0.244195	0.235938	0	0	0.389039	0	0.119962	0.282689	0	0.039765	0	0	0	0.274626	0	0	0	0	0	0	0.208012	0	0.159348	0	0.101646	0	0	0	0
"Slackia_A"	0	0	0	0	0.275862	0	0.314794	0.166052	0	0.1397	0	0	0	0	0	0	0	0	0	0	0	0	0.112215	0	0	0.037406	0.113915	0.139407	0	0.350799	0	0	0.543033	0.20637	0	0	0	0.431701	0	0.390049	0	0.18273	0.129085	0	0	0	0	0	0	0	0	0	0	0.990772	0.249288	0	0.399708	0	0	0	0	0	0.044123	0	0	0.201725	0	0.204534	0	0	0	0	0	0.25703	0	0.176321	0	0	0	0	0	0	0	0	0	0	0	0	0.367221	0	0.091478	0	0.043921	0.032732	0.047698	0	0
"UMGS1773"	0	0	0	0	0	0	0	0	0	0	0	0	0	0	0	0	0	0	0	0	0	0	0	0	0	0.134222	0.136517	0	0	0	0	0	0.045598	0	0	0	0	0	0	0	0	0.132582	0	0	0	0	0	0	0	0.042189	0	0	0	0	0	0	0	0	0	0	0	0	0	0	0	0	0	0	0	0	0	0	0	0	0	0	0	0	0	0	0	0	0	0	0	0	0	0	0	0	0	0	0	0	0	0	0
"QAMH01"	0	0	0	0.680489	0.360268	0	0	0.076015	0	0	0	0	0	0	0	0	0	0	0	0	0.582533	0	0	0	0	0	0	0	0	0	0	0	0	0	0	0	0	0	0	0	0	0	0.100783	0	0	0	0	0	0	0	0	0	0	0	0.168993	0	0.200801	0	0	0	0	0	0	0	0.740046	0	0.758199	0	0	0	0	0	0	0	0	0	0	0	0	0	0	0	0.83235	0	0	0	0	0	0	0	1.005666	0	0	0	0	0	0
"43-108"	0.09244	0.055484	0.03555	0	0.032253	0	0.085318	0.046494	0.066538	0	0	0.036195	0	0.033537	0	0.034286	0.039254	0.032007	0.065115	0.043646	0	0.037383	0	0	0	0	0.047917	0.040537	0	0.089489	0.033289	0	0	0.043247	0.059532	0.082247	0.042066	0.050952	0.05239	0.042235	0	0.053582	0.035895	0	0	0.063806	0.041255	0.051118	0	0.059408	0.04247	0	0.031625	0.03717	0.041081	0.059223	0.033151	0.03672	0	0.074734	0	0	0.045149	0.041836	0.032458	0	0.040817	0	0.037762	0	0.0834	0	0.050168	0	0.04224	0	0.05495	0	0.057722	0.053692	0.057198	0.030255	0	0	0	0.036483	0	0.047329	0.068804	0.060775	0	0	0.052706	0	0	0.033509	0.037214
"Bacteroides"	24.043402	20.024521	16.685232	8.085697	10.678332	10.795744	8.383224	6.783026	18.206465	9.147199	9.260574	16.454861	13.285658	7.206386	12.52795	10.217143	6.440533	12.079726	18.465124	20.596958	8.846722	11.367073	14.500111	6.611121	12.521703	11.237266	18.836622	13.157609	9.434798	8.047788	10.848753	22.972301	6.335043	10.287401	14.442341	15.786157	14.811247	13.8024	11.489741	10.490749	8.356953	11.521605	9.358994	6.391565	2.181427	13.816938	15.135468	14.399175	12.938627	14.238236	19.978968	12.245049	11.355713	18.278646	11.117128	14.881914	13.0303	12.861643	11.108237	11.509877	12.961297	18.485083	12.322611	14.414084	13.803375	2.983596	12.658087	6.3683	9.834099	13.393736	14.835201	15.764484	7.485446	6.760693	17.119904	0.14374	11.535664	8.874481	16.006018	15.262712	15.250052	14.466748	11.01828	8.228335	12.748474	10.637444	13.859746	15.019063	11.205427	11.429158	4.269948	18.494869	2.637787	13.162546	1.241599	14.377054	15.36352
"CAG-462"	0	0	0.063989	0	0	0	0	0	0	0	0	0	0	0	0	0	0	0	0	0	0	0	0	0	0	0	0	0	0	0	0	0	0	0	0	0	0	0	0	0	0	0	0.18914	0	0	0	0	0	0	0	0	0	0	0	0	0	0	0	0	0	0	0	0	0	0	0	0	0	0	0	0	0	0	0	0	0	0	0	0	0	0	0	0	0	0	0	0	0	0	0	0	0	0	0	0	0	0
"OM05-12"	0	0	2.367607	0	0	0	0	0	0	0	0	0	0	0	0	0	0.738898	0	0	0	0	0	0	0	0	0	2.334349	2.712002	0	0	0	0	0	0	0	0	0	0	0	0	0	0	0.073171	0	0	0	0	2.27759	0	0	0	0	0	0	0	0	0	0	0	0	0	0	0	0	0	0	0.819424	0	0	0	1.814785	0	0	0	2.792069	0	0	0	0	0	0	0	0	0	0	0	0	0	0	0	0	0	0	0	0	0	0
"Paraprevotella"	0	0	0	0	0	0	0	0	0	0	0	0	0	0	0	1.657143	0	0	0	0	0	0	0	0	0	0	0	1.089546	0	0	0	0	1.414581	0.603936	0.697849	0	0	0	0	0	0	0.566051	0	0	0	0	0	0	0	0	0	0	0	0	0.798282	0	0	0	0.842099	0	0	0	0	0	0.590739	1.255043	0	0.720204	1.450905	0	0	0	0	0.660414	0	0	0.549502	0	0	0.755879	0	0	0	0.741972	0	0	0	0	0	0	0	0	1.113091	0	0.667775	0	0
"Phocaeicola"	6.131325	3.621703	4.022444	5.232786	2.473151	1.853224	9.983672	4.878967	4.575202	6.842598	3.599848	4.135834	4.358441	6.060769	4.658448	3.146374	2.243825	3.849567	6.629121	3.000665	4.03367	5.133999	3.311476	3.994928	2.920856	4.920017	5.077344	4.998863	3.01723	6.298268	3.908582	3.50172	3.133841	4.922535	5.185914	5.265969	4.783293	2.693964	2.673433	3.826788	3.056399	3.081679	3.410048	2.53554	3.881852	4.024307	4.56413	3.185407	3.528326	3.428473	5.452302	3.090512	5.584524	6.407331	4.743943	2.81038	4.697993	5.203602	5.736621	6.4263	2.610697	2.776708	3.27228	4.636772	2.588719	3.391878	2.053198	4.150489	4.244463	3.573832	4.217819	4.278872	6.268162	6.628173	4.433518	0.719659	2.986657	3.124135	3.245678	4.005906	3.814181	7.737243	2.820611	3.656961	3.752902	5.623808	3.802404	2.77751	4.99228	3.119222	2.17068	3.630799	4.098484	8.337879	1.639806	3.961275	3.905801
"Prevotella"	0.048493	0.038481	0.55102	1.275916	0.707497	0	2.272694	0.710701	0	0.522749	0	0	0	5.665035	0	0.549451	0.721003	0	0.647719	1.429407	0.189981	1.226178	0	1.624343	0	0	0	0.044491	0.377741	1.523111	0	0.037555	6.166122	0.706363	0	1.318094	0	0	0.487927	0.881958	0.508623	0.621694	1.078238	0	1.571111	0	0.032835	0	2.312883	0	0.028313	0	0	0	0.04855	1.283156	0	0	0	0	0	0	0	0	0	5.528713	0	2.304479	0	0.420103	0	0.060173	0	1.245831	0.035482	8.562119	0.767754	0.486687	0.040689	1.098164	0.523366	0	2.170362	1.566386	0	0	0	0.030676	0.71844	0	2.49941	0	7.305994	0.03055	2.025005	0.040754	0.050157
"Prevotellamassilia"	0	0	0	0	0	0	0	0	0	0.05588	0	0	0	0	0	0	0	0	0	0	0	0	0	0	0	0	0	0	0	0	0	0	0.943054	0	0	0	0	0	0	0	0	0	0	0	0	0	0	0	0	0	0	0	0	0	0	0	0	0	0	0	0	0	0	0	0	0.254874	0	0	0	0	0	0	0	0	0	0.167697	0	0	0	0	0	0	0	0.660905	0	0	0	0	0	0	0	0	1.116856	0	0	0	0
"UBA6398"	0	0	0	0	0	0	0	0	0	0	0	0	0	0	0	0	0	0	0	0	0	0	0	0	0	0	0	0	0	0	0	0	0	0	0	0	0	0	0	0	0.048144	0	0	0	0	0	0	0	0	0.05166	0	0	0	0	0	0	0	0	0	0	0	0	0	0	0	0.40345	0	0	0	0	0	0.042863	0	0	0	0	0	0	0	0.268459	0	0	0	0	0.046609	0	0	0	0	0	0	0	0	0	0	0	0
"Barnesiella"	0.039401	0	0.508953	0	0.75965	0.540467	0.829644	0.035424	0	0	0	1.312657	0	1.236837	0	0	0	0	0.275309	0	0.115019	0.817452	0	1.442492	0.882587	0	0	1.911155	0.258984	0	0	0	0	0.053869	1.329552	0.991241	0	0	1.469254	0	1.314655	0.662911	0.675797	0	0	0	0	1.457809	0	0.193723	1.018262	0	0.835365	0	0.895383	0	0	0.95955	0	1.132636	0	0	1.200554	0	0	0	0.447127	0	0.860137	0	0	0	0	1.083458	0	0	1.150084	0.058783	0	0.828866	0	0	0	0	0	0	0.838466	0	0.196811	0.451106	0.058428	0	0	0	0.673556	0.907453	1.169799
"Coprobacter"	0.134871	0.529787	0.270177	0	0	0.135287	0	0.527675	0	0	0	0	0	0.063049	0	0.703297	0.037522	0	0	0	0.081829	0	0.793899	0	0	0	0	0.169068	0	0	0	0	0	0.49544	0	0	0	0	0.545008	0.897693	0.306727	0.587346	0	0	0	0	0	0.132528	0	0	0	0	0.161211	0.025634	0.836562	0.942177	0	0.306322	0	0	0	0	0.313991	0.305051	0.700375	0	0.663579	0	0	0.108724	0	0.877865	0.035023	0	0.793269	0	0.726735	0	0	0	0	0	0	0.263125	0.765599	0.724182	0.720384	1.170954	0	0	0	0	0	2.928405	0	0	0.660135
"Butyricimonas"	0.060616	0.4045	0.270177	1.175556	1.019043	1.008872	0	0.281181	0	0	0	1.459044	2.706292	0.103293	0	0.617143	0.417362	0	1.310288	0.903671	0.779954	1.249439	3.619875	2.758196	1.898105	2.867076	1.803651	1.349574	0.901076	1.409459	0	1.002812	0.089124	1.164626	2.368885	0	0	0	0	1.183398	1.548389	1.035928	1.809258	0	0	0	0	1.834567	0	0.963451	0.450988	0	0.110302	0	0.640493	1.77578	0	0.187465	0.028741	0.183514	1.58633	1.156882	1.377046	1.460757	1.385603	0.486797	0.687079	0	0.668809	0.945971	0.5004	1.509269	0	0.463819	0.693582	0	0.226766	0.579184	0	0.675341	2.636847	0.065166	0.599448	1.652262	0.84587	0	0	1.899294	0	0	0.112134	0	0.480624	0	0.044807	0.698249	1.998204
"Gabonibacter"	0	0	0	0.072822	0	0	0	0	0	0	0	0	0	0	0	0	0	0	0	0	0	0	0	0	0	0	0	0	0	0	0	0	0	0	0	0	0	0	0	0	0	0	0	0	0	0	0	0	0	0	0	0	0	0	0	0	0	0	0	0	0	0	0	0	0	0	0	0	0	0	0	0	0	0	0	0	0	0	0	0	0	0	0	0	0	0	0	0	0	0	0	0	0	0	0	0	0
"Odoribacter"	4.005213	2.435052	1.379327	2.521847	0.504375	1.472518	0.25007	1.822878	0	1.068029	0	1.961746	2.117358	0.803541	0.853125	1.513846	1.487032	0	1.953437	2.484848	1.438594	2.109259	1.901541	1.810542	1.421544	0.36306	1.885922	1.747031	0.999705	2.371471	0	0	0	0.320936	1.717338	2.317881	0	2.470703	1.979857	1.712573	1.574014	0.184104	1.007828	0	0	0	0	1.738011	2.782754	2.105988	1.722046	0	1.927586	0.067931	1.665655	1.304691	0.943387	0.571092	0.902454	2.160645	0	2.622714	1.715664	0.201334	1.464224	0.159447	0.918991	0	0.853424	1.811324	3.016858	1.892563	0	1.486843	1.791824	0.397681	2.34583	0.957815	0	2.213106	1.038151	2.736952	0.118795	1.705849	1.832431	0.37486	2.09574	2.027258	0.684038	0	1.388692	0	0	0	0.942401	1.349405	1.614743
"CAG-1031"	0	0	0	0.715982	0	0	0	0	0	0	0	0	0	0	0	0	0	0	0	0	0	0	0	0	0	0	0	0	0	0	0	0	0	0	0	0	0	0	0	0	0	0	0	0	0	0	0	0	0	0	0	0	0	0	0	0	0	0	0	0	0	0	0	0	0	0	0	0	0	0	0	0	0	0	0	0	0	0	0	0	0	0	0	0	0	0	0	0	0	0	0	0	0	0	0	1.052355	0
"CAG-279"	0	0	0	0	0	0	0	0.615498	0	0	0	0	0	0	0	0	0	0	0	0	0.542477	0	0	0	0	0	0	0	0	0	0	0	0.997979	0	0	0.875881	0	0	0	0	0	0	0	0	0	0	0	0	0	0	0	0	0	0	0	0	0	0	0	0	0	0	0	0	0	0.055565	0	0.755737	0	0	0	0	0	0	0	0.18782	0	0	0	0	0	0	0.677603	0.633424	0	0	0	0	0	0	0	0	1.106817	0	0	0	0
"CAG-485"	0	0	0	0.068538	0	0	0	0	0	0	0	0	0	0	0	0	0	0	0	0	0	0	0	0	0	0	0	0	0	0	0	0	0	0	0	0	0	0	0	0	0	0	0	0	0	0	0	0	0	0	0	0	0	0	0	0	0	0	0	0	0	0	0	0	0	0	0	0	0	0	0	0	0	0	0	0	0	0	0	0	0	0	0	0	0	0	0	0	0	0	0	0	0	0	0	0	0
"Muribaculum"	0.090924	0.071593	0	0	0	0	0	0	0	0	0	0	0	0	0	0	0	0	0	0	0	0	0	0.078971	0	0	0	0	0	0	0	0	0	0	0	0	0	0	0	0	0	0	0	0	0	0	0	0	0	0	0	0	0	0	0	0	0	0	0	0	0	0	0	0	0	0	0.915899	0	0	0	0	0	0	0	0	0	0	0	0	0	0	0	0	0	0	0	0	0	0	0	0	0	0	0	0	0	0
"Alistipes"	6.216187	4.00741	2.226001	2.713999	4.006862	2.393691	0	3.180812	0	1.090562	1.104557	2.437906	2.012604	2.796968	1.424226	0.99956	3.113761	0.033462	3.279719	2.865759	3.39563	4.765979	2.290094	2.837892	2.431636	4.949722	4.313392	1.730224	1.780682	0	0.148078	2.35275	1.159646	3.842885	4.571575	3.866695	0.084132	0	0.818685	2.920814	4.319027	4.489936	4.155564	0	0	0	2.606631	2.642988	1.068475	4.226614	3.083099	0	2.684274	0	2.704822	1.227522	1.718177	2.510484	3.902972	2.803358	1.421133	0.53128	2.035811	5.302654	1.534189	0.825019	4.214003	0.104867	1.129507	3.874117	1.783649	2.422579	0.924795	2.38754	3.27614	0	4.611944	2.455048	4.551519	4.519333	2.281264	0	2.30557	4.328172	2.822445	0	3.416727	3.533897	3.777011	1.383277	1.964117	3.111084	2.066811	0.211666	0.700296	4.620582	4.21888
"Alistipes_A"	0.121232	0.681027	0.100132	0	0.776806	0.087019	0	0.56679	0.368439	0.082919	0	0.26784	0.264773	0	0	0.794725	0.539164	0	0.668281	0.090268	0.670657	0.349743	0.340461	0.670893	0	0	0.161831	0.156214	0.752798	0	0	0	0	0.223821	0.186038	0.592822	0	0	1.291755	0.259205	0.478339	0.930137	1.269449	0	0	0	0.197013	0.397584	0.233863	0.067157	0	0	0.146555	0	0.098035	0	0	0	0.031615	0	1.251512	0.094321	0	0.949144	0.494807	0.131665	1.17997	0	0.210629	0.114641	1.050841	0.070064	0	0.163101	0.122496	0	1.267723	0.151279	0.31132	0.279365	0.428035	0	1.345828	1.585622	0	0	0	1.000044	0.037602	0	0.069641	0.241253	0.133019	0	0	0.888434	0.491057
"Tidjanibacter"	0	0	0	0.26987	0	0.312723	0	0	0.429018	0.53086	0	0	0.486654	0	0	0	0	0	0	0	0	0	0	0	0	0	0	0	0	0	0	0	0	0	0	0	0	0	0	0	0.878249	0	0	0	0	0	0	0	0	0	0	0	0.641757	0	0	0	0	0.670622	0	0	0	0	0.099533	0	0	0	0	0	0.374265	0.600569	0	0	0	0	0	0	0	0	0	0	0	0	0	0	0	0	0.382279	0.676629	0	0	0	0	0	0	0	0	0
"Parabacteroides"	2.853506	2.75901	3.125407	2.486353	4.109109	4.26663	2.072638	0.856827	3.062714	3.573617	5.111022	3.54546	4.208321	6.082232	3.218106	4.759561	3.456656	3.164327	3.670406	4.451895	2.858304	2.415804	3.447355	2.374932	4.572994	6.443769	3.763708	4.049712	3.179598	3.012215	2.497819	2.684652	1.322348	2.930912	4.195365	2.175817	3.070806	4.792255	3.06049	2.649188	4.024724	2.786288	3.715848	2.073197	2.166924	3.828333	4.943843	2.956322	4.12693	4.668303	5.136813	5.452667	4.172194	5.412714	4.471313	4.557446	1.610199	4.965889	2.483187	4.38689	3.848934	3.553417	4.593915	5.373251	4.714368	1.3855	1.746455	4.023088	1.956918	3.622647	4.181123	2.324489	3.108524	3.029751	2.85374	0	2.831094	3.717151	4.165444	2.295321	4.366146	1.906092	3.347375	5.691889	3.50432	4.569458	4.552521	5.603225	2.002512	1.962782	2.700071	4.299346	3.764682	0.111288	1.467081	3.24129	4.427599
"UBA11471"	0	0	0.954508	1.084988	0	0	0	0	0	0	0	0	1.54987	0	0	0	1.085833	0	0	0	0	0	0	0	0	0	0	0	0.045624	0	0	0	0	0	0	0	0	0	0	0	0	0	0	0	0	0	0	0	0	0.142925	0	0	0	0	0	0	0	0	0	0	0	0	0	0	0	0	1.072363	0	0	0.559151	0	0	0	0	0	0	0	0	0	0	0	0	0	0.207477	0.442787	0	1.404239	0	0	0	0	0	0	0	0.982872	0	0
"RC9"	0	0	0	0	0	0	0	0	0	0	0	0	0	0	0	0	0	0	0	0	0	0	0	0	0	0	0	0	0	0.685489	0	0	0	0	0	0	0	0	0	0	0	0	0	0	0	0	0	0	0	0	0	0	0	0	0	0	0	0	0	0	0	0	0	0	0	0	0	0	0	0	0	0	0	0	0	1.11734	0	0	0	0.232385	0	0	0	0	0	0	0	0	0	0	0	0	0	0	0.199465	0	0
"UBA1820"	0	0	0	0	0.258706	0	0	0	0.298922	0	0	0	0	0	0	0	0	0	0	0	0.455497	0	0	0	0	0	0	0	0	0	0	0	0	0	0	0	0	0	0	0	0	0	0.749658	0	0	0	0	0	0	0	0	0	0	0	0	0	0	0	0	0	0	0	0	0.40441	0	0	0	0	0	0	0	0	0	0	0	0	0	0	0	0	0	0	0	0.061831	0	0	0	0	0	0	0	0	0	0	0	0	0
"CAG-196"	0.080316	0.057274	0	0	0	0.044869	0	0	0.040717	0	0	0	0.042067	0	0	0	1.469137	0	0.039983	0	0	0.042368	0	0.114472	0	0	0.034355	0.038559	0	0	0	0	0	0.034901	0	0.04059	0	0	0	0.038094	0	0	0	0	0	0.047095	0	0.034079	0	0	0.043481	0	0	0.043579	0.052285	0	0	0.033821	0	0.034876	0	0.039461	0.033862	0	0.036065	0.039862	0.042672	0.0338	0	0	0	0.056052	0.055847	0	0	0	0.041019	0	0	0	0	0.054692	0.038296	0	0.038841	0	0.03483	0	0.032002	0	0	0.04321	0	0.065464	0	0.031697	0.030742
"CAG-484"	0	0	0	0	0	0	0	0	0	0	0	0	0	0	0	0	0.052531	0	0	0	0	0	0	0	0	0	0	0	0	0	0	0	0	0	0	0	0	0	0	0	0	0	0	0	0	0	0	0	0	0	0	0	0	0	0	0	0	0	0	0	0	0	0	0	0	0	0.091528	0	0	0	0	0	0	0	0	0	0	0	0	0	0	0	0	0	0	0	0	0	0	0	0	0	0	0	0	0	0
"QAMI01"	0	0	0	0	0	0	0	0	0	0	0	0	0	0	0	0	0.241874	0	0	0	0	0	0	0	0	0	0	0	0	0	0	0	0	0	0	0	0	0	0	0	0	0	0	0	0	0	0	0	0	0	0	0	0	0	0	0	0	0	0	0	0	0	0	0	0	0	0.129252	0	0	0	0	0	0	0	0	0	0	0	0	0	0	0	0	0	0	0	0	0	0	0	0	0	0	0	0	0	0
"UBA6984"	0	0	0	0	0	0	0	0	0	0	0	0	0	0	0	0	0	0	0	0	0	0	0	0	0	0	0	0	0	0	0	0	0	0	0	0	0	0	0	0	0	0	0	0	0	0	0	0	0	0	0	0	0	0	0	0	0	0	0	0	0	0	0	0	0	0	0	0	0	0	0	0	0	0	0	0	0	0	0	0	0	0	0	0	0	0	0	0	0	0	0	0	0	0	1.240153	0	0
"Zag1"	0	0	0	0	0	0	0	0	0	0	0	0	0	0	0	0	0.144893	0	0	0	0	0	0	0	0	0	0	0	0	0	0	0	0	0	0	0	0	0	0	0	0	0	0	0	0	0	0	0	0	0	0	0	0	0	0	0	0	0	0	0	0	0	0	0	0	0	0	0	0	0	0	0	0	0	0	0	0	0	0	0	0	0	0	0	0	0	0	0	0	0	0	0	0	0	1.368071	0	0
"Zag111"	0	0	0	0	0	0	0	0	0	0	0	0	0	0	0	0	0	0	0	0	0	0	0	0	0	0	0	0	0	0	0	0	0	0	0	0	0	0	0	0	0	0	0	0	0	0	0	0	0	0	0	0	0	0	0	0	0	0	0	0	0	0	0	0	0	0	0	0	0	0	0	0	0	0	0	0.821235	0	0	0	0	0	0	0	0	0	0	0	0	0	0	0	0	0	0	0	0	0
"Bilophila"	1.159284	1.486447	0.26366	0.077718	0.284097	1.037425	0.085318	0.334317	1.650529	0.4191	2.593084	2.137893	1.179518	1.153666	1.381922	1.948132	0.492406	0	0	0.958229	0.841755	0.539153	1.146574	0.068104	1.049881	1.344423	0.808253	1.16271	0.603178	1.173207	0.105606	1.307309	0.989689	0.638837	0.519253	1.345866	1.994735	1.346056	1.030589	0.76188	0.747016	0.944563	1.150719	1.285918	0	0.164071	0.05641	1.371665	1.052383	0.119678	1.599693	1.698095	1.163957	0	1.092386	1.487743	1.387613	0.863885	0.18394	0.531442	1.122452	1.198268	1.34421	1.776267	0.769619	1.386708	0.22511	0	0.101538	0.548057	1.756961	0.131886	0.706138	0.233002	0.931816	0.543338	0.715126	0.930152	0.128692	0.093122	0.114397	0.062838	1.222343	1.167919	1.288658	1.147381	1.28106	1.329594	0.71604	0	0.807956	1.401908	0.064	0.296768	0.113464	1.280577	1.245844
"Desulfovibrio"	0	0.051905	0.170638	0.91303	0	0	0	0	0	0	0	0.263818	0	0	0	0	0.131616	0	0	0	0.500704	0	0	0.524543	0	0	0	0.520056	0.477711	0	0	0	0	0.23596	0	0	0	0	0	0	0	0	0.315464	0	0	0	0	0	0	0.724095	0	0	0	0	0	0	0	0.758557	0.67253	0.420172	0.075961	0	0	0	0.634737	0.293528	0.194188	0	0	0	0	0	0	0	0.027034	0.18782	0	0	0.391752	0.274331	0	0	0	0.148394	0	0.03101	0	0	0.209612	0	0	0	0	0.067646	0.138036	0	0.693304
"Mailhella"	0	0	0.036142	0.097912	0	0	0	0	0	0.037854	0	0.795476	0	0	0	0.042198	0	0	0	0	0.845188	0	0	0.114472	0	0	0	0.569491	0	0	0	0	0	0	0.089298	0	0	0	0	0	0	0	2.028771	0	0	0	0.031152	0.501713	0	0.128288	0	0	1.977724	0	0	0	0	0	0	0	0	0	0	0.353859	0	0	0.162648	0	0	0	0	0	0	0	0	0	0.040245	0	0	0	0	0	0.234465	0	0	0	0.100242	0.037688	0	0	0.108003	0	0.406586	0.034914	0	0.239089	0
"CAG-307"	0	0	0	0	0	0	0	0	0	0	0	0	0	0	0	0	0	0	0	0	0	0	0	0	0	0	0	0	0	0	0	0	0	0	0	0	0	0	0	0	0	0	0	0	0	0	0	0	0	0	0	0	0	0	0	0	0	0	0	0	0	0	0	0	0	0	0	0	0	0	0	0	0	0	0	0	0	0	0	0	0	0	0	0	0	0	0	0	0	0	0	0	0	0	0.1178	0	0
"Beduini"	0	0	0	0	0	0	0	0	0	0	0	0	0	0	0	0	0	0	0	0	0	0	0	0	0	0	0	0	0	0	0	0	0	0	0	0	0	0	0	0	0	0	0	0	0	0	0	0	0	0	0	0	0	0	0	0	0	0	0	0	0	0	0	0	0	0	0	0.539936	0	0	0	0	0	0	0	0	0	0	0	0	0	0	0	0	0	0	0	0	0	0	0	0	0	0	0	0	0
"Catenibacterium"	0	0	0.521395	0	0.478984	0	0	0	0	0.756183	0.971763	0	0	0	0	0	0	0	0	0	0	0	0.706112	0	0	1.049574	0.704283	0	0	0.797351	0	0	0.4622	0	0	0	0	0	0	0	0.541237	0.588033	0	0	0	0	0	0	0	0	0	0	0	0	0	0.856035	0	0	0	0	0	0	0	0	0	1.108883	0	0	0	0	0	0	0	0	0	0.89598	0	0	0	0	0	0	0	0.314651	0	0	0	0	0	0	0	0	0	0	0.488545	0	0
"Coprobacillus"	0	0	0	0.534232	0	0	0	0	0	0	0	0	0	0	0	0	0	0	0.1645	0	0	0	0	0	0	0.110018	0	0	0	0	0	0	0	0.058421	0.306756	0	0	0.057437	0	0	0	0	0	0.085555	0	0	0	0	0	0	0	0	0	0	0	0	0.029362	0	0	0	1.310511	0	0	0	0	0	0	0	0	0	0	0	0	0	0	0	0	0	0	0	0	0	0.102383	0	0	0	0	0	0	0	0	0	0	0	0	0	0
"Erysipelatoclostridium"	1.041083	1.686907	0.925476	0	0.046663	1.313437	0	0.988192	0.727941	0.049571	0.067941	0.220385	1.450064	0.056342	0.500594	0	0.876287	2.224485	0.213622	0.100187	0.680957	0.068121	0	0.058685	1.500217	0	0	0.216525	1.64381	0	0.210065	0.429341	0.150267	1.499977	0.143043	0.582141	2.426249	0.975497	1.054047	0.767676	0	1.583431	1.499317	1.914186	3.062458	2.18458	1.309209	0.747837	0.23279	0.74562	0.663337	1.542094	0	1.790567	1.341674	1.426726	0.52663	0	0.448353	1.395866	1.521431	1.290664	0.143656	1.322177	1.027842	0	0.829937	1.428274	1.537338	0.869051	0.225736	0.518476	1.368735	0.987345	1.525712	0	0.365302	1.206777	1.490362	1.031888	0.183988	1.810671	0.45408	0	0.79063	2.084074	0.908975	0.030676	1.011257	1.236047	0.909467	1.942027	1.741793	0.026185	0	0	0.758023
"Longibaculum"	0	0	0	0	0	0	0	0	0	0	0	0	0	0	0	0	0	0	0	0	0	0	0	0	0	0	0	0	0	0	0	0	0	0.036418	0	0	0	0	0	0	0	0	0	0	0	0	0	0	0	0	0	0	0	0	0	0	0	0	0	0	0	0	0	0	0.540969	0	0	0	0	0	0	0	0	0	0	0	0	0	0	0	0	0	0	0	0	0	0	0	0	0	0	0	0	0	0	0	0
"Massiliomicrobiota"	0	0	0	0	0	0.04079	0	0	0.084413	0	0	0.052281	0	0	0	0	0	0	0.036556	0	0	0	0	0	0	0	0	0	0	0	0	0	0	0.939288	0	0	0	0	0	0.074532	0	0	0	1.509744	0	0.290163	0	0	0	0	0	0	0.045509	0	0	0	0	0.404886	0	0	0	0	0	0	0	0	0	0	0.053706	0	0	0.156614	0	0.156548	0	0	0	0	0	0	0	0	0	0	0	0	0.033131	0	0	0	0.061379	0	0	0	0	0	0
"Stoquefichus"	0	0	0	0	0	0	0	0	0	0	0	0	0	0	0	0	0	0	0	0	0	0	0	0	0	0	0	0	0	0	0	0	0	0.14719	0	0	0	0	0	0	0	0	0	0.369874	0	0	0	0	0	0	0	0.063244	0	0	0	0	0	0	0	0	0	0	0	0	0	0	0	0	0	0	0.074504	0	0	0	0	0	0	0	0	0	0	0.147786	0.075029	0	0	0.047428	0	0	0	0	0	0	0	0	0	0	0
"CAG-536"	0	0	0	0	0	0	0	0	0	0.695796	0	0	0	0	0	0	0	0	0	0	0	0	0	0	0	0	0	0	0	0	0	0	0	0	0	0	0	0	0	0	0	0	0.0711	0	0	0	0	0	0	0	0	0	0	0	0	0	0	0	0	0	0	0	0	0	0	0	0	0	0	0	0	0	0	0	0	0	0	0	0	0	0	0	0	0	0	0	0	0	0	0.449394	0	0	0	0	0	0	0
"Dielma"	0	0	0	0	0	0	0	0	0	0	0	0	0.036293	0	0	0	0	0	0	0	0	0	0	0	0	0	0	0	0	0	0	0	0	0	0	0	0	0.052805	0	0	0	0	0	0	0	0	0	0	0	0	0	0	0	0	0	0	0	0	0	0	0	0	0	0	0	0	0	0	0	0	0	0	0	0	0	0	0	0	0	0	0	0	0	0	0	0	0.058616	0	0	0	0	0	0	0	0	0	0
"Faecalicoccus"	0	0	0	0	0	0	0	0	0	0	0	0	0	0	0	1.284396	0	0	0	0	0	0	0	0	0	0	0	0	0	0	0	0	0	0	0	0	0	0	0.065682	0	0	0	0	0	0	0	0	0	0	0	0	0	0	0	0	0	0	0	0.040237	0	0	0	0	0	0	0	0	0	0	0	0	0	0	0	0	0	0	0	0	0	0	0	0	0	0	0	0	0	0	0	0	0	0	0	0	0	0
"Faecalitalea"	0	0	0	0.051404	0	0	0	0	0	0	0	0	0	0	0	0	0	0	0	0	0.478387	0	0	0	0	0	0	0	0	0	0	0	0	0	0	0	0	0	0	0	0	0	0	0	0	0	0	0	0	0	0	0	0	0	0	0	0	0	0	0	0	0	0	0	0	0	0.307361	0	0	0	0	0	0	0	0	0	0	0	0	0	0	0	0	0	0	0	0	0	0.472026	0	0.185907	0	0	0	0	0	0.121348
"Holdemanella"	0	0	0.160566	0	0	0	0	0.399262	0	0.472276	0.678381	0	0	0	0	0	0	0	0	0	0	0.80333	0	0	0	0.624904	0.223309	0	0.464292	0.274733	0	0	0.718172	0	0.849987	0.309763	0	0	0	0	0.198014	0	0	0	0	0	0	0	0	0.253993	0	0	0	0	0	0	0	0	0	0	0	0	0	0	0	0	0	0.215801	0	0.21301	0	0	0.671116	0	0	0.362225	0	0	0	0	0	0	0.523638	0.194424	0	0	0	0	0	0	0.586638	0.355278	0	0	0.284021	0	0
"Holdemania"	0	0.114549	0	0	0.047349	0.795404	0	0	0.538259	0	0	0	0.084958	0	0	0	0	0	0.343851	0.03571	0.09728	0	0.146566	0	0.07596	0.078113	0.047917	0	0	0	0	0	0.055961	0.145673	0.850814	0	0.122127	0.062069	0	0	0	0.036409	0.098712	0.338763	0	0	0.038729	0.058691	0	0	0	0.279327	0	0	0	0	0.056831	0.056046	0	0	0.468303	0.282964	0.060541	0	0.078621	0	0	0	0.03944	0	0.702784	0.370105	0.045435	0	0	0	0.034828	0	0.07097	0	0.134416	0.236225	0.325124	0.570906	0	0.827245	0.244659	0.093782	0.056803	0	0.044263	0.205245	0	0	0	0.274409	0.121348
"Ileibacterium"	0	0	0	0	0	0	0	0	0	0	0	0	0	0	0	0	0	0	0	0	0	0	0	0.08839	0	0	0	0	0	0	0	0	0	0	0	0	0	0	0	0	0	0	0	0	0	0	0	0	0	0	0	0	0	0	0	0	0	0	0	0	0	0	0	0	0	0	0	0	0	0	0	0	0	0	0	0	0	0	0	0	0	0	0	0	0	0	0	0	0	0	0	0	0	0	0	0	0
"Longicatena"	0.033339	0	0.056287	0	0	1.115606	0.032362	0.083395	0.180744	0.039657	0.12147	5.69381	1.16797	0.147562	0.115832	0.055385	0	0.829272	3.735521	0.076381	0.06924	0	0.537409	0	0.04431	0.456576	0.071423	0.507203	0.065752	0	3.963681	1.609776	0	0.254169	0.200094	0.102542	0.100415	0.693872	0.082885	0.032297	0.033391	1.322388	1.309486	3.159487	0.047133	4.697303	0.048832	0.088983	0.035401	0.067157	0.198192	2.162937	0	0.325558	0	1.043573	1.235118	0.032855	0.034489	0.098815	0.032449	0.086622	0.167257	0.218765	0.060589	0.04107	0	0.108334	0.62853	0.049554	0.63384	0.085726	0.039756	0.356784	0.04393	0	0.448115	0.288728	0.048259	0	0.045759	0.326991	0.08597	0.083128	0	0.690435	0.807883	0.074499	0.066404	0.035952	0.073182	0.129629	0.05396	0.037096	0	0.042565	0.058247
"Merdibacter"	0	0	0	0	0	0	0	0	0	0	0	0	0	0	0	0	0	0	0	0	0	0	0	0	0	0	0	0	0	0	0	0	0	0	0	0	0	0	0	0	0	0	0	0	0	0	0	0	0	0	0	0	0	0	0	0	0	0	0	0	0	0	0	0	0	0	0.085962	0	0	0	0	0	0	0	0	0	0.0921	0	0	0	0	0	0	0	0	0	0	0	0	0	0	0	0	0	0	0	0
"OEMR01"	0	0	0	0	0	0	0	0	0	0	0	0.049868	0	0	0	0	0	0	0	0	0	0	0	0	0	0	0	0	0	0	0	0	0	0	0	0	0	0	0	0	0	0	0	0	0	0	0	0	0	0	0	0	0	0	0	0	0	0	0	0	0	0	0	0.036606	0	0	0	0	0	0	0	0	0	0	0	0	0	0	0	0	0	0	0	0	0	0	0	0	0	0	0	0	0	0	0	0	0
"Turicibacter"	0	0	0	0	0	0	1.893176	0	0	0	0	0	0	0	0	0	0	0	0	0	0	0	0	0	0	0	0	0	0	0	0	0	0	0	0.945073	0	0	0	0	0	0	0	0	0	0.609108	0	0	0	0	0	0	0	0	0	0	0	0	0	0	0	0	0	0	0	0	0	0	0.266068	0	0	0	0.067592	0	0.548282	0	0	0	0	0.649136	0	0	0	0	0	0	0.14137	0	0	0	1.61525	0	0	0	0	0	0	0
"Carnobacterium"	0	0	0	0	0	0	0	0	0	0	0	0	0	0	0	0	0	0	0	0	0	0	0	0	0	0	0	0	0	0	0	0	0	0	0	0	0.081418	0	0	0	0	0	0	0	0.09185	0	0	0	0	0	0	0	0	0	0	0	0	0	0	0	0	0	0	0	0	0	0	0	0	0	0	0	0	0	0	0	0	0	0	0	0	0	0	0	0	0	0	0	0	0	0	0	0	0	0	0	0
"Enterococcus"	0	0	0	0	0	0	0	0	0	0	0	0.078019	0	0	0	0	0	0	0	0	0	0	0	0	0	0	0	0	0	0.195087	0	0	0	0	0.134774	0	0	0	0	0	0	0.061826	0	0	0	0	0	0	0.065439	0	0	0	0	0	0	0	0	0	0	0	0	0	0	0	0	0.136497	0	0	0	0	0	0	0	0.115773	0	0	0	0	0	0	0	0	0	0	0	0	0	0	0	0	0	0	0	0	0	0	0
"Enterococcus_A"	0	0	0	0	0	0	0	0	0	0	0	0.33299	0	0	0	0	0	0	0	0	0	0	0	0	0	0	0	0	0	0	0	0	0	0	0	0	0	0	0	0	0	0	0	0	0	0	0	0	0	0	0	0	0	0	0	0	0	0	0	0	0	0	0	0	0	0	0	0	0	0	0	0	0	0	0	0	0	0	0	0	0	0	0	0	0	0	0	0	0	0	0	0	0	0	0	0	0
"Enterococcus_B"	0	0	0	0	0	0	0	0	0	0	0	0	0	0	0	0	0.742939	0	0	0	0	0	0	0	0	0	0	0	0	0	0	0	0	0	1.22041	0	0	0	0	0	0	0	0.066268	0	0	0.042537	0	0	0	0	0	0.103298	0	0	0	0	0	0	0	0	0.046462	0	0	0	0	0	0	0	0	0	0	0	0	0.096113	0	0	0	1.169606	0.084217	0	0	0.030255	0.172722	0	0	0	0	0	1.009657	0	0	0	0	0	0	0	0
"Enterococcus_C"	0	0	0	0	0	0	0	0	0	0	0	0	0	0	0	0	0	0	0	0	0	0	0	0	0	0	0	0	0	0	0	0	0	0	0	0	0	0	0	0	0	0	0	0	0	1.466008	0	0	0	0	0	0	0	0	0	0	0	0	0	0	0	0	0	0	0	0	0	0	0	0	0	0	0	0	0	0	0	0	0	0	0	0	0	0	0	0	0	0	0	0	0	0	0	0	0	0	0
"Enterococcus_D"	0	0	0	0	0	0	0	0	0	0	0	0	0	0	0	0	0	0	0	0	0	0	0	0	0	0	0	0	0	0.965591	0	0	0	0	0	0	0	0	0	0	0	0	0	0	0.131732	0	0	0	0	0	0	0	0	0	0	0	0	0	0	0	0	0	0	0	0	0	0	0	0	0	0	0	0	0.184945	0	0	0	0	0	0	0	0	0	0	0	0	0	0	0	0	0	0	0	0	0	0	0
"Enterococcus_G"	0	0	0	0	0	0	0	0	0	0	0	0	0	0	0	0	0	0	0	0	0	0	0	0	0	0	0	0	0	0.103808	0	0	0	0	0	0	0	0	0	0	0	0	0	0	0	0	0	0	0	0	0	0	0	0	0	0	0	0	0	0	0	0	0	0	0	0	0	0	0	0	0	0	0	0	0	0	0	0	0	0	0	0	0	0	0	0	0	0	0	0	0	0	0	0	0	0	0
"Companilactobacillus"	0	0	0	0	0	0	0	0	0	0	0	0	0	0	0	0	0	0	0	0	0	0	0	0	0	0	0	0	0	0	0.052803	0	0	0	0	0	0	0	0	0	0	0	0	0	0	0	0	0	0	0	0	0	0	0	0	0	0	0	0	0	0	0	0	0	0	0	0	0	0	0	0	0	0	0	0	0	0	0	0	0	0	0	0	0	0	0	0	0	0	0	0	0	0.071529	0	0	0	0
"Lacticaseibacillus"	0	0	0	0	0	0	0	0	0	0	0	0	0	0	0	0.398242	0	0	0	0	0	0	0	0	0	0	0	0	0	0	0	0	0	0	0	0	0	0	0	0	0	0	0	0	0	0	0.219745	0	0	0	0	0	0	0	0	0	0	0	0	0	0	0	0	0.111561	0	0	0	0	0	0	0	0	0	0	0	0	0	0	0	0	0	0	0	0	0	0.990505	0	0	0	0	0	0	0	0	0	0	0
"Lactiplantibacillus"	0	0	0	0	0	0	0	0	0	0	0	0	0	0	0	0	0	0	0	0	0	0	0	0	0	0	0	0	0	0	0	0	0	0	0	0	0	0	0	0	0	0	0	0	0	0	0	0	0	0	0	0	0	0	0	0	0.055883	0	0.057481	0	0	0	0	0.286748	0	0	0	0	0	0	0	0	0	0	0	0	0	0	0	0	0	0	0	0	0	0	0	0	1.60889	0	0	0	0	0	0	0	0
"Lactobacillus"	0	0	0	0	0.846114	0	0	0	0	0.197383	0	0	0	0	0	0	0	0	0	0	0.113302	0	0	0	0	0.694215	0	0	0	0.293525	0	0	0	0	0	1.171758	0	0	0	0	0	0	0	0	0	0	0	0	0.057929	0	0.031347	0	0	0.10382	0	0	0	0	0	0	0	0	0	0	0	0	0	0	0	0	0	0	0	0	0.403815	0	0	0	0	0	0	0	0	0	0	0	0	0	0	0	0	0	0	0	0.126473	0	0
"Leuconostoc"	0	0	0	0	0	0	0	0	0	0	0	0	0	0.249514	0	0	0	0	0	0	0	0	0	0	0	0.06271	0	0	0	0.638955	0	0	0	0	0.217458	0	0	0	0	0	0	0	0	0	0	0	0	0	0	0	0.411552	0	0	0	0	0	0	0	0	0	0	0	0	0	0.031016	0	0	0	0	0	0	0	0	0.698277	0	0	0	0	0	0	0	0	0	0	0	0	0	0	0	0	0	0	0	0	0	0	0
"Ligilactobacillus"	0	0	0	0.649891	0	0	0	0	0	0.869745	0	0	0	0	0	0	0	0	0	0.087292	0	0	0	0.719435	0	0	0	0	0.660208	1.553537	1.033105	0	0	0	0.8781	0.177313	0	0	0	0	0.783513	0	0.562589	0	0	0	0	0	2.445906	0	0	0	0.753602	0	0	0	0	0	0.6869	0	0	0	1.001488	0	0	1.368589	0	0	0.211468	0.587996	0.815096	0	0	0	0	1.094341	0	0	0	0	0	0	0	0.437626	0	0	0.36444	0	0	0	0.619688	1.521935	0	0	0.717641	0	0
"Limosilactobacillus"	0	0	0	0.280273	0	0	0	0	0	0.71202	0	0	0	0	0	0	0	0.027642	0	0.095228	0	0	0.575577	0	0	0.825137	0	0	0	0.12797	1.085908	0	0	0	0.03142	0.151677	0	0	0	0	0	0	0.034515	0	0	0	0	0	0	0	0	0	0	0	0	0	0	0	0.043111	0	0	0	0	0	0	0.318895	0	0	0	0	0	0	0	0	0.19008	0	0	0	0	0	0	0	0	0	0	0	0	0	0	0	0	0	0	0	0	0	0
"Pediococcus"	0	0	0	0.167062	0	0	0	0	0	0	0	0	0	0	0	0	0	0	0	0	0	0	0	0	0	0	0	0	0	0	0	0	0	0	0	0	0	0	0	0	0	0	0	0	0	0	0	0	0	0	0	0	0	0	0	0	0	0	0	0	0	0	0	0	0	0	0	0	0	0	0	0	0	0	0	0	0	0	0	0	0	0	0	0	0	0	0	0	0	0	0	0	0	0	0	0	0
"Weissella"	0	0	0	0.241108	0	0.537068	0	0	0	0.09103	0	0.139148	0	0	0.095687	0.071209	0.266696	0	0	0	0.118452	0	0	0	0	0	0	0	0	0.68191	0.106754	0	0	0	0	0	0	0	0.168116	1.303476	0	0	0	0	0	0	0	0	0.814229	0	0	0	0	0	0	0	0	0	0.034489	0.179362	0	0	0	0.108947	0	1.130626	0	0	0	0	0	0	0	0.806769	0	0	0	0	0	0	0	0	0.054708	0	0	0	0	0	0	0	0	0	0	0	0	0	0
"Lactococcus"	0	0	0	0.228869	0	0.384785	0	0	0	0	0	1.243485	0	0	0	0	0	0	0	0	0	0	0	0	0	0	0	0	0	1.245693	0	0	0	0	1.018662	0	0	0	0	0.807427	0	0	0	0	2.113748	0	0	0	0.462362	0	0	0	0	0	0	0	0	0	0	0	0	0	0	0	0	0	0	0	0	0	0	0	0	0.048057	0	0	0	0	0	0.375003	0	0	0	0	0	0	0	0	0	0	0	0	0	0	0	0	0
"Streptococcus"	0.089409	0.476092	0	0.584412	0.111855	1.677147	0.909078	2.980812	0.126123	4.31538	0.234706	4.219484	0.517173	1.196593	1.980218	0	0.500488	0.176038	0.041125	0.894744	0	0.063137	0.031298	0	0.104898	1.072678	0.112107	3.395193	0	3.3129	0.090684	2.151782	0.162703	0.511373	0.630876	0	0.046137	0.610496	1.239366	2.549812	0.482221	0.442399	0	0.511602	4.652905	0.615268	0.093455	0	3.434996	0.056826	0.05157	1.083577	0.999661	2.405793	0	0.528517	0.070091	0.953752	0.313272	0.727412	0.668161	0.230029	0.656713	0.556064	0.084391	7.956659	0.045146	0.276468	1.069927	0.044377	0	1.159772	0.686261	1.92809	0	4.019932	0.068107	0.051003	0	0.464769	1.306984	0.56438	0.482997	0	0.03021	0.65304	0.389925	2.347167	0	0.234541	1.042847	1.3635	0.617408	0.346957	0	0	0.082517
"CAG-313"	0	0	0	0.367782	0	0	0	0	0	0	0	0	0	0	0	0	0.092939	0	0	0	0	0	0	0	0	0	0	0	0	0	0	0	0	0	0	0	0	0	0	0	0	0	0	0	0	0	0	0	0	0	0	0	0	0	0	0	0	0	0	0	0	0	0	0	0	0	0.173161	0	0	0	0	0	0	0	0	0	1.025478	0	0	0	0	0	0	0	0	0	0	0	0	0	0.087937	0	0	0	0.195129	0	0
"CAG-1000"	0	0	0	0	0	0	0	0	0	0	0	0	0	0	0	0	0	0	0	0	0	0	0	0	0	0	0	0	0	0	0	0	0	0	0	0	0	0	0	0	0	0	0	0	0	0	0	0	0	0	0	0	0	0	0	0	0	0	0	0	0	0	0	0	0	0	0	0	0	0	0	0	0	0	0	0	0	0	0	0	0	0	0	0	0	0	0	0	0	0	0	0	0	0	0.06143	0	0
"CAG-460"	0	0	0	0	0	0	0	0	0	0	0	0	0	0	0	0	0	0	0	0	0	0	0	0.365876	0	0	0	0	0	0	0	0	0	0	0	0	0	0	0	0	0	0	0	0	0	0	0	0	0	0	0	0	0	0	0	0	0	0	0	0	0	0	0	0	0	0	0	0	0	0	0	0	0	0	0	0	0	0	0	0	0	0	0	0	0	0	0	0	0	0	0.36296	0	0	0	0.550697	0	0
"CAG-533"	0	0	0	0	0	0	0	0.073801	0	0	0	0	0	0	0	0	0	0	0	0	0	0	0	0	0	0	0	0	0	0	0	0	0	0.044764	0	0	0	0	0	0	0	0	0	0	0	0	0	0	0	0	0	0.02846	0.036253	0	0	0	0	0	0	0	0	0	0.042071	0	0	0	0	0	0	0	0	0	0	0	0	0	0	0	0	0	0	0	0	0	0	0	0	0	0	0	0.048985	0	0	0	0.07227	0	0
"CAG-582"	0	0	0	0	0	0	0	0	0	0	0	0	0	0	0	0	0	0	0	0	0	0	0	0	0	0	0	0	0	0	0	0	0	0	0	0	0	0	0	0	0	0	0	0	0	0	0	0	0	0	0	0	0	0	0	0	0	0	0	0	0	0	0	0	0	0	0	0	0	0	0	0	0	0	0	0	0	0	0	0	0	0	0	0	0	0	0	0	0	0	0.470373	0	0	0	0.278239	0	0
"CAG-605"	0	0	0	0	0	0	0	0	0	0	0	0	0	0	0	0	0	0	0	0	0	0	0	0	0	0	0	0	0	0	0	0	0	0	0	0	0	0	0	0	0	0	0	0	0	0	0	0	0	0	0	0	0	0	0	0	0	0	0	0	0	0	0	0	0	0	0	0	0	0	0	0	0	0	0	0	0	0	0	0	0	0	0	0	0	0	0	0	0	0	0	0	0	0	1.271229	0	0
"CAG-628"	0	0	0	0	0	0	0	0	0	0	0	0	0	0	0	0	0	0	0	0	0	0	0	0	0	0	0	0	0	0	0	0	0	0	0	0	0	0	0	0	0	0	0	0	0	0	0	0	0	0	0	0	0	0	0	0	0	0	0	0	0	0	0	0	0	0	0	0	0	0	0	0	0	0	0	0	0	0	0	0	0	0	0	0	0	0	0	0	0	0	0	0	0	0	0.06143	0	0
"CAG-302"	0	0	0.120276	0.544636	0	0.571739	0	1.002214	0	0	0	0	0	0	0	0	0.568605	0	0	0	0	1.17218	0	0	0	0	0	0	0	0	0	0	0	0	0	0	0	0	0	0.313861	0.383603	0	0.351359	0	0	0	0	0	0	0	0	0	0	0	0	0	0	0	0	0	0	0	0	0	0	0	0	0	0	0	0	0	0	0	0	0	0.359885	0	0	0	0	0	0	0.306407	0.27275	0	0	0	0.402423	0	0.612016	0	0	0	0.188625	0	0
"CAG-762"	0	0	0	0	0	0	0	0	0	0	0	0	0	0	0	0	0	0	0	0	0	0	0	0	0	0	0	0	0	0	0	0	0	0	0	0	0	0	0	0	0	0	0	0	0	0	0	0	0	0	0	0	0	0	0	0	0	0	0	0	0	0	0	0	0	0	0.57638	0	0	0	0	0	0	0	0	0	0	0	0	0	0	0	0	0	0	0	0	0	0	0	0	0	0	0	0.714028	0	0
"CAG-914"	0	0	0	0	0	0	0	0	0	0	0	0	0	0	0	0	0	0	0	0	0	0	0	0	0	0	0	0	0	0	0	0	0	0	0	0	0	0	0	0	0	0	0	0	0	0	0	0	0	0	0	0	0	0	0	0	0	0	0	0	0	0	0	0	0	0	0	0	0	0	0	0	0	0	0	0	0	0	0	0	0	0	0	0	0	0	0	0	0	0	0	0	0	0	0.2515	0	0
"CAG-433"	0	0	0	0	0	0	0	0	0	0	0	0	0	0	0	0	0	0	0	0	0	0	0	0	0	0	0	0	0	0	0	0	0	0	0	0	0	0	0	0	0	0	0	0	0	0	0	0	0	0	0	0	0	0	0	0	0	0	0	0	0	0	0	0	0	0	0.401981	0	0	0	0	0	0	0	0	1.311868	0	0	0	0	0	0	0	0	0	0	0	0	0	0	0	0	0	0	0.057816	0	0
"CAG-594"	0	0	0	0	0	0	0	0	0	0	0	0	0	0	0	0	0	0	0	0	0	0	0	0	0	0	0	0	0	0	0	0	0	0	0	0	0	0	0	0	0	0	0	0	0	0	0	0	0	0	0	0	0	0	0	0	0	0	0	0	0	0	0	0	0	0	0	0	0	0	0	0	0	0	0	0	0	0	0	0	0	0	0	0	0	0	0	0	0	0	0	0	0	0	0.836887	0	0
"CAG-417"	0	0	0	0.446724	0	0	0	0	0	0	0	0	0	0	0	0	0	0	0	0	0.06409	0	0	0	0	0	0	0	0	0	0	0	0	0	0	0	0	0	0	0	0	0	0	0	0	0	0	0	0	0	0	0	0	0	0	0	0	0	0	0	0	0	0	0	0	0	0	0	0	0	0	0	0	0	0	0	0	0	0	0	0	0	0	0.526251	0	0	0	0	0.576832	0	0	0	0	0	0	0	0
"CAG-451"	0	0	0	0	0	0	0	0	0	0	0	0	0	0	0	0	0.359058	0	0	0	0	0	0	0	0	0	0	0	0	0	0	0	0	0	0	0	0	0	0	0	0	0	0	0	0	0	0	0	0	0	0	0	0	0	0	0	0	0	0	0	0	0	0	0	0	0	0	0	0	0	0	0	0	0	0	0	0	0	0	0	0	0	0	0	0	0	0	0	0	0	0	0	0	0	0.073715	0	0
"CAG-611"	0	0	0	0	0	0	0	0	0	0	0	0	0	0	0	0	0	0	0	0	0	0	0	0	0	0	0	0	0	0	0	0	0	0	0	0	0	0	0	0	0	0	0	0	0	0	0	0	0	0	0	0	0	0	0	0	0	0	0	0	0	0	0	0	0	0	0	0	0	0	0	0	0	0	0	0	0	0	0	0	0	0	0	0	0	0	0	0	0	0	0.217776	0	0	0	0.315097	0	0
"CAG-710"	0	0	0	0	0	0	0	0	0	0	0	0	0	0	0	0	0	0	0	0	0	0	0	0	0	0	0	0	0	0	0	0	0	0	0	0	0	0	0	0	0	0	0	0	0	0	0	0	0	0	0	0	0	0	0	0	0	0	0	0	0	0	0	0	0	0	0	0	0	0	0	0	0	0	0	0	0	0	0	0	0	0	0	0	0	0	0	0	0	0	0	0	0	0	0.219701	0	0
"CAG-877"	0	0	0	0	0	0	0	0	0	0	0	0	0	0	0	0	0	0	0	0	0	0	0	0.801304	0	0	0	0	0	0	0	0	0	0	0	0	0	0	0	0	0	0	0	0	0	0	0	0	0	0	0	0	0	0	0	0	0	0	0	0	0	0	0	0	0	0	0	0	0	0	0	0	0	0	0	0	0	0	0	0	0	0	0	0	0	0	0	0	0	0	0	0	0	0	0.528294	0	0
"CAG-878"	0	0	0	0	0	0	0	0	0	0	0	0	0	0	0	0	0	0	0	0	0	0	0	0	0	0	0	0	0	0	0	0	0	0	0	0	0	0	0	0	0	0	0	0	0	0	0	0	0	0	0	0	0	0	0	0	0	0	0	0	0	0	0	0	0	0	0	0	0	0	0	0	0	0	0	0	0	0	0	0	0	0	0	0	0	0	0	0	0	0	0	0	0	0	0.453133	0	0
"CAG-884"	0	0	0	0	0	0	0	0	0	0	0	0	0	0	0	0	0	0	0	0	0	0	0	0	0	0	0	0	0	0	0	0	0	0	0	0	0	0	0	0	0	0	0	0	0	0	0	0	0	0	0	0	0	0	0	0	0	0	0	0	0	0	0	0	0	0	0	0	0	0	0	0	0	0	0	0	0	0	0	0	0	0	0	0	0	0	0	0	0	0	0	0	0	0	0.096119	0	0
"CAG-1193"	0	0	0	0	0	0	0	0	0	0	0	0	0	0	0	0	0	0	0	0	0	0	0	0	0	0	0	0	0	0	0	0	0	0	0	0	0	0	0	0	0	0	0	0	0	0	0	0	0	0	0	0	0	0	0	0	0	0	0	0	0	0	0	0	0	0	0	0	0	0	0	0	0	0	0	0	0	0	0	0	0	0	0	0	0	0	0	0	0	0	0.219547	0	0	0	0.545639	0	0
"CAG-288"	0	0	0	0	0	0	0	0	0	0	0	0	0	0	0	0	0	0	0	0	0	0	0	0	0	0	0	0	0	0	0	0	0	1.561433	0	0	0	0	0	0	0	0	0	0	0	0	0	0	0	0	0	0	0	0	0	0	0	0	0	0	0	0	0	0	0	0	0.981453	0	0	0	0	0	0	0	0	0	0	0	0	0	0	0	0	0	0	0	0	0	0	0	0	0	0	0	0	0	0
"CAG-345"	0	0	0	0	0	0	0	0	0	0	0	0	0	0	0	0	0	0	0	0	0	0	0	0	0	0	0	0	0	0	0	0	0	0	0	0	0	0	0	0	0	0	0	0	0	0	0	0	0	0	0	0	0	0	0	0	0	0	0	0	0	0	0	0	0	0	0	0	0	0	0	0	0	0	0	0	0	0	0	0	0	0	0	0	0	0	0	0	0	0	0	0	0	0	0.044085	0	0
"CAG-568"	0	0	0	0	0	0	0	0	0	0	0	0	0	0	0	0	0	0	0	0	0	0	0	0	0	0	0	0	0	0	0	0	0	0	0	0	0	0	0	0	0	0	0	0	0	0	0	0	0	0	0	0	0	0	0	0	0	0	0	0	0	0	0	0	0	0	0	0	0	0	0	0	0	0	0	0.380432	0	0	0	0	0	0	0	0	0	0	0	0	0	0	0	0	0	0	0.406157	0	0
"CAG-449"	0	0	0	0	0	0	0	0	0	0	0	0	0	0	0	0	0	0	0	0	0	0	0	0	0	0	0	0	0	0	0	0	0	0	0	0	0	0	0	0	0	0	0	0	0	0	0	0	0	0	0	0	0	0	0	0	0	0	0	0	0	0	0	0	0	0	0	0	0	0	0	0	0	0	0	0	0	0	0	0	0	0	0	0	0	0	0	0	0	0	0	0	0	0	0.074438	0	0
"CAG-826"	0	0	0	0	0	0	0	0	0	0	0	0	0	0	0	0	0	0	0	0	0	0	0	0	0	0	0	0	0	0	0	0	0	0	0	0	0	0	0	0	0	0	0	0	0	0	0	0	0	0	0	0	0	0	0	0	0	0	0	0	0	0	0	0	0	0	0	0	0	0	0	0	0	0	0	0	0	0	0	0	0	0	0	0	0	0	0	0	0	0	0	0	0	0	0.922888	0	0
"Gemella"	0	0	0	0	0	0	0	0	0	0.042361	0	0	0	0	0	0	0	0	0	0	0	0	0	0	0	0	0	0	0	0	0	0	0	0	0	0	0	0	0	0	0	0	0	0	0	0	0	0	0	0	0	0	0	0	0	0	0	0	0	0	0	0	0	0	0	0	0	0	0	0	0	0	0	0	0	0	0	0	0	0	0	0	0	0	0	0	0	0	0	0	0	0	0	0	0	0	0
"Clostridium"	0	0	0.04266	0	1.456167	0	6.815139	0.158672	0	0	0	0	0	0	0	0.053626	0	0	0	0	0	0	0	0	0	0	0	0	0.051663	0.191507	0	2.588228	0	0	1.710723	0	0	0.237158	0.036751	0	0	0	0	0.084691	5.68863	0	0	0	0	0	0	0.037946	0	0	0	0	0	0	0.744381	0	0.160772	0.159769	0	0	0.052654	0	0.061843	2.310546	0.267692	0	0	0.056876	0	2.76544	0	0	0	0	0.115444	0	0	0	0	0	0	0	0	0	0	2.634732	0	0	0	0	0	0	0
"Clostridium_P"	0	0	0	0	0.042546	0.057786	0.488372	0	0	0	0	0	0	0	0	0	0	0	0	0	0	0	0	0	0	0	0	0	0.124795	0	0	0	0	0	0	0	0	0	0	0	0	0	0	0.097654	0	0	0	0	0	0	0	0	0	0	0	0	0	0	0	0	0	0	0	0	0	0	0	0	0	0	0	0	0	0	0	0	0	0	0	0	0	0	0	0	0	0	0	0	0	0	0	0	0	0	0	0	0
"Anaerofustis"	0	0	0	0	0	0	0	0	0.185709	0	0	0	0	0	0	0	0	0	0	0	0	0	0	0	0	0	0	0	0	0	0	0	0	0	0	0	0	0	0	0	0	0	0	0	0	0	0	0	0	0	0	0	0	0	0	0	0	0	0	0	0	0	0	0	0	0	0	0	0	0	0	0	0	0	0	0	0	0	0	0	0	0	0	0	0	0	0	0	0	0	0	0	0	0	0	0	0
"Eubacterium"	0	0	0	0	0	0	0	0	0.050648	0	0	0.30886	0	0	0.151085	0	0	0	2.484635	0	0	0	0.722143	0	0	0	0	2.266098	0	1.049711	0	0	0	0	0	0	0	0	0	0	0	0	1.886571	0.088148	0	0	0	0	0	0	0	0.102244	0	0	0	0	0.96612	0	0	0	0	0	0.930686	0	0	0	0.090291	0	0	0	2.747754	0	0	0	0	0	0	0	0	0	0	0	0	0.042595	0	2.123293	0.073907	1.259477	0	0	0.167611	0.588129	0	0	0	0	0
"Anaerotignum"	0.071224	0.408974	0.207373	0.15054	0.291645	0.721303	0.292729	1.117343	0.092358	1.031978	0	0.852583	0.96506	0	0	0.575824	0.053686	0	0.370125	0.29957	0.052073	0.292422	0.998481	0.936062	1.069775	0	1.10208	1.198303	0.965487	0	1.486524	0.113679	1.203171	0.732918	0.105835	0	0	0.081523	0.222851	1.087335	0.157634	0.058391	0.066958	0.90913	0	0.028864	0.505161	0.457222	0	0	0	1.220605	0.768258	0	0.062555	0.823732	0.361821	0.9151	0	0.648526	0.831883	0.044273	0	1.708284	0.938402	0.715097	0	0.163801	1.043913	0.215968	0	0.181343	0.982536	0.074997	0.272026	0.123617	0.742214	0.77455	0	0.979874	0.899922	0	0.631492	0.715179	0.663749	0.712325	0.575118	0	0.060003	0	0.234301	1.242273	1.464461	0	0	0.128601	0.380225
"UMGS1670"	0	0	0	0	0	0	0	0	0	0	0	0	0	0	0	0	0	0	0	0	0	0	0	0	0	0	0	0	0	0	0	0	0	0	0	0	0.713762	0	0	0	0	0	0	0	0	0	0	0	0	0	0	0	0	0	0	0	0	0	0	0	0	0	0	0	0	0	0	0	0	0	0	0	0	0	0.130944	0	0	0	0	0	0	0	0	0	0	0	0.116383	0.057847	0.032802	0	0	0	0.045176	0	0	0	0
"CAG-274"	0.322781	0.345436	0.186636	0	0	0.580577	0	0	0	0.81026	0.231617	0	0.663994	0	0	0.307692	0	1.11879	0	0	0	0	0	0	0.31198	0	0	0	0	0	0.265164	0	0	0	0	0	0	0.28811	0.252565	0	0	0.202652	0	0	0	0	0.743429	0	0	0.400362	0.239651	0	0.607047	0	0	0	0.907395	0	0.373628	0	0	0	0	0	0.377236	0	0	0	0	0.170112	0	0	0.206351	0	0.183322	0	0	0.225622	0	0	0	0	0.263382	0	0	0	0	0	0.791244	0	0	0.352878	0	0	0	0	0
"AF33-28"	0	0	0	0	0	0.144804	0	0	0.131089	0	0	0	0	0	0	0	0	0	0	0	0.050356	0	0	0	0	0	0	0	0	0	0	0	0	0.036418	0	0	0	0	0	0	0	0	0.68408	0	0	0	0	0	0	0	0	0	0	0	0	0	0	0	0	0	0	0	0	0	0	0	0	0	0	0	0	0	0	0	0	0	0.045663	0	0	0	0	0	4.328219	0	0	0	0.372935	0	0.393622	0	0	0	0	0	0	0	0
"AM51-8"	0	0	0.529097	0	0	0	0.881129	0.04428	0	0	0	0	0	0	1.45545	0	0	0	0	0	0	0.110489	0	1.117913	0	0	0.141037	0	0	0	0	0	0.175139	0	0	0	1.826472	1.34235	1.239366	0	0.316822	0	0	0	0	0	0	0	0.083676	0	0	1.640122	1.245719	0	1.271649	0	0	0	0.807611	0	0	0.048123	0	1.22979	0	0	0	1.209873	1.214262	0	0	0	1.504094	0.854825	1.197084	0	0	0	0	0.579703	0.154436	0	0	0.048091	0	0	0	0	0.224813	0	0.374764	0	0	0	0.728482	1.232578	1.024181
"Acetatifactor"	1.486611	1.837252	1.405989	1.497442	1.993481	1.01499	0.226534	1.237638	2.523462	1.540306	2.196761	0.033782	1.051668	0.048293	0.058419	1.861978	1.550531	0.177493	0	2.925276	1.710977	2.291193	0.678631	1.473646	1.804058	0.056109	1.908525	0	1.590805	1.189315	1.124937	1.172315	1.511995	1.81105	1.624732	1.936552	2.726138	0.326092	0.899224	1.715885	0.922511	1.627396	0.056604	1.80789	0.128106	0.039499	1.241012	0.043545	0.066511	0.266908	2.287297	1.730771	1.43007	0.049987	1.869194	1.714763	2.123569	0.335311	0.12071	1.82102	0.113573	1.94129	0.095429	0.378263	1.457732	2.337352	0.753251	2.112945	1.210067	2.016198	0	1.745015	0.152397	1.462814	0.948712	3.444972	2.559439	1.892289	1.83007	0.588931	1.888501	2.017804	1.036334	1.158301	1.802222	0.058372	1.242832	0	0.441625	1.746217	1.697356	0.062414	1.279992	0.085103	1.634025	1.839357	1.918923
"Agathobacter"	2.970192	1.80414	0.643449	1.225736	1.505576	0.097896	0.814934	1.473063	0.173792	1.7458	2.021762	1.335178	0.134449	0.048293	1.807981	2.018461	1.057547	2.681312	0	1.759729	0.36909	1.659827	1.449629	1.285999	1.973161	2.243272	1.694256	0.037571	1.526395	1.542798	2.445016	2.008668	1.872636	1.503771	0.174462	1.986755	0.078704	1.880587	1.545884	0.204548	1.621382	1.498935	0.039347	0.722465	0.212704	0.047095	1.889302	0.042598	0.200607	1.671187	0.046514	2.019584	1.553485	2.394258	1.821577	0.281756	1.645245	1.721972	1.528999	1.643319	1.33706	1.978826	2.000923	1.698697	0.217109	0.25729	1.196049	1.597275	1.638877	1.427462	0.035584	1.738421	0.230016	1.443155	1.662569	1.69805	0.309578	1.875865	1.746799	0.177015	0.064825	0.212952	1.538089	0.627928	1.875588	1.593382	1.509578	0.030676	1.43048	0.253373	1.234065	0.205245	1.719205	3.38665	1.063092	0.163015	0.15209
"Anaerobutyricum"	0.050008	0.170928	1.296378	1.048271	1.198833	1.605085	1.985849	2.211808	1.345648	1.355541	1.765439	0.211537	1.42367	2.252331	0	1.632527	1.597866	3.276351	0	1.63375	1.342458	2.11009	1.182452	1.515667	1.565326	1.367527	1.360649	0	1.219103	0.046535	1.993893	1.376328	1.967978	1.320162	1.044294	1.540269	0.042066	1.528556	1.535719	1.243023	2.150972	1.202858	1.094115	1.171845	1.610993	0.05621	1.480964	1.649028	1.213298	1.294933	1.504641	0	1.534973	1.862343	1.36875	1.543376	0.041676	1.980944	1.583606	1.68899	1.235287	1.643888	0.05028	1.320434	2.054962	0.564105	1.091534	1.484608	2.446986	1.541363	0	1.450745	2.047423	2.259389	1.592451	1.849456	1.701907	1.511065	1.579311	1.236588	1.56247	2.205155	1.373182	1.273719	1.898029	0.031922	1.266618	0.031553	2.244126	2.022701	1.135505	0	2.8461	2.387239	1.07321	1.278765	0.212764
"Anaerostipes"	0.042431	0.209409	1.227648	0.810222	1.071196	1.05714	2.096174	1.357196	1.374448	1.470906	0.991322	1.64806	1.779999	0	1.270119	1.170989	0.688676	2.930094	0	0.843162	0.938462	1.354113	1.529783	1.405542	1.611445	1.62827	1.39862	2.256212	0.516626	0.069802	1.716103	1.589477	1.790766	0.232166	0.855775	1.681265	3.543029	1.62027	0.864037	1.490634	1.265734	0.858006	0	1.109623	1.807986	3.261679	1.594625	1.174767	1.598421	1.133066	1.608793	1.907854	1.39536	2.385286	1.492928	2.358135	1.363933	1.719073	1.250216	1.58021	1.153426	1.693936	1.607922	1.694339	1.342325	0	0.068028	1.976877	1.599436	0.897896	0.716128	1.694734	1.616735	1.397283	0.446055	0.609458	1.17872	1.149723	1.077792	1.476522	1.079144	2.676441	0.692453	0.842276	0.680149	0.963143	1.139192	1.554845	1.491284	1.735089	1.189802	1.065835	1.231051	0.787745	0.258727	0.237278	1.260406
"Bacteroides_F"	0	0	0	0	0	0.076821	0	0	0	0	0	0	0	0	0	0	0	0	0	0	0	0	0	0	0	0	0	0	0	0	0	0	0	0	0	0	0	0	0	0	0	0	0	0	0	0	0	0	0	0	0	0	0	0	0	0	0	0	0	0	0	0	0	0	0	0	0	0	0	0	0	0	0	0	0	0	0	0	0	0	0	0	0	0	0	0	0	0	0	0	0.672214	0	0	0	0.624413	0	0
"Bariatricus"	1.518435	1.176808	1.026793	0.808386	1.149425	1.263809	0.050014	1.132103	0.046676	0.050472	0	0	0.05279	2.548796	0.044318	1.317802	0.942672	2.080454	0.042267	0	0.55621	0.974463	1.022909	0.921572	0.218838	1.681079	1.297363	0.046469	1.222458	0	1.574912	1.701126	2.018757	0.305003	0.427474	1.385388	0.046137	0	1.111128	0.048032	0.875143	1.064093	0.120111	0.044938	0.079764	0.082036	1.264587	1.660387	1.698188	1.219166	0.062693	0.036892	0.036253	0.055114	0	0.030509	0.40918	0.350772	1.28183	1.344383	1.158589	0.040423	0.06875	0.033991	0.90378	1.793782	0.09462	1.437808	1.487828	0.064347	0.051152	0.033796	1.689621	1.061614	1.322959	1.197834	0	1.235304	0.28861	1.072996	0.066731	1.643102	0.243062	1.042883	0.928731	0.029186	0.032281	0.105176	1.000856	1.574163	0.908876	0.038408	2.014105	0.026185	0.668498	0.033509	0.650428
"Blautia"	0.05607	0.220148	0.8052	0.184197	0	0.779768	0	1.011808	0.129103	1.78095	0.891469	1.956116	0.720908	0	0.170222	0.101099	0.051376	0.928203	4.246156	0.473163	0.050929	0	1.87864	0	0.067822	0	1.260295	1.023304	0.044953	0.093069	0.064282	0.03045	0	0.074354	0.142216	0.704978	5.404782	2.061235	1.104091	0.109313	0	0.067322	0.182237	1.392214	1.873248	5.066464	0	2.279483	0	0.547591	1.430825	4.091872	1.152387	1.006152	0.211008	0.06999	0.132605	0.057013	0.037363	0.860272	0.965368	0.072185	0.476117	0.699874	0.087276	0	0	0	0.191328	0.087275	1.943777	0.06924	0	0.92327	0.784821	0	0.061142	1.224931	0.158972	0.139263	0.160156	1.486007	0.083626	0.044656	0.053514	1.275982	1.917343	3.715325	0.045603	0.784085	0.038952	1.379103	1.665244	2.633818	0.063598	0.042565	1.026608
"Blautia_A"	2.19279	2.829707	4.757137	3.935452	5.780751	6.656922	7.403539	5.689299	6.947713	4.298255	7.9594	3.732868	6.178033	4.692468	9.138616	7.650989	4.446664	11.196625	3.574448	9.566417	3.673736	5.999634	6.216841	6.762543	7.06793	5.958589	7.727219	3.867791	9.452242	9.537786	9.702006	10.368137	8.392144	8.183487	6.473297	7.609485	7.179689	5.000695	7.095271	4.62759	7.398722	6.315175	6.913976	5.812557	7.389055	6.602355	6.971223	6.523221	6.908611	6.372207	7.392764	6.222133	8.065934	8.693925	7.127585	6.653566	5.502145	5.441316	6.756912	7.223463	6.010502	5.948989	5.414807	7.631499	8.038806	9.613944	4.543009	9.485717	7.85788	6.662476	3.443866	8.364862	9.711771	5.64374	5.436298	4.92837	7.077735	7.032331	5.722991	8.557958	7.989666	7.484727	5.773304	6.579508	5.662152	3.039009	4.945844	5.036154	7.537222	8.05742	6.027503	3.845646	5.017066	6.546359	3.245646	6.809516	3.344362
"Butyrivibrio_A"	0	0	0	0	0	0	0	0	0	0	0	0	0	0	0	0	0	0	0	0	0	1.543523	0	0	0	0	0	0	0	0	0	0	0	0	0	0	0	0	0	0	0	0	0	0	0	0	0	0	0	0	0	0	0	0	0	0	0	0	0	0	0	0	0	0	0	0	0	0	0	0	0	0	0	0	0	0	0	0	0	0	0	0	0	0	0	0	0	0	0	0	0	0	0	0	1.055142	0	0
"CAG-127"	0	0	0	0.646831	0.524961	0.906217	0	0	0	0	0	0	0	0	0	0	0	0	0	0	0	0	0	0.97591	0	0	0	0	0	0	0	0	0.127468	0.966601	0	0	0	0	0	0	1.015694	0.794807	0	0	0	0	0	0	0	0.064574	0	0	0	0	0	0	0	0	0	0	0	0	0	0	0	0	0.499694	0	0	0.201916	0	0	0	0	0	0.771405	0	0	0	1.07719	0	0	0	0.224653	1.057338	0	0	0	0	0	0.741265	0	0.854583	0	0	0	0
"CAG-194"	0	0	0	1.025628	0	0	0	0	0	0	0	0	0	0	0	0	0	0	0	0	0	0	0	0	0	0	0	0	0	0	0	0	0	0	0	0	0	0	0	0	0	0	0	0	0	0	0	0	0	0	0	0	0	0	0	0	0	0	0	0	0	0	0	0	0	0	1.154614	0	0	0	0	0	0	0	0	0	0	0	0	0.179532	0	0	0	0	0	0	0	0	0	0	0	0	0	0	1.00383	0	0
"CAG-303"	0	0	0	0	0	0	0	0	0	0	0	0	0	0	0	0	0	0	0	0	0	0	0	0	0	0	0	0	0	0	0	0	0	0	0	0	0	0	0	0	0	0	0	1.399127	0	0	0	0	0	0	0	0	0.236031	0	0	0	0	0	0	0	0	0	0	0	1.644547	0	0	0	0	0	0	0	0	0	0	0	0	0	0	0	0	0	0	0	0	0	0	0	0	0	0	0	0	0	0	0	0
"CAG-45"	0.043947	0.034007	0.03555	1.198198	0.044605	0.825997	0	1.224354	0	0.046867	0.032941	0	0.030519	0	0.044318	0.051868	0.065808	0.027642	0	0.508873	0.049212	0.040706	0	0.354284	0.042502	0	0.031643	1.514687	0.037573	0	0.226135	0.04263	0	0.046282	0	0	0	0.039835	0.038315	0.03561	0	0.04053	0	1.696409	0	0	0.04799	0	0	0.094709	0	0	0.032396	0	0.044816	1.803596	0.03031	0.03672	0	0.036537	0.036874	0.042348	0	0	1.513272	0.04107	0	0.089267	0	0.141267	2.047193	0.061822	0.037863	0.610173	0.048998	0.111159	0.067333	0.031985	0.040689	0.048658	0	0.032583	0	0	0.059556	0.030098	0.036529	0	0.075204	0.141238	0.502243	0	0.06149	0.03055	0.913493	0.032603	0
"CAG-510"	0	0	0	0	0	0	0	0	0	0	0	0	0	0	0	0	0	0	0	0	0	0	0	0	0	0	0	0	0	0	0	0	0	0	0	0	0	0	0	0	0	0	0	0	0	0	0	0	0	0	0	0	0	0	0	0	0	0	0	0	0	0	0	0	0	0	0.382192	0	0	0	0	0	0	0	0	0	0	0	0	0	0	0	0	0	0	0	0	0	0	0	0	0	0	0	0.062152	0	0
"CAG-590"	0.037885	0	0	0	0	0	0	0	0	0	0	0	0	0	0	0	0	0	0	0	0	0	0	0	0	0	0	0	0	0	0	0	0	0	0	0	0	0	0	0	0	0	0	0	0	0	0	0	0	0	0	0	0	0	0	0	0	0	0	0	0	0	0	0	0	0	0	0	0	0	0	0	0	0	0	0	0	0	0	0	0	0	0	0	0	0	0	0	0	0	0.803824	0	0.036392	0	0	0	0
"CAG-603"	0	0	0	0	0	0	0	0	0	0	0	0	0	0	0	0	0	0	0	0	0	0	0	0	0	0	0	0	0	0	0	0	0	0	0	0	0	0	0	0	0	0	0	0	0	0	0	0	0	0	0	0	0	0	0	0	0	0	0	0	0	0.029836	0	0	0	0	0	0	0	0	0	0	0	0	0	0	0	0	0	0	0	0	0	0	0	0	0	0	0	0	0	0	0	0	0	0	0
"CAG-81"	0.869842	2.087826	0.777353	0.490784	1.143935	0.656718	3.550992	2.295941	0.620686	0.068498	0.804999	0.033782	1.976311	2.633309	2.031587	1.91033	0.798356	3.084309	0.066257	0.76083	0.354784	2.105937	0.967183	2.758196	2.600738	1.452241	2.630889	1.891382	1.207026	1.479261	0.166445	2.530374	3.107933	2.250345	2.399477	2.323221	2.704427	1.293251	1.303484	1.468274	0.987739	2.193446	0.623335	1.206412	1.997728	0	1.760486	2.799182	2.343993	2.174007	1.909115	1.560013	1.476351	0.096129	0.900051	1.830516	0.559781	2.057283	2.037708	1.416626	1.890911	0.110683	1.681802	0.986621	1.640941	1.002585	0.131108	3.445885	2.446986	1.545061	0.056712	1.741718	2.751668	1.484658	2.593541	2.272052	1.313386	2.190526	0.091787	1.566288	1.932353	0.18386	0.169596	1.65501	3.315294	0.040131	1.868071	0.155134	0.986455	1.872047	0.896483	0.100822	1.075444	0.091649	1.456963	0.736286	1.905979
"CAG-882"	0	0	0	0	0	0	0	0	0	0	0	0	0	0	0	0	0	0	0	0	0	0.146211	0	0	0	0	0	0	0	0	0	0	0	1.930168	0	0	0	0	0	0	0	0	0	0	0	0	0	0	0	0	0	0	0	0	0	0	0	0	0	0	0	0	0	0	0	0	0	0	0	0	0	2.20744	0	0	0	0	0	0	0	0	0	0	0	0	0	0	0	0	0	0	0	0	0	0	0	0	0
"CAG-95"	0	0	0.037327	0.206227	0.034997	1.499031	0	0.441328	0	0	0.040147	0	0	0	0	0.035165	0.047336	0	0	0.036702	0	0.039045	0	0.039123	0.033459	0	0	0	0.037573	0	0	0.03045	0.042489	0.190437	0	0.04059	0.025782	0	0	0	0	0.039843	0	0	0	0	0.033677	0.050171	0	0	0	0.030568	0	0	0.037347	0.042174	0	0	0	0.031554	0	0.027911	0	0.040092	0	0	1.279538	0.0442	0	0.040679	0	0.03462	0	0.036407	0	0.097743	0	0.033714	0	0	0	0.036074	0	0	0.043157	0	0.03483	0	0	0.042799	1.294854	0	0.045176	0.026185	2.296018	0	0
"CHH4-2"	0	0	0	0	0	0.043509	0	0	0.032772	0	0	0	0	0	0	0	0	0	0	0	0	0	0	0	0	0	0	0	0	0	0	0	0	0	0	0	0	0	0	0	0	0	0	0.045802	0	0	0	0	0	0	0	0	0	0	0	0	0	0	0	0	0	0	0	0	0	0	0	0	0	0	0.051152	0	0	0	0	0	0	0	0	0	0	0	0	0	0	3.077316	0	0	0	0	0	0.078017	0.036392	0	0	0	0
"COE1"	0	0	0	0	0	0	0	0	0	0	0	0	0	0	0	0	0	0	0	0	0	0	0	0	0	0	0	0	0	0	0	0	0	0	0	0	0	0	0	0	0	0	0	0	0	0	0	0	0	0	0	0	0	0	0	0.028714	0	0	0.028741	0	0	0	0	0	0.031016	0	0	0	0	0	0	1.912345	0	0	0	0	0	0	0	0.131713	0	0.026764	0	0	0.035388	0	0	0	0	1.889167	0	0	0	0	0.052034	0	0
"Clostridium_Q"	1.138068	1.543721	0.915404	0.695175	0.854349	1.205343	2.97436	1.129889	0.510452	1.479919	1.404116	0.651502	1.596061	0.114025	1.58639	1.328352	0.551864	2.327781	0.05826	1.844045	1.042608	0.991078	0.49695	0.874479	0.071439	0.05831	0.077751	0.360875	1.298945	1.23406	0.161853	1.312384	1.705788	1.454454	1.378335	0.118564	0.845388	1.585993	1.622513	0.15486	0.773418	1.081267	0.507365	2.579614	1.623078	2.585644	1.616515	2.352373	1.824775	1.787421	3.287358	2.459129	0.116473	1.78544	0.253956	2.590539	0.656393	1.570261	1.437029	1.528727	1.46612	3.389798	0.123134	1.747505	0.646278	0.810524	0.288808	1.756743	1.029647	1.158981	0.481496	0.609148	1.471911	1.16064	1.409129	0.970725	0.090552	1.598375	1.831963	1.098164	5.716982	3.086053	0.258693	0.111296	1.633048	1.851497	2.461029	1.829177	0.472826	1.057146	1.11839	2.124467	1.812067	0.067646	0.419166	0.167544	2.547508
"Coprococcus"	0.046978	0.044746	2.194599	0.78452	1.196089	0.08158	0.045601	0.954982	0.064551	0	0	0	0.031344	0.033537	0.038275	0.037802	0	0.046556	0	0.03571	0.206004	0.682041	0	0.076798	0.05064	0.034106	0.040684	0	1.233193	0.03848	0.052803	0.03654	0.045598	0.946116	0.032247	0	0.025782	0.028718	0.043006	0.04886	0.042709	0.968606	0	0	0.041091	0.253703	0.05641	0	0.041838	0.047355	0	0.06219	1.239548	0.032043	0	0.055633	0.042623	0.050248	0	0.063109	0.042774	0.025987	0	0.034863	0.049769	0.059189	1.987025	0.063267	0.03021	0.049554	0	0.049457	0.044489	1.076905	1.362665	2.757894	1.371432	0.047545	0.046367	0.03943	0.035272	0.037237	0.034388	1.140439	1.497536	0	0.045874	0	1.337675	2.392488	2.057365	0	2.514808	0.039278	2.107393	0.031697	0.06391
"Coprococcus_A"	0.175787	0.276527	0.648189	0.717206	0.974438	1.075495	0.394228	0.238376	1.355579	0	0	0	0.839685	0.406466	0	0.620659	0.386767	0	0	0	0.88925	0.438633	0.676341	0.607861	0	0	0.392373	0	0.699122	0	1.198402	0.745004	1.252915	1.045508	0.822702	0	0	0	0.103997	0.233533	0.461255	0.329051	0	0	0	0	0.17849	0	0	0.119678	0	0	0.907099	0	0	0	0	0	0	1.05375	0.226408	0	0	0.236196	0.989613	0	0	0.852805	1.002794	0.315817	0	0	1.224857	0.407753	0.816923	0.412055	1.003034	0.809993	0	0.809571	0.261206	0	0.250096	0.364116	0.244267	0	0.252304	0	0	1.165	0.52526	0	0.959994	0	0.213919	0.806021	0.056629
"Dorea"	1.092606	3.363969	2.672149	2.344993	3.119575	5.191883	2.212383	2.214022	3.544367	1.460091	2.878231	1.079403	1.111056	5.62479	0.684918	3.674725	2.209766	2.017895	1.571889	3.178225	4.062854	2.961603	3.165673	3.235646	3.263582	3.485379	3.675108	2.231494	3.327876	3.982281	5.395105	2.070582	2.265402	2.68433	2.330023	3.159581	3.165794	0.336282	3.668835	2.690594	3.287027	3.161366	1.989425	3.703063	4.486126	2.257501	2.765757	2.296522	4.545308	4.974816	3.230732	1.435634	2.620252	3.456806	3.536716	3.660134	3.34069	1.893976	3.049376	3.123054	3.042863	4.488932	3.103997	2.831743	3.698788	3.347184	1.196668	5.122894	4.524743	3.40446	4.322347	3.864256	4.259549	4.195488	1.520643	4.077428	2.660826	3.711964	2.882313	2.979891	3.726477	4.30558	3.454448	3.05033	3.115047	1.168359	2.540033	1.191989	3.106574	2.25981	3.084868	2.443738	4.702088	3.244812	1.778565	2.494136	1.663282
"Eisenbergiella"	0.05607	0.120813	0.427781	0.510366	0.356836	1.1394	0.045601	0.569742	0.544218	0.051374	0.081323	0.028956	0.030519	0.829029	0.113817	0.436044	0.277664	0.045101	4.915579	0.095228	2.656306	0.398757	0.286262	0.252853	0.034363	0.038506	0.085888	1.240817	0.211347	1.87033	0.123973	0.370472	0.092233	0.078906	0.670564	0.054476	0	0.028718	0.046134	0.067907	0.361084	0.370269	3.120815	0.125308	0.035048	0.039499	0.533787	0.253697	0.068657	0.109346	0.040447	0.103298	0.276141	0	0.042015	0.471986	0.057778	0.506349	0	0.386126	0.330393	0.025024	0.057462	1.351811	0.245961	0.253666	0.198517	0.280802	0.067133	0.667135	2.564274	0.299216	0.313313	0.28834	0	0.047913	0.270107	0.41926	0.160865	0.296982	0.032412	0.04771	0.518949	0.642356	0.455734	3.848013	1.139192	0.174416	0.419223	0.624872	0.336992	0.057613	0.898504	0.04146	0.097565	0.167544	1.046832
"Enterocloster"	3.765779	3.50447	0.368531	0.092404	0.266255	4.006255	0.557509	0.281919	2.634689	0.529058	2.419114	4.801815	3.722492	0.998055	5.499486	1.448791	0.199733	4.286026	14.473714	1.637718	0.555066	0.393773	1.038939	0.270241	3.250018	3.441371	1.194297	7.08403	0.3556	0.571838	4.404472	3.51796	2.84678	1.050819	1.566854	5.35783	1.453307	4.072444	2.807144	2.312967	0.233734	2.075977	5.830906	3.703928	4.695204	8.243069	0.8613	6.744732	3.3009	2.648414	6.203612	3.293947	0.813767	2.176365	5.227581	0.970891	5.633803	3.196568	2.836696	0.148638	0.910794	3.006737	3.522651	2.07696	1.107905	0.338221	0.229439	2.555814	2.005589	0.752931	13.825505	0.440169	3.58086	1.993622	4.930262	0.526089	0.712804	2.544087	3.139697	0.37752	2.438559	3.728399	1.496667	0.179997	2.67226	10.699465	1.683728	3.566326	0.34962	2.556838	0.169381	2.782212	2.039203	2.998232	0.213919	5.323359	2.52971
"Eubacterium_F"	0	0	1.359774	0.96015	1.565963	0.236582	0	1.515867	0	0	0	0	0	0	0	0.223297	1.266517	0	0	0	0	0	0	0.486144	0.030746	0	0	0	1.58678	0	0	0	0.042489	0	0	0	0	0	1.336326	0	1.69127	0.114721	0	0	0	0	0.980854	2.029573	0	0	0	0.998198	0	0	0	0	0	0	0	0	1.559043	0	0	0	0	0	1.515161	0	1.777338	0.437114	0	0	0	0.03495	0	0.052705	0	1.945021	0	0	0	0	0.441575	0	1.737487	0	0	0	0	0.383483	1.129603	0	0.032627	0	1.063092	0	0
"Eubacterium_G"	0.039401	0.269368	0.853192	0.85979	0.896895	1.003433	0	0.486347	0.268136	1.402408	1.503968	0	0.642548	0.735126	0.140005	2.130989	0.828951	0.819088	0	0.733055	0.76107	1.033446	1.063367	0.041297	1.043551	0.41917	1.275665	0	1.755186	0	1.577207	0	0	1.083443	0	0	0	1.372921	0.985237	2.306342	1.984796	1.734561	0	1.469991	1.061104	0	0.969909	1.16814	1.465398	0.727539	0	2.692077	1.344451	0	1.306195	1.167403	0.475482	1.220455	0.284532	0.72409	0.913006	1.233879	0.856806	1.145248	0.972302	0	1.743981	0.076267	1.061535	0.906771	0	0	1.880827	0.834438	2.358686	0	1.506099	0.716632	1.486577	2.500021	0	2.987141	0.977718	0.449992	0.322812	0	0.239562	0	2.204123	1.426077	1.568697	1.335894	0	0.28804	0.206692	0.21826	0.068764
"Eubacterium_I"	0.093955	0.485936	0.955693	0.051404	0.518785	0.532989	0	0.856827	0.039724	1.112193	0	0	0	0	1.536029	0.36044	0	0	0	0	0.045779	0.773423	0.074046	0.646984	1.466758	1.230004	0.979125	0	0.952739	0.121706	0.121677	0.074094	0.666356	0.075113	0	0	0	0	0.299481	0.048032	1.427251	0.131208	0	0.050123	0	0	1.012848	0	1.472907	0.592363	1.601715	2.064909	0.958779	2.071264	0	1.055238	0	0.679319	1.115135	0.976525	0.959468	0	0	0	1.307703	0	0.056896	1.767143	0.062098	0.151622	0	0.041214	0	1.282238	1.391388	0.499257	0	1.448824	1.708003	1.310414	1.09249	0	0.225086	0.140837	0.312454	0	0	0	0.994456	0.689927	0.416076	0	1.72297	0	0.338224	0.038943	1.027417
"Faecalimonas"	0	0	0.034957	0	0	0	0.229476	0	0.04171	0.764294	0.099853	2.780548	1.356858	0	2.045688	0	0	1.575616	0	0	0	0	0	0	0	0.037406	0	0.98771	0.037573	0.448342	0.050507	1.055591	0	0	0	0.355693	2.238988	1.41183	0	0	0	0	0	0.709502	3.541042	3.644512	0.027784	0.045438	0	0.030135	1.600704	3.035701	0	1.567547	0	0.841678	2.290272	0.123688	0.028741	0	0	1.418672	0.060541	0.360831	0.037507	0	0	0	0	0	0.045592	0	0.045435	0	2.411063	0	0	0	0	0	0.216401	0.030255	0	0	0	2.21906	0.756063	1.383058	0	0.031672	0	1.874812	0.041412	5.852445	0	0	0.817079
"Frisingicoccus"	0	0	0	0	0	0	0	0	0	0	0	0	0	0	0	0	0	0	0	0.058525	0	0	0	0	0	0	0	0	0	0	0	0	0	0	0	0	0	0	0	0	0	0	1.368161	0	0	0	0	0	0	0	0	0	0	0	0	0	0.03031	0	0	0	0	0	0	0	0	0	0.407547	0	0	0	0	0	0	0	0	0	0	0	0	0	0	0	0	0	0	0	0	0	1.24567	0	0	0	0	0	0	0	0
"Fusicatenibacter"	3.349043	2.25428	1.590255	1.462561	1.889861	0.067983	2.903753	0.071587	2.486717	1.728675	2.329556	1.541889	1.956515	2.641358	2.162527	2.347253	1.332325	3.570234	0	2.145599	1.294391	2.111752	1.476347	1.730846	2.010237	2.597531	2.146299	2.006071	1.627707	1.975032	3.107351	1.968068	2.05192	1.584194	1.756199	2.235633	0.040709	2.122377	1.886025	2.095169	1.956064	1.825926	0	0.064814	2.481147	0	2.165457	0.043545	1.980325	1.8563	2.049669	1.802448	2.127364	2.804409	1.992437	0.053839	1.551474	1.857256	2.16704	1.708919	1.714652	2.466795	2.581704	2.061272	1.719561	2.354263	1.561543	2.109478	1.773142	1.242558	2.319633	1.967573	2.20266	1.885858	1.783376	1.584974	1.517708	1.858575	2.037302	1.787767	2.036264	2.543783	1.821791	1.654323	1.673615	0.068405	1.688825	1.885271	1.728897	2.026981	1.068815	2.190482	2.734414	4.706832	1.261111	1.870149	1.910833
"GCA-900066135"	0	0	0.108426	0.066091	0.053525	0.212108	0.033833	0.045756	0	0	1.228086	0	0	0	0	0.097582	0.167984	0	0	0	0.141342	0.090551	0.038168	0.229669	0.032554	0.037406	0.065094	0	0.059043	0	0	0	1.470543	0.225338	0.074415	0	0.025782	0	0.226761	0.101032	0.161517	0.100982	0	0	0	0	0.18691	0	0.032183	0	0.04247	0	0.151955	0	0.204472	0.027817	0.251949	0	0	0.077225	0.045724	0	0.046175	0	0.031016	0	0.157082	0.111801	0.067133	0.07692	0.032248	0.052754	0.037863	0	0.04393	0	0.106805	0.179806	0.347278	0.278526	0.664455	0	0	0.162822	0.032799	0	0	0	0	0.187461	0	0	0	0	0	0	0
"GCA-900066575"	0.039401	0.04743	0.052732	0	0.175673	0.100615	0	0.105535	0.053627	0	0.179117	0	0.031344	0	0	0	0.060035	0	0	0	0.037195	0.075598	0.046565	0	0.03165	0.029705	0.032547	0	0.128821	0.041165	0.036733	0.073079	0.072543	0.297416	0	0.037385	0	0	0.070374	0	0.054357	0.070756	0.056604	0.847773	0	0.027345	0.031152	0	0	0	0	0	0.094875	0	0	0	0	0.029956	0	0.073073	0	0	0.033862	0.048808	0.252452	0.054357	0	0.309402	0.051189	0.142007	0	0.054403	0	0.339309	0.027034	0.060371	0	0.098548	0.742815	0.061242	0.040992	0.038401	0.109417	0	0.037978	0	0.050971	0.063105	0	0.095871	0.542965	0.030007	0.691447	0.04146	0.119968	0.038037	0.108405
"GCA-900066755"	0	0	0	0	0	0	0	0	0	0	0	0	0	0	0	0	0	0	0	0	0	0	0	0	0	0	0	0	0	0	0	0	0	0	0	0	0	0	0	0	0	0	0	0	0	0	0	0	0	0	0	0	0	0	0	0	0	0	0	0	0	0	0	0.032248	0	0	0	0	0	0	0	0	0	0	0	0	0	0	0	0	0	0	0	0	0	0	0	0.091152	0	0	0	0	0	0	0	0	0
"Hespellia"	0	0	0	0	0	0	0	0	0	0	0	0	0	0	0	0	0	0	0	0	0	0	0	0	0	0	0	0	0	0	0	0	0	0	0	0	0	0	0	0	0	0	0	0	0	0.027345	0	0	0	0	0	0	0	0	0	0	0	0	0	0	0	0	0.030783	0	0	0	0	0	0	0	0	0	0	0	0	0	0	0	0	0	0	0	0	0	0	0	0	0	0	0	0	0	0	0	0	0	0
"Hungatella"	0	0	0	0	0	0.318842	0	0.062731	0.129103	0	0	0.126279	0.83886	0	0.045325	0	0.221669	0	0.044552	0	0.044634	0	0.057252	0	0	0	0	0.185875	0	0.035796	0.057395	0.163414	0	0.062215	0.105008	0.051271	0.074633	0.140812	0	0.038922	0	0.074878	4.07342	0.562589	0	0.335739	0	0.035972	0	0.03444	0	0.076947	0	0	0.030811	0.15344	0.203643	0	0	0	0.052361	0.222329	0.200092	0.074084	0.031016	0	0	0.055467	0.048671	0	1.051953	0	0	0	0.027034	0.045039	0	0	0.054883	0	0.23928	0.05702	0.056272	0	0	1.028812	0.12148	0.093782	0	0.035952	0.050165	0.067215	0.086588	0	0	0.057055	0.25645
"Hungatella_A"	0	0	0	0	0	0	0	0	0	0	0.042206	0	0	0	0	0	0	0	0	0	0	0	0	0	0	0	0	0	0	0	0	0	0	0	0	0	0	0	0	0	0	0	0	0.036296	0	0	0	0	0	0	0	0	0	0	0	0	0	0	0	0	0	0	0	0	0	0	0	0	0	0	0	0	0	0	0	0	0	0	0	0	0	0	0	0	0	0.027362	0	0	0.038402	0	0	0	0	0	0	0	0
"KLE1615"	0	0.033112	0.338314	0.406335	0.412421	0.348074	0.282432	0.456827	0.553156	0.662449	0	0	0.329935	0	0.539876	0.32	0.297291	0.731796	0	0.454316	0.401708	0.557429	0.360308	0.533237	0.468422	0	0.496343	0	0.442822	0	0.559025	0.592755	0.576196	0	0.534136	0	0	0.451156	0.375328	0.444706	0.524154	0.463007	0	0.447652	0	1.101405	0.544732	0.611522	0.13946	0.130871	0	0	0.449693	0.071776	0.372532	0.444169	0.497267	0	0.649537	0.706652	0.48379	0.647738	0.630034	0	0.353433	0.164279	0.294993	0.465402	0	0.570245	0	0	0.31426	0.407753	0.223028	0.146615	0.423348	0.684647	0.616016	0.599837	0.531945	0.592308	0	0.486404	0.562763	0	0	0	0.519229	0.542697	0.349976	0.595331	0.282351	0	0.519621	0.483612	0.086562
"Lachnoclostridium_A"	0	0	0	0	0	0.053027	0	0	0	0	0	0	0	0	0.04734	0	0	0	0.039983	0.05059	0	0	0	0	0	0	0	0.139407	0	0	0	0	0	0	0	0.034181	0	0	0	0	0	0	0	0.368146	0	0.025826	0	0	0	0	0	0	0	0	0	0	0	0.030922	0	0	0	0	0	0	0	0	0	0	0	0	0.043368	0	0	0	0.036326	0	0	0	0	0	0.190661	0	0	0	0	0	0.03398	0.036811	0	0	0	0.038408	0.038902	0	0	0	0.487012
"Lachnospira"	1.188077	3.368444	2.52758	2.292365	4.872877	0.777049	2.029979	5.262731	3.372561	1.519576	2.399555	2.011614	1.441816	1.040982	0.944784	2.187253	2.183212	3.228341	0	1.50182	1.819701	5.855085	2.066428	3.22985	4.461767	0.792131	0.089504	1.106354	3.158799	0.04206	2.061619	1.106341	2.679932	1.556122	0.952515	0.066225	0.047494	4.211404	1.147097	3.563443	3.921447	2.519063	0	3.484423	1.820072	2.894037	4.809134	0	0.278919	1.728012	1.202297	4.204657	1.583567	1.444501	1.935484	2.842683	1.855518	2.5588	2.713111	2.633961	4.074604	3.572666	2.589913	0.927354	2.755337	0.067644	1.189247	2.419746	2.219574	1.522133	0.032248	3.160316	2.181835	1.939012	0.800027	2.805807	2.556343	2.545816	3.223914	3.070496	1.817956	4.440566	0.757321	1.7931	1.560544	1.726544	3.283354	0.967615	2.045715	5.064028	3.547569	2.132869	2.290182	0.056735	1.746766	1.04511	2.49735
"Lactonifactor"	0	0	0	0	0	0.36711	0	0	0	0	0.062794	0	0	0	0	0	0	0	0	0	0.053218	0	0.07939	0	0	0	0.037972	0	0	0	0	0	0.045598	0	0	0	0	0	0	0	0	0	0	0.04321	0	0	0	0.035025	0	0	0	0	0	0	0	0	0	0	0	0	0	0	0	0.236196	0.118292	0	0	0	0	0	0.256872	0	0	0.050969	0	0	0	0	0	0	0	0	0	0	0	0	0.03483	0.346203	0	0	0	0	0	0	0	0	0
"Marvinbryantia"	0	0	0	0	0	0	0	0	0	0	0	0	0	0	0	0	0	0	0	0	0	0	0	0	0	0	0	0	0	0	0	0	0	0	0	0	0	0	0	0	0	0	0	0	0	0	0	0	0	0	0	0	0	0	0	0	0	0	0	0	0	0	0	0	0	0	0	0	0	0	0	0	0	0	0	0	0	0	0	0	0	0	0	0	0	0	0	0	0	0	0	0.034808	0	0	0	0	0
"Mediterraneibacter"	0.594038	1.537457	2.518101	1.242871	1.091782	2.080968	0.082376	0.853137	1.354586	1.527688	1.025293	1.330352	1.028572	0.580857	2.876654	1.481319	1.661366	2.404888	1.971715	1.715091	1.92442	0.916311	0.894663	0.583228	2.198329	3.269743	1.304595	1.317936	2.436864	1.109669	1.879104	1.642256	1.329603	2.383879	1.916605	2.616962	3.757429	0.141739	2.291067	1.141163	0.974538	0.807859	1.183162	2.436158	2.707145	0.078997	1.014532	1.58371	0.965489	1.772784	1.725079	0.576572	1.434698	0.093566	1.329536	1.264312	1.331729	1.445606	1.942864	2.585799	2.275141	2.229066	0.254476	1.520024	1.942441	0.173942	0.376626	1.553075	2.295938	2.106431	0.075616	3.242744	2.741256	1.357235	1.478403	0.526089	1.335057	1.129841	0.871507	1.240782	0.10391	0.125676	2.456409	0.893115	0.320222	1.476637	1.383001	0.137605	1.315274	2.756283	1.722734	3.388345	0.17192	0.229123	1.072487	1.535062	2.354968
"Mediterraneibacter_A"	0	0	0	0	0	0	0	0	0	0	0	0	0	0	0	0.088791	0	0	0	0	0	0	0	0	0	0	0	0	0	0	0	0.04263	0.075652	0	0	0	0	0	0.086795	0.041406	0.10716	0.100295	0	0	0	0	0	0	0	0	0	0	0.424239	0	0	0	0	0	0	0	0.033924	0	0.529475	0	0.049048	0	0	0	0	0	0	0	0	0	0	0	0.108352	0	0	0	0.038132	0	0	0.047404	0	0	0.053519	0	0	0	0	0	0.041412	0	0	0	0
"Muricomes"	0	0	0	0	0	0.063904	0	0	0.29495	0.187468	0.075147	0.185799	0.816589	0	0.048347	0.054505	0.319227	0	0.084535	0.036702	0.049784	0	0.523668	0	0	0	0	0.893784	0	0.177189	0	0.619145	0	0	0	0	0.078704	1.566539	0.540317	0.713848	0	0.037096	1.219748	0.438145	0	0.145841	0	0.08141	0	0	0.126398	0.035838	0	0	0	0.040379	1.195336	0	0	0	0.036137	1.149182	0.904007	0.195232	0.047605	0	0	0	0	0	1.378881	0	0	0.070629	0	0	0.073525	0	0.092734	0.032718	0.108677	0	0	0.042595	0	4.170885	0.382279	1.259477	0.044002	0	0	0.204045	0	0	0	0.045282	0
"Robinsoniella"	0	0	0	0	0	0	0	0	0	0	0	0	0	0	0	0	0	0	0	0	0	0	0	0	0	0	0	0	0	0	0	0	0	0	0	0	0	0	0	0	0	0	0	0	0	0	0	0	0	0	0	0	0	0	0	0	0	0	0	0	0	0	0	0	0	0	0	0	0	0	0	0	0	0	0	0	0	0	0	0	0	0	0	0	0	0	0	0.030676	0	0	0	0	0	0	0	0	0
"Roseburia"	2.591341	1.497185	2.223038	1.980271	3.266427	1.856623	2.51688	1.360148	2.014996	4.004435	4.211318	1.156618	2.468739	0.067074	2.246127	0.98022	1.801063	0.15858	0.034271	1.722034	1.747599	4.686228	0.971	2.146713	3.688599	1.118886	3.676012	0.059322	2.944097	3.157188	2.963864	1.75492	4.208508	3.716939	3.180837	2.458876	0.069205	0.678123	1.825816	2.641734	0.580064	3.842825	0.055223	2.371343	2.038819	3.729586	3.435937	0.07289	2.318247	4.342847	0.082917	1.602176	1.939156	0.064086	2.763643	1.636696	1.943605	4.052722	3.443122	4.736479	3.354819	2.142445	3.109127	1.691724	3.669215	4.277293	1.135443	4.153089	3.642787	3.135239	0.11676	1.587576	3.699181	2.579767	2.106935	6.704998	2.957247	2.621888	3.875888	1.674511	2.097275	1.870018	1.813194	1.005785	4.461535	4.894155	2.212122	0.042947	0.812846	4.554715	3.287299	0.074416	0.306194	5.119253	1.654983	2.975031	3.622655
"Ruminococcus_A"	0.469775	0.636281	0.446741	0	0.798765	0	0	0.61476	0.776603	0	0	0	0.544393	1.008787	0.027195	0.688352	0.384458	0.039281	0.029701	0.030751	0.837749	0.627212	0.031298	0.576707	0.037076	0	0.643709	0	0.450203	0	0.277791	0	0.792787	0.036418	0	0.779748	0.029853	0	0	0	0.602583	0.443086	0	0	0.037465	0	0.673548	0.684413	1.319502	0.660381	0	0.039	0.920984	0.033325	0	1.103693	0.03694	0	1.014543	0	0.581138	0.045236	0.732646	0.037478	0.031016	0	0.118739	1.453408	0	0.412707	0	0.470668	1.298689	0.538817	0	1.137463	0.82967	0	0	0	0.029553	0.792459	0	0.296102	0.157953	0	0	1.155178	0	1.044306	0.380666	0.061213	0.085333	1.538394	0.419889	0.991677	0.126202
"Ruminococcus_B"	0.083347	0.282792	0.047992	0.045284	0	0.824637	0.07355	0.059041	0.130096	0.933737	2.209114	1.954507	2.194893	0.481588	2.634919	0.08	0.058304	3.55423	2.459503	1.478013	0.040056	0.042368	1.645051	0.04347	0.092238	0.06161	0.094025	1.449433	0.138214	0.335585	2.706736	2.237041	0.063216	1.15628	0.645759	2.333903	3.339485	2.404002	1.42312	1.917949	0.043485	1.377344	0.037276	1.935791	3.562796	3.881504	0.115345	2.000227	0.061148	1.77795	2.424819	2.157667	0.863133	2.860805	0.044816	1.849359	1.956866	2.398392	0.89958	0.055635	0.35768	2.639076	1.893181	1.94971	0.085113	0.053149	0	0.066734	0.422097	0.048075	1.847033	0.3462	0.079512	1.730038	2.011472	0.052705	1.530865	1.413382	1.880222	0.302855	2.029591	0.41543	0.033607	0.053587	0.038841	0.940342	1.958119	2.203427	0.287216	0.060775	0.050755	2.997059	0.149332	4.894495	0	1.799509	1.308945
"Ruminococcus_G"	0	0	0	0	0	0	0	0	0	0	0	0	0	0	0	0	0	0	0	0	0	0	0	0	0	0	0	0	0	0	0	0	0	0	0	0	0	0	0	0	0	0	0.057985	0	0	0	0	0	0	0	0	0	0	0	0	0	0	0	0	0	0	0	0	0	0	0	0	0	0	0	0	0	0	0	0	0	0	0	0	0	0	0	0	0	0	0	0	0	0	0	0	0	0	0	0	0	0
"Schaedlerella"	0.043947	0.034007	0.039697	0	0	0.086339	0	0.062731	0.082427	0.042361	0.083382	1.022296	0.490778	0.084513	0.311235	0.038681	0	0.032007	0.030844	0.062493	0	0	0	0	0.385228	0.031905	0	0	0.069107	0.034901	0.060838	0.62625	0.148194	0	0	0.158086	2.465601	0	0	0.213658	0.05358	0	0.298207	0.063086	0.031422	0	0.038729	0.037865	0	0.048216	0.446943	0.046379	0.040881	1.243271	0.085897	0.154338	0.550309	0.245444	0.028741	0.052314	0.128322	0.026949	0.160074	0.050551	0.066359	0	0	0.319802	0.036084	0	0	0.091496	0.651238	0.101938	0.12841	0	0	0	0.039743	0.355708	0.223074	1.597719	0.139897	0	0	0.187886	0.046723	0	0.049603	0	0	0.033607	0.209567	0.032732	0.059984	0.151242	0.042067
"Sellimonas"	0	0	0	0	0	0	0	0	1.333731	1.865672	1.654262	1.708384	0	0	2.403255	0	0.040986	2.100822	0.030844	0.608069	0	0	0	0	0	0	0	0	0	0.352588	0.169888	0	0	1.853538	0.032247	0.037385	2.150786	1.625828	0	0.4563	0	0	0.292684	1.944432	0	2.070642	0	0.034079	0	0	0	0.776844	0.041653	0	0	0	0.863824	0.034787	0.037363	0	0.46904	0	1.682828	2.158016	0.456578	0.725968	0	0	0.04951	0	0	0.225855	0	0	0	0	0.059594	0	0	0	0.029553	0	0	0	0	1.074416	1.549505	2.044787	0	0	0	0.034808	0	2.607633	0	1.036959	0
"TF01-11"	0	0	2.05003	1.767924	1.745754	0.046229	0	2.790406	0	0	0	0	0	0	0.027195	0	0.042718	0	0	0	0	0.218486	0	1.851114	2.684837	0	0	0	2.545557	0	0	0	2.601171	0	0	0	0	0	0.656825	0.574722	3.328182	0.542694	0	0.829625	0	0	1.952448	1.968042	0	1.703044	0	0	0.553053	0	0.908454	0	1.285318	0	2.848192	0	0.122422	0	0	0	1.071119	0	2.39148	0	0.290349	0.276617	0	0.042863	1.375361	1.856733	0.032102	4.182837	3.180918	1.382261	0	0	0	0	0.43376	0.239767	1.66671	0	0	0	1.545687	1.664898	1.131374	0	1.809557	0.032732	0.869408	0.597723	0
"UBA11774"	0	0	0	0.384917	0.52153	0.102655	0	0.316605	0	0	0	0	0	0	0	0.388571	0.448534	0	0	0.185496	0	0	0	0.45499	0	0	0	0	0	0	0	0	0	0	0	0	0	0	0.094614	0.603707	0	0.466442	0.32996	0	0	0	0	0	0	0	0	0	0	0	0	0	0	0	0	0	0	0	0	0	0	0	0.39085	0.037267	0	0	0	0	0	0	0.052378	0	0	0.155602	0	0.132551	0	0	0	0.53106	0.549816	0	0	0	0	0	0.063739	0	0.094117	0	0.515285	0.179317	0
"UBA11957"	0	0	0	0	0	0	0	0	0	0	0	0	0	0	0	0	0	0	0	0	0	0	0	0	0	0	0	0	0	0	0	0	0	0	0	0	0	0	0	0	0	0	0	0	0	0	0	0	0	0	0	0	0	0	0	0	0	0	0	0	0	0	0	0	0	0	0	0	0	0	0	0	0	0	0	0	0	0	0	0	0	0	0	0	0	0	0	0	0	0	0	0	0	0	0.060707	0	0
"UBA9414"	0	0	0	0	0	0	0.972331	0	0	0	0	0	1.11518	0	0	0	0	0	0	0	0	0	0	0	0	0	0	0	0	0	0	0	0	0	0	0	0	0.574367	0.082103	0.222767	0	0	0	0	0	0	0	0	0	0	0	0	0	0	0	0	0	0	0	0	0	0	0	0	0	0	0	0	0	0	0	0	0	0	0	0	0	0	0	0	0	0	0	0	0	0	0	0.035059	0	0	0	0	0.038902	0	0	0	0
"UBA9502"	1.063814	2.357195	0.542132	0.105867	0.066564	1.479996	3.983466	1.190406	0.0576	0.603865	0.107059	0	1.736283	0.932323	0.027195	0.141538	0	1.873863	0	0	0.059512	0.409557	0.044275	0.423112	0.129313	0.05941	0.537931	0.032627	0.164381	0.039375	0.06543	0.210103	1.021815	0.157054	0.055398	0.064089	0	0.282551	1.106437	1.61651	0.150646	0.118156	0	0.036296	2.471478	0	0.060619	2.997974	0.448416	0.233329	2.668514	2.141856	2.004721	0.688285	1.048504	2.979972	2.254279	0.048316	0.428235	0.455047	0.724948	0	0.584885	0.03312	1.480814	0.057981	0	1.876343	0.725872	0.460042	0	0.940511	1.935728	0.305087	1.486006	1.340616	0	1.786826	1.744907	0.139263	0.053385	4.53715	0	0.050152	1.164366	0	1.047445	2.109645	0.105606	0.061631	0.166431	0.042009	0.773015	0.032732	0.641035	0.038943	0.228135
"UMGS1375"	1.562382	1.325363	0.917181	0.605219	0.438497	0.042829	1.906415	1.059041	0.029793	0	0	0	0.033818	0	0.041297	1.287033	1.119892	0.030552	0	0.041662	0	1.202918	0	1.070096	1.072488	0	1.286514	0	0.645447	0.052799	1.675926	1.438243	0.7047	0	0.362154	0	0	0.944926	1.168992	0	1.150809	1.026997	0	0	0.047133	0	1.331099	0.034079	1.445015	0.865298	0.039436	0.027406	0	1.33171	0	0.033201	0.040729	0.050248	1.232971	0	1.055341	1.444658	1.380124	0	0.033179	1.129418	0.541129	0.971539	0	0.934137	0	0	1.449193	0.991714	0.030413	0.04983	0	1.201591	0.03028	1.138432	0	1.653575	0.789365	0	1.32232	0.030098	0	0	1.488083	0.032528	0.936615	0.028806	0.913563	0.048007	0.58611	0.037131	1.194878
"Monoglobus"	0	0	0	0	0	0	0	0	0	0	0	0	0	0	0	0	0.037522	0	0	0	0	0	0	0	0	0	0	0	0	0	0	0	0	0	0	0	0	0	0	0	0	0	0	0	0	0	0	0	0	0	0	0	0	0	0	0	0.282258	0	0	0	0.532464	0	0	0	0	0	0	0	0.241678	0	0.818433	0	0	0	0	0	0	0	0	0	0.042899	0	0	0	0	0.632975	0	0	0	0	0	0	0	0	0	0	0
"CAG-41"	0	0.050115	0.507768	0.355543	0.607994	0.553384	0.201527	0.928413	0.785541	0.706612	0.702058	0	0.654921	0	0.158135	0.717363	0.462966	1.249727	0	0.604101	0.528743	0.538322	0.384736	0.68321	0.161868	0.41917	0.52889	0.686157	0.550173	0.46982	0.691033	0	0	0.618352	0.50437	0	0	0.667933	0.940667	0.454643	0.793608	0.682833	0	0.519379	0.685246	0.812761	0.459697	0.597323	0.870013	0.786086	0.514692	0.771574	1.106106	0	0.630223	0.757331	0.647868	0.925729	0.655285	0.068091	0.116523	0.581328	1.125648	0.604872	0.481823	0	0.37477	0.817271	0.68811	0.700418	0	0.696522	0.75252	0.449985	0.410574	0	0.619157	0.591286	0.510981	0.546984	0.7207	0	0.793272	0.37923	0.57571	0	0.386527	0.454884	0.581633	0.907348	0.308074	0.654144	1.111836	0	0.054203	0.705495	0.326023
"UBA9506"	0	0	0	0	0	0	0	0	0	0	0	0	0	0	0	0	0.389653	0	0	0	0	0	0	0	0	0	0	0	0	0	0	0	0	0	0	0	0	0	0	0	0	0	0	0	0	0	0	0	0	0	0	0	0	0	0	0	0	0	0	0	0	0	0	0	0	0	0	0	0	0	0	0	0	0	0	0	0	0	0	0	0	0	0	0	0	0	0	0	0	0	0.0661	0	0	0	0	0	0
"Acutalibacter"	0	0	0	0.046508	0.072054	0	0	0	0	0.173048	2.014556	0	0.042067	0	0	0.151209	1.147601	0	0.209052	0	1.577646	0	1.71299	0	0	0	0	0	0	0	0	0	0	0	0.085164	0	0	0	0.11729	0	0	0	0.098022	1.024068	0	0	0	0.480888	0	0	0	0	0.132671	0	0	0	0.132605	0	0	1.515441	0	0	0.061567	0.222251	0.400317	0	0	0	0	0	0.165688	0	0	0.229361	0	0	0.615287	0.050138	0	0	0	0	0.101601	0	0	0	0.048422	0.070117	0.035202	0	0.191808	0.069615	0.035137	0	0.050589	0.041659	0.050157
"An172"	0	0	0	0	0	0	0	0	0	0	0	0	0	0	0	0	0.038677	0	0	0	0	0	0	0	0	0	0	0	0	0	0	0	0	0	0	0	0	0	0	0	0	0	0	0	0	0	0	0	0	0	0	0	0	0	0	0	0	0	0	0	0	0	0	0	0	0	0	0	0	0	0	0	0	0	0	0	0	0	0	0	0	0	0	0	0	0	0	0	0	0	0	0	0	0	0	0	0
"An200"	0	0	0	0	0	0.095856	0	0	0.51939	0	0.039118	0	0	0	0	0	0.126998	0	0	0	0.116736	0	0	0	0	0	0	0	0	0	0	0	0	0	0	0	0	0	0	0	0	0	0.060055	0.157283	0	0	0	0	0	0	0	0	0	0	0	0	0	0	0	0	0	0	0	0.065368	0	0	0	0	0	0	0	0	0	0	0	0	0.05495	0	0	0.03943	0	0	0.044548	0	0	0	0	0	0	0	0.038952	0.051611	0	0	0	0	0
"Anaeromassilibacillus"	0	0	0	0	0.118031	0.455488	0	0	0.09931	0.270387	0.085441	0	0.051965	0	0	0.116044	0.810479	0	0	0.030751	0.639756	0	0.477866	0	0	0	0	0	0.045624	0	0	0	0	0	0.109142	0	0	0	0	0	0.046591	0	0.055223	0.544441	0	0	0	0.035025	0	0	0	0	0.256086	0	0.107371	0	0.088087	0	0	0.058957	0.327443	0	0	0.333813	0.129111	0	0	0	0.043636	0	0.03892	0.05193	0	0	0	0	0.531701	0	0	0.035235	0.064825	0	0.042204	0	0	0	0.032281	1.205136	0.044002	0	0.095609	0.037208	0	0	0	0	0.118921
"CAG-177"	0	0.05101	0.447333	0.83776	0	0	0	0.498155	0	0	0	0	0	0	0	0	1.181659	0	0	0	0.416013	0.597305	0	1.322949	0	0	0	0.732626	0	0	0	0	0.74408	0.416534	0	0	0	0	0	0	0.572298	0.448581	0.451452	0	0	0	0	0	0	0.561367	0	0	0	0	0	0	0	0	0.712767	0.630257	0	0	0	0	1.250721	2.745633	0.947439	0	0	0.576902	0	0	0	0	0	0.700494	0.519318	0.14177	0	0.56628	0	0	0	0.521442	0.605056	0	0	0	0	0	0.679296	0	0	0	1.772783	0	0
"CAG-180"	0	0	0	0	0.60525	0	0	0	0	0.771505	0	0	0	0	0	1.096264	0.513765	0	1.448514	0	0.35364	0	0	0	0	0	0	0	0.589759	0	0	0	0.923364	0.704086	0	0	0	0	0	0	0	0	0	1.164931	0	0	0.458855	0	0	0	0	0	0	0	0.801083	0	1.205755	0	0	1.057902	0.669636	0	0	0	0	1.669364	0	0	0	0.653082	0	0	0	0	1.056002	0.854775	0	0.061376	0	0	0.866556	0	1.06447	0.335949	0	0	0	0	0	0	0	0	1.54352	0	0	0.772512	0
"CAG-217"	0.906212	0.530682	0.385714	0.353707	0	0	0	0	0	0	0	0	0	0.723053	0	0	0.466429	0.344802	0	0	0.370235	0.552445	0.537409	0	0	0	0	0	0.36298	0	0	0.54302	0	0.418051	0.453106	0	0	0	0	0	0	0	0	0	0	0	0	0	0	0.478712	0	0	0	0	0	0	0	0	0	0	0	0	0	0	0	0.850385	0	0.540803	0	0	0	0	0.525344	0.394647	0	0.512673	0	0.502248	0	0	0.655875	0	0	0.403963	0	0	0.445143	0.496078	0	0.526433	0.318697	0	0.700231	0	0	0	0.455461
"CAG-488"	0	0	0	0	0	0	0	0	0	0	0	0	0	0	0	0	0	0	0	0	0	0	0	0	0	0	0	0	0	0	0	0	0	0	0	0	0	0	0	0	0	0	0	0	0	0	0	0	0	0	0	0	0	0	0	0	0	0	0	0	0	0	0	0	0	0	0	0	0	0	0	0	0	0	0	0	0	0	0	0	0	0	0	0.704187	0	0	0	0	0	0	0	0	0	0	0.083111	0	0
"Clostridium_A"	0.490991	0.769623	0.913034	0.999315	0.065191	1.01431	0	0	1.086449	1.37537	0.865734	1.525803	1.134152	0	0.343466	1.414505	1.121624	0	1.424524	0	1.054625	0	1.170238	0	0	0.290448	0.070519	0	0.055017	0	0	0	0.220737	1.163867	1.652018	0	0	0.672565	1.271425	0.135813	0.732262	1.138284	0.269905	2.224431	0	0	0.886558	0.240444	1.006254	0.354729	0.343802	0	0.394156	0	1.746884	0	0.689544	1.421448	1.445652	0.244962	1.214638	0	1.531989	0.943043	1.073283	0.078516	0	0	0.054545	0	0	0	0.181741	0.816234	0	1.069426	1.224382	0.155602	0	1.55706	1.349883	0	1.168416	0.041221	0.467818	0	1.044897	1.443534	1.25607	0	0.410175	1.900018	0.084078	0	0	0.836812	0.410967
"Eubacterium_R"	0	0	0	0	0.722594	0.303205	0	0.684871	0.933512	0	0	0	0	0	0	0	0.530506	0	0	0	0.534466	0	0	0	0.165485	1.044073	0	0	0.64075	0	0	0	0	0.772371	0	0	0	0	0	0	0.732262	0.591468	0.761393	0	0	0	0	0	0	0	1.326673	0	0.678782	0	0	1.067801	0	0	0.767374	0	0	0	0	0	0	0	0.104515	0	0.72839	1.14197	0	0	0	0	0	0	0.759241	0	0.797699	0.694637	0	0	0.702613	0	0	0	0	0	0.672838	0.041943	0.534112	0	0	1.590765	0.610682	0	0
"GCA-900066995"	0	0	0	0	0	0	0	0	0	0	0	0	0	0	0	0	0	0	0	0	0	1.061691	0	0	0	0	0	0	0	0	0	0	0	0	0	0	0	0	0	0	0	0	0	0	0	0	0	0	0	0	0	0	0	0	0	0	0	0	0.031615	0	0	0	0	0	0	0	0.042672	0	0.033566	0	0	0	0	0	0	0	0	0	0	0.031879	0	0	0	0	0.872627	0	0	0	0	0.326132	0.787299	0	0	0	0.373636	0	0
"Marseille-P4683"	0	0	0	0	0	0	0	0	0	0	0	0	0	0	0	0.035165	0	0	0	0	0.2844	0	0	0	0	0	0	0	0	0	0	0	0	0	0	0	0	0	0	0	0	0	0	0	0	0	0	0	0	0	0	0	0	0	0	0	0	0	0	0	0	0	0	0	0	0	0	0	0	0	0	0	0	0	0	0	0	0	0	0	0	0	0	0	0	0	0	0	0	0	0.050755	0	0	0	0	0.034414	0
"Ruminococcus_E"	1.471457	0.879697	0.571164	0.697011	0.64162	0.966722	0	0.624354	1.281096	0.841805	0.970734	0.551766	0	0	1.021333	0	0.527042	1.283189	0	0	0.683818	0.076428	0.903824	0.662199	0.732475	0	0.932112	0	0.98226	0	1.186923	0.918567	0	0.749609	0.804511	0.953856	0.584851	0	0.864037	0.671613	0.791278	0.486364	0	0.601478	0	0	0.9135	0	0	0.597529	0.029324	1.184767	0.849249	0	0.851501	0	0.987905	1.060047	1.003047	0.597042	0.84737	0.768046	1.098969	0	1.061021	0.054357	0.768094	0	0.750208	1.069487	0	0.483032	0	0.816234	0.587982	0	0.799486	0.866183	0	0	1.360369	0	0.736219	0.130532	0.558447	0	0.980334	0.919409	0.647236	0.981819	0.177644	0.805377	0.064	0.045825	0.600564	0.594101	1.111552
"Ruminococcus_H"	0	0	0.350757	0.189705	0.269	0.360991	0	0.118819	0	0	0	0	0	0.434637	0	0.314725	0	0.915109	0	0	0.173959	0.598136	0	0.481072	0	0	0.565053	0.434039	0.170419	0.541411	0	0	0.398984	0.18285	0	0	0	0	0	0.557331	0.263242	0.219139	0	0.462343	0	0	0	0.25275	0	0.382281	0	0	0.047052	0	0.211008	0	0.035046	0	0	0	0	0	0	0	0.177438	0.840722	0.357454	0.347535	0.325594	0.403092	0	0	0	0.175479	0	0	0.041793	0	0	0.304533	0	0	0	0.458924	0	0	0.101092	0.187563	0	0	0.268532	0	0.291135	0	0.34256	0	0.27991
"UBA737"	0	0	0.370901	0	0	0	0	0	0	0	0	0	0	0	0	0	0	0	0	0	0.298706	0	0	0	0	0	0	0	0	0	0	0	0	0	0	0	0	0	0	0	0	0	0	0	0	0	0	0	0	0.072323	0	0	0	0	0	0	0	0	0	0	0	0	0	0	0.411137	0	0.113792	0	0	0	0	0	0	0	0	0	0	0	0	0	0	0	0	0.483656	0	0	0	0	0	0	0.637394	0	0	0	0.236323	0	0
"Agathobaculum"	1.04866	1.340576	0.671889	0.807774	1.324412	0.89262	2.003501	1.526199	2.347684	1.890007	1.320733	0.233254	1.695866	2.678919	1.745533	1.703736	0.941517	2.157562	0.359844	1.55241	0.643762	1.639058	0.774815	0.977359	1.228026	2.056241	1.283802	1.276411	1.271437	1.371873	2.237247	2.043178	1.269496	1.305747	1.169973	1.507157	0.035281	1.292325	1.033717	1.22232	1.25564	1.329944	0.781412	1.004191	1.603742	0.060767	1.736912	1.227778	1.521182	0.839468	1.946529	2.071234	1.191725	0.534478	1.426637	2.232511	1.501274	1.999304	1.34506	1.137619	1.283224	1.805582	1.46837	1.383187	1.471437	1.141497	0.118121	1.798343	2.123071	1.255131	0.599368	1.562848	2.193194	0.910163	1.192015	1.110632	1.415547	1.664938	2.339159	1.23491	0.948541	2.081806	1.133246	1.366466	1.852283	1.35442	0.785796	1.348876	1.216068	1.219784	0.898843	1.781192	1.972694	1.372553	0.42567	1.748793	1.477215
"Butyricicoccus"	0	0	0	0.043448	0	0	0	0	0	0	0	0.027347	0	0	0	0	0.051376	0	0.462656	0	0	0	0	0	0	0	0	0	0	0	0	0	0	0	0	0	1.485874	0.044467	0	0	0	0	0	0.09679	0	0.078997	0	0	0	0	0	0	0	0	0	1.250852	0.034098	0	0	0	0	0	0	0.04445	0	0	0	0	0	0	0.046704	0.054403	0	0	0	0	0	0.036307	0	0	0	0	0	0	0	0.296422	0.036529	0	0.077604	0	0.038362	0.04561	0	0	0	0.09147	0.060674
"Intestinibacillus"	0	0	0	0	0	0	0	0	0	0	0	0	0	0	0	0	0	0	0.066257	0	0	0	0	0	0	0	0	0.67627	0	0	0	0	0	0	0	0	0	0	0	0	0	0	0	0	0	0	0	0	0	0	0	0	0	0	0	0	0	0	0	0	0	0	0	0	0	0	0	0	0	0	0	0	0	0	0	0	0	0	0	0	0	0	0	0	0	0	0	0	0	0	0	0	0	0	0	0	0
"CAG-272"	0	0	0	0	0	0	0	0	0	0	0	0	0	0	0	0	0	0	0	0	0	0	0	0	0	0	0	0	0	0	0	0	0	0	0	0	0	0	0	0	0	0	0	0	0	0	0	0	0	0	0	0	0	0	0	0	0	0	0	0	0	0	0	0	0	0	0	0	0	0	0	0	0	0	0	0	0	0	0	0	0	0	0	0	0	0	0	0	0	0	0	0	0	0	0.078052	0	0
"CAG-390"	0	0	0	0	0	0	0	0	0	0	0	0	0	0	0	0	0	0	0	0	0	0	0	0.076073	0	0	0	0	0	0	0	0	0	0	0	0	0	0	0	0	0	0	0	0	0	0	0	0	0	0	0	0	0	0	0	0	0	0	0	0	0	0	0	0	0	0	1.162036	0	0	0	0	0	0	0	0	0	0	0	0	0	0	0	0	0.052213	0	0	0	0	0	0	0	0	0	0	1.011057	0	0
"CAG-448"	0	0	0.171823	0.488336	0	0	0	0	0	0	0	0	0	0	0	0	0	0	0	0	0	0	0	0	0	0	0	0	0	0	0	0	0	0	0	0	0	0	0	0	0	0	0	0	0	0	0	0	0	0	0	0	0	0	0	0	0	0	0	0	0	0	0	0	0	0	0.064317	0	0	0	0	0	0	0	0	0	0	0	0	0	0	0	0	0	0	0	0	0	0	0	0	0	0	0	0.539857	0	0
"CAG-724"	0	0	0	0	0	0	0	0	0	0	0	0	0	0	0	0	0	0	0	0	0	0	0	0	0	0	0	0	0	0	0	0	0	0	0	0	0	0	0	0	0	0	0	0	0	0	0	0	0	0	0	0	0	0	0	0	0	0	0	0	0	0	0	0	0	0	1.078547	0	0	0	0	0	0	0	0	0	0	0	0	0	0	0	0	0	0	0	0	0	0	0	0	0	0	0	0.050589	0	0
"CAG-841"	0	0	0	0	0	0	0	0	0	0	0	0	0	0	0	0	0	0	0	0	0	0	0	0.042021	0	0	0	0	0	0	0	0	0	0	0	0	0	0	0	0	0	0	0	0	0	0	0	0	0	0	0	0	0	0	0	0	0	0	0	0	0	0	0	0	0	0	0	0	0	0	0	0	0	0	0	0	0	0	0	0	0	0	0	0	0	0	0	0	0	0	0	0	0	0	0.086001	0	0
"QALR01"	0	0	0	0.547083	0	0	0	0	0	0	0	0	0	0	0	0	0.819137	0	0	0	0.876661	0	0	0	0	0	0	0	0	0	0	0	0	0	0	0	0	0	0	0	0	0	0	0	0	0	0	0	0	0	0	0	0	0	0	0	0	0	0	0	0	0	0	0	0	0	0	0	0	0	0	0	0	0	0	0	0	0	0	0	0	0	0	0	0	0	0	0	0	0	0	0	0	0	0	0	0
"UBA11512"	0	0	0	0.433261	0	0	0	0	0	0	0	0	0	0	0	0	0	0	0	0	0	0	0	0.485419	0	0	0	0	0	0	0	0	0	0	0	0	0	0	0	0	0	0	0	0	0	0	0	0	0	0	0	0	0	0	0	0	0	0	0	0	0	0	0	0	0	0	0.925794	0	0	0	0	0	0	0	0	0	0	0	0	0	0	0	0	0	0	0	0	0	0	0	0	0	0	0	1.032016	0	0
"UMGS1865"	0	0	0	0.056299	0	0	0	0	0	0	0	0	0	0	0	0	0	0	0	0	0	0	0	0.945481	0	0	0	0	0	0	0	0	0	0	0	0	0	0	0	0	0	0	0	0	0	0	0	0	0	0	0	0	0	0	0	0	0	0	0	0	0	0	0	0	0	0	0.991967	0	0	0	0	0	0	0	0	0.332519	0	0	0	0	0	0	0	0	0	0	0	0	0	0	0	0	0	0	0.070102	0	0
"UMGS902"	0	0	0	0	0	0	0	0	0	0	0	0	0	0	0	0	0	0	0	0	0	0	0	0.0739	0	0	0	0	0	0	0	0	0	0	0	0	0	0	0	0	0	0	0	0	0	0	0	0	0	0	0	0	0	0	0	0	0	0	0	0	0	0	0	0	0	0	0.294374	0	0	0	0	0	0	0	0	0	0	0	0	0	0	0	0	0	0	0	0	0	0	0	0	0	0	0	1.613789	0	0
"UMGS911"	0	0	0	0.115047	0	0	0	0	0	0	0	0	0	0	0	0	0.199156	0	0	0	0.244916	0	0	1.660569	0	0	0.136517	0	0	0	0	0	0	0	0	0	0	0	0	0	0	0	0	0	0	0	0	0	0	0	0	0	0	0	0	0	0	0	0	0	0	0	0	0	0	0	0.841687	0	0	0	0	0	0	0	0	0	0.178781	0	0	0	0	0	0	0.052213	1.78237	0	0	0	0	0	0	0	0	0	0.054203	0	0
"UBA1206"	0	0	0	0	0	0	0	0	0	0	0	0	0	0	0	0	0	0	0	0	0	0	0	0	0	0	0	0	0	0	0	0	0	0	0	0	0	0	0	0	0	0	0	0	0	0	0	0	0	0	0	0	0	0	0	0	0	0	0	0	0	0	0	0	0	0	0	0	0	0	0	0	0	0	0	0	0	0	0	0	0	0	0	0	0	0	0	0	0	0	0	0	0	0	0.56732	0	0
"UCG-010"	0	0	0	0.056911	0	0	0	0	0	0	0	0	0	0	0	0	0	0	0	0	0.045206	0	0	0.044195	0	0	0	0	0	0	0	0	0	0	0	0	0	0	0	0	0	0	0	0	0	0	0	0	0	0	0	0	0	0	0	0	0	0	0	0	0	0	0	0	0	0	0.829319	0	0	0	0	0	0	0	0	0	0.37846	0	0	0	0	0	0	0	0	0	0	0	0	0	0.072592	0	0	0	0	0	0
"UMGS882"	0	0	0	0.057523	0	0	0	0.250923	0	0	0	0	0	0	0	0	0	0	0	0	0	0	0	0	0	0	0	0	0	0	0	0	0	0	0	0	0	0	0	0	0	0	0	0	0	0	0	0	0	0	0	0	0	0	0	0	0	0	0	0	0	0	0	0	0	0	0.466298	0	0	0	0	0	0	0	0	0	0	0	0	0	0	0	0	0	0	0	0	0	0	0	0	0	0	0	0	0	0
"CAG-103"	0	0	0.483475	0.516486	0.503688	0	0	0.917343	0.819306	0.831891	0	0.578309	0	0.152928	0	0	0.634413	0	0	0.055549	0.524738	0.194394	0.540462	0.0739	0	0.488481	0.080464	0	0.598481	0	0	0	0.163739	0.050075	0.03142	0	0	0	0.473852	0.090266	0.959007	0.476747	0	0	0	0	0	0.538632	0	0.684489	0	0	0.584678	0	0.713319	0	0	0	0.882336	0.21922	0.041299	0	0.788056	0	0.663589	0.886623	0.414969	0	0.730068	0.081358	0	0	0	0.076454	0	0.849025	0.317318	0.634509	0	0.620811	0	0	0.583036	0.610066	0.662023	0	0	0	0.415223	0	0.466832	0	0.269802	0	0.648985	0.648439	0.099506
"CAG-110"	0	0	0.707438	1.822999	1.060902	0.776369	0	0.078229	0	0.916613	0	0	0.397572	0.112684	0	0.914286	0.226865	0	0.691128	1.112974	2.193369	0.053168	0.606875	1.254121	0	0.101217	0.931208	0	1.082231	0	0	0	0.641484	1.035644	0.6532	0	0	0	0.786626	1.24882	0.780407	0.47606	0.363784	0	0	0	0	0.725118	0	0.824831	0	0	0.540711	0	0.928995	0	0	0	0	0.695027	0.526564	0	1.013801	0.165599	0.837421	0	0.145332	0	0.66797	0.664177	0	0.76329	0	0	0	0.735949	1.879915	0	0.947208	0.734067	0.040039	0	0.667443	0.776323	0.713811	0	0.309221	0.905386	0.36402	0.402315	0.448536	0.912201	0.262273	0.034914	0.736431	1.379292	0.813034
"CAG-170"	0.781949	0.927127	0.381566	1.409321	0.785727	0.52755	0	1.293727	0	0	0	0	0	0	0	0	0.414475	0	0	0	2.145301	0.30156	0	1.433074	0	0	0.048821	0	0.614584	0	0	0	0.207265	0.160089	0	0	0	0	0	0	0.917075	0	0.081455	0	0	0	0	0.119275	0	0.180808	0	0	0	0	0	0	0	0	0	0	0	0	0	0	0.636901	0.547194	1.537424	0	0	0.179727	0	0	0	0	0	1.799626	0.129249	0	0	0	0	0	0	2.978194	0.037978	0	0.045024	0	1.527286	0	0.054887	0	0.175685	0	1.276288	0.037131	0.098697
"CAG-83"	0.380366	0.911914	0.753653	1.706729	0.992966	2.252966	0.113267	1.791144	0	0.534465	0.565146	0.23808	0.063512	0.892079	0	0.341099	0.519538	0.029097	0.486646	0.373967	1.491239	1.053384	0.290079	1.000543	0.033459	0.081414	0.593984	0.303531	0.314672	0.362432	0.249093	0	0.527488	0.830792	0.276163	1.361889	0	0	0.323721	0.408268	1.130619	0.268599	1.231483	0	0	0	0.304781	0.529166	0	0.74562	0	0	0.316251	0	0.427618	0	0	0.505382	0.310398	0.386126	0.302369	0	0.389924	0	0.760964	1.363757	0.867662	0.065	0.789648	0.581339	0	0.064294	0.22339	0.348046	0	0.578794	0.99452	0.338866	0.046367	1.150177	0.85035	0	0.87299	1.11708	0.365105	0	0.964193	0.360226	0.940853	0.067623	0.863432	0.049211	0.725329	0.028368	1.299415	0.674703	1.28063
"ER4"	1.545712	1.208129	1.06412	0.71843	0.527706	0.923213	0	1.57786	0	0.059485	0.040147	0	0.885875	1.2033	0	0.639121	0.915541	0.036372	0.041125	1.697235	0.656923	1.086613	0.031298	1.288172	0.04431	0.128721	0.76576	0	0.594455	0.048324	0	0	1.326494	1.509082	0.04961	0	0	0	0.247873	0.421518	0.595594	0.506286	1.219058	0	0	0	0	1.386812	0	0.748203	0	0	0.514486	0	0.032678	0	0	0.032855	0	0.590399	0.714623	0	0	0	0.890075	1.265915	1.080402	0.985405	0	1.018453	0	0.044511	0.032183	0.051697	0.805096	0.782905	0.975172	0.676003	0.053937	1.159406	0.044805	0	0.701831	1.371275	0.514427	0	0.652423	0.04207	0.223212	0.253373	1.374528	0	1.208463	0.026185	1.569704	0.451915	0.721619
"Evtepia"	1.865462	0.987086	0	0	0	0	0	0	2.078554	0.995025	0	0	0	0.973908	1.514877	0	0	0.033462	0	0	0.700413	0.855667	0.954206	1.457707	0	0	0	1.356495	0	0	0	0	0.851858	0	0	0	0	1.060725	0	0	0	0	0	0	0	0	0	1.965202	0	0	0	0	0	0	0	1.272388	0	0	0	1.026348	0.990442	0	1.436561	0	1.472158	0	0	0	1.131186	0	1.722489	0	0	0	0.87099	0	1.14544	0.044087	1.933213	1.760921	1.866575	0	0	0	0	0	0	1.826548	1.648892	0	0	0.061213	2.041713	0	0.068657	1.790453	0.345439
"F23-B02"	0.037885	0	0	0.057523	0	0.043509	0	0.04797	0	0	0	0	0	0	0	0	0.04849	0	0	0	0.073246	0.048183	0	0.079696	0	0	0.031643	0	0	0	0	0	0.037308	0.050075	0	0	0	0	0	0.036438	0.050474	0	0.033824	0	0	0	0	0	0	0	0	0	0	0	0	0	0	0	0.028741	0	0	0	0	0	0.029573	0	0.582564	0	0	0	0	0	0	0	0	0	0.100613	0	0	0	0	0	0.049238	0.076945	0	0	0.039927	0	0.035202	0	0.044854	0	0.032627	0	1.49888	0.031697	0.052584
"Flavonifractor"	1.269909	1.072103	0.154641	0.178078	0.161263	0.717903	0.247128	0.073801	1.400268	0.625496	0.847205	1.139727	0.870204	0.504393	0.666788	0.448352	0.916118	1.392304	1.392538	0.486058	0.509287	0.035722	0.433591	0.0739	1.303082	0.837239	0.075943	0.635734	0.201954	0.732024	0.696772	0.927702	0.118141	0.447641	1.059177	1.100192	1.090998	1.04405	0.688102	0.223595	0.170835	0.23906	0.811785	1.501966	0.036256	1.590581	0.10861	0.441129	0.325048	0.302208	1.314539	1.379768	0.3849	0.03717	0.755334	0.924231	1.041894	0.200993	0.310398	0.090511	0.543526	0.944177	0.873224	1.12433	0.148586	0.182398	0.312927	0	0.734264	0.492585	1.153145	1.341939	0.648398	0.18713	0.095463	0.147573	0.28636	0.736515	1.062652	0.230707	0.896109	1.181125	0.647904	0.384726	0.075093	0.88653	1.158731	1.304176	0.36482	0.040231	0.315156	1.469123	0.139293	2.939315	0.102623	0.738098	1.037125
"Intestinimonas"	0.07577	0.109179	0.053324	0.056299	0.17636	0.604371	0	0.070849	1.088435	0.037854	0.045294	0.030564	0	0.048293	0	0.056264	1.08237	0	0.053691	0	0.099569	0	0	0.10288	0.033459	0.030805	0	0.974857	0.039586	0	0	0	0.038344	0.053869	0.09674	0	0.025782	0.031498	0.074284	0.06211	0.040379	0	0.394848	0.204814	0	0.044056	0	0.336053	0	0.086099	0.033369	0	0.033168	0	0.112973	0.169592	0	0	0	0.157772	0.053099	0	0	0.074084	0.072129	0.071268	1.713059	0	0.03021	0.068784	1.084201	1.272699	0	0.040047	0.078567	0.048872	0.047985	0.159924	0.07854	0.056209	0.049572	0	0.458769	0.182058	0.080271	0.033746	0.08665	0.0447	0.086405	0.036808	0.073182	0.146432	0.105411	0.028368	0.092506	0.689193	0.117303
"Lawsonibacter"	0.575854	0.994246	0.182488	0.196436	0.739063	0.886502	0.375105	0.168266	3.353692	2.702069	1.528674	0.768129	0.817414	0.095244	1.470559	1.630769	2.020424	1.510148	1.894035	2.182302	1.605114	0.070613	2.245055	0.065206	0.255914	1.000066	0.114819	0.063277	0.236172	1.837219	0.345516	0.130934	0.505726	0.339145	2.554096	1.451613	0.373165	1.437769	2.763355	1.196648	0.442619	0.061139	0.685461	2.232208	0.037465	0.057729	0.657551	0.672107	2.348284	0.541564	2.045624	1.848826	1.476351	0	2.68895	1.58196	2.49865	0.409717	0.563316	0.318865	0.399717	1.751684	2.14971	0.603129	0.563329	0.349093	0.774278	0.0416	1.86461	0.511815	0.064496	2.537979	0.083298	0.36625	0.31849	0.090077	0.765432	1.373617	0.703072	0.475675	1.192587	2.150463	0.826879	0.676019	0.164858	1.177479	0.93446	2.887944	1.482483	0.037663	0.668673	1.403109	0.71529	0.078556	0.083833	1.053261	2.448002
"NK3B98"	0	0	0	0.143196	0	0	0	0	0	0	0	0	0	0	0	0	0.262078	0	0	0	0	0	0	0	0	0	0	0	0	0	0	0	0	0	0	0	0	0	0	0	0	0	0	0	0	0	0	0	0	0	0	0	0	0	0	0	0	0	0	0	0	0	0	0	0	0	0.04329	0	0	0	0	0	0	0	0	0	0	0	0	0	0	0	0	0	0	0	0	0	0	0	0.742446	0	0	0	0	0	0
"Oscillibacter"	0.480383	0.706084	0.373864	0.203167	1.029336	1.282844	0.125035	0.540221	1.704156	0.923823	1.088087	1.614278	1.528424	0.115367	0.649665	1.548132	0.985967	0.437914	1.312573	0.546567	1.271502	0.293253	1.351155	0.197066	0.897056	1.923119	0.297444	1.555224	0.645447	1.05866	0.110198	0	0.600031	0.493164	1.59662	0.961333	1.781692	1.716615	1.336326	0.492737	0.88912	1.097067	1.236315	0.273085	0	0	0.36119	1.561938	0.391559	0.619054	0.797824	0.231894	1.410015	0	1.726343	1.480564	1.851729	0.2754	1.169742	0.731564	0.440278	1.149182	0.187779	0.251885	0.955713	0.497669	0.253558	0.129134	1.285591	0.489627	2.121697	0.973483	0.266932	1.097293	0.95716	0.276939	1.015417	0.82296	1.906718	0.882558	1.392782	0.037237	1.745981	0.78388	0.406536	1.185688	0.797689	1.53118	1.506484	0.190885	0.975567	2.160475	0.860857	1.520937	0.2356	1.911809	1.532226
"Pseudoflavonifractor"	0	0	0	0	0.03637	0	0	0	0.031779	0	0.075147	0.032173	0	0	0	0	0.111989	0	0.317576	0	0.060657	0	0	0	0	0	0	0	0.047637	0	0.039028	0	0.091196	0.03566	0.055398	0	0.042066	0.100051	0	0.083641	0	0	0.052462	1.638508	0	0	0	0	0	0	0	0	0.053994	0	0.036413	0	0	0	0	0	0	0	0	0.075827	0.035343	0	0.061225	0	0	0	0	0.217612	0	0.039319	0	0	0	0	0	0	0.036226	0	0.269634	0	0	0.037395	0.192839	0.055217	0.036802	0	0.108593	0.09122	0	0.052371	0.046976	0.034414	0.066337
"UBA1777"	0	0	0	0	0	0	0	0	0	0	0	0	0	0	0	0	0	0	0	0	0.274672	0	0	0.255751	0	0	0	0	0	0	0	0	0	0	0	0	0	0	0	0	0	0	0	0	0	0	0	0	0	0	0	0	0	0	0	0	0	0	0	0	0	0	0	0	0	0	0.099568	0	0	0	0	0	0	0	0	0	0	0	0	0	0	0	0	0	0	0	0	0	0	0	0.259089	0	0	0	0.355568	0	0
"UBA738"	0	0.050115	0.055102	0.403887	0	0.666236	0	0.544649	0	0	0	0	0	0	0	0	0.514342	0	0	0	0	0	0	0	0	0	0.062382	0	0	0	0	0	0	0.345215	0	0	0	0	0	0	0.649951	0	0	0	0	0	0	0	0	0	0	0	0	0	0	0	0	0	0	0	0	0	0	0	0	0	0.678421	0	0	0	0	0	0	0	0	0	0	0	0	0	0	0	0	0.581212	0	0	0	0	0	0	0	0	0	0	0.089615	0	0
"UBA9475"	0	0	0	0	0	0	0	0	0	0	0.051471	0	0	0	0	0	0.091785	0	0	0	0.071529	0	0	0	0.047023	0	0	0	0	0	0	0	0	0	0.039688	0	0	0	0	0	0	0	0.034515	0.101975	0	0	0	0	0	0	0	0	0	0	0	0	0	0	0	0	0	0	0	0.032248	0	0	0	0	0	0	0	0.118697	0	0	0	0	0	0	0	0.036074	0	0	0	0	0	0	0	0	0	0	0.046034	0.208846	0	0	0	0	0
"QAMX01"	0	0	0	0	0	0	0	0	0	0	0	0	0	0	0	0	0	0	0	0	0	0	0	0	0	0	0	0	0	0	0	0	0	0	0	0	0	0	0	0	0	0	0	0	0	0	0	0	0	0	0	0	0	0	0	0	0	0	0	0	0	0	0	0	0	0	0.050093	0	0	0	0	0	0	0	0	0	0	0	0	0	0	0	0	0	0	0	0	0	0	0	0	0	0	0	0	0	0
"Anaerofilum"	0	0	0	0	0	0	0	0	0	0	0	0	0	0	0	0	0.043295	0	0	0	0	0	0	0	0	0	0	0	0	0	0	0	0	0	0	0	0	0	0	0	0	0	0	0.039753	0	0	0	0	0	0	0	0	0	0	0	0	0	0	0	0	0	0	0	0	0	0	0	0	0	0	0	0	0	0	0	0	0	0	0	0	0	0	0.103164	0	0	0	0	0	0	0	0	0.122427	0	0	0	0	0
"Anaerotruncus"	0	0	0.053917	0.055687	0.048722	0.074102	0	0.042066	0.116192	0.036953	0.057647	0.079628	0.032993	0	0	0.114286	0.133348	0	0.069684	0	0.303283	0	1.707647	0	0	0	0	0.063277	0	0	0	0	0	0.034901	0.0339	0.044862	0	0	0.045352	0	0.034944	0	0.195353	0.286048	0	0	0	0.123062	0	0	0.028313	0.036892	0	0	0.078428	0.038584	0.29836	0	0	0	0.309006	0	0	0.061882	0.051212	0	0.074212	0	0.041119	0	0.162352	0.06924	0	0	0	0	0.056498	0.063105	0	0.033557	2.135408	0	0.058616	0.201981	0	0.27362	0.066262	0.175293	0.039202	0	0.087347	0.048011	0	0.032732	0.044085	0.060678	0.228135
"Angelakisella"	0	0	0.053324	0.043448	0.106365	0.177436	0	0.054613	0	0	0	0	0	0	0	0	0.699644	0	0	0	0.12303	0	0	0.039848	0	0	0	0	0	0	0	0	0	0.056904	0	0	0	0	0	0	0.072993	0	0	0.126172	0	0	0	0	0	0	0	0	0	0	0	0	0	0	0	0	0	0	0	0.037478	0	0	0.069883	0	0	0	0	0.043687	0	0	0	0	0	0	0	0	0	0	0	0.041221	0	0	0	0	0	0	0.09915	0	0	0	0.06143	0	0
"Bittarella"	0	0	0	0	0	0	0	0	0	0	0	0	0	0	0	0	0	0	0.05826	0	0	0	0	0	0	0	0	0	0	0	0	0	0	0.048558	0.033073	0	0	0.110241	0	0	0	0	0.122182	0	0	0	0	0.039758	0	0	0	0	0	0	0	0	0	0	0	0	0	0	0	0	0	0	0	0	0	0	0	0	0	0	0	0	0	0	0	0	0	0	0	0	0	0	0	0	0	0	0	0	0	0	0	0	0
"CAG-115"	0	0	0.404081	0	0	0	0	0	0	0	0	0	0	0	0	0	0	0	0	0	0	0	0	0	2.467807	0	0	0	0	0	0	0	0	0	0	0	0	0	0	0	0	0	0	0	0	0	0	0	0	0	0	0	0	0	0	0	0	0	0	0	0	0	0	0	0	0	0.354362	0	0	0	0	0	0	0	0	0	0	0	0	0	0	0	0	0	0	0	0	0	0	0	0.802054	0	0	0	0.590446	0	0
"CAG-353"	0	0	0	0	0	0	0	0	0	0	0	0	0	0	0	0	0	0	0	0	0	0	0	0	0	0	0	0	0	0	0	0	0	0	0	0	0	0	0	0	0	0	0	0	0	0	0	0	0	0	0	0	0	0	0	0	0	0	0	0	0	0	0	0	0	0	0	0	0	0	0	0	0	0	0.027878	0	0	0	0	0	0	0	0	0	0	0	0	0	0	0.035096	0	0	0	0	0	0	0
"Faecalibacterium"	3.841549	3.032852	2.877745	2.92451	3.299365	1.654713	4.907253	5.211808	2.29207	3.172543	1.921909	1.099511	1.891352	6.224428	1.361778	2.688352	2.777794	1.089692	1.226896	2.894525	1.789945	4.147075	1.167184	4.293425	1.849273	2.164059	2.986195	2.404516	2.551595	3.477561	2.15919	0.991647	5.897715	3.509052	1.744624	0.982696	2.906614	3.697253	2.993244	2.746907	2.851397	3.140757	1.88519	0.146913	1.602533	0.030384	4.421001	2.533179	2.171278	4.364372	0.906021	2.344236	2.523063	0.519098	1.071845	2.90729	2.625572	3.424618	3.514974	3.855448	2.792855	0.057748	2.289262	1.023227	2.439411	3.75305	2.031553	6.090966	2.645028	3.615991	0.056712	5.821938	7.096408	3.390176	0.974901	4.858416	1.958083	4.214211	3.725433	3.57805	0.790292	2.652004	3.182468	3.481774	4.008389	0.94399	2.968186	0.979885	2.288928	4.377525	4.033876	2.350117	3.843741	3.71615	4.583364	2.031353	2.740856
"Fournierella"	0	0	0	0	0	0	0	0	0	0	0.037059	0	0	0	0	0.037802	0.04214	0	0	0	0.037767	0	0	0	0	0	0	0	0	0	0	0	0	0	0	0	1.489945	0.644773	0	0	0	0	0	1.610854	0	0	0	0.070997	0	0	0	0	0	0	0	0.722336	0	0	0	0	0	0	0	0.03312	0	0	0	0	0	0	0	0	0	0	0	0	0	0	0	0	0	0	0	0	0	0.863728	0	0	0.032802	0	0.044263	0.104423	0	0	0	0	0
"Gemmiger"	0.353089	0.434032	0.942658	0.941791	1.122663	0.951086	0.97086	1.083395	0	1.31318	1.051028	0	0	2.009524	0	1.221099	0.965185	1.219175	0.036556	0.736031	0.818865	1.196272	0.552676	1.039667	1.056211	1.678879	1.3055	0.110734	1.045329	1.357555	1.608201	0.829248	1.476761	0.598625	0.79955	0.608844	0	0.492844	1.130677	0.970568	1.142267	1.079893	0.672345	0.078641	0	0	1.112196	1.223045	1.576966	1.257049	0.7685	0.115947	0.054765	0	0.771206	0.759126	0	1.283265	0.109214	0.866915	1.035429	0.505294	0.841414	0.032248	0.96004	1.63071	1.067415	1.235873	0.594124	1.104249	0	1.227363	1.248521	0.719393	0.136013	1.417278	0.537892	1.154046	1.32382	1.212258	0.559591	0.915808	1.130902	1.180973	1.11862	0.237138	0.178397	0	1.166465	1.442341	1.05288	0	1.568618	1.466384	0.596228	0	0.76045
"Gemmiger_A"	0	0	0	0	0	0	0	0	0	0	0	0	0	0	0	0	0	0	0	0	0	0	0	0	0	0	0	0	0	0	0	0	0	0	0	0	0	0	0	0	0	0	0	0.045802	0	0	0	0	0	0	0	0	0	0	0	0	0	0	0	0	0	0	0	0	0	0	0	0	0	0	0	0	0	0	0	0	0	0	0	0	0	0	0	0	0	0	0	0	0	0	0	0	0	0	0	0	0
"Harryflintia"	0	0	0	0	0	0	0	0	0	0	0	0	0	0	0	0	0	0	0	0	0	0	0	0	0	0	0	0	0	0	0	0	0	0	0	0	0	0	0	0	0	0	0.049011	0.059629	0	0	0	0	0	0	0	0	0	0	0	0	0	0	0	0	0	0	0	0	0	0	0	0	0	0	0	0	0	0	0	0	0	0	0	0	0	0	0	0	0	0	0	0	0	0	0	0	0	0	0	0	0
"Massilimaliae"	0	0	0	0.034881	0.044605	0.420816	0	0	0.101296	0.06309	0.039118	0.044238	2.161899	0	0	0.585495	1.474332	0	0.24675	0	1.938725	0	0.041222	0	0	0	0	0	0	0	0	0	0.406239	0.167676	0	0	0	0	0.168116	0.366033	0.038826	0	0	0.050123	0	0	0	0.337947	0	0	0	0	0.083305	0	0.196069	0	0	0	0	0.052314	0.062686	0	0	0.036606	0.133439	0	0	0	0	0	0	0	0	0	0	0	0.297195	0.090768	0.036904	0	0.125837	0	0.046111	0	0	0	0.039927	3.109689	0	0	1.072356	0.061213	0	0	0	0.060678	0
"Massilioclostridium"	0	0	0	0	0	0	0	0	0	0	0	0	0	0	0	0	0	0	0	0	0.097852	0	0	0	0	0	0	0	0	0	0	0	0	0	0	0	0	0.120432	0	0	0	0	0	0.174567	0	0	0	0	0	0	0	0	0	0	0	0	0	0	0	0	0	0	0	0	0	0	0	0	0	0	0.032248	0	0	0	0	0	0	0	0	0	0	0	0	0	0	0	0	0	0	0	0.038952	0	0	0	0	0	0.033169
"Negativibacillus"	0.809226	0.9495	0.045622	0.646831	1.404701	0.091098	0	0.276015	0.032772	0.065794	1.374263	0.855801	0.845458	0	0	0.887912	0.09063	0	0	1.035601	0.610573	0.17861	0	0.38109	0	0	0	0.712852	1.08156	0.899369	0	0	0.343023	0.835344	0	0.560778	0.065134	1.233035	0.274459	0.336221	0.114926	0	1.322602	0.1279	0	0	0	0.922963	0.57393	0.332343	0	1.282794	0.115701	0	0.205406	0	0	0	0.083348	0.667624	0.71831	0	0.89785	0.881161	0.574149	1.294905	0	0.317202	0.973424	0.798787	0	0.127764	0	0.798031	0	0	0	0	0	0.630878	0	0	0.704957	0.739911	0	0	0.976936	0	0.156809	0	1.224622	0	0.586036	0	0	0.036226	0.850248
"Neobitarella"	0	0	0	0	0	0	0	0	0	0	0	0	0	0	0	0	0	0	0	0	0	0	0	0	0	0	0	0	0	0	0	0	0	0	0	0	0	0	0	0	0	0	0	0	0	0	0	0	0	0	0	0	0	0	0	0	0	0	0	0	0	0	0	0	0	0	0	0	0	0	0	0	0	0	0	0	0	0	0	0	0	0	0	0	0	0	0	0	0	0	0	0	0	0	0	0.044376	0
"Phocea"	0	0	0	0	0	0	0	0	0.036745	0	0	1.323113	0	0	0.03626	0.043077	0	0	0	0	0.07954	0	0	0	0.226977	0	0	0.051412	0	0.12618	0	0	0	0	0	0	0	0.289036	0.04457	0	0	0	0.053843	0	0	0	0	0.08425	0	0	0	0	0	0	0.042949	0	0	0	0.037363	0	0	1.251203	0.043097	0	0.031737	0	0	0	0	0	0.05004	0	0	0	0	0	0	0	0.226157	0	0.080078	0	0.163344	0.100304	0	0	0.182645	0	0	0	0	0.633739	0	0	0	0.067017	0.042876
"QAMM01"	0	0	0	0	0	0	0	0	0	0	0	0	0	0	0	0	0	0	0	0	0	0	0	0	0	0	0	0	0	0	0	0	0	0	0	0	0	0	0	0	0	0	0.036586	0	0	0	0	0	0	0	0	0	0	0	0	0	0	0	0	0	0	0	0	0	0.051212	0	0	0	0	0	0.174584	0	0	0	0	0	0	0	0	0	0	0	0	0	0	0	0	0	0	0	0	0	0	0	0	0	0
"QANG01"	0	0	0	0	0	0	0	0	0	0	0	0	0	0	0	0	0	0	0	0	0	0	0	0	0.040693	0	0	0	0	0	0	0	0	0	0	0	0	0	0	0	0	0	0	0	0	0	0	0	0	0	0	0	0	0	0	0	0	0	0	0	0.060474	0	0	0	0	0	0	0	0	0	0	0	0	0	0	0	0	0	0	0	0	0	0	0	0	0	0	0	0	0	0	0	0	0	0	0	0
"Ruminiclostridium_E"	0	0	0.445556	0.792475	0.039801	1.307998	0	0.754244	0	0	0	0	0	0	0	0	0.663276	0	0	0	0.060657	0	0	0	0	0	0.556013	0	0.146266	0	0	0	0	0	0	0	0	0	0	0	0	0	0	0	0	0	0	0.064371	0	0	0	0	0	0	0	0	0	0	0	0.869406	0	0	0	0	0.036065	0	0.047001	0	0.04028	0	0	0	0	0.817691	0	0	0	0	0	0	0	0	0	0.781132	0.047472	0	0.993077	0	1.000056	0	0.364731	1.495529	0	0	1.709185	0	0.831641
"Ruminococcus"	0	0	0	0	0	0	0	0	0	0	0	0	0	0	0	0	0	0	0	0	0	0	0	0	0	0	0	0	0	0	0	0	0	0	0	0	0	0	0	0	0	0	0	0	0	0	0	0	0	0	0	0	0	0	0	0	0	0	0	0	0	0	0	0	0	0	0	0	0	0	0	0	0	0	0	0	0	0	0	0	0	0	0	0	0	0	0	0	0	0	0	0	0	0	0.103346	0	0
"Ruminococcus_C"	0.160633	0.070698	0.26603	0.879984	0.303997	0.229783	0	0.298893	0	0	0.723675	0	0	0	0	0.093187	0.068117	0	0	0	0.298133	0.065629	0	0.32313	0.402409	0	0	0	0.421352	0	0	0	0.084978	0.291346	0	0	0	0	0.060209	0	0.345553	0.574294	0	0	0	0	1.109671	0	0	0	0	0	0.079448	0	0.770272	0.550052	0.084299	0	0.88521	0.514004	0	0	0	0	0	0.059189	0.043909	0	0.107412	0.252949	0	0	0	0.074269	0.070963	0.692827	0.43341	0.599931	0	0.063759	0	0	0.758103	0.369612	0.090629	0	0	0	0.033602	0.570088	0	0	0.043921	0	0.562261	0	0
"Ruminococcus_D"	0	0.036691	0.825345	0.549531	0.779551	0	0	1.000738	1.232435	0	0	0	0.875977	0.693541	0	1.065495	0.654617	0	0	0	0.73303	1.066676	0	0.23474	0.029842	0	0	0	0.702477	0	0	0	1.373128	0.044005	0.445664	0	0	0	1.084543	1.026053	0.920181	0.795494	0	1.19777	0	0	1.119774	0	0	1.243273	0	0	0.947209	0	1.118529	0	1.082622	0	0	0.863594	0.842208	0	0	0.413126	0.683064	0	0.910952	0	0.902095	0.969639	0	1.027886	0.996734	0	1.02221	1.120215	0.970528	1.466978	1.127944	0	0	0	0.958179	0.23908	0.112207	0	0.061165	0	1.165665	1.277135	0.157578	0	0	0	0.098287	0	0
"Ruthenibacterium"	0	0.176297	0.400526	0.307199	0.045291	1.741732	0	0.131365	1.196683	0.339787	1.660439	1.545911	1.079712	0.03622	0.052376	1.294945	0.926509	0	2.277868	0.072413	0.758781	0.044029	2.129787	0.039848	0.641142	0	0.056053	1.133049	0.34151	0.315898	0.036733	0.507496	0.163739	0.367217	1.192297	0.058748	0.123484	0.27514	0.997748	0.213658	0.434077	0.158	1.307415	1.571101	0	0	0	1.358413	0	0.41672	0.081906	0.090649	0.695751	0	0.906587	0.988837	0.629872	0	0.30465	0.111271	1.281011	0	0	1.764065	0.225765	0.086971	0.227583	0	1.41566	0.073962	1.970465	0.262947	0	0.208973	0.227252	0	1.051793	0.197095	1.815876	0.546145	0.4757	0.032583	1.799908	0.340758	0.098397	2.216324	1.127299	1.687191	1.150464	0	0.047214	1.556742	0.079058	0	0	0.95998	1.505529
"UBA3818"	0	0	0	0.127286	0.181849	0	0	0	0	0	0	0	0	0	0	0.034286	0.251687	0	0	0	0.08469	0	0	0	0	0	0	0.036582	0.034218	0	0	0	0	0.118359	0	0	0	0	0	0	0	0	0.278878	0	0	0	0	0	0	0	0	0	0.069421	0	0	0	0	0	0	0	0	0	0	0	0	0	0	0	0.031888	0	0	0	0	0	0	0	0	0	0	0	0	0	0	0	0	0	0.167353	0	0.093605	0	0.090888	0	0	0	0	0.125884	0.082517
"UBA5884"	0	0	0	0	0	0	0	0	0	0	0	0	0	0	0	0	0	0	0	0	0	0	0	0	0	0	0	0	0	0	0	0	0	0	0	0	0	0	0	0	0	0	0	0	0	0	0	0	0	0	0	0	0	0	0	0	0	0	0	0	0	0	0	0	0	0	0	0	0	0	0	0	0	0	0	0	0	0	0	0	0	0	0	0	0	0	0	0	0	0	0	0	0	0	0.079497	0	0
"QAKR01"	0	0	0	0	0	0	0	0	0	0	0	0	0	0	0	0	0.064654	0	0	0	0	0	0	0	0	0	0	0	0	0	0	0	0	0	0	0	0	0	0	0	0	0	0	0	0	0	0	0	0	0	0	0	0	0	0	0	0	0	0	0	0	0	0	0	0	0	0	0	0	0	0	0	0	0	0	0	0	0	0	0	0	0	0	0	0	0	0	0	0	0	0	0	0	0	0	0	0
"CAG-145"	0	0	0	0	0	0	0	0	0.038731	0	0	0	0	0	0	0.071209	0	0	0	0	0.148781	0	0	0	0	0	0	0	0	0	0	0	0	0	0	0	0	0	0	0	0	0	0	0.047531	0	0	0	0	0	0	0	0	0	0	0	0	0	0	0	0	0	0	0	0	0	0	0	0	0	0	0	0	0	0	0	0	0	0.057054	0	0	0	0	0.041422	0	0	0	0.175848	0.049958	0.145608	0	0	0	0	0	0	0	0.19982
"CAG-238"	0	0	0	0.178689	0	0.200551	0	0.053875	0	0	0	0.037803	0	0	0	0	0	0	0	0	0	0	0	0.13983	0	0	0	0	0.046966	0	0	0	0.128504	0.072078	0	0	0	0	0	0	0	0.057017	0	0	0	0	0	0	0	0	0	0	0	0	0	0	0	0	0	0	0	0	0	0	0	0	0.904768	0	0	0	0	0	0	0	0	0	0.128475	0	0	0.253358	0	0	0.236028	0.322208	0	0	0	0	0	0	0.678706	0	0	0	1.055142	0.075168	0
"Emergencia"	0	0	0	0	0	0	0	0	1.155966	0	0	0	0	0	0	0.618901	0	0	0	0	0.095563	0	0	0	0	0	0	0	0	0	0	0	0	0	0	0	0	0	0.043006	0	0	0	0.142891	0.137407	0	0	0	0.058691	0	0	0	0	0	0	0	0	0	0	0	0	0	0	0	0.099359	0	0	0	0	0	0	0	0	0	0	0	0	0	0	0	0	0	0	0	0	0	0	0.389075	0.076252	0.032802	0	0	0.132029	0	0	0	0	0
"Mogibacterium"	0	0	0	0	0	0	0	0	0	0	0	0	0	0	0	0	0	0	0	0	0	0	0	0	0	0	0	0	0	0	0	0	0	0	0	0	0	0	0	0	0	0	0	0	0	0	0	0	0	0	0	0	0	0	0	0	0	0	0	0	0	0	0	0	0	0.160655	0	0	0	0	0	0	0	0	0	0	0	0	0	0	0	0	0	0	0	0	0	0	0	0	0	0	0	0	0	0	0
"QAKD01"	0	0	0	0	0	0	0	0	0	0	0	0	0	0	0	0	0.045027	0	0	0	0	0	0	0	0	0	0	0	0	0	0	0	0	0	0	0	0	0	0	0	0	0	0	0	0	0	0	0	0	0	0	0	0	0	0	0	0	0	0	0	0	0	0	0	0	0	0	0	0	0	0	0	0	0	0	0	0	0	0	0	0	0	0	0.483656	0	0	0	0	0.16961	0	0	0	0	0	0	0.047999	0
"UBA1191"	0	0	0	0	0	0	0	0	0	0	0	0	0	0	0	0	0	0	0	0	0	0	0	0	0	0	0	0	0	0	0	0	0	0	0	0	0	0	0	0	0	0	0	0	0	0	0	0	0	0	0	0	0	0	0	0	0	0	0	0	0.045724	0	0	0	0	0	0	0	0	0	0	0	0	0	0	0	0	0	0	0	0	0	0	0	0	0	0	0	0	0	0	0	0	0	0	0	0
"Clostridioides"	0	0	0	0	0	0	0.045601	0	0.031779	0	0	0.027347	0	0	0	0	0	0	0	0	0	0	0	0	0.028937	0	0	0	0	0.03848	0	0	0	0	0	0.036317	0.037995	0	0	0	0	0	0	0.038024	0.032631	0.050133	0	0	0	0	0	0	0	0	0	0	0	0	0	0	0	0.027911	0	0	0	0.044694	0	0	0	0	0	0	0	0	0	0	0	0	0	0	0.031459	0	0	0	0	0	0	0	0	0	0	0	0	0.034914	0	0	0
"Intestinibacter"	0	0	0	0	0.183222	0	0	0	0.039724	0	0	0	0	0	0	0	0	0	0	0	0	0	0	0	0	0	0	0	0	0.051904	0	0	0	0	0	0	0.465438	0	0	0	0	0	0.792456	0.967895	0	0.077478	0	0	0	0	0	0.065352	0	0	0	0	0	0	0	0	0.061211	0.184793	0	0	0.252452	0	0	0	0.47832	0	0	0.308283	0	0	0	0	0	0	0.552617	0	0	0	0	0	0	0.051076	0	0	0.052003	0.099295	0	0.056412	0	0	0	0	0.116494
"Peptostreptococcus"	0	0	0	0	0	0	0	0	0	0	0	0	0	0	0	0	0	0	0	0	0	0	0	0	0	0	0	0	0	0	0	0	0	0	0	0	0	0	0	0	0	0	0	0	0	0	0	0	0	0	0	0	0	0	0	0	0	0	0	0	0	0	0	0	0	0	0	0	0	0	0	0	0	0	0	0	0	0	0	0	0	0	0.042985	0	0	0	0	0	0	0	0	0	0	0	0	0	0
"Romboutsia"	0	0	0	0.211735	0.177732	0.149563	0.054427	0.076753	0	0	0	0.045846	0.282919	0.033537	0	0.123077	0	0	0	0	0	0	0	0	0.265861	0	0	0	0	0	0.06543	0	0.215555	0.433226	0.560595	0	0	0	0	0	0	0.421103	0	0.033703	0.83994	0	0	0	0	0	0	0.631384	0.125729	0	0.067224	0	0	0.439673	0	0	0.155609	0.196343	0.088246	0	0	0	0.33148	0.247001	0	0	0	0.308283	0	0.302174	0	0	0	0	0.381344	0.054531	0	0	0.14146	0	0	0	0	0	0.042402	0.487057	0.083215	0	0	0	0.156826	0	0
"Terrisporobacter"	0	0	0	0	0	0	0	0	0	0	0	0	0	0	0	0	0	0	0	0	0	0	0	0	0	0	0	0	0	0	0	0	0	0	0	0	0	0	0	0	0	0	0	0	0	0	0	0	0	0	0	0	0	0	0	0	0	0	0	0	0	0	0	0	0	0	0	0.58587	0	0	0	0	0	0	0	0	0	0	0	0	0	0	0	0	0	0	0	0	0	0	0	0	0	0	0	0	0
"CAG-245"	0	0	0	0.580129	0	0	0	0	0.033765	0	0	0	0	0	0	0	0.759679	0	0	0	0.264372	0	0	0.807825	0	0	0	0	0.962132	0	0	0	0	0	0	0	0	0	0	0	0.383603	0	0	0	0	0	0.071564	0	0	0	0	0	0	0	0	0	0	0	0	0	0	0	0	0	0	0	0	1.565208	0	0.762546	0	0	0	0	0	0.094868	0.94344	0	0	0	0	0	0	0	0.036252	0	0.76116	0	0.834447	0	1.140227	0	0	0	1.155597	0	0
"CAG-269"	0	0	0	0.347588	0.438497	0	0	1.008856	0	0	0	0	0	0	0	0	3.443379	0	0	0	0.577955	0.858159	0	0	0	0	0	0	1.851131	0	0	0.045675	0	3.351239	0	0	0	0	0	1.030194	0	0	0	0	0.030214	0	0	0	0	0	0	0	0.690352	0	0	0	0	0	0	0	0	0	2.851573	0	1.0603	0	0.143476	0.939472	1.533982	0.454125	0	0.544854	0	0	0	1.054094	0.789425	0	0	0	0	0	0	0	1.746981	0	0.762859	0	0.064804	0.33298	3.676228	0	0	0	0.629472	0	0
"CAG-273"	0	0	0	0.287617	0	0	0	0	0	0	0	0	0	0	0	0	0.404662	0	0	0	0	0	0	0.739721	0	0	0	0	0	0	0	0	0.149231	0	0	0	0	0	0	0	0	0	0	0	0	0	0	0	0	0	0	0	0	0	0	0	0	0	0	0	0	0	0	0	0	0	0.738409	0.050267	0	0	0	0	0	0	0	0	0	0	0	0	0	0	0	0	0	0	0	0	0	0	0.345845	0	0	0	0.193684	0	0
"CAG-354"	0	0	0	0	0	0	0	0	0	0	0	0	0	0	0	0	0	0	0	0	0	0	0	0	0	0	0	0	0	0	0	0	0	0	0	0	0	0	0	0	0	0	0	0	0	0	0	0	0	0	0	0	0	0	0	0	0	0	0	0	0	0	0	0	0	0	0.632657	0	0	0	0	0	0	0	0	0	0	0	0	0	0	0	0	0	0	0	0	0	0	0	0	0	0	0	0	0	0
"CAG-452"	0	0	0	0.459575	0	0	0	0	0	0	0	0	0	0	0	0	0.441607	0	0	0	0.55621	0	0	0	0	0	0	0	0	0	0	0	0	0	0	0	0	0	0	0	0	0	0	0	0	0	0	0	0	0	0	0	0	0	0	0	0	0	0	0	0	0	0	0	0	0	0	0	0	0	0	0	0	0	0	0	0	0	0	0	0	0	0	0	0	0	0	0	0	0	0	0	0	0	0.174893	0	0
"CAG-492"	0	0	0.791572	0	0.426831	0	0	0	0	0	0	0	0	0	0	0	0	0	0	0	0.038912	0	0	0	0	0	0	0	0.13553	0	0	0	0	0	0	0	0	0	0	0	0	0	0	0	0	0	0	0	0	0	0	0	0	0	0	0	0	0	0	0	0	0	0	0	0	0	0	0	0	0	0	0	0	0	0	0.916104	0.629992	0	0	0	0	0	0	0	0	0	0	0	0	0	0.635623	0	0	0	0	0	0
"CAG-793"	0	0	0	0	0	0	0	0	0	0	0	0	0	0	0	0	0	0	0	0	0	0	0	0	0	0	0	0	0	0	0	0	0	0	0	0	0	0	0	0.968084	0	0	0	0	0	0	0	0	0	0	0	0	0	0	0	0	0	0	0	0	0	0	0	0	0	0	0	0	0	0	0	0	0	0	0	0	0	0	0	0	0	0	0	0	0	0	0	0	0	0	0	0	0	0	0	0	0
"UMGS1537"	0	0	0	0	0	0	0	0	0	0	0	0	0	0	0	0	0	0	0	0	0.307289	0	0	0	0	0	0	0	0	0	0	0	0	0	0	0	0	0	0	0	0	0	0	0	0	0	0	0	0	0	0	0	0	0	0	0	0	0	0	0	0	0	0	0	0	0	0	0	0	0	0	0	0	0	0	0	0	0	0	0	0	0	0	0	0	0	0	0	0	0	0	0	0	0	0	0	0
"Borkfalkia"	0	0	0	0	0	0.139366	0	0	0	0	0	0	0	0	0	0	0	0	0	0	0	0	0	0.118819	0	0	0	0	0	0	0	0	0	0	0	0	0	0	0	0	0	0	0	0	0	0	0	0	0	0	0	0	0	0	0	0	0	0	0	0	0	0	0	0	0	0	0.708106	0	0	0	0	0	0	0	0	0	0	0	0	0	0	0	0	1.617225	0	0	0.567472	0	0	0	0	0	0	0	0	0	0
"QALS01"	0	0	0.155234	0.038553	0.695145	0	0	0	0	0	0	0	0	0	0	0.047473	0.888409	0	0	0	0.04349	0	0	0	0	0	0	0	0	0	0	0	0	0	0.131467	0	0	0	0	0	0	0	0	0.687897	0	0	0	0	0	0	0	0	0	0	0	0	0	0	0	0	0	0	0	0	0	0	0.212741	0	0	0	0	0	0	0	0	0	0.065785	0	0.10882	0	0	0	0	0.5448	0	0	0	0	0	0	0.141643	0	0	0	0	0	0
"UBA10281"	0	0	0	0	0	0	0	0	0	0	0	0	0	0	0	0	0	0	0	0	0	0	0	0.049266	0	0	0	0	0	0	0	0	0.048707	0	0	0	0	0	0	0	0	0	0	0	0	0	0	0	0	0	0	0	0	0	0	0	0	0	0	0	0	0	0	0	0	0	0	0	0	0	0	0	0	0	0	0.267357	0	0	0	0	0	0	0	0	0	0	0	0	0	0	0	0	0	0	0.059261	0	0
"UBA11475"	0	0	0	0	0	0	0	0	0	0	0	0	0	0	0	0	0	0	0	0	0	0	0	0	0	0	0	0	0	0	0	0	0	0	0	0	0	0	0	0	0	0	0	0	0	0	0	0	0	0	0	0	0	0	0	0	0	0	0	0	0	0	0	0	0	0	0	0	0	0	0	0	0	0	0	0	0	0	0	0	0	0	0	0	0	0	0	0	0	0	0	0	0	0	0.596228	0	0
"UBA1259"	0	0	0	0	0	0	0	0	0	0	0	0	0	0	0	0	0	0	0	0	0	0	0	0	0	0	0	0	0	0	0	0	0	0	0	0	0	0	0	0	0	0	0	0	0	0	0	0	0	0	0	0	0	0	0	0	0	0	0	0	0	0	0	0	0	0	0.045146	0	0	0	0	0	0	0	0	0	0	0	0	0	0	0	0	0	0	0	0	0	0	0	0	0	0	0	0.827492	0	0
"UBA7597"	0	0	0	0	0	0	0	0	0	0	0	0	0	0	0	0	0	0	0	0	0	0	0	0.081145	0	0	0	0	0.041598	0	0	0	0	0	0	0	0	0	0	0	0	0	0	0	0	0	0	0	0	0	0	0	0	0	0	0	0	0	0	0	0	0	0	0	0	0	0.050712	0	0	0	0	0	0	0	0	0	0.072751	0	0	0	0	0	0	0	0	0	0	0	0	0	0	0	0	0	0	0	0
"UMGS1004"	0	0	0	0	0	0	0	0	0	0	0	0	0	0	0	0	0	0	0	0	0	0	0	0	0	0	0	0	0	0	0	0	0	0	0	0	0	0	0	0	0	0	0	0	0	0	0	0	0	0	0	0	0	0	0	0	0	0	0	0	0	0	0	0	0	0	0.054422	0	0	0	0	0	0	0	0	0	0	0	0	0	0	0	0	0	0	0	0	0	0	0	0	0	0	0	0	0	0
"UMGS775"	0	0	0	0	0	0.046908	0	0	0	0	0	0	0	0	0	0	0	0	0	0	0	0	0	0	0	0	0	0	0	0	0	0	0	0	0	0	0	0	0	0	0	0	0	0	0	0	0	0	0	0	0	0	0	0	0	0	0	0	0	0	0	0	0	0	0	0	0.04329	0	0	0	0	0	0	0	0	0	0	0	0	0	0	0	0	0	0	0	0	0	0	0	0	0	0	0	0	0	0
"CAG-1024"	0	0	0	0	0	0	0	0	0	0	0	0	0	0	0	0	0	0	0	0	0	0	0	0	0	0	0	0	0	0	0	0	0	0	0	0	0	0	0	0	0	0	0	0	0	0	0	0	0	0	0	0	0	0	0	0	0	0	0	0	0	0	0	0	0	0	0	0	0	0	0	0	0	0	0	0	0	0	0	0	0	0	0	0	0	0	0	0	0	0	0	0	0	0	0.078052	0	0
"PeH17"	0	0	0.48466	0.46141	0.550352	0	0	0	0	0	0	0	0	0	0	0	0.506838	0	0	0	0.419447	0	0	0.603514	0	0	0	0	0	0	0	0	0	0	0	0	0	0	0	0	0	0	0.508746	0	0	0	0	0	0	0	0	0	0	0	0	0	0	0	0	0	0	0	0	0	0	0.138912	0.458259	0	0	0	0	0	0	0	0	0	0	0	0	0	0	0	0	0	0	0	0	0	0	0	0.083215	0	0	0	0.537689	0	0
"Phil1"	0	0	0	0.471814	0	0	0	0	0	0	0	0	0	0	0	0	0	0	0	0	0.45092	0	0	0.63177	0	0	0	0	0	0	0	0	0	0	0	0	0	0	0	0	0	0	0	0	0	0	0	0	0	0	0	0	0	0	0	0	0	0	0	0	0	0	0	0	0	0	0.510826	0	0	0.036981	0	0	0	0	0	0	0.612191	0	0	0	0	0	0	0	0	0	0	0	0	0	0	0	0	0	0.701019	0	0
"CAG-1435"	0	0	0	0	0	0	0	0	0	0	0	0	0	0	0	0	0	0	0	0	0	0	0	0	0	0	0	0	0	0	0	0	0	0	0	0	0	0	0	0	0	0	0.104925	0	0	0	0	0	0	0	0	0	0	0	0	0	0	0	0	0	0	0	0	0	0	0	0.871991	0	0	0	0	0	0	0	0	0	0	0	0	0	0	0	0	0	0	0	0	0	0	0	0	0	0	0	0.390258	0	0
"CAG-314"	0	0	0	0.753311	0	0	0	0	0	0	0	0	0	0	0	0	0.700798	0	0	0	0.956774	0	0	0	0	0	0	0	0	0	0	0	0	0	0	0	0	0	0	0	0	0	0	0	0	0	0	0	0	0	0	0	0	0	0	0	0	0	0	0	0	0	0	0	0	0	0	0	0	0	0	0	0	0	0	0	0	0	0	0	0	0	0	0	0	0	0	0	0	0	0	0	0	0	0	0	0
"CAG-552"	0	0	0	0	0	0	0	0	0	0	0	0	0	0	0	0	0	0	0	0	0	0	0	0	0	0	0	0	0	0	0	0	0	0	0	0	0	0	0	0	0	0	0	0	0	0	0	0	0	0	0	0	0	0	0	0	0	0	0	0	0	0	0	0	0	0	0.482996	0	0	0	0	0	0	0	0	0	0	0	0	0	0	0	0	0	0	0	0	0	0	0	0	0	0	0	0	0	0
"UBA10677"	0	0	0	0	0	0	0	0	0	0	0	0	0	0	0	0	0	0	0	0	0	0	0	0.273863	0	0	0	0	0	0	0	0	0	0	0	0	0	0	0	0	0	0	0	0	0	0	0	0	0	0	0	0	0	0	0	0	0	0	0	0	0	0	0	0	0	0	0.129871	0	0	0	0	0	0	0	0	0	0	0	0	0	0	0	0	0	0	0	0	0	0	0	0	0	0	0	0.083111	0	0
"UBA11524"	0	0	0.631006	0	0.056957	0	0	0.81845	0	0	0	0	0	0	0	0	0.678285	0	0	0	0	1.173011	0	0.243434	0	0	0	0	0.715225	0	0	0	0	0	0	0	0	0	0	0	0.938818	0	0	0	0	0	0	0	0	0	0	0	0	0	0	0	0	0	0	0	0	0	0	0	0	0	0.606064	0	0	0.822455	0	0	0	0	0	0.302813	0	0	0	0	0	0	0	0.763957	0	0	0	0	0	1.137609	0	0	0	0	0.409048	0	0
"CAG-1138"	0	0	0	0	0	0	0	0	0	0	0	0	0	0	0	0	0	0	0	0	0	0	0	0	0	0	0	0	0	0	0	0	0	0	0	0	0	0	0	0	0	0	0	0	0	0	0	0	0	0	0	0	0	0	0	0	0	0	0	0	0	0	0	0	0	0	0	0	0	0	0	0	0	0	0	0	0	0	0	0	0	0	0	0	0	0	0	0	0	0	0	0	0	0	0.127195	0	0
"CAG-349"	0	0	0.070507	0	0	0	0	0	0	0	0	0	0	0	0	0	0	0	0	0	0	0	0	0	0	0	0	0	0	0	0	0	0	0	0	0	0	0	0	0	0	0	0	0	0	0	0	0	0	0	0	0	0	0	0	0	0	0	0	0	0	0	0	0	0	0	0	0	0	0	0	0	0	0	0	0	0	0	0	0	0	0	0	0	0	0	0	0	0	0	0	0	0	0	0	0	0
"CAG-475"	0	0	0	0	0	0	0	0	0	0	0	0	0	0	0	0	0	0	0	0	0	0	0	0	0	0	0	0	0	0	0	0	0	0	0	0	0	0	0	0	0	0	0	0	0	0	0	0	0	0	0	0	0	0	0	0	0	0	0	0	0	0	0	0	0	0	0.396416	0	0	0	0	0	0	0	0	0	0	0	0	0	0	0	0	0	0	0	0	0	0	0	0	0	0	0	0	0	0
"CAG-917"	0	0	0	0	0	0	0	0	0	0	0	0	0	0	0	0	0	0	0	0	0	0	0	0	0	0	0	0	0	0	0	0	0	0	0	0	0	0	0	0	0	0	0	0	0	0	0	0	0	0	0	0	0	0	0	0	0	0	0	0	0	0	0	0	0	0	0.727277	0	0	0	0	0	0	0	0	0	0	0	0	0	0	0	0	0	0	0	0	0	0	0	0	0	0	0	0	0	0
"Catabacter"	0	0	0	0	0	0	0	0	0	0	0	0	0	0	0	0	0	0	0	0	0	0	0	0	0	0	0	0	0	0	0	0	0	0	0	0	0	0	0	0	0	0	1.636685	0	0	0	0	0	0	0	0	0	0	0	0	0	0	0	0	0	0	0	0	0	0	0	0	0	0	0	0	0	0	0.309456	0	0	0	0	0	0	0	0	0	0	0	0	0	0.046453	0	0	0	0	0	0	0	0	0
"Christensenella"	0	0	0	0	0	0	0	0	0.326729	0	0	0	0	0	0	0	0	0	0	0	0.042345	0	0	0	0	0	0	0	0	0	0	0	0	0	0	0	0	0	0	0	0	0	0.476302	0	0	0	0	0.041652	0	0	0	0	0	0	0	0	0	0	0	0	0	0	0	0	0	0	0	0	0	0	0.03892	0	0	0.069172	0	0	0	0	0	0	0	0	0	0	0	0	0	0	0	0	0	0	0	0	0	0	0
"Christensenella_A"	0	0	0	0	0	0	0	0	0	0	0	0	0	0	0	0	0	0	0	0	0	0	0	0	0	0	0	0	0	0	0	0	0	0	0	0	0	0	0	0	0	0	0.193972	0	0	0	0	0	0	0	0	0	0	0	0	0	0	0	0	0	0	0	0	0	0	0	0	0	0	0	0	0	0	0	0	0	0	0	0	0	0	0	0	0	0	0	0	0	0	0	0	0	0	0	0	0	0
"QAKS01"	0	0	0	0	0	0	0	0	0	0	0	0	0	0	0	0	0	0	0	0	0	0	0	0	0	0	0	0	0	0	0	0	0	0	0	0	0	0	0	0	0	0	0	0	0	0	0	0	0	0	0	0	0	0	0	0	0	0	0	0	0	0	0	0.079313	0	0	0	0	0	0	0	0	0	0	0	0	0	0	0	0	0	0	0	0	0	0	0	0	0	0	0	0	0	0	0	0	0
"QANA01"	0	0	0	0	0	0	0	0.117343	0.05462	0	0	0	0	0	0	0.141538	0	0	0	0	0	0	0	0	0	0	0	0	0	0	0	0	0	0	0	0	0	0	0	0	0	0	0	0	0	0	0	0	0	0	0	0	0	0	0	0	0	0	0	0	0	0	0	0	0	0	0.886214	0	0	0	0	0	0	0	0	0	0	0	0	0	0	0	0	0.684263	0	0	0	0	0	0	0	0	0	0	0.057093	0	0
"GCA-900066905"	0	0	0	0	0	0	0	0	0.079448	0	0	0	0	0	0	0	0.101598	0	0	0	0.693546	0	0.045802	0	0	0	0	0	0	0	0	0	0	0	0	0	0	0	0	0	0	0	0.58882	0	0	0	0	0.038812	0	0	0	0	0	0	0	0	0	0	0	0	0.038349	0	0	0.16037	0	0	0	0	0	0	0	0	0	0	0	0	0	0	0	0	0	0	0	0	0	0	0	0	0	0	0.054887	0	0	0	0	0	0
"QALW01"	0	0	0	0	0	0	0	0	0	0	0	0	0	0	0	0	0.057726	0	0	0	0.100713	0	0	0	0	0	0	0	0	0	0	0	0	0	0	0	0	0	0	0	0	0	0	0	0	0	0	0	0	0	0	0	0	0	0	0	0	0	0	0	0	0	0	0	0	0	0	0	0	0	0	0	0	0	0	0	0	0	0	0	0	0	0	0	0	0	0	0	0	0	0	0	0	0	0	0.105054	0
"QAND01"	0	0	0	0.074658	0	0	0	0	0.066538	0	0	0	0	0	0	0	0.051376	0	0	0	0.183115	0	0	0	0	0	0	0	0	0	0	0	0	0	0	0	0	0	0	0	0	0	0.136678	0	0	0	0	0	0	0	0	0	0	0	0	0	0	0	0	0	0	0	0	0	0.032458	0	0.053804	0	0	0	0	0	0	0.047328	0	0	0	0	0	0	0	0	0	0	0	0	0	0	0.068804	0	0.079084	0	0	0	0	0.042565	0
"Desulfitobacterium"	0	0	0	0	0	0	0	0	0	0	0	0	0	0	0	0	0	0	0	0	0	0	0	0	0	0	0	0	0	0	0	0	0	0	0	0	0	0	0	0	0	0	0	0	0	0	0	0	0	0	0	0	0	0	0	0	0	0	0	0	0	0	0	0	0	0	0	0	0	0	0.035584	0	0	0	0	0	0	0	0	0	0	0	0	0	0	0	0	0	0	0	0	0	0	0	0	0	0
"QAKL01"	0	0	0.072284	0	0	0	0	0.116605	0	0	0	0	0	0	0	0	0	0	0	0	0	0	0	0	0	0	0	0	0.144253	0	0	0	0	0	0	0	0	0	0	0	0	0	0	0	0	0	0	0	0	0	0	0	0	0	0	0	0	0	0	0	0	0	0	0	0	0	0	0	0	0	0	0	0	0	0	0	0	0	0	0	0	0	0	0	0	0	0.046723	0	0	0	0.13102	0	0	0	0	0	0
"Acidaminococcus"	1.882132	1.142801	0	0.893447	0.878367	0	0	0	1.291027	0.457856	1.292939	1.1904	1.148174	1.733181	1.982232	1.181538	0.288055	0.032007	0	1.64367	0	0	1.125963	0.247781	1.465854	1.422536	1.335334	2.17415	0.070449	1.355765	1.547362	1.294114	0	0	0.090952	1.422773	1.783049	1.237667	1.664738	0.830614	1.002493	0.896476	0.993332	1.986778	1.586822	0	1.245222	0	1.532982	1.127039	0.707829	0	1.168585	1.903358	2.126885	0	1.437813	1.589587	1.339311	0	1.744152	2.190568	1.336001	1.099054	0	1.641582	0	0	1.245311	0.971858	2.544258	0	0	0.840991	0	0.81836	0	1.158368	0	0.096477	0	0	1.223906	0.25969	0.78804	1.244972	0	1.203383	1.111262	0.276484	0	1.563944	0	0	0	1.26337	0
"Phascolarctobacterium"	0.839534	1.05331	0.037327	0.279661	0.133127	0.879704	1.047351	0.888561	0.698148	0.054077	1.146763	0.994144	0.967534	1.395131	1.194577	0	0.092939	1.463592	1.054399	0.217238	0.198565	0.901357	0.81451	0	0.272191	0	0.395085	1.104377	0.24892	0	0.755315	1.123595	0	0.268585	0.874792	1.194189	1.705702	0	0	0.139954	0	0	0.602626	0.955797	0.751716	0	0.557361	0.732691	0	0.276379	1.149716	1.235362	0	1.577801	1.125998	0.934101	1.172604	0.774984	0	0.518156	0.539839	1.196343	1.254938	1.071164	0.791258	0	0.693882	0	0.146014	0.727044	0	0.151669	0.774291	0.562117	0.867611	0	0.397808	1.120332	1.133622	0.964773	1.096303	1.506953	0.922228	0	0.03021	0.907507	0.664316	0.17354	0	0.481922	0.112724	1.098242	0	2.48107	0	0.959074	1.159282
"Phascolarctobacterium_A"	0	0	0	0	0	0	0	0	0	0	0	0	0	0	0	0	0	0	0	0	0	0	0	0	0	0	0	0	0	0.694438	0	0	0.580341	0	0	0	0	0	0	0	0	0.237686	0	0	0	0	0	0	0	0	0	0	0	0	0	0	0	0	0	0	0	0	0	0	0	0.385331	0	0.675137	0	0	0	0	0	0	0	0.209861	0	0	0	0	0	0	0	0.542052	0	0	0	0	0	0	0	0	0.409095	0	0	0	0
"Megamonas"	2.06398	1.218868	0.913034	0.524441	0	0	0	1.045756	0	0	1.332057	1.135706	0	2.081964	1.373864	0	0	0	0	1.583161	0.296417	0	1.010695	0	1.440534	0	0	0	0	1.347711	0	0	0	0.997709	0	1.431318	0	1.390523	1.062649	1.087335	0	1.092945	0	0	0	0	1.288161	1.359359	1.446088	1.135649	0	0	0.987319	1.72648	0	0	1.464334	0	0.867966	0	0	0	0	0	0	0	0	0	0	1.040642	0	0	0	0.961132	1.157378	0	0	0	0	1.250849	0	0	0.70652	0.335949	0	1.283279	0	0	1.053659	0	0.612606	1.652764	1.843439	3.131342	0	1.375669	1.11317
"Mitsuokella"	0	0	0	0	0	0	0	0	0	0.346096	0	0	0	0	0	0.583736	0.973267	0	0	0.647747	0	0	0	0	0	0	0	0	0	0	0	0	0	0	0	0	0	0	0.459777	0	0.604136	0.288521	0	0.388022	0	0	0	0	0.795992	0	0	0	0	0	0	0	0	1.72777	0	0	0	0	0	0	0	0.433648	0	0.383935	0	0.575423	0.424784	0	1.967911	0	0	0.388098	0	0	0	0	0	0	0.569749	0	0.719853	0	0	0	0	0	0	0	0	0	0.514562	0	0
"Allisonella"	0	0.04743	0	0	0	0	0.230947	0	0	0.033348	0	0.049064	0.109703	0.266953	0.04734	0.18022	0.061767	0	0	0	0	0	0	0	0	0.382864	0	0	0	0.121706	0	0	0.266335	0	0	0.131382	0	0.237158	0.21034	0.160657	0	0.22326	0	0	0	0	0	0.166607	0.116931	0	0.091007	0.169704	0.066336	0.513971	0.091499	0	0	0.179734	0.356383	0	0.058261	0	0.134421	0	0.049048	0.083347	0	0.238335	0	0.0392	0	0	0	0	0	0	0	0.214385	0	0.040269	0	0	0	0	0.094945	0	0	0	0	0	0	0.204045	0.082823	0.390599	0	0	0
"Dialister"	0	0	0.061027	0.572785	0.787099	0	0.45601	0	0	1.025669	1.172498	0	0	0.092562	0	0.352527	0.633258	0.613952	0	1.126861	0.516726	0.272484	0	0.687557	0.806627	1.194798	0	0	0.630686	0	1.200698	0	0	0	0	0	0	0.915281	0.689666	0.070391	0.738474	0	0.607458	0	1.239969	1.736422	0.713119	0	1.231535	0	0	0	0.85002	0	0	0	0	1.123824	1.115135	0.885184	0.851058	0	0	0.789646	0	0.086971	0	0	0	0.684146	0.981897	0	0.97875	0	0	0.592209	0	0.100277	0	0	0	0	0.715899	0	0.779409	0.947638	0	0	0.748842	0	0.515227	0	0	0	0.052034	0	0
"UBA5809"	0	0	0.072284	0	0	0	0	0	0	0	0	0	0	0	0	0	0	0	0	0	0	0	0	0	0	0	0	0	0	0	0	0	0	0	0	0	0	0	0	0	0	0	0	0	0	0	0	0	0	0	0	0	0	0	0	0	0	0	0	0	0	0	0	0	0	0	0	0	0	0	0	0	0	0	0	0	0	0	0	0	0	0	0	0	0	0	0	0	0	0	0	0	0	0	0	0	0
"Megasphaera"	1.182015	0.944131	0	0.645607	0.76514	0	0	0	0	0.999531	1.096322	0.947494	1.212511	3.365752	2.549304	0	0.602086	0	0	1.025682	0.250638	0	0.697715	0.692628	0	1.300416	0	0	0.672285	1.110564	0	0	0	0	0	2.611621	1.260618	1.012553	0.879676	1.130397	0.869707	0.635433	0	0.958389	0	0	0.914342	0	2.733407	0.941065	0.459077	1.148929	0.030854	3.188926	0.976612	0	0.499162	2.401291	1.146749	0	0.725685	0	1.096917	0	0	1.226053	0	0	0.334824	0.746274	1.298817	0.374226	0	0.385181	1.261289	0.401514	0.612965	0.771093	0	0	0	0	0.823753	0.220531	0.275339	0.565482	0	0.254174	0	0	0	0.924203	0	1.084514	0.793525	1.320425	0
"Megasphaera_B"	0	0	0	0	0	0	0	0	0	0.844509	0.032941	0	0	0	0	1.071648	0.808169	0	0	0	0	0	0.596188	0.636841	0	0	0	0	0.23483	0.898474	0	0	0	0	0	0	0	0	1.072032	0	0.550556	0.727485	0	1.149376	0	0	0	0	0	0.561367	0	0	0	0	0	0	0	0	0	0	0	0	0	0	0	0	0	0	0	0.070264	0	0	0	0.982248	0	0	0	0	0	1.214775	0	0	0	0	0.472997	0	0	0	0	0	0	0	0	0	0	0	0
"Veillonella"	0	0	0	0	0	0	1.151792	0.169004	0	0.4191	0	0	0	0	0	0	0	0	0	0.1726	0	0	0	0	0	0	0	0.848304	0	0.163766	0	0.02639	0	0	0.093432	0	0	0	0	0.85463	0	0	0	0	1.787441	0.625902	0	0	0.102986	0	0	0	0	0	0	0	0	0	0	0.65766	0	0.079885	0	0	0	0.561689	0	0.091	0	0	0	0	0	0.497313	0	0.299938	0	0	0	0	0	0	0	0	0	0	0	0	0	0.337259	0	0	0	0	0	0	0.045303
"Veillonella_A"	0	0	0	0	0	0	0.035304	0	0	0	0	0	0	0	0	0	0	0	0	0	0	0	0	0	0	0	0	0	0	0	0	0	0	0	0	0	0	0	0	0	0	0	0	0	0	0.082036	0	0	0	0	0	0	0	0	0	0	0	0	0	0	0	0	0	0	0	0	0	0	0	0	0	0	0	0	0	0	0	0	0	0	0	0	0	0	0	0	0	0	0	0	0	0	0	0	0	0	0
"Cetobacterium_A"	0	0	0	0	0	0	0	0	0	0	0	0	0	0	0.387784	0	0	0	0	0	0	0	0	0	0	0	0	0	0	0	0	0	0	0	0	0	0	0	0	0	0	0	0	0	0	0	0	0	0	0	0	0	0	0	0	0	0	0	0	0	0	0	0	0	0	0.930109	0	0	0	0	0	0	0	0	0	0	0	0	0	0	0	0	0	0	0	0	0	0	0	0	0	0	0	0	0	0	0
"Fusobacterium_A"	1.033506	2.10662	0	0	0	0	0.832586	0	0	0.067597	0	0	0	0	0.041297	0	0	0	1.560465	0	0	0	0	0	0	0	0	0	1.065457	0	0	1.547862	0	0	0	0	0.291747	0.900459	0	0	0	0	0.340315	0	0	0.183821	0	0	0	0	0	0.96763	0	2.005896	0	1.495818	0	0	0	0	0	1.940327	0	0	0	1.836059	0	0	0	0	0	0	0	0	1.793514	0	0	0	0	0	1.154455	0.873916	0	0	0	0	0	0	0	0	0	0.036008	0	0	0	0	0.097079
"51-20"	0	0	1.294008	0.986464	0	0	0	0	0	0	0	0	0	0	0	0	0	0	0	0	0	0	0	0	0	0	0	0	0	0	0	0	0	0	0	0	0	0	0	0	0	0	0	0	0	0	0	1.557205	0	0	0	0	0	0	0	0	0	0	0	0	0	0	0	0	0	0	0	0	0	1.207056	0	0	0	0	0	0	0	0	0	0	0	0	0	0	0	0	0	0	0	0	0	0	0	0	0	0	0
"CAG-267"	0	0	0.977023	0	0	0	0	0	0	0	0	0	0	0	0	0	0	0	0	0	0	0	0	0	0	0	1.32991	0	0	0	0	0	0	0	0	0	0	0	0	0	0	0	0	0	0	0	0	0	0	0	0	0	0	0	0	0	0	0	0	0	0	0	0	0	0	0	0	0	0	0	0	0	0	0	0	0	0	0	0	0	0	0	0	0	0	0	0	0	0	0	0	0	0	0	0	0	0
"CAG-495"	0	0	0	0	0	0	0	0	0	0	0	0	0	0	1.41919	0	0	0	0	0	0	0	0	0	0	0	0	0	0	0	0	0	0	0	0	0	0	0	0	0	0	0	0	0	0	0	0	0	0	0	0	0	0	0	0	0	0	0	0	0	0	0	0	0	0	0	0.572669	0	0	0	0	0	0	0	0	0	0	0	0	0	0	0	0	0	1.147967	0	0	0	0	0	0	1.073036	1.190894	0	0	0	0
"Rs-D84"	0	0	0	0	0	0	0	0	0	0	0	0	0	0	0	0	0	0	0	0	0	0	0	0	0	0	0	0	0	0	0	0	0	0	0	0	0	0	0	0	0	0	0	0	0	0	0	0	0	0	0	0	0	0	0	0	0	0	0	0	0	0	0	0	0	0	0	0	0	0	0	0	0	0	0	0	0	0	0	0	0	0	0	0	0	0	0	0	0	0	0	0	0	0	0.087447	0	0
"CAG-521"	0	0	0	0.088121	0	0	0	0	0	0	0	0	0.098156	0	0	0	0	0	0	0	0	0	0	0	0	0	0	0	0	0	0	0	0	0.077389	0	0	0	0	0	0	0	0	0	0	0	0	0	0	0	0.091265	0	0	0	0	0.13258	0	0	0	0	0	0.087761	0	0	0	0	0.233131	0	0	0	0	0	0	0	0	0	0	0	0.140906	0	0	0	0	0	0	0	0	0	0	0	0	0	0	0	0	0	0	0
"Comamonas"	0	0	0.041475	0	0	0	0	0	0	0.781419	0	0	0	0	0	0	0	0	0	0	0	0	0	0	0	0	0	0	0	0	0	0	0	0	0	0	0	0	0	0	0	0	0	0	0	0.025826	0	0	0	0	0	0	0	0	0	0	0	0	0	0	0	0	0	0	0	0	0	0	0	0	0	0	0	0	0	0.06612	0	0	0	0	0	0	0	0	0	0	0	0	0	0	0	0	0	0	0	0	0
"Duodenibacillus"	0	0	0	0	0	0	0	0	0	0	0	0	0	0	0	0.487033	0	0	0	0	0	0	0	0	0	0	0	0	0	0	0	0	0	0.944599	0	0	0	0	0	0	1.042872	0	0	0	0	0	0	0	0.649023	0.385725	0	0	0.929468	1.598308	0	0	0	0	0	0	0	0	0	0	0.272649	0	0.589367	0	0.399439	0	0	0	0	0	0	0	0.945762	0	0	0	0	0	0	0	0	0	0	0	0	0	0.26263	0	0	0	0	0	0.343012
"Mesosutterella"	0.447044	1.215289	0	0.904462	0.907874	0	0	0	0	0	1.211616	0	0.665644	0	1.495739	0	0	0	0	0	0.836032	0	0	0.101431	0	1.433538	0	0	0.038244	0	1.452087	0	0	0	1.007086	1.218757	0	0	0.90157	0	0.138221	0.230817	0	1.134684	0	0	1.153451	0	1.257281	0	1.16185	1.225875	1.087594	0	0	1.032806	1.282476	0	1.422659	0.320526	0.884244	0	0.150839	0	0	0	0	0.200201	1.249507	0	1.653545	1.024588	1.301529	0	0	0	0	0.078665	0	0	0	0	1.017577	0.048091	1.143651	0	0.299877	0	0	0	0.911237	0	0	0	0	0	0
"Oxalobacter"	0	0.034007	0	0	0	0	0	0	0	0	0	0	0	0	0	0	0.038099	0	0	0	0	0	0	0	0	0	0.190762	0	0	0	0	0	0	0	0	0	0	0	0	0	0	0	0	0	0	0	0	0	0	0	0	0	0	0	0	0	0	0	0	0	0	0	0.095429	0.438402	0	0	0	0	0	0	0.676096	0	0	0	0.06505	0	0	0	0	0.34564	0.404202	0	0.551774	0	0.11566	0	0.037378	0	0	0	0	0	0	0	0	0	0
"Parasutterella"	0.328843	0.836741	0	0	0.328015	0.20191	1.067945	0	0	0	0	0.140757	0	0.073781	1.059608	0	0	0	1.513628	0	0.162514	0	0	0.065206	0	0.383964	0	0	0	0	1.023922	0	1.310949	0	0	0.577868	0.175048	0	0.276023	0.070391	0	0	0.6116	0	0	2.070642	0.687861	0	0	0	0	0	0	0	0	0	0.89224	0	0	0.034046	0	0	0.780873	0.974419	0	0	0	0	0	0	0	0.958646	0	0	0.033792	0	0	0	0	0	1.026712	0	0.591633	0	0	0	0.963344	0.507472	0	0	0.06728	0.81618	0.224626	0	0	0.164827	0
"Sutterella"	0	0	1.046345	0.518934	0	0.745097	0	1.309963	1.161925	2.008977	0	1.113184	0	2.099403	0	1.12967	0.583614	0	0	0.094236	0	0.628873	0.748097	0.641913	0.982059	1.390631	1.685215	0.98079	1.005072	1.66003	0	0	0	0	0	0	2.179282	2.208532	0	1.475728	0.818456	2.650958	0	0	1.884125	0	0	0	0.144823	0.873047	0	0	0	2.349398	1.013958	0	0	2.579093	1.454274	1.517102	0.672586	0	1.231338	0	0.396711	1.520789	0	1.686542	1.077479	1.380866	0	0	0	1.068168	0.994331	1.84179	0	1.109959	2.337267	0.96729	1.474766	2.599639	0	1.559516	0	1.069855	0	1.283141	0.950453	0.907348	0	1.843606	1.877322	0	0.108405	1.635588	0.427146
"Turicimonas"	0	0	0	0	0	0	0	0	0	0	0.222353	0	0	0	0	0	0	0	0	0	0	0	0	0	0	0	0	0	0	0	0	0	0	0	0	0	0	0	0	0	0	0	0.145652	0	0	0	0	0	0	0	0	0	0	0	0	0	0	0	0	0	0	0	0	0	0	0	0	0	0	0	0	0	0	0	0	0	0	0	0	0	0	0	0	0	0	0	0	0	0	0	0	0	0	0	0	0	0
"Aeromonas"	0	0	0	0	0	0	0	0	0	0	0	0	0	0	2.145404	0	0	0	0	0	0	0	0	0	0	0	0	0	0	0	0	0	0	0	0	0	0	0	0	0	0	0	0	0	0	0	0	0	0	0	0	0	0	0	0	0	0	0	0	0	0	0	0	0	0	0	0	0	0	0	0	0	0	0	0	0	0	0	0	0	0	0	0	0	0	0	0	0	0	0	0	0	0	0	0	0	0
"Citrobacter"	0	0	0	0	0	0.276012	3.731925	0	0	0	0	0	0	0	0	0	0	0	0	0	0	0	0	0	0	0	0	0	0	0.064432	0	0	0	0	0	0	0	0	0.057863	0	0	0	0	0	3.457653	0.034941	0	0	0	0	0	0	0	0	0	0	0	0	0.129333	0.156111	0	0	0	0	0	0	0	0	0	0	0	0	0	0	0	0	0	0	0	0	0	0	0	0	0	0	0	0	0	0	0	0	0	0	0	0	0
"Cronobacter"	0	0	0	0	0	0	0	0	0	0	0	0	0	0	0	0	0	0	0	0	0	0	0	0	0	0	0	0	0	0	0	0	0	0	0	0	0	0	0	1.262898	0	0	0	0	0.04955	0	0	0	0	0	0	0	0	0	0	0	0	0	0	0	0	0	0	0	0	0	0	0	0	0	0	0	0	0	0	0	0	0	0	0	0	0	0	0	0	0	0	0	0	0	0	0	0	0	0	0	0
"Enterobacter"	0	0	0	0	0	0.12237	0.057369	0	0	0	0	0	0	0	0	0	0	4.294755	0	0.134906	0	0	0	0	1.734428	0	0	0	0	3.708443	0	0	0	0	0.334868	0	0	0	0.071156	0.057969	0	0	0.764845	0	3.068501	0.072921	0	0	0	0	0	0	0	0	0	0	0	0	0	0	0	0	0	1.45117	0	0	0	0	0	1.979217	0	0.235746	0.040702	0.039319	0	0	0	0	0	0	0	0	0	0	0	0	0.107888	0	0	0	0	0	0	0	0.472646	0	0
"Escherichia"	0.183364	0.729352	0	1.381171	0.860525	1.955879	0.116209	0.078229	0	0	0	0.313686	0	0	3.068028	0	0.199733	0.167309	1.496493	0.835226	0.619156	0	2.232841	2.084405	0.093142	3.267542	0.332704	0.512146	2.092671	0.125285	1.244318	2.34463	0.606249	0	0.377037	0.111087	3.665156	2.642086	0.752221	1.043444	0	0.649859	1.975619	2.6427	1.925215	0.609191	0.807416	0.531059	0.502054	0.563089	0.026291	0	0.978834	0.166624	0	0	0	2.021529	0.827729	1.386732	1.802413	2.516843	0.651583	0.063625	0	2.615176	0.576998	0	0	0.641988	0.851793	2.414336	1.813621	1.193406	1.116828	1.125006	0.066559	2.318465	0	0	0.594864	0	1.058999	0.054274	2.387426	1.585173	1.442467	0.511854	0.415223	1.964494	0	0	0.036392	0.663364	0.934451	0.158487	2.007103
"Hafnia"	0	0	0	0	0	0	0	0	0	0	0	0	0	0	0	0	0	0	0	0	0	0	0	0	0	0	0	0	0	0	0	0	0	0	0	0	0	0	0	0	0	0	0	0	0	0	0	0	0.134096	0	0	0	0	0	0	0	0	0	0	0	0	0	0	0	0	0	0	0	0	0	0	0	0	0	0	0	0	0	0	0	0	0	0	0	0	0	0	0	0	0	0	0	0	0	0	0	0
"Klebsiella"	0	0	0	0	0.350661	1.452803	3.948162	0.347601	0	0.892278	2.425291	0.628981	0	0.041586	0.892407	0	0	1.354477	0	0	0	0.222639	2.133604	0.636841	0.162772	0	0	0.870055	0.685033	1.795159	0.044768	0.029435	0	0	0.869004	0	0	0	0.062555	1.774682	0	0.695198	0	0	1.841825	4.668439	0	0	1.286246	0.811916	0	0	0	0.56524	0	0	0.316357	0.472528	0.640915	0.178531	0	0	0	0.46542	0	1.12821	0	0.136067	0	0.711512	0	0.413792	0.793223	0.270865	1.888976	0.634373	0.058046	0.616355	0.804323	0	0.046712	0	0.197732	0	0	0.1587	0.870747	0.80021	0	0.300452	1.129603	0	0.761721	0.034914	2.404423	0.042565	0.03236
"Klebsiella_A"	0	0	0	0	0	0	0	0	0	0	0	0	0	0	0	0	0	0	0	0	0	0	0	0	2.872025	0	0	0	0	1.113249	0	0	0	0	0	0	0	0	0	0	0	0	0	0	0.029005	0.031903	0	0	0	0	0	0	0	0	0	0	0	0	0	0	0	0	0	0	0	0	0	0	0	0	0	0	0	0.035678	0	0	0	0	0	0	0	0	0	0	0	0	0	0	0	0	0	0	0	0	0	0	0
"Klebsiella_B"	0	0	0	0	0	0	0	0	0	0	0	0	0	0	0	0	0	0	0	0	0	0	0	0	0	0	0	0	0	0.072486	0	0	0	0	0	0	0	0	0	0	0	0	0	0	0.15832	0	0	0	0	0	0	0	0	0	0	0	0	0	0	0.068091	0	0	0	0	0	0	0	0	0	0	0	0	0	0.688812	0	0	0	0	0	0	0	0	0	0	0	0	0	0	0	0	0	0	0	0	0	0	0
"Kluyvera"	0	0	0	0	0.065878	0	0.20594	0	0	0	0	0	0	0	0	0	0	0	0	0	0	0	0	0	0	0	0	0	0	0.092174	0	0	0	0	0	0	0	0	0	0	0	0	0	0	0	2.110141	0	0	0	0	0	0	0	0	0	0	0	0	0	0	0	0	0	0	0	0	0	0	0	0	0	0	0	0	0	0	0	0	0	0	0	0	0	0	0	0	0	0	0	0	0	0	0	0	0	0	0
"Plesiomonas"	0	0	0	0	0	0	0	0	0	0	0	0	0	0	0.977015	0	0	0	0	0	0	0	0	0	0	0	0	0	0.976893	0	0	0	0	0	0	0	0	0	0	0	0	0	0	0	0	0	0	0	0	0	0	0	0	0	0	0	0	0	0	0	0	0	0	0	0	0	0	0	0	0	0	0	0	0	0	0	0	0	0	0	0	0	0	0	0	0	0	0	0	0	0	0	0	0	0	0	0
"Raoultella"	0	0	0	0	0	0	0	0	0	0	0	0	0	0	0	0	0	0	0	0	0	0	0	0	0.64928	0	0	0	0	0.042955	0	0	0	0	0	0	0	0	0	0	0	0	0	0	0	0.034941	0	0	0	0	0	0	0	0	0	0	0.045464	0	0	0	0	0	0	0	0	0	0	0	0	0	0	0	0	0	0	0	0	0	0	0	0	0	0	0	0	0	0	0	0	0	0	0	0	0	0	0	0
"Salmonella"	0	0	0	0	0	0.050308	0.08826	0	0	0	0	0	0	0	0	0	0	0.033462	0	0	0	0	0	0	0.049736	0.045107	0	0	0	0.074276	0	0	0	0	0	0	0	0	0	0.03561	0	0	0	0	0.101518	0.089632	0	0	0	0	0	0	0	0	0	0	0	0	0.048859	0.031554	0	0.025024	0	0	0	0.042278	0	0	0	0	0	0	0.038809	0	0	0	0	0	0	0	0	0	0	0	0	0	0	0	0	0	0	0	0	0.039278	0	0	0
"Aggregatibacter"	0	0	0	0	0	0	0	0	0	0.034249	0	0	0	0	0	0	0	0	0	0	0	0	0	0	0	0	0	0	0	0	0	0.027405	0	0	0	0	0	0	0	0	0	0	0	0	0.041091	0	0	0	0	0	0	0	0	0	0	0	0	0	0	0	0	0	0	0	0	0	0	0	0	0	0	0	0	0	0	0	0	0	0	0	0	0	0	0	0	0	0	0	0	0	0	0	0	0	0	0	0
"Haemophilus"	0	0	0	0	0	0	0.051485	0	0	0.091932	0	0	0	0	0	0	0	0	0	0	0	0	0	0	0	0	0	0	0	0	0	0.082214	0	0	0	0	0	0	0	0.048032	0	0	0	0	0.064053	0	0	0	0	0	0	0	0	0	0	0	0	0	0	0.06477	0	0	0	0	0	0	0	0	0	0	0	0	0	0	0	0.07187	0	0	0	0	0	0.06982	0	0	0	0	0	0	0	0	0	0	0	0	0	0	0
"Haemophilus_A"	0	0	0	0	0	0	0	0	0	0	0	0	0	0	0	0	0	0	0	0	0	0	0	0	0	0	0	0	0	0	0	0	0	0	0	0	0	0	0	0	0	0	0	0	0	0	0	0	0	0	0	0	0	0	0	0	0	0	0	0	0	0	0	0	0	0	0	0	0	0	0	0	0	0	0	0.120742	0	0	0	0	0	0.031419	0	0	0	0	0	0	0	0	0	0	0	0	0	0	0
"Haemophilus_D"	0	0	0	0	0	0	0.466307	0.140959	0	0.503821	0	0	0	0	0	0	0	0	0	0	0	0	0	0	0	0	0	0	0	0	0	0.671924	0	0	0	0	0	0	0	0.16811	0	0	0	0	0.607899	0	0	0	0.059002	0	0	0	0	0	0	0	0	0	0	0.611989	0	0	0	0	0	0	0	0	0	0	0	0	0	0.412122	0	0.507882	0	0	0	0	0	0.286263	0	0	0	0.038307	0	0	0	0.062487	0	0	0	0	0	0	0
"Succinatimonas"	0	0	0	0	0	0	0	0	0	0	0	0	0	0	0	0	0	0	0	0	0	0	0	0	0	0	0	0	0	0	0.865513	0	0	0	0	0	0	0	0	0	0	0	0	0	0	0	0	0	0	0.175643	0	0	0	0	0	0	0	0	0	0	0	0	0	0	0	0	0	0	0	0	0	0	0	0	0	0	0	0	0	0	0	0	0	0	0	0	0	0	0	0	0	0	0	0	0	0	0
"Succinivibrio"	0	0	0	0	0	0	0	0	0	0	0	0	0	0	0	0	0	0	0	0	0	0	0	0	0	0	0	0	0	0	0	0	0	0	0	0	0	0	0	0	0	0	0	0	0	0	0	0	0	0	0	0	0	0	0	0	0	0	0	0	0	0	0	0	0	0	0	0	0	0	0	0	0	0	0	0.676537	0	0	0	0	0	0	0	0	0	0	0	0	0	0	0	0	0	0	0	0	0
"Pseudomonas"	0	0	0	0	0	0	0	0	0	0	0	0	0	0	0	0	0	0	0	0	0	0	0	0	0	0	0	0	0	0	0	0	0	0	0	0	0	0	0	0	0	0	0	0	0	0	0	0	0	0	0	0	0	0	0	0	0	0	0	0	0	0	0	0	0	0	0	0	0	0	0	0	0	0	0	0	0	0	0	0	0	0	0	0	0	0	0	0	0	0	0	0	0	0	0	0	0.050966
"Pyramidobacter"	0	0	0	0	0	0	0	0	0	0	0	0	0	0	0	0	0	0	0	0	0	0	0	0	0	0	0	0	0	0	0	0	0	0	0	0	0	0	0	0	0	0	0	0	0	0	0	0	0	0	0	0	0	0	0	0	0	0	0	0	0.480103	0	0	0	0	0	0	0	0	0	0	0	0	0	0	0	0	0	0	0	0	0	0	0	0.029347	0	0	0	0	0	0	0	0	0	0	0	0
"An23"	0	0	0	0.050792	0	0	0	0	0	0	0	0	0	0	0	0	0	0	0	0	0	0	0	0	0	0	0	0	0	0	0	0	0	0	0	0	0	0	0	0	0	0	0	0	0	0	0	0	0	0	0	0	0	0	0	0	0	0	0	0	0	0	0	0	0	0	0	0	0	0	0	0	0	0	0	0	0.044889	0	0	0	0	0	0	0	0	0	0	0	0	0	0	0	0	0	0	0	0
"Cloacibacillus"	0	0	0	0	0	0	0	0	0	0	0	0	0	0	0	0	0	0	0.211337	0	0.601417	0	0.080153	0	0	0	0	0	0	0	0	0	0	0	0	0	0	0	0	0	0	0	2.556846	0	0	0	0	0	0	0	0	0	0	0	0	0	0	0	0	0	0	0	0	0.092387	0	0	0.095857	0	0	0	0	0	0	0	0	0	0	0	0	0	0	0	0.042985	0	0	0	0	0	0	0	0	0	0	0	0	0.355011	0.131865
"UBA11452"	0	0	2.035218	0.094852	0.042546	0	0	0	0	0	0	0	0	0	0	0	2.275574	0	0	0	0	0	0	0.103604	0	0	0	0	0	0	0	0	0	0	0	0	0	0	0	0	0	0	0	0	0	0	0	0	0	0	0	0	0	0	0	0	0	0	0	0	0	0	0	0	0	0	1.141009	0	0	0	0	0	0	0	0	0	0.055724	0	0	0	0	0	0	2.256832	0	0	0	0	0	0	0.275614	0	0	0	0.075884	0	0
"Victivallis"	0	0	1.265568	0.190928	0	0	0	0	0	0	0	0	0	0	0	0.183736	0.093517	0	0	0	1.658903	0.181933	0	0.113748	0	0	0.066902	0	0	0	0	0	0	0	0	0	0	0	0	0	0	0	0.455593	0	0	0	0	0	0	0	0	0	0	0	0	0	0.045464	0	0	0	0	0	0	0.118534	0.567657	0	1.332723	0	0	0	0	0	0	0	0	0	0.294099	0.168568	0	0	0	0	0.105509	0.403276	0	0	0	0	0.299217	0	0	0	0	0	0	1.023375	0
"CAG-312"	0	0.056379	0.365569	0	0.38703	0	0	0	0	0	0	0	0	0	0	0	0	0	0	0	1.61713	0	0	0.105053	0	0	0	0	0	0	0	0	0	0	0	0	0	0	0	0	0	0	0	0	0	0	0	0	0	0	0	0	0	0	0	0	0	0	0	0	0	0	0	0	0	0	1.249235	0	0	0	0	0	0	0	0	0	0	0	0	0	0	0	0	0	0	0	0	0	0	0	0	0	0	0	0.211028	0	0
"Akkermansia"	0	0	0.553982	0.680489	0	0	0	0	1.668405	0	0.0525	0	0	0	0	0	0	0	0	0.030751	0	0	1.299247	0.680312	0	0.046208	0.752199	0	0	0	0	0	0	0	1.118709	1.156804	0	0	0	0	0.820786	0	0.042798	0	0	0	0	0	0	0	0.532894	0	0	0	1.261379	0	1.386666	0	0	0.081377	0.036874	0	0	0	0.077178	0	0	0	0	0	0	0	0.048275	0	0	0	0	0	0	0	1.510992	0	1.198896	0.998228	0	0	0	0	0.057603	0	0	0	0	0	1.160656	1.210842	0
"Chlamydia"	0	0	0	0	0	0	0	0	0	0	0	0	0	0	0	0	0	0	0	0	0	0	0	0	0	0	0	0	0	0	0	0	0	0	0	0	0	0	0	0	0	0	0	0	0	0	0	0	0	0	0	0	0	0	0	0	0	0	0	0	0	0	0	0	0	0	0	0	0	0	0	0	0	0	0	0	0	0	0	0	0	0	0	0	0	0	0	0	0	0	0	0	0	0	0.054925	0	0
