#Datasets	 AA_0001	 AA_0003	 AA_0004	 AA_0006	 AA_0008	 AA_0009	 AA_0010	 AA_0012	 AA_0013	 AA_0014	 AA_0015	 AA_0016	 AA_0017	 AA_0018	 AA_0019	 AA_0021	 AA_0023	 AA_0025	 AA_0026	 AA_0027	 AA_0030	 AA_0032	 AA_0033	 AA_0034	 AA_0035	 AA_0036	 AA_0037	 AA_0038	 AA_0039	 AA_0040	 AA_0041	 AA_0042	 AA_0043	 AA_0044	 AA_0045	 AA_0046	 AA_0047	 AA_0048	 AA_0049	 AA_0050	 AA_0052	 AA_0053	 AA_0054	 AA_0055	 AA_0057	 AA_0058	 AA_0060	 AA_0061	 AA_0062	 AA_0065	 AA_0071	 AA_0080	 AA_0092	 AA_0093	 AA_0096	 AA_0097	 AA_0098	 AA_0099	 AA_0100	 AA_0102	 AA_0103	 AA_0104	 AA_0105	 AA_0106	 AA_0109	 AA_0111	 AA_0112	 AA_0113	 AA_0115	 AA_0116	 AA_0117	 AA_0118	 AA_0119	 AA_0120	 AA_0121	 AA_0123	 AA_0125	 AA_0126	 AA_0127	 AA_0128	 AA_0129	 AA_0130	 AA_0131	 AA_0132	 AA_0133	 AA_0134	 AA_0135	 AA_0136	 AA_0137	 AA_0138	 AA_0139	 AA_0141	 AA_0142	 AA_0143	 AA_0151	 AA_0152	 AA_0153
"Actinomyces graevenitzii"	0	0	0	0	0	0	0	0	0	0	0	0	0	0	0	0	0	0	0	0	0	0	0	0	0	0	0	0	0	0	0	0	0	0	0	0	0	0	0	0.058037	0	0	0	0	0	0	0	0	0	0	0	0	0	0	0	0	0	0	0	0	0	0	0	0	0	0.160175	0	0	0	0	0	0	0	0	0	0	0	0	0	0	0	0	0	0	0	0	0	0	0	0	0	0	0	0	0	0	0
"Pauljensenia odontolytica_A"	0	0	0	0	0	0	0	0	0	0.04121	0	0	0	0	0	0	0	0	0	0	0	0	0	0	0	0	0	0	0	0	0	0	0	0	0	0	0	0	0	0	0	0	0	0	0	0	0	0	0	0	0	0	0	0	0	0	0	0	0	0	0	0	0	0	0	0	0	0	0	0	0	0	0	0	0	0	0	0	0	0	0	0	0	0	0	0	0	0	0	0	0	0	0	0	0	0	0
"Pauljensenia odontolytica_B"	0	0	0	0	0	0	0	0.042986	0	0.036418	0	0	0	0	0	0	0	0	0	0	0	0	0	0	0	0	0	0	0	0	0	0	0	0	0	0	0	0	0	0	0	0	0	0	0	0	0	0	0	0	0	0	0	0	0	0	0	0	0	0	0	0	0	0.063195	0	0	0	0	0	0	0	0	0	0	0	0	0	0	0	0	0	0	0	0	0	0	0	0	0	0	0	0	0	0	0	0	0
"Pauljensenia odontolytica_C"	0	0	0	0	0	0	0	0	0	0.081461	0	0	0	0	0	0	0	0	0	0	0	0	0	0	0	0	0	0	0	0	0	0	0	0	0	0	0	0	0	0	0	0	0	0	0	0	0	0	0	0	0	0	0	0	0	0	0	0	0	0	0	0	0	0	0	0.044276	0	0	0	0	0	0	0	0	0	0	0	0	0	0	0	0	0	0	0	0	0	0	0	0	0	0	0	0	0	0	0
"Pauljensenia sp000278725"	0	0	0	0	0	0	0	0	0	0	0	0	0	0	0	0	0	0	0	0	0	0	0	0	0	0	0	0	0	0	0	0	0	0	0	0	0	0	0	0	0	0	0	0	0	0	0	0	0	0	0	0	0	0	0	0	0	0	0	0	0	0	0	0	0	0.252634	0	0	0	0	0	0	0	0	0	0	0	0	0	0	0	0	0	0	0	0	0	0	0	0	0	0	0	0	0	0	0
"Pauljensenia sp000411415"	0	0	0	0	0	0	0	0	0	0	0	0	0	0	0	0	0	0	0	0	0	0	0	0	0	0	0	0	0	0	0	0	0	0	0	0	0	0	0	0	0	0	0	0	0	0	0	0	0	0	0	0	0	0	0	0	0	0	0	0	0	0	0	0	0	0.048183	0	0	0	0	0	0	0	0	0	0	0	0	0	0	0	0	0	0	0	0	0	0	0	0	0	0	0	0	0	0	0
"Pauljensenia sp000466265"	0	0	0	0	0	0	0	0	0	0	0	0	0	0	0	0	0	0	0	0	0	0	0	0	0	0	0	0	0	0	0	0	0	0	0	0	0	0	0	0.04045	0	0	0	0	0	0	0	0	0	0	0	0	0	0	0	0	0	0	0	0	0	0	0	0	0	0.289096	0	0	0	0	0	0	0	0	0	0	0	0	0	0	0	0	0	0	0	0	0	0	0	0	0	0	0	0	0	0	0
"Pauljensenia sp001064145"	0	0	0	0	0	0	0	0	0	0	0	0	0	0	0	0	0	0	0	0	0	0	0	0	0	0	0	0	0	0	0	0	0	0	0	0	0	0	0	0	0	0	0	0	0	0	0	0	0	0	0	0	0	0	0	0	0	0	0	0	0	0	0	0	0	0	0	0	0	0	0	0	0	0	0	0	0	0	0	0	0	0	0	0	0	0	0	0.072203	0	0	0	0	0	0	0	0	0
"Pauljensenia sp001072465"	0	0	0	0	0	0	0	0	0	0.045043	0	0	0	0	0	0	0	0	0	0	0	0	0	0	0	0	0	0	0	0	0	0	0	0	0	0	0	0	0	0	0	0	0	0	0	0	0	0	0	0	0	0	0	0	0	0	0	0	0	0	0	0	0	0	0	0	0	0	0	0	0	0	0	0	0	0	0	0	0	0	0	0	0	0	0	0	0	0	0	0	0	0	0	0	0	0	0
"Bifidobacterium adolescentis"	1.507688	0.932046	0.637506	0.773415	0.898012	0	1.578702	0.843305	1.196634	1.103082	1.036369	0	1.017897	1.617421	0	0.922536	0.681781	0	0	1.17355	0.677797	1.082938	0.80877	0.878856	0.226028	0	0.982218	0	0.864804	0.959735	1.504719	0	1.002275	0.046271	0.830666	0	0.037127	1.070595	1.044964	0.830988	0.895748	0.889635	0.495028	0	1.283697	0	0.990012	0	1.310197	1.007412	0	1.145474	0.851078	1.351351	1.079496	0	1.043979	1.191211	0.808069	0.874566	0.982117	0.887577	1.258752	0	0.663155	1.07174	0	1.108633	1.037759	0.950519	1.134455	0	1.038676	0.73833	0.270854	1.223195	0.757735	0.944287	0	1.026707	0.986412	0	0.929001	0.860662	0	0	0	0	1.007411	0.943667	0.810939	0.040012	0	0.029845	1.067158	0.876114	0
"Bifidobacterium angulatum"	0	0	0	0	0	0	0	0	0	0	0	0	0	0	0	0	0.4211	0	0	0	0	0	0	0	0	0	0	0	0	0	0	0	0	0	0	0	0	0	0	0	0	0	0	0	0	0	0	0	0	0	0	0	0	0	0	0	0	0	0	0	0	0	0	0	0	0	0	0	0	0	0	0	0	0	0	0	0	0	0	0	0	0	0	0	0	0	0	0	0	0	0	0	0	0	0	0	0
"Bifidobacterium animalis"	0	0	0	0	0.841796	0	0	0	0	0	0	0	0	0	0	0	0	0	0	0	0	0	0.682249	0	0	0	0	0	0	0	0	0	0	0	0	0	0	0	0	0	0	0	0	0	0	0.07117	0	0	0	0	0	0	0	0	0	0	0	0	0	0	0	0	0	1.087136	0	0	0	0.067355	0	0	0	0	0	0	0	0	0	0	0.589304	0	0	0	0	0	0	0	0	0	0	0	0	0	0	0	0	0	0.046856
"Bifidobacterium bifidum"	0	0	0	0.675522	0.763238	0	0	0	0	0.956452	1.139363	0	0.868685	1.410167	0	0	0.642891	0	0	0	0.653697	0	0.860019	0	0	1.309968	0.730078	1.164777	0.680397	0.942681	1.299476	0	0	0	0	0	0	1.036716	0	0.967288	0.881143	0.618062	0.745813	0	0.638073	0	0.942407	0	1.245594	0.492912	0	0	0.86564	1.414944	1.074643	0	0	1.103235	1.197139	0	0	0.92071	0	0	0.938158	0	0	0	0.894015	0.938927	1.081529	0	0	0.765389	0	0	0.896316	0	1.076462	0	0	0	0.957776	0	0	0	0	0	0.885986	0.906854	0	0	0	0.027549	0	0	0
"Bifidobacterium breve"	0	0	0	0	0	0	0	0	0.070635	0	0.043987	0.03008	0.048022	0.061616	0	0	0	0	0	0	0	0	0	0	0	0.065845	0	0.282963	0	0.040739	0.490436	0	0	0	0	0	0.971012	0.036784	0	0	0	0	0	0.371232	0.07677	0	0.038789	0	0	0	0	0.040249	0	0.042395	0	0	0.831844	0	0	0	0	0.03715	0	0	0	0	0	0	0.030677	0.035548	0.031065	0	0	0	0	0	0	0	0	0	0	0	0	0	0	0.29609	0	0	0	0	0	0.06627	0	0	0	0	0
"Bifidobacterium catenulatum"	0	0	0	0	0	0	0	0	0	0	0	0	0	0	0	0	0	0	0	0	0	0	0	0	0	0	0	0	0	0	0	0	0	0	0	0	0	0	0	0	0	0	0	0	0	0	0	0	0	0	0	0	0	0	0.171826	0	0	0	0	0	0	0	0	0	0	0	0	0	0	0	0	0	0	0	0	0	0	0	0	0	0	0	0	0	0	0	0	0	0	0	0	0	0	0	0	0	0
"Bifidobacterium dentium"	0	0	0	0.458992	0	0	0	0	0	0.161964	0	0.512195	0	0	0	0	0	0	0	0	0	0	0	0	0	0	0	0.061737	0	0	0	0	0	0	0.374017	0	0	0	0	0	0	0	0	0	0.264291	0	0	0	0	0	0	0	0	0	0	0	0	0	0	0	0.164332	0	0	0	0	0.562566	0	0	0	0	0	0	0	0	0	0	0	0	0	0	0	0	0	0	0	0	0	0	0	0.707526	0	0	0	0	0	0	0
"Bifidobacterium globosum"	0	0	0	0	0	0	0	0	0	0	0	0	0	0	0	0	0	0	0	0	0	0	0	0	0	0	0	0	0	0	0	0	0	0	0	0	0	0	0	0	0	0	0	0	0	0	0	0	0	0	0	0	0	0	0	0	0	0	0	0	0	0	0	0	0	0	0	0	0	0	0	0	0	0	0	0	0	0	0	0	0	0	0	0	0	0	0	1.028214	0	0	0	0	0	0	0	0	0
"Bifidobacterium infantis"	0	0	0	0	0	0	0	0	0	0	0	0	0	0	0	0	0	0	0	0	0	0	0	0	0	0	0	0	0	0	0	0	0	0	0	0	0.041411	0	0	0	0	0	0	0	0	0	0	0	0	0	0	0	0	0	0	0	0	0	0	0	0	0	0	0	0	0	0	0	0	0	0	0	0	0	0	0	0	0	0	0	0	0	0	0	0	0	0	0	0	0	0	0	0	0	0	0	0
"Bifidobacterium longum"	0.42807	0.921834	0.795182	0.966606	0.668103	0.638171	1.763427	0.945689	1.658876	1.288047	1.351786	1.231607	1.004176	1.508192	0	1.074462	0.969806	0	0	0.524463	0.749492	1.076849	0.932888	0.044325	0.971259	1.576813	0.953053	1.270759	0.744692	1.363335	1.430736	0	1.300249	0.938188	0.976794	1.2809	1.809225	1.360992	1.143668	1.169539	0.967959	0.860821	0.922453	0.043461	1.693977	2.093976	1.214814	0	0.888577	0.287832	1.189213	1.235763	0.88991	1.530207	0.424227	0.261661	1.122547	1.464238	1.424595	1.081538	0.897626	1.340402	1.402425	0.981811	0.101159	0.942819	0.29203	1.107723	1.169232	1.071845	1.264468	0.961605	1.106459	0.78549	0.401429	0.550488	0.910903	1.09047	1.264057	1.141076	0.896557	0.75336	1.073695	0.680154	0.122849	1.339004	1.038982	0	1.144747	0.989459	0.499039	1.237871	0	2.683778	0.763458	1.071016	0
"Bifidobacterium merycicum"	0	0	0	0.461585	0	0	0	0	0	0	0	0	0	0	0	0	0	0	0	0	0	0	0	0	0	0	0	0	0	0	0	0	0	0	0	0	0	0	0	0	0	0	0	0	0	0	0	0	0	0	0	0	0	0	0	0	0	0	0	0	0	0	0	0	0	0	0	0	0	0	0	0	0	0	0	0	0	0	0	0	0	0	0	0	0	0	0	0	0	0	0	0	0	0	0	0	0
"Bifidobacterium moukalabense"	0	0	0	0	0	0	0	0	0	0	0	0	0	0	0	0	0	0	0	0	0	0	0	0	0	0	0	0	0	0	0	0	0	0	0	0	0	0	0	0	0	0	0	0	0	0	0	0	0	0	0	0	0	0	0	0	0	0	0	0	0	0	0	0	0	0	0	0	0	0	0	0	0	0	0	0	0	0	0	0	0	0	0	0	0	0	0	0	0	0.038609	0	0	0	0	0	0	0
"Bifidobacterium pseudocatenulatum"	0	0	0.507655	0.064181	0	0	0.090034	0.533025	0	0.890324	0.831456	0.772888	0.757205	0.739392	1.022632	0.236125	0.271011	0	0	0	0	0.277476	0.122517	0.30951	0.911679	1.120519	0	0.734674	0.062882	0.615822	0.373495	0	0	0.798577	0	0	0.171355	0.829566	0.786374	0.730742	0	0	0	0	0.124594	1.524617	0.854249	0	0	0	0	0	0	1.148649	0.770791	0.84644	0.737562	0.71594	0.359142	0.786493	0.566636	0.968905	0.379555	0.931438	0.463084	0	0	0.706321	0	0.092734	0.054076	0.870231	0.90311	0.040975	0	0.113128	0	0.722743	0.935029	0.041033	0	1.128824	0	0	0.709794	0.826033	0.880935	0	0.121425	0.719198	0	0.882765	0	0.206621	0.055079	0.417242	0
"Bifidobacterium ruminantium"	0	0	0	0	0	0	0	0	0	0	0	0	0	0	0	0	0	0	0	0	0	0	0	0	0	0	0	0	0	0	0	0	0	0	0	0	0	0	0	0	0	0	0	0	0	0	0	0	0	0	0	0	0	0	0	0	0	0	0	0	0	0	0	0	0	0	0	0	0	0	0	0	0	0	0	0.293931	0	0	0	0	0	0	0	0	0	0	0	0	0	0	0	0	0	0	0	0	0
"Bifidobacterium scardovii"	0	0	0	0	0	0	0	0	0	0	0	0	0	0	0	0	0	0	0	0	0	0	0	0	0	0	0	0	0	0	0	0	0	0	0	0	0	0	0	0	0	0	0	0	0	0	0	0	0	0	0	0	0	0	0	0	0	0	0	0	0	0	0	0	0	0	0	0	0	0	0	0	0	0	0	0	0	0	0	0	0	0	0	0	0	0	0	0.844507	0	0	0	0	0	0	0	0	0
"Bifidobacterium sp002742445"	0	0	0	0	0	0	0	0	0	0	0	0	0	0	0	0.311173	0	0	0	0	0	0	0.289876	0	0	0.341932	0	0.432161	0	0	0.491629	0	0	0	0	0	0.576896	0	0	0	0	0	0	0	0.474465	0	0	0	0	0	0	0	0	0	0.056305	0	0	0	0	0	0	0	0.033238	0	0	0	0	0	0	0.045594	0	0	0	0	0	0.386857	0	0	0	0	0	0.038883	0	0	0	0	0	0	0.164133	0	0	0	0	0.927499	0	0.332091	0
"Bifidobacterium vaginale"	0	0	0	0	0	0	0	0	0	0	0	0	0	0	0	0	0	0	0	0	0	0	0	0	0	0	0	0	0	0	0	0	0	0	0	0	0	0	0	0	0	0	0	0	0	0	0	0	0	0	0	0	0	0	0	0	0	0	0	0	0	0	0	0	0	0	0	0	0	0	0	0	0	0	0	0	0	0	0	0	0	0	0.474366	0	0	0	0	0	0	0	0	0	0	0	0	0	0
"Rothia mucilaginosa"	0	0	0	0	0	0	0	0	0	0.126505	0	0	0	0	0	0	0	0	0	0	0	0	0	0	0	0	0	0	0	0	0	0	0	0	0	0	0	0	0	0	0	0	0	0	0	0	0	0	0	0	0	0	0	0	0	0	0	0	0	0	0	0	0	0	0	0.092459	0	0	0	0	0	0	0	0	0	0	0	0	0	0	0	0	0	0	0	0	0	0	0	0	0	0	0	0	0	0	0
"Rothia mucilaginosa_A"	0	0	0	0	0	0	0	0	0	0.530936	0	0	0	0	0	0	0	0	0	0	0	0	0	0	0	0	0	0	0	0	0	0	0	0	0	0	0	0	0	0	0	0	0	0	0	0	0	0	0	0	0	0	0	0	0	0	0	0	0	0	0	0	0	0	0	0	0	0	0	0	0	0	0	0	0	0	0	0	0	0	0	0	0	0	0	0	0	0	0	0	0	0	0	0	0	0	0
"Rothia sp001808955"	0	0	0	0	0	0	0	0	0	0.231925	0	0	0	0	0	0	0	0	0	0	0	0	0	0	0	0	0	0	0	0	0	0	0	0	0	0	0	0	0	0	0	0	0	0	0	0	0	0	0	0	0	0	0	0	0	0	0	0	0	0	0	0	0	0	0	0.049485	0	0	0	0	0	0	0	0	0	0	0	0	0	0	0	0	0	0	0	0	0	0	0	0	0	0	0	0	0	0	0
"Olsenella umbonata"	0	0	0	0	0	0	0	0	0	0	0	0	0	0	0	0	0	0	0	0	0	0	0	0.149788	0	0	0	0	0	0	0	0	0	0	0	0	0	0	0	0	0	0	0	0	0	0	0	0	0	0	0	0	0	0	0	0	0	0	0	0	0	0	0	0	0	0	0	0	0	0	0	0	0	0	0	0	0	0	0	0	0	0	0	0	0	0	0	0	0	0	0	0	0	0	0	0	0
"Olsenella_B scatoligenes"	0	0	0	0	0	0	0	0	0	0	0	0	0	0.093824	0	0	0	0	0	0	0	0	0	0	0	0.032345	0	0	0	0	0	0	0	0	0	0	0	0	0	0	0	0	0	0	0	0	0	0	0	0	0	0	0	0	0	0	0.041248	0	0.035914	0.034349	0	0	0.046104	0	0	0	0	0	0	0	0	0	0	0	0	0	0	0	0	0	0	0	0.044395	0	0	0	0	0	0.04857	0	0.043666	0	0	0	0	0	0
"Olsenella_B sp000752675"	0	0	0	0.669039	1.362873	0	0	0	0	0	2.151057	0	0	3.03739	0.626123	0	0.683604	0	0	0	0	0	0	0.236909	0	1.232571	0	0	0.144134	0	0.310251	0	0	0	0	0	0	0	0.094626	0	0.227182	1.270701	0	0	0	0	0.358802	0	0.240278	0	0	0	0	0	0	0	2.069297	0.03337	0.936761	0.752145	1.439457	0	1.804497	0	0	0.627678	0	0	0.239281	0	0	0	0	0.039429	0	0	0	0	0	0.056748	0	0	1.439541	0	0.452266	0	0	0	0.509149	0	0.494673	0	0	0.080353	0	0	0
"Olsenella_B sp900111695"	0	0	0	0	0	0	0	0	0	0	0	0	0	0.056015	0	0	0	0	0	0	0	0	0	0	0	0	0	0	0	0	0	0	0	0	0	0	0	0	0	0	0	0	0	0	0	0	0	0	0	0	0	0	0	0	0	0	0	0	0	0	0	0	0.039671	0	0	0	0	0	0	0	0	0	0	0	0	0	0	0	0	0	0	0	0	0	0	0	0	0	0.035171	0	0	0	0	0	0	0	0
"Olsenella_B sp900119625"	0	0	0	0	0	0	0	0	0	0	0	0	0	0.07842	0	0	0	0	0	0	0	0	0	0	0	0	0	0	0	0	0	0	0	0	0	0	0	0	0	0	0	0	0	0	0	0	0	0	0	0	0	0	0	0	0	0	0.042231	0	0	0.034349	0	0	0.052537	0	0	0	0	0	0	0	0	0	0	0	0	0	0	0	0	0	0	0	0	0	0	0	0	0	0.040196	0	0	0	0	0	0	0	0
"Olsenella_E provencensis"	0	0	0	0.16337	0	0	0	0	0	0	0	0	0	0	0	0	0	0	0	0	0	0	0	0	0	0	0	0.034984	0	0	0.13484	0	0	0	0	0	0	0	0	0	0	0	0	0	0	0	0	0	0	0	0	0	0.043686	0	0	0	0	0	0.032921	0	0	0	0	0	0	0	0	0	0	0	0	0	0	0	0	0	0	0	0	0	0	0	0	0	0	0	0	0	0	0	0	0	0	0	0	0	0
"Olsenella_E sp003150175"	0	0	0	0	0	0	0	0	0	0	0	0	0	0	0	0	0	0	0	0	0	0	0	0	0	0	0	0	0	0	0	0	0	0	0	0	0	0	0	0	0	0	0	0	0	0	0	0	0	0	0	0	0	0	0	0	0	0	0	0	0	0	0	0	0	0	0	0	0	0	0	0	0	0	0	0	0	0	0	0	0	0	0	0	0	0	0	0	0	0	0	0.03251	0	0	0.751983	0	0
"Olsenella_E sp003609875"	0	0	0	0	0	0	0	0.550219	0	0	0	0	0	0	0	0	0	0	0	0.559773	0.354262	0.809812	0.664633	0.064195	0	0.806312	0	0.656473	0	0.822359	0	0	0	0	0	0	0	0	0	0	0	0.497043	0.043615	0	0	0	0.728183	0	0	0	0	0	0	0	0	0	0	0	0	0	0	0	0	0	0	0	0	0.676285	0	0.534764	0	0	0	0	0	0.694928	0	0	0	0	0	0	0	0	0	0	0	0	0	0	0	0.725218	0.560402	0	0.394734	0	0
"Olsenella_E sp900119915"	0	0	0	0.124472	0	0	0	0	0	0	0	0	0	0	0	0	0	0	0	0	0	0	0	0	0	0	0	0	0	0	0	0	0	0	0	0	0	0	0	0	0	0	0	0	0	0	0	0	0	0	0	0	0	0	0	0	0	0	0	0	0	0	0	0	0	0	0	0	0	0	0	0	0	0	0	0	0.067264	0	0	0	0	0	0.078102	0	0	0	0	0	0	0	0.479078	0	0	0	0	0	0
"Parolsenella catena"	0	0	0	0	0	0	0	0	0	0	0	0	0	0	0	0	0	0	0	0	0	0	0	0	0	0	0	0	0	0	0	0	0	0	0	0	0	0	0	0	0	0	0	0	0	0	0	0	0	0	0	0	0	0	0	0	0	0	0	0	0	0	0	0	0	0	0	0	0	0	0	0	0	0	0	0.365645	0	0	0	0	0	0	0	0	0	0	0	0	0	0	0	0	0	0	0.139993	0	0
"Collinsella aerofaciens"	0	0	0	0	0	0	0	0	0	0	0	0	0	0	0	0	0	0	0	0	0	0	0	0	0	0	0	0	0	0	0	0	0	0	0	0	0	0	0	0	0	0	0	0	0	0	0	0	0	0	0	0	0	0	0	0	0	0	0	0	0	0	0	0	0	0	0	0	0	0	0	0	0	0	0	0	0	0	0	0	0	0	0	0	0	0	0	0	0	0	0	0	0.047581	0	0	0	0
"Collinsella aerofaciens_A"	0	0	0	0	0	0	0	0	0	0	0	0	0	0	0	0	0	0	0	0	0	0	0	0	0	0	0	0	0	0	0	0	0	0	0	0	0	0	0	0	0	0	0	0	0	0	0	0	0	0	0	0	0	0	0	0	0	0	0	0	0	0	0	0	0	0	0	0	0	0	0.039119	0	0	0	0	0.049493	0	0	0	0	0	0	0	0	0	0	0	0	0	0	0	0	0	0	0	0	0
"Collinsella aerofaciens_E"	0	0	0	0.039546	0	0	0.051226	0.037515	0	0	0	0	0	0	0	0	0	0	0	0	0	0.046971	0.060057	0	0	0	0	0	0	0.037897	0.039378	0	0	0.036698	0	0	0	0.041624	0.042419	0	0.057607	0	0.042161	0	0	0	0.047605	0	0.07367	0.044974	0	0	0.045305	0.075517	0	0.029798	0	0.050561	0.0419	0.032587	0	0	0.032166	0	0.048706	0	0	0	0.044701	0	0	0	0	0	0	0	0	0	0	0	0.036941	0.071691	0	0	0	0	0	0	0.065318	0.035017	0	0.068771	0	0.133156	0	0	0.032373
"Collinsella aerofaciens_F"	0.07082	0.037133	0	0	0	0	0.043465	0	0	0.04696	0	0	0	0.042011	0	0	0	0	0.032333	0	0	0	0	0	0.054852	0.057759	0.047982	0.0391	0	0.087162	0.082336	0	0.054177	0	0	0	0.028559	0.044527	0.039156	0.047485	0	0.050425	0	0	0	0	0.052013	0	0.051002	0	0	0	0	0.04107	0	0	0	0.052583	0	0.037871	0	0	0.035382	0	0	0.045578	0	0.048241	0	0.034775	0.070184	0	0	0.041748	0.045878	0.084846	0	0	0	0	0	0.031593	0.037818	0	0.073709	0	0	0	0.036846	0.061953	0	0.030009	0.104414	0.057395	0	0	0
"Collinsella aerofaciens_G"	0	0	0	0	0	0	0	0	0	0	0	0	0	0	0	0	0	0	0	0	0	0	0	0	0	0.086638	0	0	0	0.060635	0.034605	0	0.080182	0	0	0	0.074254	0.051303	0.047313	0.057158	0	0.115256	0	0	0	0	0.069645	0	0	0	0	0	0	0	0	0	0	0	0	0	0	0	0	0	0	0	0	0	0	0	0	0	0	0.120607	0.059994	0	0	0	0	0	0	0	0	0	0.03276	0	0	0	0	0.058362	0	0	0.167856	0.029845	0	0	0
"Collinsella aerofaciens_I"	0	0	0	0	0	0	0	0	0	0	0	0	0	0	0	0	0	0	0	0	0	0	0	0	0	0	0	0	0	0	0.039378	0	0	0	0	0	0	0	0	0	0	0	0	0	0	0	0	0	0	0	0	0	0	0	0	0	0	0	0	0	0	0	0	0	0	0	0	0	0	0	0.033366	0	0	0	0	0	0	0	0	0	0	0	0	0	0	0	0	0	0	0	0	0	0	0	0	0	0
"Collinsella bouchesdurhonensis"	0	0	0	0	0	0	0.159888	0.659638	0	0	0	0	0	0	0	0	0	0	0	0	0.444032	0.225286	0	0	0	0.830571	0	0	0	0.586452	0	0.611994	0.965435	0	0	0	0	0	0	0	0	0	0	0	0	0	0	0.138879	0	0	0	0	0	0	0.537807	0	0	0	0	0	0	0	0	0	0	0.932401	0	0.316752	0	0	0	0	0	0	0	0.207064	0	0	0	0	0	0	0	0	0	0	0	0	0	0	0	0	1.239757	0	0	0	0
"Collinsella ihuae"	0	0	0	0	0	0	0	0	0	0	0	0.03008	0	0	0	0	0	0	0	0	0	0	0	0	0	0	0	0	0	0	0	0	0	0	0	0	0	0	0	0	0	0	0	0	0	0	0	0	0	0	0	0	0	0	0	0	0	0	0	0	0	0	0	0	0	0	0	0	0	0	0	0	0	0	0	0	0	0	0	0	0	0	0	0	0	0	0	0	0	0	0	0	0	0	0	0	0
"Collinsella intestinalis"	0	0	0	0	0	0	0	0	0	0	0	0.33088	0	0	0	0	0	0	0	0	0	0	0	0	0	0	0	0	0	0	0	0	0	0	0	0.836189	0	0	0	0	0	0	0	0	0	0	0	0	0	0	0	0	0.515339	0	0.234926	0	0	0	0	0	0	0	0	0	0	0	0	0	0	0	0.820351	0	0	0	0	0	0	0	0	0.413826	0	0	0	0	0	0.40453	0	0	0	0	0	0	0	0	0	0	0
"Collinsella phocaeensis"	0	0	0	0	0	0	0	0	0	0	0	0	0	0	0	0	0	0	0	0.22744	0	0	0	0	0	0	0	0	0	0	0	0	0	0	0	0	0	0	0	0	0	0	0	0	0	0	0	0	0	0	0	0	0	1.893217	0	0	0	0	0	0	0	0	0	0	0	0	0	0	0	0	0	0	0	0	0	0	0	0	0	0	0	0	0	0	0	0	0	0	0	0	0	0	0	0	0	0	0
"Collinsella provencensis"	0	0	0	0	0	0	0	0	0	0	0	0	0	0	0	0	0	0	0	0	0	0	0	0	0	0	0	0	0.060762	0	0	0	0	0	0	0	0	0	0	0	0	0	0	0	0	0	0	0	0	0	0	0	0	0	0	0	0	0	0	0	0	0	0	0	0	0	0	0	0	0	0	0	0	0	0	0	0	0	0	0	0	0	0	0	0	0	0	0	0	0	0	0	0	0	0	0	0
"Collinsella sp000434535"	0.097575	0.079837	0.034009	0.036953	0	0	0.079168	0.049238	0.065441	0.062294	0	0	0.041162	0.064417	0.060593	0.053998	0	0	0.075444	0.050888	0	0.05132	0.049647	0.042032	0.055798	0.090104	0.067739	0.074085	0.040979	0.086215	0.099042	0	0.084516	0.038293	0.04436	0	0.097101	0.070663	0.059549	0.074745	0.048682	0.055467	0.053792	0	0	0	0.085513	0.050233	0.07707	0.039577	0	0	0.04935	0.058294	0.053392	0.044696	0.03732	0.06674	0.074821	0.073101	0.041858	0.053214	0.070765	0.060447	0.04496	0.055996	0	0.069176	0.053466	0.050231	0.10125	0	0.049841	0.054118	0.044113	0.073735	0	0.048122	0.046162	0.041906	0.056908	0.054679	0.061659	0.057763	0.080989	0	0.052084	0	0.053595	0.074524	0	0.056267	0.183717	0.107902	0.068084	0.071906	0.059635
"Collinsella sp002232035"	0	0	0.103262	0.084927	0.035315	0.076983	0.066749	0.108637	0.111146	0.190715	0	0	0.1252	0.172245	0.110555	0.158332	0.122745	0	0.124542	0.121509	0.055429	0.073936	0.106501	0	0.038775	0.030035	0	0.130677	0.07348	0.171483	0.103815	0	0	0.085362	0	0	0.124232	0.193598	0.144386	0.086177	0.139555	0.108053	0.081414	0	0	0	0.069645	0.099481	0.12694	0	0	0	0.127823	0.056969	0.094165	0.199272	0	0.128424	0.107742	0.088073	0.10232	0.110445	0.144746	0.074185	0.075682	0.264354	0.055039	0.167478	0.091155	0.190877	0.066733	0	0.099681	0.132204	0.105871	0.177772	0	0.106232	0	0	0.04992	0.102068	0.063304	0.174732	0.05369	0	0.096984	0	0.154922	0.115826	0.116027	0.042513	0.13217	0.107902	0.070379	0.118266	0.098823
"Collinsella sp002391315"	0.04564	0	0	0	0	0	0	0	0	0.055585	0	0	0	0	0	0	0	0	0	0	0	0.039142	0	0	0	0	0	0.032927	0	0.086215	0.039378	0	0	0	0	0	0	0.072599	0.04976	0.045726	0	0.038179	0	0	0	0	0	0	0.037402	0	0	0	0	0.027822	0	0.028866	0	0.05865	0	0	0	0	0	0	0	0.045578	0	0.068266	0	0.045594	0.049474	0	0	0	0.040584	0.080806	0	0	0	0	0	0	0	0.056319	0	0	0	0	0.055269	0.05477	0	0	0.059477	0	0	0	0
"Collinsella sp003436275"	0	0	0	0	0	0	0	0	0	0.066127	0	0	0.036874	0.035009	0.034017	0	0	0	0	0.033233	0	0	0.049647	0	0	0	0	0.032927	0	0.051161	0	0	0	0	0	0	0.037127	0.057111	0.036708	0	0.0357	0	0	0	0	0	0	0.045308	0.047602	0	0	0	0	0	0	0.041903	0	0.053594	0.032921	0.034349	0	0.027109	0.05361	0	0	0.059903	0	0.061894	0	0.056413	0	0	0	0.039429	0.039702	0	0	0	0	0	0	0	0	0.044044	0	0	0.034124	0	0.036009	0.036813	0	0	0	0.032141	0	0	0
"Collinsella sp003437035"	0	0	0	0	0	0	0	0	0	0	0	0	0	0	0	0	0	0	0	0	0	0	0	0	0	0	0	0	0	0	0	0	0	0	0	0	0	0.02904	0	0	0	0	0	0	0	0	0	0	0	0	0	0	0	0	0	0	0	0	0	0	0	0	0	0	0	0	0	0	0	0	0	0	0	0	0	0	0	0	0	0	0	0	0	0	0	0	0	0	0	0	0	0	0	0	0	0	0
"Collinsella sp003439125"	0	0	0.034627	0	0	0	0.034151	0.042204	0	0.064211	0	0	0.047165	0.042011	0.034017	0.039354	0.044966	0	0.051493	0.041542	0.041572	0.068717	0.039237	0	0	0	0	0.046303	0	0.060635	0.035798	0	0	0	0	0	0.029987	0.056143	0.053023	0.044847	0.047871	0.04034	0.039253	0	0	0	0.032618	0.056143	0.086138	0	0	0	0.055013	0.034446	0	0.054008	0	0.04955	0.038907	0	0	0.044178	0.06862	0	0	0.070321	0	0.052792	0.035059	0.064913	0	0	0.07177	0	0.055583	0.077775	0	0.041767	0	0	0	0.031593	0	0.102529	0	0	0.03592	0	0.060294	0.052975	0.042418	0	0.038329	0.029845	0	0.038791	0
"Collinsella sp003458415"	0.048787	0.038062	0	0	0	0	0	0	0	0	0	0	0	0	0	0	0	0	0	0	0	0	0	0	0.058635	0	0.063976	0.031898	0	0.057793	0.096655	0	0	0	0	0	0	0	0	0.036933	0	0	0	0	0	0	0	0	0	0	0	0	0	0	0	0	0	0.031348	0	0	0	0.040162	0	0.041214	0	0	0	0.056433	0	0	0.079389	0	0	0	0.03882	0.053534	0	0	0	0	0	0	0.03864	0	0	0	0.036818	0	0	0	0	0	0	0.061986	0	0	0
"Collinsella sp003459245"	0	0	0	0	0	0	0	0	0.075828	0.045043	0	0	0.162932	0.067217	0	0.038439	0	0	0.041913	0.033233	0	0.036533	0	0	0	0	0	0.030869	0	0.043581	0.040571	0	0	0	0	0	0	0.042591	0.053839	0.051882	0.037323	0.034577	0	0	0	0	0	0	0.052136	0	0	0	0.047732	0.033121	0.085428	0.051215	0	0.032359	0.032921	0.032587	0	0.069279	0.055754	0.041214	0	0.117201	0	0.075547	0	0.076505	0	0	0.056818	0	0	0	0	0.036319	0	0	0	0	0.034529	0.062817	0.073709	0	0.036818	0	0.141523	0.035915	0.089827	0	0.04626	0.036733	0	0.036899	0.046856
"Collinsella sp003459505"	0	0	0	0	0	0	0	0	0	0	0	0	0	0	0	0	0	0	0	0	0	0	0	0	0	0	0	0	0	0.044529	0	0	0	0	0	0	0	0	0	0	0	0	0	0	0	0	0	0	0	0	0	0	0	0	0	0	0	0	0	0	0	0.04217	0	0	0	0	0	0	0	0	0	0	0	0	0	0	0	0	0	0	0	0	0	0	0	0	0	0	0	0	0	0	0	0.052803	0	0	0
"Collinsella sp003465825"	0	0	0	0	0	0	0	0	0	0	0	0	0	0	0	0	0	0	0	0	0	0	0	0	0	0	0	0.028811	0	0.059687	0	0	0	0	0	0	0	0.047431	0	0	0	0	0	0	0	0	0	0	0.035135	0	0	0	0	0.034446	0	0.029798	0	0.037415	0	0	0	0.026105	0.033238	0.033887	0	0	0	0	0	0.040185	0	0	0	0.038656	0.033526	0	0	0	0	0	0	0	0	0	0	0	0	0	0	0	0	0	0	0.055099	0	0	0
"Collinsella sp003466125"	0	0	0	0	0	0	0	0	0.04155	0.039293	0	0	0	0.047612	0	0	0	0	0	0.045696	0	0	0	0	0.036883	0	0.140183	0.169778	0	0.073899	0	0	0.05201	0.042282	0	0	0	0.046463	0.067706	0.051002	0	0	0	0	0	0	0	0	0.036268	0.056667	0	0	0	0	0	0.050284	0.838719	0	0.607548	0	0	0	0.048249	0	0.05545	0.054694	0	0.0446	0	0.072641	0.043721	0	0	0	0.036173	0	0	0.061742	0.040269	0.041033	0.090854	0	0	0	0	0	0	0	0.034334	0	0	0	0.06212	0	0	0	0
"Collinsella sp003469185"	0	0	0	0.112803	0.152792	0	0.361689	0.139118	0	0.059419	0	0	0.030014	0	0	0	0	0	0	0	0	0.215718	0.190581	0.162779	0	0.03581	0	0	0.161797	0.094742	0.147966	0	0	0.160354	0	0	0	0.200374	0.163964	0.194337	0	0	0.202809	0	0	0	0.181605	0	0.261813	0.299525	0	0	0.139959	0.323264	0	0	0	0.138536	0.029928	0	0	0	0	0	0	0	0.130799	0	0.234898	0.037866	0.046023	0	0	0.140708	0	0	0	0	0	0	0.097842	0.260031	0	0.125634	0	0	0	0	0	0.109541	0	0.327598	0.05419	0.606088	0.155293	0	0.117566
"Collinsella sp003469205"	0	0	0.035245	0	0	0	0	0.042204	0	0.051752	0	0	0	0	0.030828	0	0	0	0.039518	0.04258	0.046994	0	0	0	0	0	0	0.032927	0	0.050213	0.033412	0	0	0	0	0	0.042839	0.053239	0.048129	0.034295	0.0357	0.036018	0	0	0	0	0	0	0.045336	0	0	0	0.043686	0	0	0.054008	0	0.047527	0.038907	0	0	0.030121	0.065404	0	0	0.053392	0	0.060074	0	0.057958	0	0	0	0.040975	0.116459	0.044443	0	0	0	0	0	0.036453	0	0.061373	0	0	0.046696	0	0.04522	0.039507	0	0	0	0	0	0	0.033225
"Collinsella sp003471585"	0	0	0	0	0	0	0	0	0	0	0	0	0	0	0	0	0	0	0	0	0	0	0	0	0	0	0	0	0	0	0	0	0	0	0	0	0	0.031944	0	0	0	0	0	0	0	0	0	0	0.034002	0	0	0	0	0	0	0.032591	0	0	0	0	0	0	0	0	0	0	0	0	0	0	0	0	0	0	0	0	0	0	0	0	0	0	0	0	0	0	0	0	0	0	0	0	0	0	0	0	0
"Collinsella sp003479805"	0	0	0	0	0	0	0	0	0	0	0	0	0	0	0	0.223312	0	0	0	0	0	0	0	0	0	0	0	0	0	0	0	0	0	0	0	0	0	0	0	0	0	0	0	0	0	0	0	0	0	0	0	0	0	0.037096	0	0	0	0	0	0	0	0	0	0	0	0	0	0	0	0	0	0	0	0	0	0	0	0	0	0	0	0	0	0	0	0.047148	0	0	0	0	0	0	0	0	0	0	0
"Collinsella sp003487125"	0.073968	0	0	0	0	0	0	0	0	0.039293	0	0	0	0	0	0	0	0	0	0	0	0	0	0	0	0	0	0	0	0.11369	0.033412	0	0	0	0	0	0	0.076471	0.036708	0.036933	0	0.039619	0	0	0	0	0	0	0.045336	0	0	0	0	0	0	0	0	0	0	0	0	0	0.033238	0	0	0	0	0.047331	0	0.054095	0.033366	0	0	0	0.032644	0.067675	0	0	0	0	0	0	0	0.055596	0.03913	0	0	0	0.058619	0.049383	0	0	0.080624	0	0	0	0
"Collinsella sp900544115"	0	0	0	0	0	0	0	0	0	0.060377	0	0	0	0	0	0	0	0	0	0	0	0	0.054452	0	0	0	0	0	0	0	0	0	0	0	0	0	0	0.041624	0	0	0	0	0	0	0	0	0	0	0	0	0	0	0	0	0	0.029798	0	0.03337	0.029928	0	0	0	0	0	0	0.042974	0	0.037319	0	0.036321	0	0	0	0.061076	0.029997	0	0	0	0	0	0	0.053464	0	0	0	0	0	0	0.034334	0	0	0	0.084589	0	0	0	0
"Collinsella sp900546115"	0	0	0	0	0	0	0	0	0	0	0	0	0	0	0	0	0	0	0	0	0	0	0	0	0	0	0	0	0	0	0	0	0	0	0	0	0	0.030008	0	0	0	0	0	0	0	0	0	0	0	0	0	0	0	0	0	0	0	0	0	0	0	0	0	0	0	0	0	0	0	0.037093	0	0	0	0	0.037055	0	0	0	0	0	0	0	0	0	0	0	0	0	0	0	0	0	0	0	0	0	0
"Collinsella stercoris"	0	0	0	0	0	0	0	0	0	0	0	0	0	0	0	0.248938	0	0	0	0	0	0	0	0	0	0	0	0	0	0	0	0	0	0	0	0	0	0	0.261853	0	0	0	0	0	0	0	0	0	0	0	0	0	0	0.914149	0	0	0	0	0	0	0	0	0	0	0	0	0	0	0	0	0	0	0	0	0	0	0	0	0	0	0	0	0	0	0	0.227253	0	0	0	0	0	0	0	0	0	0	0
"Collinsella tanakaei"	0	0	0	0	0	0	0	0	0	0	0	0	0	1.274331	0	0.883182	0	0	0	1.000114	0.53802	0	0	0	0	0	0	0	0	0	0	0	0	0	0.873286	0.906056	0	0	0	0.533767	0	0.71675	0.239154	0	0	0	0	0.630374	0.523625	0	0	0	0	0	0.952325	0.224414	0	0	0	0	0	0	0	0	0	0	0	0	0	0	0	0	0	0	0	0	0.754494	0	0	0	0.904544	0	0.791706	0	0	0	0	0	0.355902	0	0	0	0	0	0	0	0
"Enorma massiliensis"	0	0	0	0	0	0	0	0	0	0	0	0	0	0	0.098862	0	0	0	0	0	0	0	0	0	0	0	0	0.525796	0	0	0	0	0	0	0.096549	0	0	0	0	0	0	0	0.222435	0	0	0	0	0	0	0	0	0	0	0	0	0	0	0	0.197528	0	0.548807	0	0	0	0	0	0	0	0	0	0	0	0	0	0	0	0	0	0	0	0	0	0	0	0	0	0	0.550209	0	0	0	0	0	0.068874	0	0	0
"Adlercreutzia celatus_A"	0	0	0	0	0.049729	0.0813	0	0	0	0	0	0	0.096902	0.138636	0	0.153756	0.046789	0	0	0	0.084951	0	0	0	0	0	0	0	0	0	0	0	0	0.082171	0	0	0	0	0.168858	0	0.076268	0	0.073418	0	0	0	0	0	0.132606	0.05217	0.140458	0.14468	0.12216	0	0.129112	0	0.071694	0	0	0	0	0	0	0	0	0	0	0	0.076254	0	0.083991	0.119222	0	0.037883	0	0	0	0.118036	0	0	0.070886	0	0.299254	0.09964	0.073709	0	0.09429	0	0.081229	0	0	0	0	0	0	0	0
"Adlercreutzia equolifaciens"	0	0	0	0.056402	0.039639	0.188501	0	0	0	0	0	0	0.160359	0.278672	0	0.267243	0.107554	0	0	0.036349	0.163274	0	0	0	0	0	0	0	0	0	0	0	0	0.234547	0	0	0	0	0.106862	0	0.159839	0	0.170098	0	0	0	0	0.069932	0.148474	0	0.229935	0.337224	0.152903	0	0.219394	0	0.284811	0	0	0	0.10387	0	0	0	0	0	0	0	0.142867	0	0.16338	0.248016	0.063796	0.076539	0	0	0.072937	0.2279	0	0	0.10583	0	0.177579	0.201447	0.145599	0	0.211029	0	0.148223	0	0	0	0	0	0	0	0
"Adlercreutzia mucosicola"	0	0	0	0	0	0	0	0	0	0	0	0	0	0	0	0	0	0	0	0	0	0	0	0	0	0	0	0	0	0	0	0	0	0	0	0	0	0	0	0	0	0	0	0	0	0	0	0	0	0	0	0	0	0	0	0	0	0	0	0	0	0	0	0	0.062944	0	0	0	0	0	0	0	0	0	0	0	0	0	0	0	0	0	0	0	0	0	0	0	0	0	0	0	0	0	0	0	0
"CAG-1427 sp000431675"	0	0	0	0	0	0	0	0	0	0	0	0	0	0	0	0	0	0	0	0	0	0	0	0	0	0.043897	0	0.033956	0	0	0	0	0	0	0	0	0	0	0	0	0	0	0.546639	0	0	0	0	0	0	0	0	0	0	0	0	0	0	0	0	0.038752	0	0	0	0	0	0	0	0	0	0	0	0	0	0	0	0	0.052677	0	0	0	0	0	0	0	0	0	0	0	0	0.066443	0	0	0	0	0	0	0
"CAG-1427 sp000434775"	0	0	0	0	0	0	0	0	0	0	0	0	0	0	0	0	0	0	0	0	0	0	0	0	0	0	0	0	0.724203	0	0	0	0	0	0	0	0	0	0	0	0	0	0	0	0	0	0	0	0	0	0	0	0	0	0	0	0	0	0	0	0	0	0	0	0	0	1.091714	0	0	0	0	0	0	0	0	0	0	0	0	0	0	0	0	0	0	0	0	0	0	0.051179	0	0	0	0	0	0	0
"CAG-1427 sp000435475"	0	0	0	0	0	0	0	0	0	0	0	0	0	0	0	0	0	0	0	0	0	0	0	0	0	0.591449	0	0.605025	0	0	0	0	0	0	0	0	0	0	0	0.071228	0	0	0	0	0	0	0	0	0	0	0	0	0	0	0	0	0	0	0	0.507301	0	0	0	0	0.121391	0	0	0	0	0.054867	0	0	0	0	0	0	0.508939	0	0	0	0	0	0	0.453436	0	0	0	0	0	0.040404	0	0	0	0	0	0	0
"CAG-1427 sp000435675"	0	0	0	0	0	0	0	0.2501	0	0	0	0	0	0.326285	0.053151	0	0	0	0	0.089314	0.195808	0	0	0	0	0	0	0	0	0	0	0	0	0.162747	0	0	0	0	0	0	0.171198	0	0	0	0	0	0.069645	0	0	0	0	0	0.260501	0	0	0	0.147316	0	0	0	0.325564	0	0	0	0	0	0	0	0	0	0	0	0	0	0	0	0	0.217912	0	0	0	0	0.2787	0	0	0	0	0	0.105514	0	0.045537	0	0	0	0	0	0.266653
"CAG-1427 sp000436075"	0.039345	0.216302	0.04452	0.268394	0	0	0	0	0	0.354596	0	0	0	0	0	0.378899	0.192017	0	0	0	0	0.279215	0.164957	0.126097	0	0	0.047982	0	0	0.099479	0.440318	0	0.209123	0	0.338355	0	0	0	0.371978	0	0	0.194495	0	0	0	0	0	0	0	0.247356	0	0	0	0	0.249488	0	0	0	0.029928	0	0	0	0	0	0	0.279981	0	0.366814	0	0	0	0	0	0	0	0.116158	0	0	0	0	0	0	0	0	0	0	0	0	0.336641	0.087094	0.230182	0	0	0	0.147643	0	0
"Eggerthella lenta"	0	0.188452	0	0	0	0.497874	0	0.037515	1.342059	0	1.423667	1.300123	0.92614	0	0.930148	0	0.074133	1.624175	1.214284	0.110085	0	0	0.1049	0	0.420848	0	0	0.160517	0	0.072004	1.287543	2.101143	0.072597	0	0.925475	1.19107	2.571755	0.065823	0.053839	1.171298	0	0	0	2.010087	0	3.477834	0.655894	0.438307	0	0	0.950954	2.143005	0.532328	0	0	1.961989	0	1.569405	0	0	0.246498	1.832384	0.048249	2.090012	0	0	0	0	0	0	0.454472	1.372355	0.767544	0	0	0.059594	0.288507	0	0.812258	0.625104	0.871597	1.359693	0.141406	0.258487	0	1.945327	0.660028	1.090364	0.039359	0	0	0.253826	0.092519	0	0	1.068178	0.200203
"Eggerthella sinensis"	0	0	0	0	0	0	0	0	0	0	0	0	0	0	0	0	0	0	0	0	0	0	0	0	0	0	0	0	0	0	0	0	0	0	0	0	0	0.776327	0	0	0	0	0	0	0	0	0	0	0	0	0	0	0	0	0	0	0	0	0	0	0	0	0	0.034803	0	0	0	0	0	0	0	0	0	0	0	0	0	0	0	0	0	0	0	0	0	0	0	0	0	0	0	0	0	0	0	0	0
"Eggerthella timonensis"	0	0	0	0	0	0	0	0	0	0	0	0	0	0	0	0	0	0	0	0	0	0	0	0	0.087007	0	0	0	0	0	0	0	0	0	0	0	0	0	0	0	0	0	0	0	0	0.033213	0	0	0	0	0	0	0	0	0	0	0	0	0	0	0	0	0	0.193248	0	0	0	0	0	0	0	0	0	0	0	0	0	0	0	0	0	0	0	0	0	0	0.046696	0.045698	0	0	0	0	0	0	0	0	0
"Enteroscipio rubneri"	0	0	0	0	0	0	0	0	0	0	0	0	0	0	0	0	0	0	0	0	0	0	0	0	0	0	0	0	0	0	0	0	0	0	0	0	0	0	0	0	0	0	0	0	0	0	0	0	0	0	0	0	0	0	0	0	0	0.080897	0	0	0	0	0	0	0	0	0	0	0	0	0	0	0	0	0	0	0	0	0	0	0	0	0	0	0	0	0	0	0	0	0	0	0	0	0	0	0
"Gordonibacter pamelaeae"	0	0.039918	0	0	0	0.328079	0	0	0.04986	0	0	0	0	0	0	0	0	0	0	0	0	0.072196	0.072869	0	0	0	0	0.055564	0	0	0	0	0	0	0.059147	0	0	0	0.084837	0	0	0	0	0	0	0	0	0	0	0	0	0	0.039641	0	0	0	0	0	0	0	0.101545	0	0	0.116315	0	0	0	0	0	0.218697	0	0.054825	0	0	0	0	0.283644	0	0.376172	0.249692	0	0	0	0.893876	0	0	0.181395	0	0.046058	0	0	0	0	0	0	0.087044	0
"Gordonibacter sp003339845"	0	0	0	0	0	0	0	0	0	0.036418	0.03755	0	0	0	0	0	0.068664	0	0	0	0	0	0	0	0	0	0	0	0	0	0	0	0	0	0	0	0	0	0	0	0	0	0.099587	0	0	0	0	0	0	0	0	0	0	0	0	0	0	0	0	0	0	0	0	0	0	0	0	0	0	0	0	0	0	0	0	0	0	0	0	0	0	0	0	0	0	0	0	0	0	0	0	0	0	0	0	0	0
"Gordonibacter urolithinfaciens"	0	0	0	0	0	0	0	0	0.195284	0	0	0.103609	0.067745	0	0.048899	0	0	0	0	0	0	0	0.331516	0	0.109704	0	0	0.493898	0	0	0	0	0	0	0.266161	0	0	0	0	0.091453	0	0	0.085049	0	0	0	0	0.101451	0	0	0.060345	0.120748	0.324413	0	0	0	0	0	0	0	0.779803	0	0	0.684154	0	0	0	0	0	0	0.057528	0.288917	0	0.037883	0.032644	0	0.047004	0.057202	0.035358	0	0	0	0	0.075813	0	0	0	0.067634	0.277185	0	0	0	0	0	0	0.393589	0.034077
"Paraeggerthella hongkongensis"	0	0	0	0	0	0	0	0	0	0	0	0	0	0	0	0	0	0	0	0	0	0	0	0	0	0	0	0	0	0	0	0	0	0	0	0	0	0	0	0	0	0	0	0	0	0	0	0	0	0	0	0.033722	0	0	0	0	0	0	0	0	0	0	0	0	0	0	0	0	0	0	0	0	0	0	0	0	0	0	0	0	0	0	0	0	0	0	0	0	0	0	0	0.030009	0	0	0	0	0
"Paraeggerthella hongkongensis_A"	0	0	0	0	0	0	0	0	0	0	0	0	0	0	0	0	0	0	0	0	0	0	0	0	0	0	0	0	0	0	0	0	0	0	0	0	0	0	0	0	0	0	0	0	0	0	0	0	0	0	0	0.072884	0	0	0	0	0	0	0	0	0	0	0	0	0	0	0	0	0	0	0	0	0	0	0	0	0	0	0	0	0	0	0	0	0	0	0	0	0	0	0	0.063769	0	0	0	0	0
"Raoultibacter massiliensis"	0	0	0	0	0	0	0	0	0	0	0	0	0	0	0	0.061319	0	0	0	0	0	0	0	0	0	0	0	0	0	0	0	0	0	0	0	0	0	0	0	0	0	0	0	0.073341	0	0	0	0	0	0	0	0	0	0	0	0.890205	0	0	0	0	0	0	0	0	0	0	0	0	0	0	0	0	0	0	0	0	0	0	0	0	0	0	0	0	0	0	0	0	0	0	0	0	0	0	0	0	0
"Raoultibacter sp901411515"	0	0	0	0	0	0	0	0	0	0	0	0	0	0	0	0.066811	0	0	0	0	0	0	0	0	0	0	0	0	0	0	0	0	0	0	0	0	0	0	0	0	0	0	0	0.057043	0	0	0	0	0	0	0	0	0	0	0	0.03166	0	0	0	0	0	0	0	0	0	0	0	0	0	0	0	0	0	0	0	0	0	0	0	0	0	0	0	0	0	0	0	0	0	0	0	0	0	0	0	0	0
"Raoultibacter timonensis"	0	0	0	0	0	0	0	0	0	0	0	0	0	0	0	1.058903	0	0	0.13053	0	0	0	0	0	0	0	0	0	0	0	0	0	0	0	0	0	0	0	0	0	0	0	0	1.169834	0	0	0	0	0	0	0	0	0	0	0	0.028866	0	0	0	0	0.136427	0	0	0.077849	0	0	0	0	0	0	0	0	0	0	0	0	0	0	0	0	0	0	0	0	0	0	0	0	0	0	0	0	0	0	0	0	0
"Senegalimassilia anaerobia"	0	0	0.051322	0	0	0	0	0.232905	0	0	0.318635	0	0	0	0	0.237041	0	0	0	0.229517	0.153031	0	0.122517	0.050439	0	0.03581	0.072443	0	0.163211	0.125059	0	0	0	0.232951	0	0	0	0.394939	0.172937	0	0	0.035297	0	0	0	0	0	0	0.053269	0.200583	0	0	0.043686	0	0.22716	0	0	0	0	0	0.167433	0	0.322729	0	0	0	0.161879	0.165658	0.243663	0.239562	0	0	0.401715	0	0.116459	0	0	0.041767	0	0	0	0.266106	0	0	0	0	0	0	0.208517	0	0.140355	0	0	0	0	0	0
"Senegalimassilia sp004135645"	0	0	0	0	0	0	0	0	0	0	0	0	0	0	0	0	0	0	0	0	0	0	0	0	0	0	0	0	0	0	0	0	0.502763	0	0	0	0	0	0	0	0	0	0	0	0	0	0	0	0	0	0	0	0	0	0	0	0	0	0	0	0	0	0	0	0	0	0.216271	0	0	0	0	0	0	0	0	0.260598	0	0	0	0	0	0	0	0	0	0	0	0	0	0	0	0	0.103093	0	0	0	0
"Slackia_A equolifaciens"	0	0	0	0	0	0	0	0	0	0	0	0	0	0	0	0	0	0	0	0	0	0	0	0	0	0	0	0	0	0	0	0	0	0	0	0	0	0	0	0	0	0	0.135933	0	0	0	0	0	0	0	0	0	0	0	0	0	0	0	0	0	0	0	0	0	0	0	0	0	0	0	0	0	0	0	0	0	0	0	0	0	0	0	0	0	0	0	0	0	0	0	0.089203	0	0	0.034437	0	0	0
"Slackia_A faecicanis"	0	0	0	0	0	0	0	0	0	0	0	0	0	0	0	0	0	0	0	0	0	0	0	0	0	0	0.077147	0	0	0	0	0	0	0	0	0	0	0	0	0	0	0	0	0	0	0	0	0	0	0	0	0	0	0	0	0	0	0	0	0	0	0	0	0	0	0	0	0	0	0	0	0	0	0	0	0	0	0	0	0	0	0	0	0	0	0	0	0	0	0	0	0	0	0	0	0	0
"Slackia_A isoflavoniconvertens"	0	0	0	0	0.288286	0	0.327538	0.172725	0	0	0	0	0	0	0	0	0	0	0	0	0	0	0	0	0	0	0	0	0	0.368546	0	0	0.563441	0.212209	0	0	0	0.451083	0	0.409778	0	0.190173	0	0	0	0	0	0	0	0	0	0	0	0	0.257254	0	0	0	0	0	0	0	0	0	0	0.213567	0	0.197515	0	0	0	0	0	0.271365	0	0.181813	0	0	0	0	0	0	0	0	0	0	0	0	0.384374	0	0	0	0.044938	0	0.049724	0	0
"Slackia_A piriformis"	0	0	0	0	0	0	0	0	0	0.137047	0	0	0	0	0	0	0	0	0	0	0	0	0.105701	0	0	0	0	0.129648	0	0	0	0	0	0	0	0	0	0	0	0	0	0	0	0	0	0	0	0	0	0	0	0	0	1.002915	0	0	0.392842	0	0	0	0	0	0	0	0	0	0	0	0	0	0	0	0	0	0	0	0	0	0	0	0	0	0	0	0	0	0	0	0	0	0	0	0	0	0	0	0
"UMGS1773 sp003343725"	0	0	0	0	0	0	0	0	0	0	0	0	0	0	0	0	0	0	0	0	0	0	0	0	0	0.140931	0.142064	0	0	0	0	0	0.047676	0	0	0	0	0	0	0	0	0.139028	0	0	0	0	0	0	0	0.044074	0	0	0	0	0	0	0	0	0	0	0	0	0	0	0	0	0	0	0	0	0	0	0	0	0	0	0	0	0	0	0	0	0	0	0	0	0	0	0	0	0	0	0	0	0	0	0
"QAMH01 sp003149935"	0	0	0	0.720903	0.378376	0	0	0.080501	0	0	0	0	0	0	0	0	0	0	0	0	0.613331	0	0	0	0	0	0	0	0	0	0	0	0	0	0	0	0	0	0	0	0	0	0.106129	0	0	0	0	0	0	0	0	0	0	0	0.175709	0	0.208206	0	0	0	0	0	0	0	0.76881	0	0.793856	0	0	0	0	0	0	0	0	0	0	0	0	0	0	0	0.875563	0	0	0	0	0	0	0	1.062954	0	0	0	0	0	0
"43-108 sp001915545"	0.096001	0.057557	0.0371	0	0.033874	0	0.090034	0.049238	0.069596	0	0	0.0376	0	0.035009	0	0.035693	0.04132	0.033208	0.068259	0.045696	0	0.039142	0	0	0	0	0.049864	0.042187	0	0.094742	0.034605	0	0	0.045473	0.062626	0.085393	0.044267	0.053239	0.054655	0.044847	0	0.056187	0.037799	0	0	0.066425	0.043197	0.053188	0	0.062064	0.043698	0	0.033169	0.038421	0.042714	0.061458	0.034374	0.038426	0	0.079266	0	0	0.047176	0.043962	0.03372	0	0.042736	0	0.039442	0	0.086292	0	0.052831	0	0.044113	0	0.057539	0	0.059913	0.055875	0.059904	0.031593	0	0	0	0.037718	0	0.049354	0.072018	0.063749	0	0	0.055511	0	0	0.035007	0.039189
"Bacteroides acidifaciens"	0	0	0	0	0	0	0	0	0	0	0	0	0	0	0	0	0	0	0	0	0	0	0	0	0	0	0	0	0	0	0	0	0	0	0	0	0	0	0	0	0	0	0	0	0	0	0	0	0.049869	0	0	0.042425	0	0	0	0	0	0	0	0	0	0	0	0	0	0	0	0	0	0	0	0	0	0	0	0	0	0	0	0	0	0	0	0	0	0	0	0	0	0	0	0	0	0	0	0.031222	0
"Bacteroides bouchesdurhonensis"	0	0	0	0	0	0	0	0	0	0	0	0	0	0	0	0	0	0	0	0	0	0	0	0	0	0	0	0	0	0	0	0	0	0	0	0	0	0	0.042419	0	0	0	0	0	0	0	0	0	0	0	0	0	0	0	0	0	0	0	0	0	0	0	0	0	0	0	0	0	0	0	0	0	0	0	0	0	0	0	0	0	0	0	0	0	0	0	0	0	0	0	0	0	0	0	0	0	0
"Bacteroides caccae"	4.085551	2.446157	1.597166	1.73289	1.780167	1.718097	3.925799	0.042204	2.209411	1.956988	0.077245	1.99614	2.140413	1.721048	2.668197	0.527164	0.06198	2.982687	2.509999	2.704359	1.470065	1.076849	1.958665	0.181885	2.354855	2.825557	1.820491	2.585763	1.289434	1.97442	0	2.632528	0.597031	1.435204	0.039141	2.426501	0	0	2.058113	1.651425	0	1.803762	1.879071	0	0	0	2.181905	2.245708	2.091102	2.364719	2.648938	0.098992	1.581613	0.268945	0.036889	2.335391	0.033392	2.547249	1.481459	1.912068	0.072089	2.446861	2.617217	2.154122	1.811874	0.053392	0.055039	1.473627	0.056095	1.918812	0.095497	1.876218	0.039872	1.891052	0.601703	0	1.799115	2.259025	2.609635	2.343266	2.44107	2.676857	2.165477	0.851998	1.22849	0.027346	0.052982	2.354382	0.705104	2.31203	0	0.037511	0	0.039028	0.227201	1.764528	2.022474
"Bacteroides cellulosilyticus"	2.785603	2.925176	2.420791	0.112803	0.116756	0.243901	0.119528	0.079719	0.730238	0.087212	0.796052	0.106951	0.086611	0.057415	0.030828	0.091521	0.421708	0.037736	0.14011	2.936992	0.188578	2.575567	0.429209	0.250665	2.232856	0.143242	2.19682	0.371453	0.377292	0.138323	0.06921	2.740714	0.158197	0.118071	0.09046	0.296104	0.182779	0.068727	0.439684	0.123989	0.232051	0.373142	0.266777	0	0.030205	0.077496	1.460774	0.190097	0.047602	0.111535	0.194561	0.093552	0.131059	0.125861	0.051451	0.089393	0.477304	0.105166	0.122707	0.583925	1.798352	0.196793	0.31308	0.909457	0.449596	0.053392	2.389987	0.08829	0.366371	0.322249	0.155326	2.37225	0.142544	0.058757	0.500243	0	0.978978	0.12076	0.127683	3.219808	0.474236	0.083842	0.157026	0.428165	0.163799	2.798706	2.512594	0.079515	0.159946	0.280137	1.351773	0.10003	0.253767	0.110198	0	1.557326	1.599918
"Bacteroides clarus"	0	0	0.52806	0.069367	0	0	0	0.109419	0.034279	0.095837	0	0.687661	2.003207	0	0	0	0	0	1.123273	0	0	0	1.82814	0	1.830923	0	1.768746	0.296339	0	0	0.039378	2.540251	0.039007	0.040687	0	0	0	2.280581	0	0	0	0	0	0	0	0	0	0	1.531208	0	2.242129	0	0	2.175411	0.032035	0	0.034374	0	1.071439	0.038752	1.541002	2.371557	0	0.946092	0	0	0.888394	0	1.459349	0.224879	0	2.079852	0	0	1.449557	0	0	0.050846	2.346413	0.394619	0.622997	0.279472	1.053964	0	0	0	0.894405	1.434016	0.04522	0.694956	0	0	0.129527	0	0	1.88374	0.962677
"Bacteroides congonensis"	0	0	0	0	0	0	0	0	0	0	0	0	0	0	0	0	0	0.033208	0	0	0	0	0	0	0	0	0	0	0	0	0	0	0	0	0	0	0	0	0	0	0	0	0	0	0	0	0	0	0	0	0	0.255638	0	0	0	0	0	0	0	0	0	0	0	0	0	0	0	0	0	0	0.095497	0	0	0	0	0	0	0	0	0	0	0	0	0	0	0	0	0	0	0	0	1.245374	0	0	0	0.032168	0
"Bacteroides cutis"	0	0	1.403008	0	0	0	0	0	0	0	0	0	0	0	0	0	0	0	0	0	0.572362	0	0	0	0	0	0	0	0	0	0.039378	0	0.654459	0	0	0	0	0	0	0	0	0	0	0	0	0	0	0	0	0	0	0	0	0	0	0	0	0	0	0	0	0	0	0	0	0	0	0	0	0	0	0	0	0	0	0	0	0	0	0	0	0	0	0	0	0	0	0	0	0	0	0.035011	0	0	0	0.037845	0
"Bacteroides eggerthii"	0	0	1.203903	1.355583	1.28936	1.407285	0	0	2.499221	1.427969	0	1.628496	0	0.036409	0.508127	2.143432	0	0	0	0	1.233891	0	0.081678	0	0	0	2.115909	0.065853	0	0	2.360297	0	0	1.633054	0	0	0	0	0	0	1.560256	0	0	0	0	0	0	2.19252	0	1.639742	2.407558	0	1.707818	0	0.032035	0	2.293218	0	2.313471	2.05915	0	0.026105	0	1.795102	0	0	1.294387	0	0	1.810623	0	2.077242	1.078549	0.040975	0.033526	0	1.581114	0	0	0	0	0.035238	1.971456	0.077979	0	0	1.778931	2.124062	1.699954	0	0.173416	2.323197	0.055511	0	0.136168	1.575302	1.309411
"Bacteroides faecichinchillae"	0	0	0	0	0	0	0	0	0	0	0	0	0	0	0	0	0	0	0	0	0	0	0	0	0	0	0	0	0	0	0	0	0	0	0	0	0	0	0	0	0	0	0	0	0.03398	0	0	0	0	0	0	0	0	0	0	0	0	0	0	0	0	0	0	0	0	0	0	0	0	0	0	0	0	0	0	0	0	0	0	0	0	0	0	0	0	0	0	0	0	0	0	0	0	0	0	0	0
"Bacteroides faecis"	0.069247	0.052915	0	0	0	0	0	0.447053	0.055053	0.062294	0.035404	0.040942	0.036017	0	0.029765	0	0	0.02868	3.891936	0.034272	0	0.046971	0.033632	0	0	0.06931	0.041396	0.0391	0	0.039792	0	0.037123	0	0	0.04523	0.053232	0.032843	0	0.048129	0	0	0	0.040707	0.070625	0	0.039539	0.029974	0.041368	0.040802	0.05127	0.064507	0.032635	0.046114	0.047695	0.044655	0.038178	0.044195	0.032359	0.038907	0	0.048835	0.051206	0	0.047625	0	0	0	0.036408	0	0	0.048324	0	0.033892	0.040202	0.055583	0	0.034848	0	0	0	0.034944	0.044959	0	0.044766	0.03458	0.031118	0.07184	0	0.033497	0.043098	0	0.041262	0	0	0	0.047306	0
"Bacteroides finegoldii"	0.07082	0.107687	1.06725	0	0	0	0	0.993365	0	0.529019	0	0	0	0	0	0.347782	0	0.087548	1.29811	0	0	0	0	0.145202	0	0	0.10349	0.145083	0	0	0	0	0.498429	0.055047	0.716721	0.035488	0.034271	0	0	0	0	0.071315	0	0	0	0	0.196592	1.658672	0	1.308736	0.934307	0	0	1.652093	0.082515	0	0.102139	0	0	0.036991	0	0	0	0	0	0	0	0	0	0	0.044872	0	1.706539	0	0.110283	0	0.089145	0.850766	0	0	0	0.198061	0	0	0	0	0	0.090483	0	0.540521	0	0	0	0.188255	0	0	0
"Bacteroides fluxus"	0	0	0	0	0	0	0	0	0	0	0	0	0	0	0	0	0	0	0	0	0	0	0	0	0	0	0	0	0	0	0	0	0	0	0	0	0	1.197402	0	0	0	0	0	0	0	0	0	0	0	0	0	0	0	0	0	0	0	0	0	0	0	0	0	0	0	0	0	0	0	0	0	0	0	0	0	0	0	0	0	0	0	0	0	0	0	0	0	0	0	0	0	0	0	0	0	0	0
"Bacteroides fragilis"	0.251806	0.968251	0.068635	0.044084	1.244676	2.048334	0.054331	0	0.048821	0.048877	0.121232	0.221422	2.438836	0.057415	0.028702	0.036609	0.25825	0.104153	0.075444	2.546501	1.033263	0.093072	0.152145	0	0.381127	0.041586	0.060213	0.090548	0.03462	0.053055	0.787561	2.953904	0.045509	0.048665	0.078283	0.074303	0.071398	2.147967	0.096257	0.066831	0.13063	0.054747	0.867934	0.036218	0.041531	4.894906	0.07846	0.069932	1.686482	0.044074	0.054102	3.064388	0.186881	1.923688	0.038831	0.062389	0	0.055617	0.858947	0.062532	0.552683	2.087412	1.430302	0.073269	0.03297	0.06381	0.179362	0.053702	0.042948	0.066459	0.24622	0.055695	0.032895	0.04716	0.063523	0	0.061591	0.063558	2.626332	0.063733	0.179711	0.047389	0.51465	0.054152	0.171079	0.05092	0.105066	0.534671	0.061131	1.44558	0	3.441032	0.076659	0.073465	0.050489	0.043522	1.405679
"Bacteroides fragilis_A"	0.053509	0.06127	0	0	0	0.045327	0	0	0	0	0.326145	0	0.05231	0	0	0	0	0.585669	0.031135	0.060235	0.041572	0	0	0	0	0	0.032929	0	0	0	0.06921	0.035001	0	0	0	0	0.031415	0.040656	0.313244	0	0.375662	0	0.056699	2.86211	0	0.066425	0	0.047278	0.087271	0	0	0.03481	0	0.063593	0	0	0	0.123368	0.044893	0	0	0.03715	0.055754	0	0	0	0.939548	0	0	0	1.949053	0	0	0	0	0	0	0	0.038305	0	0.988409	0	0	0	0.0364	0	0	0.032903	0	0.080809	0	0	0	0.039028	0	0	0.0886
"Bacteroides intestinalis"	0.237642	0.127182	0.082239	1.654446	0.183062	0.041729	0	0	1.055365	0.054627	0.105139	0.115307	0	0	0	0	0.915725	0.036227	0	0.04258	0	0	0.090486	0.65341	0	0.626105	0	0	0.065708	0	0	0.033941	0	0	0	1.802132	0	0	0	0.090573	0.40974	0.917729	0.460136	0	0	0	0	0	0	0	0.032253	0	0	0	0	0	0	0	0	0.081027	0.056586	0	0	0.198743	1.81562	0	0	0	0.916804	0	0.04142	0.133145	0	0	2.431515	0	0.649951	0.069914	0	0	0.039936	0	0	0.085922	0.146509	0.030175	0	0	2.013985	0.275648	0	0	0	0	0	0	0
"Bacteroides intestinalis_A"	1.946774	1.604159	0.78838	0.156239	0	0	0	0	0.146463	0	0.043987	0	0	0	0	0	0.11363	0	0	0.136049	0.211473	0.037403	0.106501	0.084829	0.061472	0.073931	0.043278	0	1.466775	0	0	0.056214	0	0	0	0.165242	0	0	0	0	0.055984	0.092205	0.065422	0	0	0	0.052895	0	0	0	0	0	0	0	0	0	0	0	0	0.037871	0.041083	0	0	0.066858	0.102658	0	0.042089	0	0.106931	0	0	0.67791	0	0	0.127928	0	0.114268	0	0	0.034922	0	0	0	0.614449	0.0546	0.046205	0.06735	0	0.117238	0.0422	0.041795	0	0	0	0	0.051091	0.047708
"Bacteroides nordii"	0.327348	1.210546	1.077144	0	0	0	0	0	0.253454	0	0	0	0.069461	0	0	0	0.059549	0	0.107777	1.820561	0	0.287044	0.310696	0	0	0	0	0	0	0.883941	0	0	0	0	1.395171	0.637677	0.074254	0	0	0.19082	0	0	0	0	0	0	0	0	0	0	0.031213	0	0	0	0	0	0	0	0	0	0.058912	0	0	0.083344	0	0	0	0	0	0	0.036818	0	0	0	0.320261	0	0	0	0.345725	0	0.039936	0.110574	0	0.080868	0	0	0	0	0	0	0	1.728018	0	0	0	0.785286	0
"Bacteroides oleiciplenus"	0.048787	0	0	0	0	0	0	0	0.03324	0	0.04506	0	0	0	0	0	0	0	0	0	0	0	0	0	0	0	0	0	0	0	0	0.035001	0	0	0	0	0	0	0	0	0	0	0	0	0	0	0	0	0	0	0	0	0	0	0	0	0	0	0	0.040514	0	0	0	0	0	0	0	0	0	0	0	0	0	0	0	0	0	0	0	0	0	0	0	0	0.590585	0	0	0	0	0	0	0	0	0	0	0	0
"Bacteroides ovatus"	0.547678	0.54586	0.70305	0.195137	0.371889	1.330302	0.332195	1.231741	2.553236	0.646899	3.046883	1.8307	2.008353	1.597815	0.651635	0.307512	0.709125	0.507177	1.711254	1.974265	0.96699	1.467403	0.448427	0.363006	0.369778	1.985745	2.131903	0.272673	0.868336	0.847939	1.782752	2.593284	0.136526	1.962536	0.892422	2.573998	2.621733	2.600017	1.316605	0.591804	0.353755	1.077647	0.285677	0.354029	0.844471	0.031631	2.220694	0.73478	1.872358	2.423185	3.478161	2.116897	2.153582	1.898516	1.788159	2.043933	0.826933	1.819175	1.675994	0.869282	0.792205	0.486962	1.718722	1.547817	1.748181	0.118503	0.200083	0.321303	2.4042	2.166874	1.613089	2.165135	0.868222	0.25513	1.490141	0	0.339563	0.673712	2.603742	2.214054	1.756173	3.141024	1.687823	0.948028	1.661646	0.046205	1.509532	1.983311	2.049156	0.272954	0.762283	3.189707	0.18636	0.468341	0.095624	1.274434	1.755821
"Bacteroides rodentium"	0	0	0	0	0	0	0	0	0	0	0	0	0	0	0	0	0	0	0	0	0	0	0	0	0	0	0	0	0	0	0	0	0	0	0	0	0	0	0	0	0	0	0	0	0	0	0	0	0	0	0	0	0	0	0	0	0	0	0	0	0	0	0	0	0	0	0	0	0	0	0	0	0	0	0.028232	0	0	0	0	0	0	0	0	0	0	0	0	0	0	0	0	0	0	0	0	0	0
"Bacteroides salyersiae"	0.132198	0.093762	1.297272	0.05316	1.014767	0	0	0	2.181365	0.303803	0	2.195002	0	0	0	0.25809	0	0	0.148492	0	0	0	0	0	0	0	1.904224	0.143025	0	0	0	1.733099	0	0	2.360657	0	0.071398	0	0	0	1.779325	0	0	0	0	0	1.336472	0	0	0	2.942339	0	1.136658	0	0	2.41361	0	1.545135	0	0	1.489842	1.856482	0	0	2.081632	0	1.873268	0	0	0.305248	0	0	0	0	1.21311	0	0	0.051754	2.298286	0.048891	0.037939	0	0	0	1.806335	0	1.717867	1.539122	0	0.111337	0	0.03251	0	0	0	0	2.455253
"Bacteroides sp003463205"	0.036197	0.042703	0.035245	0	0	0.061155	0	0	0.100758	0	0	0.033422	0.035159	0.081221	0.308278	0	0	0	0.063468	0.065428	0	0.302701	0	0	0.385856	0.047362	0.095964	0.050419	0.416151	0	0	0.038183	0	0	0.035662	0.727507	0.611167	0	0.035893	0	0	0.24636	0	0	0.046565	0	0.034382	0	0.82284	0	0.269472	0.071796	0.059058	0.04107	0.059217	0.507491	1.017462	0.032359	0	0.045798	0.036432	1.555268	0.097569	1.8354	0	0	0	0	0.170915	0	1.256414	0.07658	0.032895	0	0.055583	0	0	0.039951	0	0	0.039936	0.046174	0	0	0.03185	0	0	0.082257	0	0	0	0	0	0.059691	0	0	0.038337
"Bacteroides sp003545565"	0	0	0	0	0	0	0	0	0	0	0	0	0	0	0	0	0	0	0	0	0	0	2.07958	0	0	0	0	0	0	0	0	0	0	0	0	0	0	0	0	0	0	0	0	0	0	0	0	0	0	0	0.028092	0	0	0	0	0	0	0	0.035914	0	0	0	0	0	0	0	0	0	0	0	0	0	0	0	0	0	0	0	0	0	0	0	0	0	0	0	0	0.034731	0	0	0	0	0	0	0	0	0
"Bacteroides sp003865075"	0	0	0	0	0	0.052521	0	0	0	0	0	0	0	0	0	0	0	0	0	0	0	0	0	0	0	0	0	0	0	0	0	0	0	0	0	0	0	0	0	0	0	0	0	0	0	0	0	0	0	0	0	0	0	0	0	0	0	0	0	0	0	0	0	0	0	0	0	0	0	0	0	0	0	0	0	0	0	0	0	0	0	0	0	0	0	0	0	0	0	0	0	0	0	0	0	0	0
"Bacteroides sp007097645"	0	0	0	0	0	0	0	0	0	0	0	0	0	0	0	0	0	0.031699	0	0	0	0	0	0	0	0	0	0	0	0	0	0	0	0	0	0	0	0	0	0	0	0	0	0	0	0	0	0	0	0	0	0.031547	0	0	0	0	0	0	0	0	0	0	0	0	0	0	0	0	0	0	0.037969	0	0	0	0	0	0	0	0	0	0	0	0	0	0	0	0	0	0	0	0	0	0	0	0	0	0
"Bacteroides sp900066265"	0.483153	0.803008	0.082239	0.047325	0	0	0	0.133647	0	0.110212	0	0	0	0	0.039332	0.120808	0	0.140379	0.202381	0	0	0.044361	0.255443	0.051967	0.041612	0	1.196726	0.987797	0.051577	0	0	0.027577	0.130025	0	0.299214	0.04436	0.052834	0	0.035893	0	0.040568	0.284539	0	0	0	0.028468	0.084631	0.082737	0.049869	0.101641	0.156065	0.044601	0.031551	0.141759	0.597994	0.041903	0.628548	0	0	0.220183	0.035657	0.027109	0.035382	0.043962	0.03372	0	0	0	0	0	0.131164	0.033939	0.082735	0	0.830209	0	1.102971	0.141643	0	0	0.037939	1.115458	0.073991	0	0	0	0	1.201868	0	0.064647	0	0.030009	0	1.714955	0	0	0
"Bacteroides sp900556215"	0.258101	0.14482	0.042665	0	0	0	0	0	0	0	0	0	0	0	0	0	0	0	0	0	0	0	0	0	0	0	0	0	0.052284	0	0	0	0	0	0	0	0	0	0	0	0	0	0	0	0	0	0	0	0	0	0	0	0	0	0	0	0	0	0	0	0	0	0	0	0	0	0	0	0	0	0	0.055695	0	0	0	0	0	0	0	0	0	0	0	0.060651	0	0	0	0	0	0	0	0	0	0	0	0	0
"Bacteroides stercorirosoris"	0	0	0	0	0	0	0	0	0.071673	0	0.100848	0	0	0	0	0	0.079602	0	0	0	0	0	0.068866	0	0	0	0	0	0	0	0	0	0	0	0	0.085393	0	0	0	0	0	0.038899	0	0	0	0	0	0	0	0	0	0	0.237849	0	0	0	0	0	0	0.074862	0	0	0	0	0.035968	0	0	0	0	0	0	0	0	0	0.039702	0	0	0	0	0	0	0	0	0	0.291198	0	0	0	0	0	0	0.030009	0	0	0	0	0
"Bacteroides stercoris"	0.040918	0.035277	0.115011	0.972441	1.629538	0	0	1.809315	2.02036	0.355555	0	1.865793	0.040304	2.96037	2.170701	0	1.228664	0	2.814169	2.093697	1.173642	1.94407	1.458989	1.142512	0.035938	2.213315	0.043278	2.216369	1.656127	1.992421	2.643103	0.042426	1.837686	1.585187	1.997077	0.034379	3.307154	0.042591	2.013248	1.734963	0	1.776388	1.230664	0	0	0	2.169563	2.270332	0.06347	1.859214	0.117569	0	0	2.896132	2.618167	2.10446	2.240184	1.929397	0.032921	1.726233	0.074415	0.030121	0	0.080596	1.61555	1.398601	0	1.659309	0	1.497647	0.032216	0	0.041866	1.569434	1.507786	0	0.042952	2.05564	0	1.952139	2.308284	2.27223	0.0929	0.584846	1.706236	2.147121	0.050288	0.069462	1.846502	0.041302	0	0	1.230505	0	0	0.050145	0.094564
"Bacteroides thetaiotaomicron"	3.981681	3.367063	1.733818	0.088816	0.320718	1.12885	0.058988	0.080501	0.45497	1.141417	0.464542	2.10142	1.955185	0.166643	2.290823	2.205667	0.833085	0.203777	0.95083	2.589081	0.081336	0.540164	1.748865	0.384404	0.457731	0.304966	1.291749	2.89445	1.166496	0.424443	0.242235	2.948601	0.048759	0.596739	2.985178	3.157334	3.908325	2.890414	1.624139	2.349631	0.737531	1.756218	1.993923	1.185227	0.035239	5.059387	2.762864	0.587036	3.103218	0.818522	1.153838	2.763062	1.132613	2.175411	2.372562	2.834502	2.166526	1.455137	0.344177	0.292403	2.643267	2.667751	0.426732	1.882109	0.703619	0.184918	1.85449	0.636235	0.470673	2.463621	3.689854	0.968567	0.80941	0.973358	2.529445	0	1.295039	0.070822	2.829642	2.086589	2.555885	1.348757	0.184978	1.397132	2.645349	2.929778	2.515288	0.082257	0.205167	1.020885	0.239539	3.255977	0.097806	0	0.161412	1.867656	0.481339
"Bacteroides timonensis"	0.05823	0.032492	0	0	0	0.048205	0	0	0.070635	0	0.17702	0	0	0	0	0	0.100262	0	0	0.034272	0	0	0.09449	0	0.0331	0	0	0	0	0	0	0.043487	0	0	0	0	0	0	0	0	0	0	0	0	0	0	0.030855	0	0	0	0	0	0	0	0	0	0	0	0	0.125064	0.037982	0	0	0	0	0	0	0	0	0	0	0.040031	0	0	0	0	0	0	0	0	0	0	0	0	0	0.027346	0	0	0	0	0	0	0	0	0	0.033114	0
"Bacteroides togonis"	0	0	0	0	0	0	0	0	0	0	0	0	0	0	0	0	0	0	0	0	0	0	0	0.645003	0	0	0	0	0	0	0	0	0	0	0	0	0	0	0	0	0	0	0	0	0	0	0	0	0	0	0	0	0	0	0	0	0	0	0	0	0	0	0	0	0	0	0	0	0	0	0	0	0	0	0	0	0	0	0	0	0	0	0	0	0	0	0	0	0	0	0	0	0	0	0	0	0
"Bacteroides uniformis"	4.65841	2.892685	1.986718	1.762711	2.009355	2.164888	2.612543	1.362262	2.655033	2.438089	2.666023	2.328691	2.288767	0.151239	2.558706	2.34844	1.549502	3.876285	3.375805	2.496651	1.853849	2.094551	2.334222	2.233057	2.290546	2.871764	2.689811	2.921203	1.794609	0.894363	2.678902	3.04512	2.069563	2.409292	2.16408	2.291202	3.391404	2.54581	2.032825	2.168484	2.529027	1.827533	2.163294	0.082395	0.906139	3.824195	2.32472	2.966698	1.264862	2.718213	2.914248	2.722813	2.329137	3.186275	2.410422	2.428509	2.44348	2.52298	2.271571	2.038012	2.254916	2.538229	3.26482	2.797978	2.215012	0.742274	1.878448	1.108633	2.485713	2.515398	2.747544	2.253028	2.457137	1.251682	2.581499	0	2.481482	2.314411	0.138486	1.836024	2.519943	3.021945	2.542833	2.020246	2.329581	2.548822	2.654478	2.826904	1.916845	2.453894	1.447838	3.037161	0.117632	5.835897	0.180537	2.647265	2.333427
"Bacteroides xylanisolvens"	4.150076	2.647605	0.599787	0.038249	0.807922	0.596442	1.311704	0.399378	1.375299	0.08817	1.243429	1.458878	0.186086	0.302479	1.570091	1.79199	0.075348	3.355522	0.246689	1.34491	0.118087	0.848084	1.196339	0.342372	1.936844	0.184828	1.244708	0.074085	0.329247	0.758882	0.19689	1.828557	0.108354	0.568816	1.570872	1.420634	0.612595	0.114223	1.533592	1.653183	0.1428	1.282947	0.079234	1.678694	0.142213	0.031631	0.286513	1.238094	0.489624	0.809527	0.272593	0.812601	0.768559	1.54743	0.991156	0.184373	0.726758	0.794814	0.88289	1.520142	1.532475	2.391638	2.425295	0.187753	1.285097	0.325559	1.037323	0.927502	1.236721	0.228743	2.416182	1.211362	0.130582	0.733691	1.257223	0	0.901989	0.128932	0.117861	1.100043	1.457653	0.156747	0.629748	0.957415	0.124669	0.046205	0.178701	0.595907	0.425407	1.861296	0.102303	0.206312	0.266984	4.391845	0.162942	0.851515	1.02146
"CAG-462 sp003489705"	0	0	0	0	0	0	0	0	0	0	0	0	0	0	0	0	0	0	0	0	0	0	0	0	0	0	0	0	0	0	0	0	0	0	0	0	0	0	0	0	0	0	0.050884	0	0	0	0	0	0	0	0	0	0	0	0	0	0	0	0	0	0	0	0	0	0	0	0	0	0	0	0	0	0	0	0	0	0	0	0	0	0	0	0	0	0	0	0	0	0	0	0	0	0	0	0	0	0
"CAG-462 sp900291465"	0	0	0.047612	0	0	0	0	0	0	0	0	0	0	0	0	0	0	0	0	0	0	0	0	0	0	0	0	0	0	0	0	0	0	0	0	0	0	0	0	0	0	0	0.146836	0	0	0	0	0	0	0	0	0	0	0	0	0	0	0	0	0	0	0	0	0	0	0	0	0	0	0	0	0	0	0	0	0	0	0	0	0	0	0	0	0	0	0	0	0	0	0	0	0	0	0	0	0	0
"OM05-12 sp003438995"	0	0	2.470876	0	0	0	0	0	0	0	0	0	0	0	0	0	0.777789	0	0	0	0	0	0	0	0	0	2.429203	2.822423	0	0	0	0	0	0	0	0	0	0	0	0	0	0	0.077053	0	0	0	0	2.369813	0	0	0	0	0	0	0	0	0	0	0	0	0	0	0	0	0	0	0.857961	0	0	0	1.877718	0	0	0	2.915876	0	0	0	0	0	0	0	0	0	0	0	0	0	0	0	0	0	0	0	0	0	0
"Paraprevotella clara"	0	0	0	0	0	0	0	0	0	0	0	0	0	0	0	0.093352	0	0	0	0	0	0	0	0	0	0	0	1.007347	0	0	0	0	1.293748	0.532916	0.615824	0	0	0	0	0	0	0.513611	0	0	0	0	0	0	0	0	0	0	0	0	0.665948	0	0	0	0.658426	0	0	0	0	0	0.507295	0.974072	0	0.689027	0.054342	0	0	0	0	0.494024	0	0	0.487868	0	0	0.545656	0	0	0	0.53647	0	0	0	0	0	0	0	0	0.874967	0	0.520957	0	0
"Paraprevotella xylaniphila"	0	0	0	0	0	0	0	0	0	0	0	0	0	0	0	1.586982	0	0	0	0	0	0	0	0	0	0	0	0.084374	0	0	0	0	0.138693	0.090149	0.078283	0	0	0	0	0	0	0.055467	0	0	0	0	0	0	0	0	0	0	0	0	0.147557	0	0	0	0.203514	0	0	0	0	0	0.094415	0.32035	0	0.051882	1.411142	0	0	0	0	0.197919	0	0	0.072937	0	0	0.225247	0	0	0	0.218776	0	0	0	0	0	0	0	0	0.273592	0	0.172122	0	0
"Phocaeicola coprocola"	0	0	0.703668	0.30794	0	0	1.542999	0.373586	0	0.366097	0	0	0	0	0.481551	0	0	0	0	0	0.281361	0	0	0	0	0	0	0	0	1.050687	0	0	0	0.315123	0.420987	0	0	0	0	0	0	0	0	0	0	0	0	0	0.476023	0	0	0	1.215941	0	0	0	0	0	0	0.414824	0	0	0	0	0	0	0	0.316752	0	0	0	0	0	1.146537	0	0	0	0	0	0	0	0	0	0	0.480476	0	0	0	0.444668	0	0	0	0	0	0	0	0
"Phocaeicola coprophilus"	0	0	0	0	0	0	1.493325	0	0	1.419344	0	0	0	0	0	0	0	0	0	0	0.063864	0	0	0	0	0	0	0	0.674745	0	0	0	0	0	0	0	0	0	0	0	0	0	0	0	0	0	0	0	0	0	0	0	0	0	0.995039	0	0	0	0	0	0	0	0	0	0	0	0	0.805534	0	0	0	0	0	0	0	0	0	0	0	0	0	0	0	0	0	0	0	0	0	0	0	0	0	0	0	0	0
"Phocaeicola dorei"	1.718575	1.099146	0.102026	0.750724	0.793508	1.626724	0.190934	0.081282	0.142308	0.148547	0.917284	2.138184	0.716901	0.207254	2.904189	0.867623	1.316165	0.076982	1.111297	0.267943	0.74166	0.132214	2.28938	0.62437	2.724633	0.175587	1.099821	0.955899	1.050624	0.129796	1.07514	3.256189	0.308809	1.787025	0.18179	2.874538	1.379409	0.155846	0.540836	2.447239	0.140366	1.764142	1.602117	2.267233	3.669863	0.124943	0.1675	0.325037	0.119006	0.661114	0.91766	2.754359	0.889101	0.115262	2.318199	2.317699	0.886842	1.868724	0.499805	0.579521	0.711589	0.275109	0.236954	0.544026	0.741085	0.126317	1.820819	0.152005	0.589875	0.421165	1.196585	0.519528	0.146531	0.122926	0.711986	0.042423	0.691282	0.394058	1.999705	1.044168	1.592436	0.106928	2.144102	0.761744	2.542519	0.086752	2.362629	0.420425	0.190931	0.831433	0.109165	3.359758	1.173672	0.211213	0.390909	2.251783	0.728397
"Phocaeicola massiliensis"	0.092853	0.04456	0.281962	0.363693	0	0	0	0	0.369793	0	0	0.296622	0	0	0	0	0	0	0.058678	0	0.103025	0.448832	0	0.33855	0	0.527915	0.03481	0.54123	0	0.252013	0	0	0	0.375754	0.804572	0.053232	0	0	0	0.410658	0	0.250683	0.350372	0	0	0	0.045842	0	0	0	0.027051	0	0.374571	0.04372	0	0	0.458644	0	0.90384	0.816438	0	0	0	0	0	0.101574	0	0	0.414578	0.348524	0	0.428154	0.452552	0.293786	0.412016	0	0	0	0	0.455732	0	0.596612	0	0.246213	0	0.3951	0.414874	0	0.072018	0	0	0	0	0.996373	0.273866	0.543077	0.460892
"Phocaeicola paurosaccharolyticus"	0	0	0	0	0	0	0	0	0	0	0	0	0	0	0	0	0	0	0	0	0	0	0	0	0	0	0	0	0	0	0	0	0	0	0	0	0	0	0	0	0	0	0	0	0	0	0	0	0	0	0	0	0	0	0	0	0	0	0	0	0	0	0	0	0	0	0	0	0	0	0.033366	0	0	0	0	0	0	0	0	0	0	0	0	0	0	0	0	0	0	0	0	0	0	0	0	0	0
"Phocaeicola plebeius"	0	0	0	0.056402	0	0	0.198696	1.148114	0	0.084336	0	0	0.066888	0.158241	0	0	0	0	0	0	0.077721	0.112208	0.111306	0	0	0	0	0	0	0.129796	0	0	0	0.1077	0	0	0	0	0	0	0	0	0	0	0	0	0	0	0	0	0	0	0	0	0.731961	0	0	0.087976	0	0.102165	0	0	0	0.136464	0	0	0	0	0	0	0	0	0.09071	0.076539	0	0	0	0	0	0	0.212658	0.089917	0	0.088088	0	0.110326	0	0	0	0	0.08546	0	0	0	0.048959	0	0
"Phocaeicola plebeius_A"	0	0	0	1.215551	0	0	1.59733	0.828455	0	1.841984	0	0	1.239141	1.897493	0	0	0	0	0	0	1.176655	1.204715	0.607779	0	0	0	0	0	0	0.630033	0	0	0	0.497016	0	0	0	0	0	0	0	0	0	0	0	0	0	0	0	0	0	0	0.037214	0	0.187359	0	0	1.537046	0	0.832291	0	0	0	1.436997	0	0	0	0	0	0	0	0	1.934809	1.441869	0	0	0	0	0	0	0.552111	2.324479	0	0.335745	0	0.931645	0	0	0	0	0.819048	0	0	0	0.283046	0	0
"Phocaeicola sartorii"	0	0	0	0	0	0	0	0	0	0	0	0	0	0	0	0	0	0	0	0	0	0	0	0	0	0	0	0	0	0	0	0	0	0	0	0	0	0	0	0	0.694529	0	0	0	0	0	0	0	0	0	0	0	0	0	0	0	0	0	0	0	0	0	0	0	0	0	0	0	0	0	0	0	0	0	0	0	0	0	0	0	0	0	0	0	0	0	0	0	0	0	0	0	0	0	0	0	0
"Phocaeicola sp000434735"	0	0	0	0	0	0	0	0	0	0	0	0	0	0	0	0	0	0	0	0	0	0	0	0	0	0	0	0	0	0	0	0	0	0	0	0	0	0	0	0	0	0	0	0	0	0	0	0	0	0	0	0	0	0	0	0	0	0	0	0	0	0	0	0	0	0	0	0	0	0	0	0	0	0	0	0.657556	0	0	0	0	0	0	0	0	0	0	0	0	0	0	0	0	0	0	0	0	0
"Phocaeicola sp900066455"	0	0	0	0	0	0	0	0.050801	0	0	0	0	0.053167	0.071419	0	0.053998	0	0	0	0	0	0	0.044042	0	0	0	0.054568	0.054535	0	0	0	0.027577	0	0	0	0	0	0	0	0	0	0	0.039253	0	0	0	0.051132	0	0	0	0	0	0	0	0	0	0	0	0	0	0	0.057231	0	0.035719	0	0.052089	0	0	0	0	0	0	0	0	0	0	0	0	0	0	0.047923	0	0	0	0	0.063178	0	0	0	0	0	0	0	0	0	0	0
"Phocaeicola sp900553715"	0	0	0	0	0	0	0	0	0	0.094878	0	0	0	0	0.048899	0	0	0	0	0	0	0	0	0	0	0	0	0	0	0	0	0	0	0	0.040011	0	0	0	0	0	0	0	0	0	0	0	0	0	0.105405	0	0	0	0	0	0	0	0	0	0	0.032587	0	0	0	0	0	0	0	0	0	0	0	0	0	0	0	0	0	0	0	0	0	0	0	0	0.03822	0	0	0	0	0	0	0	0	0	0	0	0
"Phocaeicola sp900554435"	0.165248	0.078908	0.510128	0.570499	0	0	0	0	1.235068	0	0	0.988461	0	0	0	0	0	0	2.190262	0	0.154839	0.750663	0	0.901782	0	0.948398	1.769687	0.884901	0	0.963524	0	0	0.045509	0.668539	0.753253	2.078274	0	0	0	0.735139	0	0.405558	0.604792	0	0	0	1.6653	0	0	0	2.005951	0	0.667433	2.419184	0	0	0.791577	0	0.906833	0.771521	0	0	0	0	0	0.14585	0	0	0.719595	0.621315	0	0.704887	0.796451	0.95403	0.742865	0	0	0	0	0.725504	0	0.986658	0	0.338633	0	1.128724	0.736357	0	1.529121	0	0	0	0	1.650673	0.358014	0.740818	0.667059
"Phocaeicola vulgatus"	3.932894	2.269773	1.924884	1.486538	1.605034	0.124468	3.900962	1.881218	2.606212	2.193705	2.580195	0.463733	2.098394	3.416888	0.543207	2.135195	0.853745	3.601564	3.228511	2.56831	0.918188	2.239812	0.097693	1.991563	0.082278	3.092402	2.052874	2.344988	1.225845	2.387494	2.687255	0.126217	2.604833	0.496219	2.266718	0.14528	3.31001	2.427716	2.03772	0.123109	1.991091	0.541705	0.634595	0.183805	0.118301	3.738791	2.606825	2.676135	1.957362	2.650752	2.373224	0.147943	1.875283	3.717541	0.154352	0.320325	2.367858	1.519855	3.202346	2.177168	1.81618	2.330391	2.874543	2.315315	1.750429	2.930031	0.130799	2.420243	2.35424	2.030865	2.784362	2.48538	2.584729	2.071189	2.374167	0	2.179198	2.660347	1.116731	1.610777	1.125188	3.224866	0.604262	1.796416	0.084629	2.523362	0.146373	2.225513	2.233388	2.211468	1.071063	0.131289	2.800687	5.133385	0.238676	0.21004	1.846977
"Prevotella copri"	0	0	0	0	0.660896	0	2.305185	0.076593	0	0	0	0	0	1.982916	0	0	0	0	0	1.435263	0.132547	1.222111	0	0.926237	0	0	0	0	0	1.50829	0	0	0.289305	0	0	1.290881	0	0	0	0.884629	0	0.067713	1.05039	0	1.574417	0	0	0	1.559543	0	0	0	0	0	0	1.252433	0	0	0	0	0	0	0	0	0	1.980701	0	1.383516	0	0	0	0	0	1.244723	0	1.106027	0	0	0	1.026707	0	0	0	1.113374	0	0	0	0	0	0	1.045487	0	1.468411	0	0.906511	0	0
"Prevotella copri_A"	0	0	0	0	0	0	0	0.561161	0	0	0	0	0	0.368296	0	0	0	0	0	0	0	0	0	0	0	0	0	0	0	0	0	0	0.721638	0	0	0	0	0	0	0	0	0.136147	0	0	0	0	0	0	0.733302	0	0	0	0	0	0	0	0	0	0	0	0	0	0	0	0	0.833431	0	0	0	0	0	0	0	0	0	0.699979	0	0	0	0	0	0	0	0.174732	0	0	0	0	0	0	0.41545	0	0	0	0.490357	0	0
"Prevotella disiens"	0	0	0	0	0	0	0	0	0	0	0	0	0	0	0	0	0	0	0	0	0	0	0	0	0	0	0	0	0	0	0	0	0	0	0	0	0	0	0	0	0	0	0	0	0	0	0	0	0	0	0	0	0	0	0	0	0	0	0	0	0	0	0	0	0	0	0	0	0	0	0	0.03655	0	0	0	0	0	0	0	0	0	0	1.320333	0	0	0	0	0	0	0	0	0	0	0	0	0	0
"Prevotella lascolaii"	0	0	0	0	0	0	0	0	0	0	0	0	0	0	0	0	0	0	0	0	0	0	0	0	0	0	0	0	0	0	0	0	0	0	0	0	0	0	0	0	0	0	0	0	0	0	0	0	0	0	0	0	0	0	0	0	0	0	0	0	0	0	0	0	0	0	0	0.930233	0	0	0	0	0	0	0	0	0	0	0	0	0	0	0	0	0	0	0	0	0	0	0	0	0	0	0	0	0
"Prevotella multisaccharivorax"	0	0	0	0	0	0	0	0	0	0	0	0	0	0	0	0	0.219361	0	0	0	0	0	0	0.042032	0	0	0	0	0	0	0	0	0	0	0	0	0	0	0.288772	0	0.289658	0	0	0	0	0	0	0	0	0	0	0	0	0	0	0	0	0	0	0	0	0	0	0	0	0	0	0	0	0	0	0	0	0	0	0	0	0	0	0	0	0	0	0	0	0	0	0	0	0	0	0	0	0	0	0	0
"Prevotella sp000424185"	0	0	0	0	0	0	0	0	0	0	0	0	0	0	0	0	0	0	0	0	0	0	0	0	0	0	0	0	0	0	0	0	0	0	0	0	0	0	0.033445	0	0	0	0	0	0	0	0	0	0	0	0	0	0	0	0	0	0	0	0	0	0	0	0	0	0	0	0	0	0	0	0	0	0	0	0	0	0	0	0	0	0	0	0	0	0	0	0	0	0	0	0	0	0	0	0	0	0
"Prevotella sp000434515"	0	0	0	0	0	0	0	0	0	0	0	0	0	0.035009	0	0	0	0	0	0	0	0	0	0	0	0	0	0	0	0	0	0	1.179976	0	0	0	0	0	0	0	0	0	0	0	0	0	0	0	0	0	0	0	0	0	0	0	0	0	0	0	0	0	0	0	0	0.111992	0	0	0	0	0	0	0	0	0	0.954517	0	0	0	0	0	0	0	0	0	0	0	0	0	0	0.460988	0	0.063442	0	0.540082	0	0
"Prevotella sp000434975"	0	0	0	0	0	0	0	0	0	0	0	0	0	0	0	0	0	0	0	0	0	0	0	0	0	0	0	0	0	0	0	0	0	0	0	0	0	0	0	0	0	0	0	0	0	0	0	0	0	0	0	0	0	0	0	0	0	0	0	0	0	0	0	0	0	0	0	0	0	0	0	0	0	0	0	0.508065	0	0	0	0	0	0	0	0	0	0	0	0	0	0	0	0	0	0	0	0	0
"Prevotella sp000436915"	0	0	0	0	0	0	0	0	0	0	0	0	0	0	0	0	0	0	0	0	0	0	0	0	0	0	0	0	0	0	0	0	0	0	0	0	0	0	0	0	0	0	0	0	0	0	0	0	0	0	0	0	0	0	0	0	0	0	0	0	0	0	0	0	0	0	0	0	0	0	0	0	0	0	0	0.43635	0	0	0	0	0	0	0	0	0	0	0	0	0	0	0	0	0	0	0	0	0
"Prevotella sp000834015"	0	0	0	0	0	0	0	0	0	0	0	0	0	0	0	0	0	0	0	0	0	0	0	0	0	0	0	0	0	0	0	0	0	0	0	0	0	0	0	0	0	0	0	0	0	0	0	0	0	0	0	0	0	0	0	0	0	0	0	0	0	0	0	0	0	0	0	0	0	0	0	0	0	0	0	0.062624	0	0	0	0	0	0	0	0	0	0	0	0	0	0	0	0	0.86175	0	0	0	0
"Prevotella sp001275135"	0	0	0	0.880383	0	0	0	0	0	0	0	0	0	0	0	0	0	0	0	0	0	0	0	0	0	0	0	0	0	0	0	0	0	0	0	0	0	0	0	0	0	0	0	0	0	0	0	0	0	0	0	0	0	0	0	0	0	0	0	0	0	0	0	0	0	0	0	0	0	0	0	0	0	0	0	0	0	0	0	0	0	0	0	0	0	0	0	0	0	0	0	0	0	0	0	0	0
"Prevotella sp002251385"	0	0	0	0	0	0	0	0	0	0	0	0	0	2.57807	0	0	0	0	0	0	0	0	0	0	0	0	0	0	0	0	0	0	1.94929	0	0	0	0	0	0	0	0	0	0	0	0	0	0	0	0	0	0	0	0	0	0	0	0	0	0	0	0	0	0	0	0	0	0	0	0	0	0	0	0	0	0	2.052463	0	0	0	0	0	0	0	0	0	0	0	0	0	0	0	0	2.443828	0	0	0	0
"Prevotella sp002265625"	0	0	0	0	0	0	0	0	0	0	0	0	0	0	0	0	0	0	0	0	0	0	0	0	0	0	0	0	0.344085	0	0	0	0.580778	0	0	0	0	0	0	0	0	0	0	0	0	0	0	0	0	0	0	0	0	0	0	0	0	0	0	0	0	0	0	0	0	0	0	0	0	0	0	0	0	0	0	0.464632	0	0	0	0	0	0	0	0	0	0	0	0	0	0	0	0	0.633095	0	0	0	0
"Prevotella sp002314055"	0	0	0	0	0	0	0	0	0	0	0	0	0	0	0	0	0	0	0	0	0	0	0	0	0	0	0	0	0	0	0	0	0	0	0	0	0	0	0	0	0	0	0	0	0	0	0	0	0	0	0	0	0	0	0	0	0	0	0	0	0	0	0	0	0	0	0	0	0	0	0	0	0	0	0	0.066665	0	0	0	0	0	0	0	0	0	0	0	0	0	0	0	0	0	0	0	0	0
"Prevotella sp002437565"	0	0	0	0	0	0	0	0	0	0	0	0	0	0	0	0	0.06988	0	0	0	0	0	0	0	0	0	0	0	0	0	0	0	0	0	0	0	0	0	0.089731	0	0.090873	0	0	0	0	0	0	0	0	0	0	0	0	0	0	0	0	0	0	0	0	0	0	0	0	0.067716	0	0	0	0	0	0	0	0	0	0.066665	0	0	0	0	0	0	0	0	0	0	0	0	0	0	0	0	0	0	0	0	0
"Prevotella sp002481295"	0	0	0	0	0	0	0	0	0	0	0	0	0	0	0	0	0	0	0	0	0	0	0	0.542598	0	0	0	0	0	0	0	0	0	0	0	0	0	0	0	0	0	0	0	0	0	0	0	0	0	0	0	0	0	0	0	0	0	0	0	0	0	0	0	0	0	0	0	0	0	0	0	0	0	0	0	0	0	0	0	0	0	0	0	0	0	0	0	0	0	0	0	0	0	0	0	0	0
"Prevotella sp003447235"	0	0	0.526205	0	0	0	0	0	0	0	0	0	0	0	0	0	0	0	0	0	0	0	0	0	0	0	0	0	0	0	0	0	0.938347	0.686888	0	0	0	0	0	0	0	0	0	0	0	0	0	0	0	0	0	0	0	0	0	0	0	0	0	0	0	0	0	0	0	1.156386	0	0	0	0	0	0	0	0	0	1.022191	0.724508	0	0	0	0	0	0.772798	0	0	0	0	0	0.725202	0	0	0	1.252974	0	0	0	0
"Prevotella sp900290275"	0	0	0	0	0	0	0	0	0	0	0	0	0	0	0	0.48964	0	0	0	0	0	0	0	0	0	0	0	0	0	0	0	0	0	0	0	0	0	0	0	0	0	0	0	0	0	0	0	0	0	0	0	0	0	0	0	0	0	0	0	0	0	0	0	0	0	0	0	0	0	0	0	0	0	0	0	0.608062	0	0	0	0	0	0	0	0	0	0	0	0	0	0	0	0	0.038329	0	0	0	0
"Prevotella sp900313215"	0	0	0	0	0	0	0	0	0	0	0	0	0	0	0	0	0	0	0	0	0	0	0	0	0	0	0	0	0	0	0	0	0.509264	0	0	0	0	0	0	0	0	0	0	0	0	0	0	0	0	0	0	0	0	0	0	0	0	0	0	0	0	0	0	0	0	0.580797	0	0	0	0	0	0	0	0	0	0.445441	0	0	0	0	0	0	0	0	0	0	0	0	0	0	0.251391	0	0.601375	0	0	0	0
"Prevotella sp900557035"	0	0	0	0	0	0	0	0.042204	0	0	0	0	0	0.850021	0	0	0	0	0	0	0	0	0	0	0	0	0	0	0	0	0	0	0.055261	0	0	0	0	0	0	0	0	0.395473	0	0	0	0	0	0	0.071403	0	0	0	0	0	0	0	0	0	0	0	0	0	0	0	0	0.109388	0	0	0	0	0	0	0	0	0	0.091916	0	0	0	0	0	0	0	0.26282	0	0	0	0	0	0	0.044914	0	0	0	0.061964	0	0
"Prevotella stercorea"	0	0	0	0.341003	0	0	0	0	0	0.454267	0	0	0	0	0	0	0.256427	0	0.562834	0	0	0	0	0	0	0	0	0	0	0	0	0	0	0	0	0	0	0	0	0	0	0	0	0	0	0	0	0	0	0	0	0	0	0	0	0	0	0	0	0	0	0	0	0	0	0.608144	0	0	0	0.363979	0	0	0	0	0	0.070705	0	0.441273	0	0	0.457264	0	0	0	0	0	0	0	0	0	0.302543	0	0.042294	0	0	0	0
"Prevotellamassilia sp002933955"	0	0	0	0	0	0	0	0	0	0.054627	0	0	0	0	0	0	0	0	0	0	0	0	0	0	0	0	0	0	0	0	0	0	0	0	0	0	0	0	0	0	0	0	0	0	0	0	0	0	0	0	0	0	0	0	0	0	0	0	0	0	0	0	0	0	0	0	0	0	0	0	0	0	0	0	0	0	0	0	0	0	0	0	0	0	0	0	0	0	0	0	0	0	0	0	0	0	0
"Prevotellamassilia timonensis"	0	0	0	0	0	0	0	0	0	0	0	0	0	0	0	0	0	0	0	0	0	0	0	0	0	0	0	0	0	0	0	0	0.981688	0	0	0	0	0	0	0	0	0	0	0	0	0	0	0	0	0	0	0	0	0	0	0	0	0	0	0	0	0	0	0	0	0.255238	0	0	0	0	0	0	0	0	0	0.166662	0	0	0	0	0	0	0	0.689541	0	0	0	0	0	0	0	0	1.161776	0	0	0	0
"UBA6398 sp003150315"	0	0	0	0	0	0	0	0	0	0	0	0	0	0	0	0	0	0	0	0	0	0	0	0	0	0	0	0	0	0	0	0	0	0	0	0	0	0	0	0	0.050305	0	0	0	0	0	0	0	0	0.053968	0	0	0	0	0	0	0	0	0	0	0	0	0	0	0	0.434947	0	0	0	0	0	0.045252	0	0	0	0	0	0	0	0.279376	0	0	0	0	0.04914	0	0	0	0	0	0	0	0	0	0	0	0
"Barnesiella intestinihominis"	0	0	0.521877	0	0.791346	0.55759	0.849115	0	0	0	0	1.356105	0	1.279933	0	0	0	0	0.275429	0	0.119292	0.848084	0	1.510103	0.914516	0	0	1.981767	0.266365	0	0	0	0	0.044676	1.385603	1.021393	0	0	1.522172	0	1.36634	0.690097	0.70656	0	0	0	0	1.509943	0	0.192488	1.044593	0	0.86564	0	0.923202	0	0	1.000091	0	1.19163	0	0	1.246958	0	0	0	0.454557	0	0.893139	0	0	0	0	1.139579	0	0	1.196168	0.057202	0	0.856462	0	0	0	0	0	0	0.869261	0	0.200142	0.467793	0.053647	0	0	0	0.703789	0.940451	1.222515
"Coprobacter fastidiosus"	0	0	0	0	0	0.140297	0	0.554909	0	0	0	0	0	0	0	0.727596	0	0	0	0	0	0	0.067264	0	0	0	0	0	0	0	0	0	0	0.482656	0	0	0	0	0.265931	0.95058	0	0.605096	0	0	0	0	0	0.12115	0	0	0	0	0	0	0.850395	0.972148	0	0	0	0	0	0	0.323802	0.319638	0.726848	0	0.545857	0	0	0	0	0.771895	0	0	0.82668	0	0.760977	0	0	0	0	0	0	0	0.803523	0.743053	0.757011	1.216492	0	0	0	0	0	0	0	0	0.687505
"Coprobacter secundus"	0.130624	0.544931	0.268977	0	0	0	0	0	0	0	0	0	0	0.058815	0	0	0	0	0	0	0.079528	0	0.765529	0	0	0	0	0.168749	0	0	0	0	0	0.038293	0	0	0	0	0.301824	0	0.317244	0	0	0	0	0	0	0	0	0	0	0	0.160184	0.026497	0	0	0	0.310443	0	0	0	0	0	0	0	0	0.148929	0	0	0.108962	0	0.154901	0.032895	0	0	0	0	0	0	0	0	0	0	0.264264	0	0	0	0	0	0	0	0	0	3.078654	0	0	0
"Butyricimonas faecalis"	0	0	0	0	0	0	0	0	0	0	0	0	0	0	0	0	0	0	0	0	0	0	0.047245	0	0	0	0	0	0	0.052108	0	0.033941	0	0.039091	0	0	0	0	0	0	0	0	0	0	0	0	0	0	0	0	0	0	0	0	0	0	0	0	0	0	0	0	0	0	0	0.432342	0	0	0	0	0	0	0	0	0	0	0	0	0	0	0	0	0	0	0	0	0	0	0	0	0	0	0	0	0	0	0
"Butyricimonas faecihominis"	0	0.052915	0.060597	0.095948	0.653689	0.210086	0	0	0	0	0	0.06768	1.55643	0.070018	0	0.140028	0.061372	0	0.264652	0.198361	0.451262	0.849824	0.219409	0.395867	1.692847	2.655746	0.054568	0.961044	0.381531	0.144955	0	0.206826	0	0.2154	1.94054	0	0	0	0	0.055399	1.075059	0.88027	1.014044	0	0	0	0	1.071636	0	0.639527	0.311089	0	0	0	0.161148	1.299923	0	0.051572	0	0	1.046455	0.834363	0.618654	1.063323	0.041962	0	0.132741	0	0.508362	0.413437	0	0.060046	0	0.155397	0.10146	0	0.041331	0.132563	0	0.156276	0.057907	0	0.166069	0.072925	0.211118	0	0	1.196384	0	0	0	0	0	0	0	0.153273	0.157606
"Butyricimonas sp002161485"	0	0	0	0.129659	0.083603	0.578455	0	0	0	0	0	0.046791	0.057455	0	0	0.265412	0.089932	0	0.64666	0.401915	0.229547	0.164398	0.343527	0.049674	0.069984	0.046207	0	0.046303	0.308051	0.108006	0	0.488959	0	0.295178	0.056537	0	0	0	0	0.157404	0.245844	0.047543	0.219528	0	0	0	0	0.420578	0	0.116932	0.027051	0	0	0	0.262108	0.214171	0	0.079886	0	0	0.335641	0.120486	0.075053	0.089755	0	0	0.251237	0	0.046454	0.39489	0	0	0	0.149212	0.162336	0	0.0778	0.266943	0	0.303821	0.096844	0	0.257325	0	0.379467	0	0	0.427737	0	0	0.04429	0	0	0	0	0.320737	1.701298
"Butyricimonas sp003479425"	0	0	0	0	0	0	0	0	0	0	0	0	0	0	0	0	0	0	0	0	0	0	0.118513	0	0	0	0	0	0	0	0	0	0	0	0	0	0	0	0	0	0	0	0	0	0	0	0	0	0	0	0	0	0	0	0	0	0	0	0	0	0	0	0	0	0	0	0	0	0	0	0.426859	0	0	0	0	0	0	0	0	0	0	0	0	0	0	0	0	0	0	0	0	0	0	0	0	0	0
"Butyricimonas sp900184685"	0	0	0	0	0	0	0	0	0	0	0	0	0	0	0	0	0	0	0	0	0	0	0.495672	0	0	0	0	0	0	0	0	0	0	0	0	0	0	0	0	0	0	0	0	0	0	0	0	0	0	0	0	0	0	0	0	0	0	0	0	0	0	0	0	0	0	0	0	0	0	0	0	0	0	0	0	0	0	0	0	0	0	0	0	0	0	0	0	0	0	0	0	0	0	0	0	0	0
"Butyricimonas synergistica"	0	0	0	0	0	0	0	0	0	0	0	0	0	0	0	0	0	0	0	0	0	0	0.936091	1.685874	0	0	0	0.170806	0	0	0	0	0	0	0	0	0	0	0	0	0	0	0	0	0	0	0	0	0	0	0	0	0	0	0	0	0	0	0	0	0	0	0	0	0	0	0	0	0	0	0	0	0	0	0.062641	0	0	0	0	0	0	0	0	0	0	0	0	0	0	0	0	0	0	0	0	0	0
"Butyricimonas virosa"	0.048787	0.302636	0.158294	0.91215	0.274593	0.199293	0	0.271202	0	0	0	1.321847	1.088215	0	0	0.168399	0.234552	0	0.322133	0.264828	0.103628	0.20702	1.558283	0.695442	0.159828	0.221794	1.715119	0.15743	0.202777	1.059214	0	0.242888	0.058511	0.583974	0.400981	0	0	0	0	0.988393	0.193105	0.123901	0.546639	0	0	0	0	0.293518	0	0.177197	0.097801	0	0.090609	0	0.199008	0.206721	0	0.048538	0	0.147963	0.163557	0.179724	0.65082	0.262854	1.328558	0.050787	0.2739	0	0.102549	0.134464	0.056378	1.403683	0	0.144573	0.354669	0	0.074558	0.167066	0	0.159768	2.513952	0.038883	0.166069	1.544427	0.235688	0	0	0.23946	0	0	0.046161	0	0.453344	0	0	0.178818	0.147383
"Gabonibacter massiliensis"	0	0	0	0.077147	0	0	0	0	0	0	0	0	0	0	0	0	0	0	0	0	0	0	0	0	0	0	0	0	0	0	0	0	0	0	0	0	0	0	0	0	0	0	0	0	0	0	0	0	0	0	0	0	0	0	0	0	0	0	0	0	0	0	0	0	0	0	0	0	0	0	0	0	0	0	0	0	0	0	0	0	0	0	0	0	0	0	0	0	0	0	0	0	0	0	0	0	0
"Odoribacter laneus"	0	0	0.220128	0.621714	0	0	0	0	0	0	0	0	0	0	0	0	0.060765	0	0	0	0	0	0	0	0	0	0	0	0	0	0	0	0	0	0	0	0	0	0	0	0	0	0	0	0	0	0	0	0	0	0	0	0	0	0	0	0	0	0	0	0	0	0	0.180426	0	0	0	0	0	0	0	0	0	0	0	0	0.940078	0	0	0	0	0	0	0	0	0	0	0	0	0	0	0	0	0	0	0	0
"Odoribacter massiliensis"	0	0	0	0	0	1.313754	0	0	0	0	0	0	0	0	0	0	0	0	0.056283	0	0	0	0	0	0	0	0	0	0	0	0	0	0	0	0	0	0	0	0	0	0	0	0.224616	0	0	0	0	0	0	0	0	0	0	0	0	0	0	0	0	0	0	0	0	0	0	0	0	0	0	0	0	0	0	0	0	0	0	0	0	0	0	0	0	0	0	0	0	0	0	0	0	0	0	0	0	0	0
"Odoribacter splanchnicus"	4.153224	2.52228	1.217506	2.024622	0.528284	0.239584	0.262341	1.928112	0	1.131833	0	2.032904	2.197011	0.836017	0.895069	1.541221	1.492383	0	1.969918	2.594274	1.510432	2.20241	1.982687	1.907499	1.482897	0.377742	1.959733	1.808903	1.04921	2.505921	0	0	0	0.334269	1.80398	2.40543	0	2.578722	2.061376	1.803553	1.642204	0.192334	0.830862	0	0	0	0	1.799521	2.93661	2.192919	1.770814	0	2.018478	0.070217	1.727971	1.349275	0.973267	0.594594	0.936761	2.28814	0	2.730002	1.78627	0	1.518137	0.171895	0.955736	0	0.887003	1.887901	3.113422	1.99457	0	1.572526	1.865984	0.419179	1.502504	1.000581	0	2.295248	1.082258	2.853046	0.124963	1.788473	1.925544	0.387557	2.211766	2.108525	0.713478	0	1.46468	0	0	0	0.992189	1.404999	1.69363
"CAG-1031 sp000431215"	0	0	0	0.758504	0	0	0	0	0	0	0	0	0	0	0	0	0	0	0	0	0	0	0	0	0	0	0	0	0	0	0	0	0	0	0	0	0	0	0	0	0	0	0	0	0	0	0	0	0	0	0	0	0	0	0	0	0	0	0	0	0	0	0	0	0	0	0	0	0	0	0	0	0	0	0	0	0	0	0	0	0	0	0	0	0	0	0	0	0	0	0	0	0	0	0	1.0994	0
"CAG-279 sp000437795"	0	0	0	0	0	0	0	0.651822	0	0	0	0	0	0	0	0	0	0	0	0	0.571157	0	0	0	0	0	0	0	0	0	0	0	1.04345	0	0	0.909383	0	0	0	0	0	0	0	0	0	0	0	0	0	0	0	0	0	0	0	0	0	0	0	0	0	0	0	0	0	0.059903	0	0.793701	0	0	0	0	0	0	0	0.197974	0	0	0	0	0	0	0.712782	0.665714	0	0	0	0	0	0	0	0	1.165741	0	0	0	0
"CAG-485 sp002362485"	0	0	0	0.070664	0	0	0	0	0	0	0	0	0	0	0	0	0	0	0	0	0	0	0	0	0	0	0	0	0	0	0	0	0	0	0	0	0	0	0	0	0	0	0	0	0	0	0	0	0	0	0	0	0	0	0	0	0	0	0	0	0	0	0	0	0	0	0	0	0	0	0	0	0	0	0	0	0	0	0	0	0	0	0	0	0	0	0	0	0	0	0	0	0	0	0	0	0
"Muribaculum sp003150235"	0.051935	0.041775	0	0	0	0	0	0	0	0	0	0	0	0	0	0	0	0	0	0	0	0	0	0.05426	0	0	0	0	0	0	0	0	0	0	0	0	0	0	0	0	0	0	0	0	0	0	0	0	0	0	0	0	0	0	0	0	0	0	0	0	0	0	0	0	0	0	0.930483	0	0	0	0	0	0	0	0	0	0	0	0	0	0	0	0	0	0	0	0	0	0	0	0	0	0	0	0	0	0
"Alistipes finegoldii"	1.979824	1.301522	0.152111	0	0.049009	0	0	0	0	0.080503	0	0.053475	0	0.294076	0	0	0.040105	0	0.038321	0.573274	0.145199	1.118601	0.43081	0.337022	0.144696	0	1.309625	0.399234	0	0	0	0	0	0.041485	0.533192	1.435051	0	0	0	0	1.161064	0	0.931176	0	0	0	0	0	0	0	0.059305	0	0	0	0	0	0	0	0	0.083669	0	0	0	0.480831	0	0	0.414411	0	0	0.15301	0	0	0	0	0.052053	0	0.628069	0	0	0.907099	0.543126	0	0.485876	0.933587	0.04459	0	0	1.295093	0.940418	0.035017	0	0.035011	0.757335	0	0	0.059606	0.054523
"Alistipes obesi"	0	0	0.267122	0.702102	0.863417	0.43528	0	1.112162	0	0.392931	0	0	0.148354	0.053214	0	0	0.705479	0	0	0	0.652492	0.902883	0	0.555589	0	1.662296	0.495813	0	0.389303	0	0	0.73715	0.406328	1.177522	0.919386	0	0	0	0	0	1.15863	0.957348	0.101041	0	0	0	0	0.038413	0	0.250953	0.050981	0	0.980519	0	1.29889	1.193769	0	1.010203	0.628498	0.649099	0	0	0	0.790394	0.923171	0	0.815224	0	0	0.855467	0	1.200919	0	0	0	0	1.005722	0	1.694249	0.586689	0.03095	0	0	0.785571	1.516048	0	1.15662	0.696444	0	0	0.865833	0	0.085911	0	0	0.614037	0.403813
"Alistipes onderdonkii"	0.039345	0.032492	0	1.065147	0.204683	0.525933	0	0.762804	0	0.436058	1.067482	0.038436	1.722793	0.361294	0.066971	0.909723	0.875013	0	1.45738	0.543157	0.954338	0.347062	0.148141	0.061138	1.444122	1.180588	0.104431	0.056593	0	0	0	1.525212	0.03684	0.44197	1.12727	0.208493	0	0	0	1.545902	0.048682	0.996967	1.169603	0	0	0	0.357039	1.192786	0	0.057566	0.083234	0	0.707883	0	0	0	1.711811	0.725041	1.526352	0.039633	1.25342	0.487967	0	1.29229	0.563494	0	0.688959	0	1.120149	0.751142	0	0.046122	0.747608	0.475469	0.934316	0	0.230967	0.036319	1.72175	1.51998	0.034944	0	0.695518	0.757412	1.29401	0	0.52892	1.168051	0.742788	0.910446	0	2.025608	1.144594	0	0	1.491097	1.497687
"Alistipes putredinis"	1.956217	1.174341	0.77725	0.741648	1.021254	0	0	1.001962	0	0	0	0.742808	0	1.903095	1.382998	0	0.766244	0	1.094532	1.004268	0.566337	1.238638	1.07142	0.709198	0	1.008467	0.85803	1.240919	0	0	0.150353	0	0.037924	1.074608	0.974184	1.535971	0	0	0	0.044847	1.161876	0.957348	0.821412	0	0	0	1.067591	1.190816	0	1.194502	1.439957	0	1.004789	0	0.938735	0	0	0.031348	1.248017	0.819961	0.053485	0	0	1.077061	0	0.152362	0.824937	0	0	1.027797	1.695929	0	0	0.961761	1.120473	0	0.88497	0.944287	1.177626	1.035437	1.213047	0	1.158374	0.701093	0.03731	0	0.037716	0.04844	1.127999	0.443551	0	0	0	0	0.225671	1.230912	1.258296
"Alistipes senegalensis"	0	0	0.082239	0	0.69477	0	0	0.208677	0	0	0	0.031751	0	0	0	0	0	0	0	0	0	0	0	0	0	0	0	0.031898	0.291801	0	0	0	0	0	0	0	0	0	0.153359	0	0.800818	0.054747	0.036346	0	0	0	0	0	0	0.036878	0	0	0	0	0	0	0	0.18303	0	0	0	0	0	0.055868	0	0	0.584708	0	0	0.049458	0	0	0	0	0	0	0.775564	0	0	0.057621	0	0	0	0	0	0	0	0.241288	0.075367	0	0.23143	0.936531	0	0	0.045899	0.487256	0
"Alistipes shahii"	2.293008	1.524322	0.947293	0.149108	1.261252	0.841062	0	0.161783	0	0.165798	0	1.031074	0	0.23106	0	0	0.805133	0	0.749647	0.036349	0.784437	1.231679	0	1.077553	0	0.344242	1.601279	0	1.025895	0	0	0	0.659876	1.180713	0.956788	0.042142	0	0	0	1.373549	0.057607	1.04379	1.015498	0	0	0	1.205998	0.224571	0	1.775563	1.431633	0	0	0	0	0	0	0.047527	0.06285	1.229501	0.086042	0	1.108645	1.316103	0	0.625073	0.94408	0.092841	0	1.105848	0.080539	1.187865	0.16547	0.953257	1.229873	0	1.128904	1.287499	0	0.48367	0.084863	0	0	0.970411	0.03185	0	1.789707	0.084085	0.970565	0	0.833396	0.087526	0.055511	0	0.374844	0.11732	1.128803
"Alistipes sp000434235"	0	0	0	0	0	0	0	0	0	0	0	0	0	0	0	0	0	0	0	0	0	0	0	0	0	0	0	0	0	0	0	0	0	0	0	0	0	0	0	0	0	0	0	0	0	0	0	0	0	0	0	0	0	0	0	0	0	0	0	0	0	0	0	0	0	0	0	0	0	0	0	0	0	0	0	0	0	0	0	0	0	0	0	0.233938	0	0	0	0	0	0	0	0	0	0	0	0.035007	0
"Alistipes sp002159375"	0	0	0	0	0	0.09497	0	0	0	0	0	0	0	0	0	0	0	0	0	0	0	0	0	0	0	0	0	0	0	0	0	0	0	0	0	0	0	0	0	0	0	0	0	0	0	0	0	0	0	0	0	0	0	0	0	0	0	0	0	0	0	0	0	0	0	0	0	0	0	0	0	0	0	0	0	0	0	0	0	0	0	0	0	0	0	0	0	0	0	0	0	0	0	0	0	0	0
"Alistipes sp002161445"	0	0	0	0	0	0.521617	0	0	0	0	0	0	0	0	0	0	0	0	0	0	0	0	0	0	0	0	0	0	0	0	0	0	0	0	0	0	0	0	0	0	0	0	0	0	0	0	0	0	0	0	0	0	0	0	0	0	0	0	0	0	0	0	0	0	0	0	0	0	0	0	0	0	0	0	0	0	0	0	0	0	0	0	0	0	0	0	0	0	0	0	0	0	0	0	0	0	0
"Alistipes sp006542685"	0	0	0	0	0	0	0	0	0	0	0	0.486293	0.101189	0	0	0	0	0.02717	0	0.747749	0.354864	0	0.61979	0	0.822781	0.864071	0	0	0	0	0	0.090155	0	0	0.123513	0.657639	0.074254	0	0.574281	0	0	0.602214	0.184636	0	0	0	0	0	0.676633	0.091746	0	0	0	0	0.47859	0	0	0.496506	0.490827	0	0	0	0.91029	0.446028	0	0	0	0	0	0	0	0	0	0	0	0	0.035658	0	0	0	0.404349	0	0	0	0	0	0	0	0	0	0	0	0	0.167593	0	0.661343	0
"Alistipes sp900021155"	0	0	0	0	0	0	0	0	0	0	0	0	0	0	0	0	0	0	0	0	0	0	0	0	0	0.038121	0	0	0	0	0	0	0	0	0	0	0	0	0	0	0	0	0	0	0	0	0	0	0	0	0	0	0	0	0	0	0	0	0	0	0	0	0	0	0	0	0	0	0	0	0	0	0	0	0	0	0	0	0	0	0	0	0	0	0	0	0	0	0	0	0	0	0	0	0	0.037845	0
"Alistipes sp900083545"	0	0	0	0.054457	0	0	0	0	0	0	0	0.0752	0	0	0	0	0	0	0	0	0	0	0	0.071837	0	0	0	0	0	0	0	0	0	0	0.04436	0	0	0	0	0	0	0	0	0	0	0	0	0	0.346817	0	0	0	0	0	0	0	0	0.037415	0	0	0	0	0	0	0	0	0	0	0	0	0	0	0	0	0	0	0	0.186134	0	0	0	0	0	0	0	0	0	0	0	0	0	0	0	0	0	0	0
"Alistipes sp900290115"	0	0	0	0	0	0	0	0	0	0	0	0	0	0	0	0	0	0	0	0	0	0	0	0.044325	0	0	0	0	0	0	0	0	0	0	0	0	0	0	0	0	0	0	0	0	0	0	0	0	0	0.935454	0	0	0	0	0	0	0	0	0	0	0	0	0	0	0	0	0	0	0	0	0	0	0	0	0	0	0	0	0	0	0	0	0	0	0	0	0	0	0	0	0	0	0	0	0	0	0
"Alistipes timonensis"	0	0	0	0.046677	0	0	0	0	0	0	0	0	0	0	0	0	0	0	0	0	0	0	0	0	0	0	0	0	0	0	0	0	0	0	0	0	0	0	0	0	0	0	0	0	0	0	0	0	0	0	0	0	0	0	0	0	0	0	0	0	0	0	0	0	0	0	0	0	0	0	0	0	0	0	0	0	0	0	0	0	0	0	0	0	0	0	0	0	0	0	0	0.030009	0	0	0	0	0
"Alistipes_A ihumii"	0	0	0	0	0.09081	0	0	0.055491	0	0	0	0.264035	0.126058	0	0	0.259921	0.042535	0	0	0	0.23256	0	0.338722	0	0	0	0.090319	0	0	0	0	0	0	0.041485	0.116554	0	0	0	0	0	0	0.094366	0.338015	0	0	0	0	0	0	0.070159	0	0	0.142386	0	0	0	0	0	0	0	0	0	0	0.078765	0	0	0.170297	0	0.080637	0.109735	0	0	0	0	0	0	0.326596	0	0	0.037541	0	0	0	0	0	0	0	0	0	0	0	0	0.136135	0	0	0.258293	0.241095
"Alistipes_A indistinctus"	0.11646	0.60156	0	0	0.643599	0.066191	0	0.512704	0.385374	0	0	0	0.136348	0	0	0.550959	0	0	0.695758	0.068544	0	0.313139	0	0.337022	0	0	0	0	0.397075	0	0	0	0	0.072598	0	0.43473	0	0	0.859791	0	0.303451	0.856499	0.744359	0	0	0	0	0	0.245945	0	0	0	0	0	0	0	0	0	0	0	0.578263	0	0	0.699723	0	0.121108	0.112668	0	0	0	1.082679	0.073099	0	0.114422	0	0	0.487058	0.118036	0	0.131831	0.222642	0	0.689763	0.7177	0	0	0	0.073117	0.038521	0	0.068618	0.251325	0	0	0	0.605522	0
"Alistipes_A sp900240235"	0	0.104902	0.085949	0	0.081441	0	0	0	0	0.076669	0	0	0	0	0	0	0.519539	0	0	0	0.472951	0.043491	0	0.367591	0	0	0.061153	0.149198	0.386477	0	0	0	0	0.121262	0.070454	0.180768	0	0	0.47313	0.249736	0.164707	0	0.25442	0	0	0	0.206289	0.392014	0	0	0	0	0	0	0.074749	0	0	0	0	0	0.736394	0.098397	0	0.218893	0.499801	0	0.952498	0	0.119202	0	0	0	0	0.056438	0.116459	0	0.513801	0	0.323135	0.121354	0.225637	0	0.725936	0.946584	0	0	0	0.953269	0	0	0	0	0	0	0	0.064337	0.273468
"Tidjanibacter inops"	0	0	0	0.285898	0	0.330957	0	0	0.448738	0.564479	0	0	0.505947	0	0	0	0	0	0	0	0	0	0	0	0	0	0	0	0	0	0	0	0	0	0	0	0	0	0	0	0.917655	0	0	0	0	0	0	0	0	0	0	0	0.673096	0	0	0	0	0.701783	0	0	0	0	0.104002	0	0	0	0	0	0.390913	0.627497	0	0	0	0	0	0	0	0	0	0	0	0	0	0	0	0	0.404098	0.705583	0	0	0	0	0	0	0	0	0
"Parabacteroides acidifaciens"	0	0	0	0	0	0	0	0	0	0	0	0	0	0	0	0	0.168926	0	0	0	0	0	0	0	0	0	0	0	0	0	0	0	0	0	0	0	0	0	0	0	0	0	0	0	0	0	0	0	0	0	0	0	0	0	0	0	0	0	0	0	0	0	0	0.486326	0	0	0	0	0	0	0	0	0	0	0	0	0	0	0	0	0	0	0	0	0	0	0	0	0	0	0	0	0	0	0	0	0
"Parabacteroides chinchillae"	0	0	0	0	0	0	0	0	0	0	0	0	0	0	0	0	0	0	0	0	0	0	0	0	0	0	0	0	0	0	0	0	0	0	0	0	0	0	0	0	0	0	0.037799	0	0	0	0	0	0	0	0	0	0	0	0	0	0	0	0	0	0	0	0	0	0	0	0	0	0	0	0	0	0	0	0	0	0	0	0	0	0	0	0	0	0	0	0	0	0	0	0	0	0	0	0	0	0
"Parabacteroides distasonis"	2.862719	2.792425	1.627464	1.53516	1.912779	1.746876	1.564731	0.807353	1.8874	2.263666	2.786182	1.821509	2.496291	2.786725	3.360228	2.452775	1.746988	3.19401	3.399756	2.252594	1.846017	0.770669	0.629399	2.068749	2.719905	3.450506	2.207169	2.516823	1.724662	1.011843	1.091846	2.727986	0.078015	1.939401	2.524181	2.077164	0.038555	2.758768	2.067902	2.425255	1.928616	1.251252	2.069522	2.117835	2.179768	3.93174	2.767272	0.074857	2.725799	2.715514	2.780032	3.250405	2.376869	3.322735	2.496821	2.23948	1.064603	2.784884	1.687966	2.435222	2.281271	3.025192	2.726581	2.741194	2.233745	0.794364	1.644694	2.429345	1.951934	2.171511	2.662402	2.227792	1.959729	1.748025	2.360051	0	2.010633	2.173676	2.569366	2.241119	2.451054	1.923498	1.561215	1.672226	0.801704	2.378146	2.68501	3.158674	0.886823	1.207643	1.731667	3.289737	3.487972	0	0.143818	2.656726	2.577078
"Parabacteroides distasonis_A"	0	0	0	0	0	0	0	0	0	0	0	0	0	0	0	0	0	0.030189	0	0	0	0	0	0	0	0	0	0	0	0	0	0	0	0	0	0	0	0	0	0	0	0	0	0	0	0	0	0	0	0	0	0	0	0	0	0	0	0	0	0	0	0	0	0	0	0	0	0	0	0	0	0	0	0	0	0	0	0	0	0	0	0	0	0	0	0	0	0	0	0	0	0	0	0	0	0	0
"Parabacteroides goldsteinii"	0	0	0.287527	0	0	0.308653	0	0	0.034279	0	0	0	0	0	0	0	0.155558	0	0	0	0	0	0.706272	0	0	0.505966	0	0	0	0	0	0	0	0	0	0	0	0	0	0	0	0	0.210805	0	0	0	0	0	0	0	0	0	0	0	0	0	0	0	0	0	0	0	0	0.108072	0.875964	0	0	0	0	0	1.193133	0.128794	0	0	0	0	0	0	0	0.083813	0	0	0	1.568254	0.515966	0	0	0	0.288071	0	0	0.949035	0	0	0	0	0
"Parabacteroides gordonii"	0	0	0	0	0	2.226043	0	0	1.127038	0	0	0	0	0	0	0	0.057119	0	0	0	0	0	0	0	0	0	0	0	0	0	0	0	0	0	0	0	0	0	0.04976	0	0	0	0	0	0	0	0	0	0	0	0	0	0	0	0	0	0	0	0	0	0	0	0	0.052204	0	0	0	0	0	0.042503	0.116207	0	0	0	0	0	0	0	0	0	0	0	0	0	0	0	0	0	0	0	0	0.068771	0	0	0	0	0
"Parabacteroides johnsonii"	0	0	0.035864	0.050567	0.138377	0	0	0	0	0.111171	0.041841	0.046791	0.11148	0	0	0.036609	0.875013	0	0.040716	0	0.043379	0	0	0	0.051069	0.045052	0.064917	0.064824	0.040979	0	0.059664	0	0.078015	0.126049	0.174831	0	0.155648	0.032912	0.845923	0	0.034889	0.050425	0.047976	0	0	0	0	0	1.310197	0.06926	0.038496	0.05983	0.038023	0.070217	0.038831	0.559637	0.41052	0.093032	0.466884	0.043156	0.093793	0.48395	0.05361	0.05312	0.049456	0	0	0	0	0.05564	0.036818	0.03655	0.044856	0	0.043231	0	0	0.092613	1.59505	0	0	0	0.045217	0.043322	0	0.026403	1.831015	0.055752	0.707616	0	0	0	0.042294	0	0	0.045414	0.055375
"Parabacteroides merdae"	0.036197	0	1.23111	0.464827	1.787374	0	0.439305	0.052365	0.036356	1.353216	2.40854	1.746309	1.680773	3.440695	0	2.370406	0.116668	0	0.34249	2.275442	1.006754	1.583091	1.82814	0.359184	1.946302	2.637264	1.539185	1.51565	1.508461	2.068214	1.391358	0.038183	1.164807	0.923828	1.651764	0.094265	2.947308	2.129575	0.1762	0.325361	2.141194	1.551638	1.440015	0	0.035239	0.03005	2.300036	2.541196	0.240278	2.010326	2.328485	2.227855	1.891463	2.129041	2.039588	1.362312	0.129638	2.228716	0.392063	2.102306	1.599138	0.154623	1.935304	2.113824	1.598315	0.612051	0.116553	1.684795	0	1.42346	0.065582	0	0.873206	1.382339	0.532004	0	0.829862	1.574417	0.091342	0	1.998782	0.037668	1.84156	1.472945	2.224932	2.261219	0.217315	2.527122	0.144873	0.77756	1.047359	0.030009	0.366112	0.052803	0.138463	0.597006	1.898093
"Parabacteroides sp000436495"	0	0	0	0	0	0	0.113319	0	0	0	0	0	0	0	0	0	0	0	0	0	0	0	0.281868	0	0	0	0	0	0	0	0	0	0	0	0	0	0	0	0	0	0	0	0	0	0	0	0	0.351631	0	0	0	0	0	0	0	0.446965	0	0	0	0	0	0	0	0	0	0	0	0	0	0	0	0	0.341906	0	0	0	0	0	0	0	0	0	0	0	0	0	0	0	0	0	0	0	0	0	0	0	0
"Parabacteroides sp003473295"	0	0	0	0	0	0	0	0	0	0	0	0	0	0	0	0	0.281949	0	0	0	0	0	0	0	0	0	0	0	0	0	0	0	0	0	0	0	0	0	0	0	0	0	0	0	0	0	0	0	0	0	0	0	0	0	0	0	0	0	0	0	0	0	0	0	0	0	0	0	0	0	0	0	0	0	0	0	0	0	0	0	0	0	0	0	0	0	0	0	0	0	0	0	0	0	0	0	0
"Parabacteroides sp003479145"	0	0	0	0.466123	0	0	0	0	0	0	0	0	0	0	0	0	0.049827	0	0	0	0	0	0	0	0	0	0	0	0	0	0	0	0	0	0	0	0	0	0	0	0	0	0	0	0	0	0	0	0	0	0	0	0	0	0	0	0	0	0	0	0	0	0	0	0	0	0	0	0	0	0.109303	0	0	0	0	0	0	0	0	0	0	0	0	0.107583	0	0	0	0	0	0	0	0.042513	0	0	0	0	0.039189
"Parabacteroides sp003480915"	0	0	0	0	0.359637	0	0	0	0	0	0	0	0	0	0	0	0	0	0	0	0	0	0	0	0	0	0	0	0	0	0	0	0	0	0	0	0	0	0	0	0	0	0	0	0	0	0	0	0	0	0.044739	0	0	0	0	0	0	0	0	0	0	0	0	0	0.046458	0	0	0	0	0	0	0	0	0	0	0	0	0	0	0	0	0	0	0.805788	0	0	0	0	0	0	0	0	0	0	0	0	0
"Parabacteroides sp900155425"	0	0	0	0	0	0	0	0	0	0	0	0	0	0	0	0	0	0	0	0	0	0	0	0	0	0	0.032929	0	0	0	0	0	0	0	0	0	0	0	0	0	0	0	0	0	0	0	0.029092	0	0	0	0	0	0	0	0	0.035385	0	0	0	0	0	0	0	0	0	0	0	0	0	0	0	0	0	0	0	0	0	0	0	0	0	0	0	0	0	0	0	0	0	0	0	0	0	0	1.198736	0	0
"Parabacteroides timonensis"	0	0	0	0	0	0.113676	0	0	0.038434	0	0	0	0	0	0	0	0.042535	0	0	0	0	0	0	0	0	0	0	0	0	0	0	0	0	0	0	0	0	0	0	0	0	0	0	0	0	0	0	0	0	0	0	0	0	0	0	0	0	0	0	0	0	0	0	0	0	0	0	0	0	0	0.032216	0	0	0	0	0	0	0	0	0	0	0	0	0.160291	0	0	0	0	0	0	0	0	0	0	0	0	0
"UBA11471 sp000434215"	0	0	0.996142	1.149425	0	0	0	0	0	0	0	0	1.611313	0	0	0	1.142986	0	0	0	0	0	0	0	0	0	0	0	0.048045	0	0	0	0	0	0	0	0	0	0	0	0	0	0	0	0	0	0	0	0	0.149313	0	0	0	0	0	0	0	0	0	0	0	0	0	0	0	0	1.122795	0	0	0.584221	0	0	0	0	0	0	0	0	0	0	0	0	0	0.218054	0.466826	0	1.484388	0	0	0	0	0	0	0	1.040384	0	0
"RC9 sp000431015"	0	0	0	0	0	0	0	0	0	0	0	0	0	0	0	0	0	0	0	0	0	0	0	0	0	0	0	0	0	0	0	0	0	0	0	0	0	0	0	0	0	0	0	0	0	0	0	0	0	0	0	0	0	0	0	0	0	0	0	0	0	0	0	0	0	0	0	0	0	0	0	0	0	0	0	0	0	0	0	0.042779	0	0	0	0	0	0	0	0	0	0	0	0	0	0	0	0	0
"RC9 sp000432515"	0	0	0	0	0	0	0	0	0	0	0	0	0	0	0	0	0	0	0	0	0	0	0	0	0	0	0	0	0	0	0	0	0	0	0	0	0	0	0	0	0	0	0	0	0	0	0	0	0	0	0	0	0	0	0	0	0	0	0	0	0	0	0	0	0	0	0	0	0	0	0	0	0	0	0	0.051514	0	0	0	0	0	0	0	0	0	0	0	0	0	0	0	0	0	0	0	0	0
"RC9 sp000433355"	0	0	0	0	0	0	0	0	0	0	0	0	0	0	0	0	0	0	0	0	0	0	0	0	0	0	0	0	0	0	0	0	0	0	0	0	0	0	0	0	0	0	0	0	0	0	0	0	0	0	0	0	0	0	0	0	0	0	0	0	0	0	0	0	0	0	0	0	0	0	0	0	0	0	0	0	0	0	0	0.144926	0	0	0	0	0	0	0	0	0	0	0	0	0	0	0.108628	0	0
"RC9 sp000434935"	0	0	0	0	0	0	0	0	0	0	0	0	0	0	0	0	0	0	0	0	0	0	0	0	0	0	0	0	0	0	0	0	0	0	0	0	0	0	0	0	0	0	0	0	0	0	0	0	0	0	0	0	0	0	0	0	0	0	0	0	0	0	0	0	0	0	0	0	0	0	0	0	0	0	0	0.079796	0	0	0	0	0	0	0	0	0	0	0	0	0	0	0	0	0	0	0	0	0
"RC9 sp000435075"	0	0	0	0	0	0	0	0	0	0	0	0	0	0	0	0	0	0	0	0	0	0	0	0	0	0	0	0	0	0.6973	0	0	0	0	0	0	0	0	0	0	0	0	0	0	0	0	0	0	0	0	0	0	0	0	0	0	0	0	0	0	0	0	0	0	0	0	0	0	0	0	0	0	0	0	0	1.00098	0	0	0	0	0	0	0	0	0	0	0	0	0	0	0	0	0	0	0	0	0
"UBA1820 sp003150615"	0	0	0	0	0.27171	0	0	0	0.312662	0	0	0	0	0	0	0	0	0	0	0	0.479579	0	0	0	0	0	0	0	0	0	0	0	0	0	0	0	0	0	0	0	0	0	0.789428	0	0	0	0	0	0	0	0	0	0	0	0	0	0	0	0	0	0	0	0	0.424963	0	0	0	0	0	0	0	0	0	0	0	0	0	0	0	0	0	0	0	0.064983	0	0	0	0	0	0	0	0	0	0	0	0	0
"CAG-196 sp002102975"	0.083411	0.059413	0	0	0	0.047485	0	0	0.042589	0	0	0	0.043734	0	0	0	1.546464	0	0.041913	0	0	0.044361	0	0.120747	0	0	0.035751	0.040129	0	0	0	0	0	0.036698	0	0.042142	0	0	0	0.04045	0	0	0	0	0	0.049028	0	0.035459	0	0	0.044739	0	0	0.045045	0.054363	0	0	0.035393	0	0.036991	0	0.041166	0.035382	0	0.037466	0.042974	0.044679	0.035498	0	0	0	0.059176	0.058812	0	0	0	0.042952	0	0	0	0	0.05711	0.040284	0	0.04095	0	0.036818	0	0.033497	0	0	0.045014	0	0.068874	0	0.033114	0.032373
"CAG-484 sp000431315"	0	0	0	0	0	0	0	0	0	0	0	0	0	0	0	0	0.055296	0	0	0	0	0	0	0	0	0	0	0	0	0	0	0	0	0	0	0	0	0	0	0	0	0	0	0	0	0	0	0	0	0	0	0	0	0	0	0	0	0	0	0	0	0	0	0	0	0	0.095833	0	0	0	0	0	0	0	0	0	0	0	0	0	0	0	0	0	0	0	0	0	0	0	0	0	0	0	0	0	0
"QAMI01 sp003150395"	0	0	0	0	0	0	0	0	0	0	0	0	0	0	0	0	0.254604	0	0	0	0	0	0	0	0	0	0	0	0	0	0	0	0	0	0	0	0	0	0	0	0	0	0	0	0	0	0	0	0	0	0	0	0	0	0	0	0	0	0	0	0	0	0	0	0	0	0.135331	0	0	0	0	0	0	0	0	0	0	0	0	0	0	0	0	0	0	0	0	0	0	0	0	0	0	0	0	0	0
"UBA6984 sp003258725"	0	0	0	0	0	0	0	0	0	0	0	0	0	0	0	0	0	0	0	0	0	0	0	0	0	0	0	0	0	0	0	0	0	0	0	0	0	0	0	0	0	0	0	0	0	0	0	0	0	0	0	0	0	0	0	0	0	0	0	0	0	0	0	0	0	0	0	0	0	0	0	0	0	0	0	0	0	0	0	0	0	0	0	0	0	0	0	0	0	0	0	0	0	0	1.312719	0	0
"Zag1 sp001765415"	0	0	0	0	0	0	0	0	0	0	0	0	0	0	0	0	0	0	0	0	0	0	0	0	0	0	0	0	0	0	0	0	0	0	0	0	0	0	0	0	0	0	0	0	0	0	0	0	0	0	0	0	0	0	0	0	0	0	0	0	0	0	0	0	0	0	0	0	0	0	0	0	0	0	0	0	0	0	0	0	0	0	0	0	0	0	0	0	0	0	0	0	0	0	1.414463	0	0
"Zag1 sp001917115"	0	0	0	0	0	0	0	0	0	0	0	0	0	0	0	0	0.043143	0	0	0	0	0	0	0	0	0	0	0	0	0	0	0	0	0	0	0	0	0	0	0	0	0	0	0	0	0	0	0	0	0	0	0	0	0	0	0	0	0	0	0	0	0	0	0	0	0	0	0	0	0	0	0	0	0	0	0	0	0	0	0	0	0	0	0	0	0	0	0	0	0	0	0	0	0	0	0	0
"Zag111 sp002102825"	0	0	0	0	0	0	0	0	0	0	0	0	0	0	0	0	0	0	0	0	0	0	0	0	0	0	0	0	0	0	0	0	0	0	0	0	0	0	0	0	0	0	0	0	0	0	0	0	0	0	0	0	0	0	0	0	0	0	0	0	0	0	0	0	0	0	0	0	0	0	0	0	0	0	0	0.843409	0	0	0	0	0	0	0	0	0	0	0	0	0	0	0	0	0	0	0	0	0
"Bilophila wadsworthia"	1.203947	1.541961	0.27516	0.082333	0.298376	1.097913	0.090034	0.354047	1.726395	0.445641	2.7025	2.220904	1.226278	1.204313	1.458473	2.028115	0.518324	0	0	1.00323	0.886257	0.56452	1.202745	0.071837	1.097987	1.411623	0.841095	1.210051	0.635179	1.242065	0.109781	1.366114	1.034782	0.67173	0.546239	1.397345	2.0991	1.406487	1.075146	0.809005	0.780534	0.990484	1.211764	1.347301	0	0.170808	0.059066	1.427207	1.111854	0.125027	1.645962	1.752478	1.220795	0	1.135801	1.543891	1.438785	0.904026	0.191542	0.563668	1.179781	1.250038	1.40457	1.86654	0.799532	1.494967	0.235696	0	0.106055	0.57263	1.817889	0.139237	0.74362	0.247398	0.973135	0.57271	0.748821	0.976974	0.133576	0.096909	0.119807	0.065615	1.285804	1.227455	1.358619	1.186244	1.354179	1.38649	0.749487	0	0.853981	1.460438	0.067407	0.312227	0.120103	1.337824	1.311967
"Desulfovibrio desulfuricans_A"	0	0	0	0	0	0	0	0	0	0	0	0	0	0	0	0	0	0	0	0	0	0	0	0	0	0	0	0	0	0	0	0	0	0	0	0	0	0	0	0	0	0	0	0	0	0	0	0	0	0	0	0	0	0	0	0	0	0	0	0	0.072089	0	0	0	0	0	0	0	0	0	0	0	0	0	0	0	0	0	0	0	0	0	0	0	0	0	0	0	0	0	0	0	0	0	0	0	0
"Desulfovibrio fairfieldensis"	0	0	0	0.958827	0	0	0	0	0	0	0	0	0	0	0	0	0.130037	0	0	0	0	0	0	0	0	0	0	0.522709	0	0	0	0	0	0	0	0	0	0	0	0	0	0	0.316934	0	0	0	0	0	0	0	0	0	0	0	0	0	0	0	0	0	0	0	0	0	0	0	0.192313	0	0	0	0	0	0	0	0	0	0	0	0	0	0	0	0	0	0	0	0	0	0.208517	0	0	0	0	0	0	0	0.674726
"Desulfovibrio legallii"	0	0	0	0	0	0	0	0	0	0	0	0	0	0	0	0	0	0	0	0	0	0	0	0	0	0	0	0	0	0	0	0	0	0	0	0	0	0	0	0	0	0	0	0	0	0	0	0	0	0	0	0	0	0	0	0	0	0	0	0.419228	0	0	0	0	0	0	0	0	0	0	0	0	0	0	0	0	0	0	0	0	0	0	0	0	0	0	0	0	0	0	0	0	0	0	0	0	0
"Desulfovibrio piger"	0	0	0.153966	0	0	0	0	0	0	0	0	0.242311	0	0	0	0	0	0	0	0	0	0	0	0	0	0	0	0	0.44512	0	0	0	0	0.19386	0	0	0	0	0	0	0	0	0	0	0	0	0	0	0	0.715982	0	0	0	0	0	0	0	0	0	0	0	0	0	0	0.629435	0	0	0	0	0	0	0	0	0	0	0.161611	0	0	0.336886	0.221755	0	0	0	0.135742	0	0	0	0	0	0	0	0	0	0.032141	0.115513	0	0
"Desulfovibrio piger_A"	0	0	0	0	0	0	0	0	0	0	0	0	0	0	0	0	0	0	0	0	0	0	0	0	0	0	0	0	0	0	0	0	0	0.039889	0	0	0	0	0	0	0	0	0	0	0	0	0	0	0	0	0	0	0	0	0	0	0	0	0	0	0	0	0	0	0	0	0	0	0	0	0	0	0	0	0	0	0	0	0.051073	0.054129	0	0	0	0	0	0	0	0	0	0	0	0	0	0	0	0	0
"Desulfovibrio sp900319575"	0	0	0	0	0	0	0	0	0	0	0	0	0	0	0	0	0	0	0	0	0.51392	0	0	0.540305	0	0	0	0	0	0	0	0	0	0	0	0	0	0	0	0	0	0	0	0	0	0	0	0	0	0	0	0	0	0	0	0	0	0.78268	0.694341	0	0	0	0	0	0	0.312537	0	0	0	0	0	0	0	0	0	0	0	0	0	0	0	0	0	0	0	0	0	0	0	0	0	0	0	0	0	0	0
"Mailhella massiliensis"	0	0	0	0.089465	0	0	0	0	0	0	0	0	0	0	0	0	0	0	0	0	0	0	0	0	0	0	0	0	0	0	0	0	0	0	0	0	0	0	0	0	0	0	0	0	0	0	0	0	0	0	0	0	0	0	0	0	0	0	0	0	0	0	0	0	0	0	0	0	0	0	0	0	0	0	0	0	0	0	0	0	0	0	0	0	0	0	0	0	0	0	0	0	0	0	0	0	0
"Mailhella sp003150275"	0	0	0	0	0	0	0	0	0	0.040251	0	0.807981	0	0	0	0.038439	0	0	0	0	0	0	0	0.119983	0	0	0	0.585475	0	0	0	0	0	0	0	0	0	0	0	0	0	0	2.111683	0	0	0	0	0	0	0.132223	0	0	2.045175	0	0	0	0	0	0	0	0	0	0	0	0	0	0.156699	0	0	0	0	0	0	0	0	0	0.040521	0	0	0	0	0	0	0	0	0	0	0	0	0	0	0	0.424266	0	0	0	0
"Mailhella sp900541395"	0	0	0	0	0	0	0	0	0	0	0	0	0	0	0	0	0	0	0	0	0.86999	0	0	0	0	0	0	0	0	0	0	0	0	0	0.08872	0	0	0	0	0	0	0	0	0	0	0	0	0.48263	0	0	0	0	0	0	0	0	0	0	0	0	0	0	0	0.361768	0	0	0	0	0	0	0	0	0	0	0	0	0	0	0	0	0	0	0.240061	0	0	0	0.102372	0	0	0	0.109165	0	0	0	0	0.232747	0
"CAG-307 sp001916215"	0	0	0	0	0	0	0	0	0	0	0	0	0	0	0	0	0	0	0	0	0	0	0	0	0	0	0	0	0	0	0	0	0	0	0	0	0	0	0	0	0	0	0	0	0	0	0	0	0	0	0	0	0	0	0	0	0	0	0	0	0	0	0	0	0	0	0	0	0	0	0	0	0	0	0	0	0	0	0	0	0	0	0	0	0	0	0	0	0	0	0	0	0	0	0.124693	0	0
"Beduini massiliensis"	0	0	0	0	0	0	0	0	0	0	0	0	0	0	0	0	0	0	0	0	0	0	0	0	0	0	0	0	0	0	0	0	0	0	0	0	0	0	0	0	0	0	0	0	0	0	0	0	0	0	0	0	0	0	0	0	0	0	0	0	0	0	0	0	0	0	0	0.56706	0	0	0	0	0	0	0	0	0	0	0	0	0	0	0	0	0	0	0	0	0	0	0	0	0	0	0	0	0
"Catenibacterium mitsuokai"	0	0	0	0	0	0	0	0	0	0	0	0	0	0	0	0	0	0	0	0	0	0	0	0	0	0	0.052686	0	0	0	0	0	0.043342	0	0	0	0	0	0	0	0	0	0	0	0	0	0	0	0	0	0	0	0	0	0	0	0	0	0	0	0	0	0	0	0	0	0	0	0	0	0	0	0	0	0	0	0	0	0	0	0	0	0	0.192061	0	0	0	0	0	0	0	0	0	0	0.217257	0	0
"Catenibacterium sp000437715"	0	0	0.527442	0	0.479276	0	0	0	0	0.770528	0.973072	0	0	0	0	0	0	0	0	0	0	0	0.722288	0	0	1.062761	0.669865	0	0	0.799621	0	0	0.432333	0	0	0	0	0	0	0	0.539558	0.601494	0	0	0	0	0	0	0	0	0	0	0	0	0	0.853889	0	0	0	0	0	0	0	0	0	1.155083	0	0	0	0	0	0	0	0	0	0.896942	0	0	0	0	0	0	0	0.1278	0	0	0	0	0	0	0	0	0	0	0.288401	0	0
"Coprobacillus cateniformis"	0	0	0	0.565961	0	0	0	0	0	0	0	0	0	0	0	0	0	0	0.172443	0	0	0	0	0	0	0.115517	0	0	0	0	0	0	0	0.061429	0.322699	0	0	0.060015	0	0	0	0	0	0.089639	0	0	0	0	0	0	0	0	0	0	0	0	0.030445	0	0	0	1.377445	0	0	0	0	0	0	0	0	0	0	0	0	0	0	0	0	0	0	0	0	0	0.107698	0	0	0	0	0	0	0	0	0	0	0	0	0	0
"Erysipelatoclostridium ramosum"	0	0	0	0	0	1.215906	0	0	0	0	0.033258	0.212231	0	0	0.248748	0	0	0.057359	0.204776	0.095546	0.160864	0	0	0	0.045395	0	0	0.211965	0	0	0.208823	0.438048	0	1.443182	0.125252	0.584445	0.134228	0	0	0.715793	0	0	1.547598	0.043461	3.171487	2.222082	0	0	0	0	0.667957	0	0	0	0	0	0.452751	0	0	0	0	0.043174	0	0	0.983867	0	0	0.037319	0	0	0.181789	0	0	0	0	0	0.35334	0	0.040269	0	0.036941	0.034023	0	0	0	2.148064	0.941998	0	0	0	0	0	0	0	0	0	0.779513
"Erysipelatoclostridium saccharogumia"	0	0	0	0	0	0	0	0	0	0	0	0	0	0	0	0	0	0	0	0	0	0	0	0	0	0	0	0	0	0	0	0	0	0	0	0	0	0	0	0	0	0	0	0	0	0	0	0	0	0	0	0	0	0	0	0.062389	0	0	0	0	0	0	0	0	0	0	0	0	0	0	0.037969	0	0	0	0	0	0	0	0	0	0	0	0	0	0	0	0	0	0	0	0	0	0	0	0	0	0
"Erysipelatoclostridium sp000752095"	1.011945	1.670071	0.915139	0	0	0	0	0.976952	0.557806	0.037376	0	0	1.346334	0	0	0	0.819717	2.095126	0	0	0.502473	0.060888	0	0.047382	1.466819	0	0	0	1.020242	0	0	0	0.141944	0	0	0	2.041982	0.578857	1.035175	0	0	0.911245	0	0.206441	0	0	1.283577	0.693412	0.213077	0.724077	0	1.445712	0	1.703763	1.32316	1.298992	0	0	0.407027	1.38451	0.570512	1.247025	0	1.31885	0	0	0.819757	1.348928	1.518073	0.812964	0	0	1.352672	0.985728	1.502492	0	0	1.185807	1.431027	1.004007	0.11182	1.749739	0.046861	0	0.777134	0	0	0	0.979776	1.207643	0.898895	1.919326	1.686492	0	0	0	0
"Erysipelatoclostridium sp002160495"	0	0	0	0	0	0	0	0	0	0	0	0	0	0	0	0	0	0	0	0	0	0	0	0	0	0	0	0	0	0	0	0	0	0	0	0	0	0	0	0	0	0	0	0.038934	0	0	0	0	0	0	0	0	0	0	0	0	0	0	0	0	0	0	0	0	0	0	0	0	0	0	0	0	0	0	0	0	0	0	0	0	0	0	0	0	0	0	0	0	0	0	0	0	0	0	0	0	0
"Erysipelatoclostridium sp003024675"	0.036197	0.032492	0	0	0	0.117993	0	0	0	0	0	0	0	0	0	0	0	0.058869	0	0	0	0	0	0	0	0	0	0	0.659907	0	0	0	0	0	0	0	0	0	0	0	0	0.078518	0	0.413788	0	0	0	0.041368	0	0	0	0.035898	0	0.051669	0	0.044696	0	0	0.032921	0	0.976691	0	0	0	0	0	0	0	0	0	0	0	0.035885	0	0	0	0	0.036319	0	0	0	0	0.380644	0	0	0	0	0	0	0.036813	0	0	0.047581	0	0	0	0
"Erysipelatoclostridium sp003480255"	0	0	0	0	0	0	0	0	0	0	0	0	0	0	0.256189	0	0.039497	0	0	0	0	0	0	0	0	0	0	0	0	0	0	0	0	0	0	0	0	0	0	0	0	0	0	0	0	0	0	0	0	0	0	0	0	0	0	0	0	0	0	0	0	0	0	0	0	0	0	0	0	0	0	0	0	0	0	0	0	0	0	0	0	0	0	0	0	0	0	0	0	0	0	0	0	0	0	0	0
"Erysipelatoclostridium spiroforme"	0	0	0	0	0.034594	0	0	0	0.131921	0	0	0	0.072033	0	0	0	0	0	0	0	0	0	0	0	0	0	0	0	0	0	0	0	0	0.078182	0	0	0.281308	0.381388	0	0.084418	0	0.629588	0	1.248608	0	0.028468	0	0	0	0	0	0	0	0	0	0	0.082497	0	0	0	0	0	0.106147	0	0.070437	0	0	0	0	0	0	0.496902	0	0	0	0	0	0	0	0	0	0	0	0	0	0	0	0	0	0	0	0	0	0	0	0	0
"Longibaculum muris"	0	0	0	0	0	0	0	0	0	0	0	0	0	0	0	0	0	0	0	0	0	0	0	0	0	0	0	0	0	0	0	0	0	0.038293	0	0	0	0	0	0	0	0	0	0	0	0	0	0	0	0	0	0	0	0	0	0	0	0	0	0	0	0	0	0	0.561996	0	0	0	0	0	0	0	0	0	0	0	0	0	0	0	0	0	0	0	0	0	0	0	0	0	0	0	0	0	0	0	0
"Massiliomicrobiota sp002160815"	0	0	0	0	0	0	0	0	0.032201	0	0	0.050969	0	0	0	0	0	0	0	0	0	0	0	0	0	0	0	0	0	0	0	0	0	0.942177	0	0	0	0	0	0.072986	0	0	0	1.521147	0	0.29575	0	0	0	0	0	0	0.039641	0	0	0	0	0.411564	0	0	0	0	0	0	0	0	0	0	0.053466	0	0	0	0	0.15617	0	0	0	0	0	0	0	0	0	0	0	0	0	0	0	0	0.058637	0	0	0	0	0	0
"Massiliomicrobiota sp002160865"	0	0	0	0	0	0	0	0	0.056092	0	0	0	0	0	0	0	0	0	0	0	0	0	0	0	0	0	0	0	0	0	0	0	0	0.045473	0	0	0	0	0	0	0	0	0	0.060665	0	0	0	0	0	0	0	0	0	0	0	0	0	0	0	0	0	0	0	0	0	0	0	0	0	0	0	0.133145	0	0	0	0	0	0	0	0	0	0	0	0	0	0	0	0	0	0	0	0	0	0	0	0	0
"Stoquefichus massiliensis"	0	0	0	0	0	0	0	0	0	0	0	0	0	0	0	0	0	0	0	0	0	0	0	0	0	0	0	0	0	0	0	0	0	0.082969	0	0	0	0	0	0	0	0	0	0	0	0	0	0	0	0	0	0	0	0	0	0	0	0	0	0	0	0	0	0	0	0	0	0	0	0	0	0	0	0	0	0	0	0	0	0	0	0	0	0	0	0	0	0	0	0	0	0	0	0	0	0	0
"Stoquefichus sp001244545"	0	0	0	0	0	0	0	0	0	0	0	0	0	0	0	0	0	0	0	0	0	0	0	0	0	0	0	0	0	0	0	0	0	0.0718	0	0	0	0	0	0	0	0	0	0.374854	0	0	0	0	0	0	0	0.05983	0	0	0	0	0	0	0	0	0	0	0	0	0	0	0	0	0	0	0.073636	0	0	0	0	0	0	0	0	0	0	0.153102	0.069881	0	0	0.044319	0	0	0	0	0	0	0	0	0	0	0
"CAG-536 sp000434355"	0	0	0	0	0	0	0	0	0	0.733152	0	0	0	0	0	0	0	0	0	0	0	0	0	0	0	0	0	0	0	0	0	0	0	0	0	0	0	0	0	0	0	0	0	0	0	0	0	0	0	0	0	0	0	0	0	0	0	0	0	0	0	0	0	0	0	0	0	0	0	0	0	0	0	0	0	0	0	0	0	0	0	0	0	0	0	0	0	0	0	0.467793	0	0	0	0	0	0	0
"CAG-536 sp900314505"	0	0	0	0	0	0	0	0	0	0	0	0	0	0	0	0	0	0	0	0	0	0	0	0	0	0	0	0	0	0	0	0	0	0	0	0	0	0	0	0	0	0	0.074145	0	0	0	0	0	0	0	0	0	0	0	0	0	0	0	0	0	0	0	0	0	0	0	0	0	0	0	0	0	0	0	0	0	0	0	0	0	0	0	0	0	0	0	0	0	0	0	0	0	0	0	0	0	0
"Dielma fastidiosa"	0	0	0	0	0	0	0	0	0	0	0	0	0.037732	0	0	0	0	0	0	0	0	0	0	0	0	0	0	0	0	0	0	0	0	0	0	0	0	0.055175	0	0	0	0	0	0	0	0	0	0	0	0	0	0	0	0	0	0	0	0	0	0	0	0	0	0	0	0	0	0	0	0	0	0	0	0	0	0	0	0	0	0	0	0	0	0	0	0	0.061962	0	0	0	0	0	0	0	0	0	0
"Faecalicoccus pleomorphus"	0	0	0	0	0	0	0	0	0	0	0	0	0	0	0	0.0421	0	0	0	0	0	0	0	0	0	0	0	0	0	0	0	0	0	0	0	0	0	0	0.04405	0	0	0	0	0	0	0	0	0	0	0	0	0	0	0	0	0	0	0	0	0	0	0	0	0	0	0	0	0	0	0	0	0	0	0	0	0	0	0	0	0	0	0	0	0	0	0	0	0	0	0	0	0	0	0	0	0	0
"Faecalicoccus sp900546545"	0	0	0	0	0	0	0	0	0	0	0	0	0	0	0	1.295029	0	0	0	0	0	0	0	0	0	0	0	0	0	0	0	0	0	0	0	0	0	0	0	0	0	0	0	0	0	0	0	0	0	0	0	0	0	0	0	0	0	0	0	0	0	0	0	0	0	0	0	0	0	0	0	0	0	0	0	0	0	0	0	0	0	0	0	0	0	0	0	0	0	0	0	0	0	0	0	0	0
"Faecalitalea cylindroides"	0	0	0	0.054457	0	0	0	0	0	0	0	0	0	0	0	0	0	0	0	0	0.503678	0	0	0	0	0	0	0	0	0	0	0	0	0	0	0	0	0	0	0	0	0	0	0	0	0	0	0	0	0	0	0	0	0	0	0	0	0	0	0	0	0	0	0	0	0	0.321816	0	0	0	0	0	0	0	0	0	0	0	0	0	0	0	0	0	0	0	0	0	0.494075	0	0.196497	0	0	0	0	0	0.127789
"Holdemanella biformis"	0	0	0.045757	0	0	0	0	0.046894	0	0.051752	0.066516	0	0	0	0	0	0	0	0	0	0	0.839386	0	0	0	0.092414	0.059272	0	0.035327	0.048318	0	0	0.564525	0	0.885464	0.097592	0	0	0	0	0.074646	0	0	0	0	0	0	0	0	0.079154	0	0	0	0	0	0	0	0	0	0	0	0	0	0	0	0	0	0.060984	0	0.071869	0	0	0.120614	0	0	0.207064	0	0	0	0	0	0	0.381466	0.072203	0	0	0	0	0	0	0.617561	0.103781	0	0	0.173652	0	0
"Holdemanella sp002299315"	0	0	0.100171	0	0	0	0	0.364989	0	0.437974	0	0	0	0	0	0	0	0	0	0	0	0	0	0	0	0	0.14865	0	0	0.22738	0	0	0.125691	0	0	0.185204	0	0	0	0	0.103043	0	0	0	0	0	0	0	0	0.148413	0	0	0	0	0	0	0	0	0	0	0	0	0	0	0	0	0	0.147454	0	0.122099	0	0	0.155502	0	0	0.14848	0	0	0	0	0	0	0.128252	0.100362	0	0	0	0	0	0	0	0.205062	0	0	0.091799	0	0
"Holdemanella sp003436425"	0	0	0	0	0	0	0	0	0	0	0.60294	0	0	0	0	0	0	0	0	0	0	0	0	0	0	0.03581	0	0	0.421804	0	0	0	0.044425	0	0	0.034379	0	0	0	0	0	0	0	0	0	0	0	0	0	0.033281	0	0	0	0	0	0	0	0	0	0	0	0	0	0	0	0	0	0	0	0	0	0	0.033892	0	0	0	0	0	0	0	0	0	0	0	0	0	0	0	0	0	0	0.046264	0	0	0	0	0
"Holdemanella sp003458715"	0	0	0	0	0	0	0	0	0	0	0	0	0	0	0	0	0	0	0	0	0	0	0	0	0	0.517518	0	0	0	0	0	0	0	0	0	0	0	0	0	0	0	0	0	0	0	0	0	0	0	0	0	0	0	0	0	0	0	0	0	0	0	0	0	0	0	0	0	0	0	0	0	0	0.39673	0	0	0	0	0	0	0	0	0	0	0	0	0	0	0	0	0	0	0	0	0	0	0	0
"Holdemania filiformis"	0	0.108615	0	0	0.042522	0.357577	0	0	0	0	0	0	0.079751	0	0	0	0	0	0	0	0.095795	0	0	0	0	0.076242	0	0	0	0	0	0	0.053094	0.138016	0.821968	0	0	0	0	0	0	0	0.086503	0.113181	0	0	0.032618	0	0	0	0	0.252374	0	0	0	0	0.049105	0	0	0	0	0	0	0	0.074933	0	0	0	0	0	0.666176	0.241054	0.041866	0	0	0	0	0	0	0	0.041932	0.207781	0.300898	0	0	0	0	0.080429	0.052757	0	0	0	0	0	0	0.23937	0.089452
"Holdemania massiliensis"	0	0	0	0	0	0.457584	0	0	0.542225	0	0	0	0	0	0	0	0	0	0.33291	0	0	0	0.14734	0	0.074712	0	0.0461	0	0	0	0	0	0	0	0	0	0.112809	0.055175	0	0	0	0	0	0.143966	0	0	0	0.053188	0	0	0	0	0	0	0	0	0	0.052583	0	0	0.465091	0.279125	0.062187	0	0	0	0	0	0.034183	0	0	0.127054	0	0	0	0	0	0	0.049109	0	0	0	0	0.571849	0	0.810946	0.206539	0	0	0	0	0.205062	0	0	0	0	0
"Holdemania sp900120005"	0	0	0	0	0	0	0	0	0	0	0	0	0	0	0	0	0	0	0	0	0	0	0	0	0	0	0	0	0	0	0	0	0	0	0.056537	0	0	0	0	0	0	0	0	0.097788	0	0	0	0	0	0	0	0.031547	0	0	0	0	0	0	0	0	0	0	0	0	0	0	0	0	0	0	0.054076	0	0	0	0	0	0	0	0	0	0.090854	0.031593	0	0	0	0	0.039512	0	0	0	0	0	0	0	0	0.031222	0
"Ileibacterium valens"	0	0	0	0	0	0	0	0	0	0	0	0	0	0	0	0	0	0	0	0	0	0	0	0.093235	0	0	0	0	0	0	0	0	0	0	0	0	0	0	0	0	0	0	0	0	0	0	0	0	0	0	0	0	0	0	0	0	0	0	0	0	0	0	0	0	0	0	0	0	0	0	0	0	0	0	0	0	0	0	0	0	0	0	0	0	0	0	0	0	0	0	0	0	0	0	0	0	0
"Longicatena caecimuris"	0	0	0	0	0	0.710837	0	0.037515	0	0	0.042914	1.232443	0	0	0	0	0	0	0	0	0	0	0	0	0	0	0.035751	0	0	0	0.031025	0	0	0	0	0.041033	0	0	0	0	0	0	0	0	0	0	0	0	0	0	0.056183	0.701644	0	0	0	0	0	0	0	0	0	0	0	0	0	0	0	0.048241	0	0	0	0	0	0	0	0	0	0	0	0	0	0	0	0	0	0.567662	0	0	0	0	0	0.043763	0	0	0	0	0
"Longicatena dolichum"	0	0	0	0	0	0	0	0	0	0	0	0.283253	0	0	0	0	0	0	0	0	0	0	0	0	0	0	0	0	0	0	0	0	0	0	0	0	0	0	0	0	0	0	0	0.056138	0	0	0	0	0	0	0	1.330403	0	0	0	0	0	0	0	0	0	0	0	0	0	0	0	0	0	0	0	0	0	0	0	0	0	0	0	0	0	0	0	0	0	0	0	0	0	0	0	0.036261	0	0	0	0	0
"Longicatena innocuum"	0	0	0	0	0	0.39499	0	0	0.147502	0	0.049351	0.946683	0.04888	0.123232	0.083979	0	0	0.042265	2.259718	0	0	0	0.47245	0	0	0.391604	0	0.121417	0	0	0.041765	1.584608	0	0	0	0	0.034271	0.666944	0.041603	0	0	1.219556	0.621511	2.878408	0.030205	3.458856	0	0	0	0	0.032253	0.057654	0	0.298092	0	0.996359	0	0	0	0.069578	0	0	0.135096	0.160277	0	0	0	0	0	0	0.599443	0	0	0	0	0	0	0	0	0	0.031949	0.291623	0.037818	0	0	0.098068	0.765093	0.041129	0	0	0	0.030009	0	0	0	0	0
"Longicatena sp000165065"	0	0	0	0	0	0	0	0	0	0	0	0	0	0	0	0	0	0	0.035926	0	0	0	0	0	0	0	0	0.375569	0	0	0	0	0	0	0	0	0	0	0	0	0	0.06123	0.69711	0.119519	0	1.281058	0	0	0	0	0	0.128363	0	0	0	0	0	0	0	0	0	0.057231	0	0.037551	0	0	0	0	0	0	0	0.049603	0	0.313887	0	0	0	0	0	0	0	0	0	0	0	0	0	0	0	0	0	0	0	0	0	0	0
"Longicatena sp003433845"	0	0	0	0	0	0	0	0	0	0	0	3.397365	1.143097	0	0	0	0	0.783408	0	0	0	0	0	0	0	0	0	0	0	0	4.015369	0	0	0.220187	0.183529	0	0	0	0	0	0	0	0	0.067003	0	0	0	0	0	0	0.103003	0	0	0	0	0	0	0	0	0	0	0	0	0	0	0	0	0	0.621428	0	0	0	0	0	0	0	0.436002	0.260587	0	0	0	0	0	0	0	0	0	0	0	0	0	0	0	0	0	0	0
"Longicatena sp003481775"	0	0	0	0	0	0	0	0	0	0	0	0	0	0	0	0	0	0	0.032333	0	0	0	0.033632	0	0	0.03119	0	0	0	0	0	0	0	0	0	0	0.035699	0	0	0	0	0	0	0.076963	0	0.037957	0	0	0	0	0	0	0	0	0	0	0	0	0	0	0	0	0	0	0	0	0	0	0	0	0	0	0	0	0	0	0	0	0	0	0	0	0	0	0	0	0	0	0	0	0	0	0	0	0	0	0
"Longicatena sp900411325"	0	0	0	0	0	0	0	0	0	0	0	0	0	0	0	0	0	0	1.530429	0	0	0	0	0	0	0	0	0	0	0	0	0	0	0	0	0	0	0	0	0	0	0	0	0.045272	0	0	0	0	0	0	0	0	0	0	0	0	1.205044	0	0	0	0	0	0	0	0	0	0	0	0	0	0	0	0	0	0	0	0	0	0	0	0	0	0	0	0	0	0	0	0	0	0	0	0	0	0	0	0
"Merdibacter massiliensis"	0	0	0	0	0	0	0	0	0	0	0	0	0	0	0	0	0	0	0	0	0	0	0	0	0	0	0	0	0	0	0	0	0	0	0	0	0	0	0	0	0	0	0	0	0	0	0	0	0	0	0	0	0	0	0	0	0	0	0	0	0	0	0	0	0	0	0.090005	0	0	0	0	0	0	0	0	0	0.096439	0	0	0	0	0	0	0	0	0	0	0	0	0	0	0	0	0	0	0	0
"OEMR01 sp900199515"	0	0	0	0	0	0	0	0	0	0	0	0.051804	0	0	0	0	0	0	0	0	0	0	0	0	0	0	0	0	0	0	0	0	0	0	0	0	0	0	0	0	0	0	0	0	0	0	0	0	0	0	0	0	0	0	0	0	0	0	0	0	0	0	0	0.038466	0	0	0	0	0	0	0	0	0	0	0	0	0	0	0	0	0	0	0	0	0	0	0	0	0	0	0	0	0	0	0	0	0
"Turicibacter sanguinis"	0	0	0	0	0	0	0	0	0	0	0	0	0	0	0	0	0	0	0	0	0	0	0	0	0	0	0	0	0	0	0	0	0	0	0.358361	0	0	0	0	0	0	0	0	0	0	0	0	0	0	0	0	0	0	0	0	0	0	0	0	0	0	0	0	0	0	0	0	0.275793	0	0	0	0	0	0.577521	0	0	0	0	0	0	0	0	0	0	0	0	0	0	0	1.688006	0	0	0	0	0	0	0
"Turicibacter sp001543345"	0	0	0	0	0	0	1.994722	0	0	0	0	0	0	0	0	0	0	0	0	0	0	0	0	0	0	0	0	0	0	0	0	0	0	0	0.634089	0	0	0	0	0	0	0	0	0	0.622971	0	0	0	0	0	0	0	0	0	0	0	0	0	0	0	0	0	0	0	0	0	0	0	0	0	0	0.069618	0	0	0	0	0	0	0.669842	0	0	0	0	0	0	0.146159	0	0	0	0	0	0	0	0	0	0	0
"Carnobacterium divergens"	0	0	0	0	0	0	0	0	0	0	0	0	0	0	0	0	0	0	0	0	0	0	0	0	0	0	0	0	0	0	0	0	0	0	0	0	0.064258	0	0	0	0	0	0	0	0.062926	0	0	0	0	0	0	0	0	0	0	0	0	0	0	0	0	0	0	0	0	0	0	0	0	0	0	0	0	0	0	0	0	0	0	0	0	0	0	0	0	0	0	0	0	0	0	0	0	0	0	0	0
"Enterococcus faecalis"	0	0	0	0	0	0	0	0	0	0	0	0.081049	0	0	0	0	0	0	0	0	0	0	0	0	0	0	0	0	0	0.206537	0	0	0	0	0.140909	0	0	0	0	0	0	0.063391	0	0	0	0	0	0	0.069137	0	0	0	0	0	0	0	0	0	0	0	0	0	0	0	0	0.147153	0	0	0	0	0	0	0	0.12138	0	0	0	0	0	0	0	0	0	0	0	0	0	0	0	0	0	0	0	0	0	0	0
"Enterococcus_A avium"	0	0	0	0	0	0	0	0	0	0	0	0.329208	0	0	0	0	0	0	0	0	0	0	0	0	0	0	0	0	0	0	0	0	0	0	0	0	0	0	0	0	0	0	0	0	0	0	0	0	0	0	0	0	0	0	0	0	0	0	0	0	0	0	0	0	0	0	0	0	0	0	0	0	0	0	0	0	0	0	0	0	0	0	0	0	0	0	0	0	0	0	0	0	0	0	0	0	0
"Enterococcus_B faecium"	0	0	0	0	0	0	0	0	0	0	0	0	0	0	0	0	0.165888	0	0	0	0	0	0	0	0	0	0	0	0	0	0	0	0	0	0	0	0	0	0	0	0	0	0.066149	0	0	0	0	0	0	0	0	0.105519	0	0	0	0	0	0	0	0	0	0	0	0	0	0	0	0	0	0	0	0	0	0.094321	0	0	0	1.203058	0.086431	0	0	0	0.068236	0	0	0	0	0	0.19763	0	0	0	0	0	0	0	0
"Enterococcus_B faecium_B"	0	0	0	0	0	0	0	0	0	0	0	0	0	0	0	0	0.593672	0	0	0	0	0	0	0	0	0	0	0	0	0	0	0	0	0	0	0	0	0	0	0	0	0	0	0	0	0	0	0	0	0	0	0	0	0	0	0	0	0	0	0	0	0	0	0	0	0	0	0	0	0	0	0	0	0	0	0	0	0	0	0	0	0	0.109343	0	0	0	0	0	0.832391	0	0	0	0	0	0	0	0
"Enterococcus_B hirae"	0	0	0	0	0	0	0	0	0	0	0	0	0	0	0	0	0	0	0	0	0	0	0	0	0	0	0	0	0	0	0	0	0	0	1.223819	0	0	0	0	0	0	0	0	0	0	0	0	0	0	0	0	0	0	0	0	0	0	0	0	0	0	0	0	0	0	0	0	0	0	0	0	0	0	0	0	0	0	0	0	0	0	0	0	0	0	0	0	0	0	0	0	0	0	0	0	0	0
"Enterococcus_C asini"	0	0	0	0	0	0	0	0	0	0	0	0	0	0	0	0	0	0	0	0	0	0	0	0	0	0	0	0	0	0	0	0	0	0	0	0	0	0	0	0	0	0	0	0	0	1.524617	0	0	0	0	0	0	0	0	0	0	0	0	0	0	0	0	0	0	0	0	0	0	0	0	0	0	0	0	0	0	0	0	0	0	0	0	0	0	0	0	0	0	0	0	0	0	0	0	0	0	0
"Enterococcus_D casseliflavus"	0	0	0	0	0	0	0	0	0	0	0	0	0	0	0	0	0	0	0	0	0	0	0	0	0	0	0	0	0	0.691615	0	0	0	0	0	0	0	0	0	0	0	0	0	0	0.096907	0	0	0	0	0	0	0	0	0	0	0	0	0	0	0	0	0	0	0	0	0	0	0	0	0	0	0	0	0.117514	0	0	0	0	0	0	0	0	0	0	0	0	0	0	0	0	0	0	0	0	0	0	0
"Enterococcus_D sp002850555"	0	0	0	0	0	0	0	0	0	0	0	0	0	0	0	0	0	0	0	0	0	0	0	0	0	0	0	0	0	0.218854	0	0	0	0	0	0	0	0	0	0	0	0	0	0	0.030205	0	0	0	0	0	0	0	0	0	0	0	0	0	0	0	0	0	0	0	0	0	0	0	0	0	0	0	0	0.058757	0	0	0	0	0	0	0	0	0	0	0	0	0	0	0	0	0	0	0	0	0	0	0
"Enterococcus_G sulfureus"	0	0	0	0	0	0	0	0	0	0	0	0	0	0	0	0	0	0	0	0	0	0	0	0	0	0	0	0	0	0.109901	0	0	0	0	0	0	0	0	0	0	0	0	0	0	0	0	0	0	0	0	0	0	0	0	0	0	0	0	0	0	0	0	0	0	0	0	0	0	0	0	0	0	0	0	0	0	0	0	0	0	0	0	0	0	0	0	0	0	0	0	0	0	0	0	0	0	0
"Companilactobacillus farciminis_A"	0	0	0	0	0	0	0	0	0	0	0	0	0	0	0	0	0	0	0	0	0	0	0	0	0	0	0	0	0	0	0.036992	0	0	0	0	0	0	0	0	0	0	0	0	0	0	0	0	0	0	0	0	0	0	0	0	0	0	0	0	0	0	0	0	0	0	0	0	0	0	0	0	0	0	0	0	0	0	0	0	0	0	0	0	0	0	0	0	0	0	0	0	0	0.047581	0	0	0	0
"Lacticaseibacillus paracasei"	0	0	0	0	0	0	0	0	0	0	0	0	0	0	0	0.399034	0	0	0	0	0	0	0	0	0	0	0	0	0	0	0	0	0	0	0	0	0	0	0	0	0	0	0	0	0	0	0.226565	0	0	0	0	0	0	0	0	0	0	0	0	0	0	0	0	0	0	0	0	0	0	0	0	0	0	0	0	0	0	0	0	0	0	0	0	0	0	1.008025	0	0	0	0	0	0	0	0	0	0	0
"Lacticaseibacillus rhamnosus"	0	0	0	0	0	0	0	0	0	0	0	0	0	0	0	0	0	0	0	0	0	0	0	0	0	0	0	0	0	0	0	0	0	0	0	0	0	0	0	0	0	0	0	0	0	0	0	0	0	0	0	0	0	0	0	0	0	0	0	0	0	0	0	0.105325	0	0	0	0	0	0	0	0	0	0	0	0	0	0	0	0	0	0	0	0	0	0	0	0	0	0	0	0	0	0	0	0	0
"Lactiplantibacillus plantarum"	0	0	0	0	0	0	0	0	0	0	0	0	0	0	0	0	0	0	0	0	0	0	0	0	0	0	0	0	0	0	0	0	0	0	0	0	0	0	0	0	0	0	0	0	0	0	0	0	0	0	0	0	0	0	0	0	0.05598	0	0.056864	0	0	0	0	0.299489	0	0	0	0	0	0	0	0	0	0	0	0	0	0	0	0	0	0	0	0	0	0	0	0	1.66897	0	0	0	0	0	0	0	0
"Lactobacillus acidophilus"	0	0	0	0	0.874949	0	0	0	0	0	0	0	0	0	0	0	0	0	0	0	0	0	0	0	0	0	0	0	0	0	0	0	0	0	0	0	0	0	0	0	0	0	0	0	0	0	0	0	0	0	0	0	0	0	0	0	0	0	0	0	0	0	0	0	0	0	0	0	0	0	0	0	0	0	0	0	0	0	0	0	0	0	0	0	0	0	0	0	0	0	0	0	0	0	0	0	0
"Lactobacillus amylovorus"	0	0	0	0	0	0	0	0	0	0	0	0	0	0	0	0	0	0	0	0	0.087963	0	0	0	0	0.634191	0	0	0	0	0	0	0	0	0	0	0	0	0	0	0	0	0	0	0	0	0	0	0	0	0	0	0	0	0	0	0	0	0	0	0	0	0	0	0	0	0	0	0	0	0	0	0	0	0.389078	0	0	0	0	0	0	0	0	0	0	0	0	0	0	0	0	0	0	0	0	0	0
"Lactobacillus delbrueckii"	0	0	0	0	0	0	0	0	0	0.204132	0	0	0	0	0	0	0	0	0	0	0	0	0	0	0	0	0	0	0	0.057793	0	0	0	0	0	0	0	0	0	0	0	0	0	0	0	0	0	0	0	0	0	0	0	0.102014	0	0	0	0	0	0	0	0	0	0	0	0	0	0	0	0	0	0	0	0	0	0	0	0	0	0	0	0	0	0	0	0	0	0	0	0	0	0	0	0	0.129283	0	0
"Lactobacillus gasseri"	0	0	0	0	0	0	0	0	0	0	0	0	0	0	0	0	0	0	0	0	0	0	0	0	0	0	0	0	0	0	0	0	0	0	0	0.426967	0	0	0	0	0	0	0	0	0	0	0	0	0	0	0	0	0	0	0	0	0	0	0	0	0	0	0	0	0	0	0	0	0	0	0	0	0	0	0	0	0	0	0	0	0	0	0	0	0	0	0	0	0	0	0	0	0	0	0	0	0
"Lactobacillus kitasatonis"	0	0	0	0	0	0	0	0	0	0	0	0	0	0	0	0	0	0	0	0	0	0	0	0	0	0.034655	0	0	0	0	0	0	0	0	0	0	0	0	0	0	0	0	0	0	0	0	0	0	0	0	0	0	0	0	0	0	0	0	0	0	0	0	0	0	0	0	0	0	0	0	0	0	0	0	0	0	0	0	0	0	0	0	0	0	0	0	0	0	0	0	0	0	0	0	0	0	0
"Lactobacillus paragasseri"	0	0	0	0	0	0	0	0	0	0	0	0	0	0	0	0	0	0	0	0	0	0	0	0	0	0	0	0	0	0.216011	0	0	0	0	0	0.776303	0	0	0	0	0	0	0	0	0	0	0	0	0.052136	0	0	0	0	0	0	0	0	0	0	0	0	0	0	0	0	0	0	0	0	0	0	0	0	0	0	0	0	0	0	0	0	0	0	0	0	0	0	0	0	0	0	0	0	0	0	0	0
"Leuconostoc citreum"	0	0	0	0	0	0	0	0	0	0	0	0	0	0.246464	0	0	0	0	0	0	0	0	0	0	0	0	0	0	0	0	0	0	0	0	0	0	0	0	0	0	0	0	0	0	0	0	0	0	0	0	0	0	0	0	0	0	0	0	0	0	0	0	0	0	0	0	0	0	0	0	0	0	0	0	0	0	0	0	0	0	0	0	0	0	0	0	0	0	0	0	0	0	0	0	0	0	0
"Leuconostoc lactis"	0	0	0	0	0	0	0	0	0	0	0	0	0	0	0	0	0	0	0	0	0	0	0	0	0	0.050828	0	0	0	0.504027	0	0	0	0	0.199186	0	0	0	0	0	0	0	0	0	0	0	0	0	0	0	0.388081	0	0	0	0	0	0	0	0	0	0	0	0	0	0	0	0	0	0	0	0	0	0	0.606126	0	0	0	0	0	0	0	0	0	0	0	0	0	0	0	0	0	0	0	0	0	0	0
"Leuconostoc lactis_A"	0	0	0	0	0	0	0	0	0	0	0	0	0	0	0	0	0	0	0	0	0	0	0	0	0	0	0	0	0	0.149692	0	0	0	0	0	0	0	0	0	0	0	0	0	0	0	0	0	0	0	0	0.033294	0	0	0	0	0	0	0	0	0	0	0	0	0	0	0	0	0	0	0	0	0	0	0.115968	0	0	0	0	0	0	0	0	0	0	0	0	0	0	0	0	0	0	0	0	0	0	0
"Ligilactobacillus agilis"	0	0	0	0	0	0	0	0	0	0	0	0	0	0	0	0	0	0	0	0	0	0	0	0	0	0	0	0	0	1.069635	0	0	0	0	0	0	0	0	0	0	0	0	0	0	0	0	0	0	0	0	0	0	0	0	0	0	0	0	0	0	0	0	0	0	0	0	0	0	0	0	0	0	0	0	0	0	0	0	0	0	0	0	0	0	0	0	0	0	0	0	0	0	0	0	0	0	0
"Ligilactobacillus ruminis"	0	0	0	0.681357	0	0	0	0	0	0.918117	0	0	0	0	0	0	0	0	0	0.089314	0	0	0	0.755051	0	0	0	0	0.690289	0	1.070367	0	0	0	0	0	0	0	0	0	0.811366	0	0.586619	0	0	0	0	0	1.089186	0	0	0	0.785548	0	0	0	0	0	0.71529	0	0	0	1.042169	0	0	0	0	0	0	0.607405	0.83761	0	0	0	0	1.134309	0	0	0	0	0	0	0	0.45488	0	0	0.384343	0	0	0	0.649999	0	0	0	0.753513	0	0
"Ligilactobacillus salivarius"	0	0	0	0	0	0	0	0	0	0	0	0	0	0	0	0	0	0	0	0	0	0	0	0	0	0	0	0	0	0.568451	0	0	0	0	0.921126	0.176332	0	0	0	0	0	0	0	0	0	0	0	0	1.487006	0	0	0	0	0	0	0	0	0	0	0	0	0	0	0	0	1.468922	0	0	0.217368	0	0	0	0	0	0	0	0	0	0	0	0	0	0	0	0	0	0	0	0	0	0	1.575473	0	0	0	0	0
"Limosilactobacillus fermentum"	0	0	0	0	0	0	0	0	0	0.710151	0	0	0	0	0	0	0	0	0	0	0	0	0	0	0	0	0	0	0	0.0919	0	0	0	0	0	0	0	0	0	0	0	0	0	0	0	0	0	0	0	0	0	0	0	0	0	0	0	0	0	0	0	0	0	0	0	0	0	0	0	0	0	0	0	0	0	0	0	0	0	0	0	0	0	0	0	0	0	0	0	0	0	0	0	0	0	0	0
"Limosilactobacillus mucosae"	0	0	0	0	0	0	0	0	0	0	0	0	0	0	0	0	0	0.02868	0	0.090353	0	0	0.589361	0	0	0.855984	0	0	0	0	1.119292	0	0	0	0	0	0	0	0	0	0	0	0	0	0	0	0	0	0	0	0	0	0	0	0	0	0	0	0.029928	0	0	0	0	0	0	0	0	0	0	0	0	0	0	0	0.186157	0	0	0	0	0	0	0	0	0	0	0	0	0	0	0	0	0	0	0	0	0	0
"Limosilactobacillus oris"	0	0	0	0	0	0	0	0	0	0	0	0	0	0	0	0	0	0	0	0	0	0	0	0	0	0	0	0	0	0	0	0	0	0	0	0	0	0	0	0	0	0	0	0	0	0	0	0	0	0	0	0	0	0	0	0	0	0	0	0	0	0	0	0	0	0.279981	0	0	0	0	0	0	0	0	0	0	0	0	0	0	0	0	0	0	0	0	0	0	0	0	0	0	0	0	0	0	0
"Limosilactobacillus pontis"	0	0	0	0.211992	0	0	0	0	0	0	0	0	0	0	0	0	0	0	0	0	0	0	0	0	0	0	0	0	0	0	0	0	0	0	0	0	0	0	0	0	0	0	0	0	0	0	0	0	0	0	0	0	0	0	0	0	0	0	0	0	0	0	0	0	0	0	0	0	0	0	0	0	0	0	0	0	0	0	0	0	0	0	0	0	0	0	0	0	0	0	0	0	0	0	0	0	0
"Limosilactobacillus vaginalis"	0	0	0	0	0	0	0	0	0	0	0	0	0	0	0	0	0	0	0	0	0	0	0	0	0	0	0	0	0	0	0	0	0	0	0	0.113118	0	0	0	0	0	0	0	0	0	0	0	0	0	0	0	0	0	0	0	0	0	0	0	0	0	0	0	0	0	0	0	0	0	0	0	0	0	0	0	0	0	0	0	0	0	0	0	0	0	0	0	0	0	0	0	0	0	0	0	0	0
"Pediococcus acidilactici"	0	0	0	0.175039	0	0	0	0	0	0	0	0	0	0	0	0	0	0	0	0	0	0	0	0	0	0	0	0	0	0	0	0	0	0	0	0	0	0	0	0	0	0	0	0	0	0	0	0	0	0	0	0	0	0	0	0	0	0	0	0	0	0	0	0	0	0	0	0	0	0	0	0	0	0	0	0	0	0	0	0	0	0	0	0	0	0	0	0	0	0	0	0	0	0	0	0	0
"Weissella cibaria"	0	0	0	0.239869	0	0	0	0	0	0	0	0.13536	0	0	0	0.065895	0	0	0	0	0	0	0	0	0	0	0	0	0	0.076741	0.102622	0	0	0	0	0	0	0	0.155806	0.772951	0	0	0	0	0	0	0	0	0.056669	0	0	0	0	0	0	0	0	0	0.035914	0	0	0	0	0.038466	0	0	0	0	0	0	0	0	0	0.224205	0	0	0	0	0	0	0	0	0	0	0	0	0	0	0	0	0	0	0	0	0	0	0
"Weissella confusa"	0	0	0	0	0	0.527372	0	0	0	0.08242	0	0	0	0	0.066971	0	0.201131	0	0	0	0	0	0	0	0	0	0	0	0	0.602558	0	0	0	0	0	0	0	0	0	0.544319	0	0	0	0	0	0	0	0	0.763904	0	0	0	0	0	0	0	0	0	0	0.160293	0	0	0	0.062279	0	1.140759	0	0	0	0	0	0	0	0.517217	0	0	0	0	0	0	0	0	0.05015	0	0	0	0	0	0	0	0	0	0	0	0	0	0
"Weissella confusa_B"	0	0	0	0	0	0	0	0	0	0	0	0	0	0	0	0	0.039497	0	0	0	0	0	0	0	0	0	0	0	0	0	0	0	0	0	0	0	0	0	0	0	0	0	0	0	0	0	0	0	0	0	0	0	0	0	0	0	0	0	0	0	0	0	0	0	0	0	0	0	0	0	0	0	0	0.086589	0	0	0	0	0	0	0	0	0	0	0	0	0	0	0	0	0	0	0	0	0	0	0
"Weissella viridescens"	0	0	0	0	0	0	0	0	0	0	0	0	0	0	0	0	0	0	0	0	0.11628	0	0	0	0	0	0	0	0	0	0	0	0	0	0	0	0	0	0	0	0	0	0	0	0	0	0	0	0	0	0	0	0	0	0	0	0	0	0	0	0	0	0	0	0	0	0	0	0	0	0	0	0	0	0	0	0	0	0	0	0	0	0	0	0	0	0	0	0	0	0	0	0	0	0	0	0
"Lactococcus garvieae"	0	0	0	0.077795	0	0.1626	0	0	0	0	0	0.231449	0	0	0	0	0	0	0	0	0	0	0	0	0	0	0	0	0	0.275699	0	0	0	0	0.213103	0	0	0	0	0.20313	0	0	0	0	1.727957	0	0	0	0.167741	0	0	0	0	0	0	0	0	0	0	0	0	0	0	0	0	0	0	0	0	0	0	0	0	0	0	0	0	0	0	0.160641	0	0	0	0	0	0	0	0	0	0	0	0	0	0	0	0	0
"Lactococcus garvieae_B"	0	0	0	0	0	0	0	0	0	0	0	0.396053	0	0	0	0	0	0	0	0	0	0	0	0	0	0	0	0	0	0	0	0	0	0	0	0	0	0	0	0	0	0	0	0	0.035239	0	0	0	0.064603	0	0	0	0	0	0	0	0	0	0	0	0	0	0	0	0	0	0	0	0	0	0	0	0	0	0	0	0	0	0	0	0	0	0	0	0	0	0	0	0	0	0	0	0	0	0	0	0
"Lactococcus lactis"	0	0	0	0	0	0	0	0	0	0	0	0.032587	0	0	0	0	0	0	0	0	0	0	0	0	0	0	0	0	0	0.25675	0	0	0	0	0	0	0	0	0	0	0	0	0	0	0.269325	0	0	0	0	0	0	0	0	0	0	0	0	0	0	0	0	0	0	0	0	0	0	0	0	0	0	0	0	0.041748	0	0	0	0	0	0	0	0	0	0	0	0	0	0	0	0	0	0	0	0	0	0	0
"Lactococcus lactis_E"	0	0	0	0	0	0	0	0	0	0	0	0	0	0	0	0	0	0	0	0	0	0	0	0	0	0	0	0	0	0.036949	0	0	0	0	0	0	0	0	0	0	0	0	0	0	0.049083	0	0	0	0	0	0	0	0	0	0	0	0	0	0	0	0	0	0	0	0	0	0	0	0	0	0	0	0	0	0	0	0	0	0	0	0	0	0	0	0	0	0	0	0	0	0	0	0	0	0	0	0
"Lactococcus petauri"	0	0	0	0.145218	0	0.215841	0	0	0	0	0	0.599928	0	0	0	0	0	0	0	0	0	0	0	0	0	0	0	0	0	0.711511	0	0	0	0	0.829796	0	0	0	0	0.603236	0	0	0	0	0.088097	0	0	0	0.234611	0	0	0	0	0	0	0	0	0	0	0	0	0	0	0	0	0	0	0	0	0	0	0	0	0	0	0	0	0	0	0.198182	0	0	0	0	0	0	0	0	0	0	0	0	0	0	0	0	0
"Streptococcus anginosus"	0	0	0	0	0	0	0	0	0	0	0	0.522222	0	0	0	0	0	0	0	0	0	0	0	0	0	0	0	0	0	0	0	0	0	0	0	0	0	0	0	0	0	0	0	0	0	0	0	0	0	0	0	0	0	0	0	0	0	0	0	0	0	0	0	0	0	0.447969	0	0	0	0	0	0	0	0	0	0	0	0	0	0	0	0	0.268013	0	0	0	0	0	0	0	0	0	0	0	0	0	0
"Streptococcus anginosus_C"	0	0	0	0	0	0	0	0	0	0	0	0.091075	0	0	0	0	0	0	0	0	0	0	0	0	0	0	0	0	0	0	0	0	0	0	0	0	0	0	0	0	0	0	0	0	0	0	0	0	0	0	0	0	0	0	0	0	0	0	0	0	0	0	0	0	0	0.4076	0	0	0	0	0	0	0	0.109783	0	0	0	0	0	0	0	0	0	0	0	0	0	0	0	0	0	0	0	0	0	0	0
"Streptococcus australis"	0	0	0	0	0	0	0.06054	0.053928	0	0	0	0	0	0	0	0	0	0	0	0	0	0	0	0	0	0	0	0	0	0	0	0	0	0	0	0	0	0	0	0	0	0	0	0	0	0	0	0	0	0	0	0	0	0	0	0	0	0	0	0	0	0	0	0	0	0	0	0	0	0	0	0	0	0	0	0.119188	0	0	0	0	0	0	0	0	0	0	0	0	0	0	0	0	0	0	0	0	0
"Streptococcus constellatus"	0	0	0	0	0	0	0	0	0	0	0	0.05264	0	0	0	0	0	0	0	0	0	0	0	0	0	0	0	0	0	0	0	0	0	0	0	0	0	0	0	0	0	0	0	0	0	0	0	0	0	0	0	0	0	0	0	0	0	0	0	0	0	0	0	0	0	0.119806	0	0	0	0	0	0	0	0	0	0	0	0	0	0	0	0	0	0	0	0	0	0	0	0	0	0	0	0	0	0	0
"Streptococcus cristatus"	0	0	0	0	0	0	0	0	0	0	0	0.05264	0	0	0	0	0	0	0	0	0	0	0	0	0	0	0	0	0	0	0	0	0	0	0	0	0	0	0	0	0	0	0	0	0	0	0	0	0	0	0	0	0	0	0	0	0	0	0	0	0	0	0	0	0	0.119806	0	0	0	0	0	0	0	0	0	0	0	0	0	0	0	0	0	0	0	0	0	0	0	0	0	0	0	0	0	0	0
"Streptococcus cristatus_B"	0	0	0	0	0	0	0	0	0	0	0	0	0	0	0	0	0	0	0	0	0	0	0	0	0	0	0	0	0	0	0	0	0	0	0	0	0	0	0	0	0	0	0	0	0	0	0	0	0	0	0	0	0	0	0	0	0	0	0	0	0	0	0	0	0	0.050787	0	0	0	0	0	0	0	0	0	0	0	0	0	0	0	0	0	0	0	0	0	0	0	0	0	0	0	0	0	0	0
"Streptococcus cristatus_C"	0	0	0	0	0	0	0	0	0	0	0	0	0	0	0	0	0	0	0	0	0	0	0	0	0	0	0	0	0	0	0	0	0	0	0	0	0	0	0	0	0	0	0	0	0	0	0	0	0	0	0	0	0	0	0	0	0	0	0	0	0	0	0	0	0	0.078134	0	0	0	0	0	0	0	0	0	0	0	0	0	0	0	0	0	0	0	0	0	0	0	0	0	0	0	0	0	0	0
"Streptococcus gallolyticus"	0	0.042703	0	0	0	0.230231	0	0	0	0	0	0	0	0	0.953535	0	0	0	0	0	0	0	0	0	0	0	0	0	0	0.332544	0	0	0	0	0	0	0	0	0	0	0	0	0	0	0	0.487118	0	0	0	0	0	0.07506	0	0	0	0	0	0	0	0	0	0	0	0	0	1.243635	0	0	0	0	0	0	0	0	0	0	0	0	0	0	0	0	0	0	0	0	0	0	0	0	0	0	0	0	0	0	0
"Streptococcus gordonii"	0	0	0	0	0	0	0	0.52052	0	1.218086	0	0.702701	0	0	0	0	0	0	0	0	0	0	0	0	0	0	0	0	0	0	0	0.047729	0	0	0	0	0	0	0	0	0	0	0	0	0	0	0	0	0	0	0	0	0	0	0	0	0	0	0	0	0	0	0	0	0	1.148572	0	0	0	0	0	0	0	0.126792	0	0.105047	0	0	0	0	0	0	0	0	0	0	0	0	0	0	0	0	0	0	0	0	0
"Streptococcus gordonii_A"	0	0	0	0	0	0	0	0.038297	0	0	0	0.050969	0	0	0	0	0	0	0	0	0	0	0	0	0	0	0	0	0	0	0	0	0	0	0	0	0	0	0	0	0	0	0	0	0	0	0	0	0	0	0	0	0	0	0	0	0	0	0	0	0	0	0	0	0	0.078134	0	0	0	0	0	0	0	0	0	0	0	0	0	0	0	0	0	0	0	0	0	0	0	0	0	0	0	0	0	0	0
"Streptococcus halitosis"	0	0	0	0	0	0	0	0	0	0	0	0.039271	0	0	0	0	0	0	0	0	0	0	0	0	0	0	0	0	0	0	0	0	0	0	0	0	0	0	0	0	0	0	0	0	0	0	0	0	0	0	0	0	0	0	0	0	0	0	0	0	0	0	0	0	0	0	0	0	0	0	0	0	0	0	0	0	0	0	0	0	0	0	0	0	0	0	0	0	0	0	0	0	0	0	0	0	0
"Streptococcus infantarius"	0	0	0	0.11021	0	0.392112	0	0.448616	0	0	0	0	0	0	0	0	0	0	0	0	0	0	0	0	0	0.703501	0.087496	0	0	0.510658	0	0	0.100769	0	0	0	0	0	0	0	0	0	0	0	0	0	0	0	0.582562	0	0	0	0	0	0	0	0	0.045505	0	0	0.064338	0	0	0	0	0	0	0	0	0	0	0	0.609051	0	0	0	0	0	0	0	0	0	0	0	0	0	0	0	0	0	0	0	0.084589	0	0	0	0
"Streptococcus lutetiensis"	0	0	0	0	0	0	0	0	0	0	0	0	0	0	0	0	0	0	0	0	0	0	0	0	0	0	0	0	0	0.043581	0	0	0	0	0	0	0	0	0	0	0	0	0	0	0	0	0	0	0	0	0	0	0	0	0	0	0	0.706839	0	0	0	0	0	0	0	0	0	0	0	0	0	0	0	0	0	0	0	0	0	0	0.043929	0	0	0	0	0	0	0	0	0	0	0	0	0	0	0	0
"Streptococcus macedonicus"	0	0	0	0	0	0.314409	0	0	0	0	0	0	0	0	0	0	0	0	0	0	0	0	0	0	0	0	0	0	0	0.13927	0	0	0	0	0	0	0	0	0	0	0	0	0	0	0	0	0	0	0	0	0	0	0	0	0	0	0	0	0	0	0	0	0	0	0	0	0	0	0	0	0	0	0	0	0	0	0	0	0	0	0	0	0	0	0	0	0	0	0	0	0	0	0	0	0	0	0
"Streptococcus mitis"	0	0	0	0	0	0	0	0	0	0	0	0	0	0	0	0	0	0	0	0	0	0	0	0	0	0	0	0	0	0	0	0	0	0	0	0	0	0	0	0	0	0	0	0	0	0	0	0	0	0	0	0	0	0	0	0	0	0	0	0	0	0	0	0	0	0.125015	0	0	0	0	0	0	0	0	0	0	0	0	0	0	0	0	0	0	0	0	0	0	0	0	0	0	0	0	0	0	0
"Streptococcus mutans"	0	0	0	0	0	0	0	0	0	0	0	0	0	0	0	0	0	0	0	0	0	0	0	0	0	0	0	0	0	0.415917	0	0	0	0	0	0	0	0	0	0	0	0	0	0	0	0	0	0	0	0	0	0	0	0	0	0	0	0	0	0	0	0	0	0	0	0	0	0	0	0	0	0	0	0	0	0	0	0	0	0	0	0	0	0	0	0	0	0	0	0	0	0	0	0	0	0	0
"Streptococcus oralis"	0	0	0	0	0	0	0	0	0	0.086253	0	0.0376	0	0	0	0	0	0	0	0	0	0	0	0	0	0	0	0	0	0	0	0	0	0	0	0	0	0	0	0	0	0	0	0	0	0	0	0	0	0	0	0	0	0	0	0	0	0	0	0	0	0	0	0	0	0	0	0	0	0	0	0	0	0	0	0	0	0	0	0	0	0	0	0	0	0	0	0	0	0	0	0	0	0	0	0	0
"Streptococcus oralis_S"	0	0	0	0	0	0	0	0	0	0.074753	0	0	0	0	0	0	0	0	0	0	0	0	0	0	0	0	0	0	0	0	0	0	0	0	0	0	0	0	0	0	0	0	0	0	0	0	0	0	0	0	0	0	0	0	0	0	0	0	0	0	0	0	0	0	0	0	0	0	0	0	0	0	0	0	0	0	0	0	0	0	0	0	0	0	0	0	0	0	0	0	0	0	0	0	0	0	0
"Streptococcus oralis_T"	0	0	0	0	0	0	0	0	0	0	0	0.055982	0	0	0	0	0	0	0	0	0	0	0	0	0	0	0	0	0	0	0	0	0	0	0	0	0	0	0	0	0	0	0	0	0	0	0	0	0	0	0	0	0	0	0	0	0	0	0	0	0	0	0	0	0	0	0	0	0	0	0	0	0	0	0	0	0	0	0	0	0	0	0	0	0	0	0	0	0	0	0	0	0	0	0	0	0
"Streptococcus parasanguinis"	0	0	0	0	0	0	0	0.292304	0	0.101587	0	0.182986	0	0	0.052088	0	0	0	0	0	0	0	0	0	0	0	0	0	0	0	0	0	0	0	0	0	0	0	0	0.302497	0	0	0	0	0.190038	0	0	0	0.071403	0	0	0	0	0	0	0	0	0.062695	0	0	0	0	0	0	0	0.543032	0	0	0	0	0	0	0	0.069581	0	0.079796	0	0	0	0	0	0	0	0	0	0	0	0	0	0	0	0	0	0	0	0	0
"Streptococcus parasanguinis_B"	0	0	0	0	0	0	0	0.201643	0	0.642107	0	0.428639	0	0.063016	0.075475	0	0	0	0	0	0	0	0	0	0	0	0	0.050419	0	0.095689	0	0.047729	0	0	0.073064	0	0	0.066791	0.034261	0.437038	0	0	0	0	0.466913	0	0	0	0.579162	0	0	0	0	0	0	0	0	0.056628	0	0	0	0	0	0	0	0.666745	0	0	0	0	0	0	0	0.432947	0	0.319182	0	0	0	0	0	0	0	0	0	0	0	0.041129	0	0	0.04928	0.03251	0.06212	0	0	0	0
"Streptococcus parasanguinis_C"	0	0	0	0	0	0	0	0	0	0	0	0	0	0	0	0	0	0	0	0	0	0	0	0	0	0	0	0	0	0	0	0	0	0	0	0	0	0	0	0	0	0	0	0	0	0	0	0	0	0	0	0	0	0	0	0	0	0	0	0	0	0	0	0	0	0.089854	0	0	0	0	0	0	0	0	0	0	0	0	0	0	0	0	0	0	0	0	0	0	0	0	0	0	0	0	0	0	0
"Streptococcus parasanguinis_D"	0	0	0	0	0	0	0	0	0	0.104462	0	0.035929	0	0	0	0	0	0	0	0	0	0	0	0	0	0	0	0	0	0	0	0	0	0	0	0	0	0	0	0.069469	0	0	0	0	0.059151	0	0	0	0.062336	0	0	0	0	0	0	0	0	0	0	0	0	0	0	0	0	0.102877	0	0	0	0	0	0	0	0.075766	0	0.074745	0	0	0	0	0	0	0	0	0	0	0	0	0	0	0	0	0	0	0	0	0
"Streptococcus pasteurianus"	0.064525	0.35091	0	0	0	0	0	0	0	0	0	0	0	0	0	0	0	0	0	0	0	0	0	0	0	0	0	1.362336	0	0.393179	0	1.378842	0	0	0	0	0	0	0	0	0	0	0	0	1.644894	0.039539	0	0	0	0	0	0.85829	0	0	0	0	0	0	0	0	0	0	0	0	0	0	0	0	0	0	0	0.254108	0	0	0	0	0	0	0	0	1.250986	0	0	0	0	0	0	1.217406	0	0	0	0	0	0	0	0	0
"Streptococcus pneumoniae"	0	0	0	0	0	0	0	0	0	0	0	0.041778	0	0	0	0	0	0	0	0	0	0	0	0	0	0	0	0	0	0	0	0	0	0	0	0	0	0	0	0	0	0	0	0	0	0	0	0	0	0	0	0	0	0	0	0	0	0	0	0	0	0	0	0	0	0.127619	0	0	0	0	0	0	0	0	0	0	0	0	0	0	0	0	0	0	0	0	0	0	0	0	0	0	0	0	0	0	0
"Streptococcus pseudopneumoniae_O"	0	0	0	0	0	0	0	0	0	0	0	0	0	0	0	0	0	0	0	0	0	0	0	0	0	0	0	0	0	0	0	0	0	0	0	0	0	0	0	0	0	0	0	0	0	0	0	0	0	0	0	0	0	0	0	0	0	0	0	0	0	0	0	0	0	0.057298	0	0	0	0	0	0	0	0	0	0	0	0	0	0	0	0	0	0	0	0	0	0	0	0	0	0	0	0	0	0	0
"Streptococcus rubneri"	0	0	0	0	0	0	0.211115	0.078938	0	0	0	0	0	0	0	0	0	0	0	0	0	0	0	0	0	0	0	0	0	0	0	0	0	0	0	0	0	0	0	0	0	0	0	0	0	0	0	0	0	0	0	0	0	0	0	0	0	0	0	0	0	0	0	0	0	0	0	0	0	0	0	0	0	0	0	0	0	0	0	0	0	0	0	0	0	0	0	0	0	0	0	0	0	0	0	0	0
"Streptococcus salivarius"	0	0.03342	0	0.320257	0.048288	0.480607	0.189382	0.787814	0.087255	1.292839	0.138397	1.095412	0.394467	0.971853	0.639942	0	0.387072	0.107171	0	0.719708	0	0.040012	0	0	0.065255	0.289949	0	0.889017	0	1.005211	0	0.54093	0	0.349427	0.40446	0	0	0.393971	0.463341	1.391136	0.318055	0.298226	0	0.361272	1.846258	0	0.06171	0	1.720484	0	0.035375	0.072884	0.93117	0.696873	0	0.388301	0.033392	0	0.212492	0.465026	0.448813	0.120486	0.556467	0.11082	0.047957	1.435064	0	0.187503	0.649476	0	0	0.724903	0.032895	0.729052	0	1.397937	0.045383	0	0	0.386761	0	0.106928	0.090434	0	0	0.389443	0	0.91214	0	0.128396	0.721112	1.219116	0.26434	0.176776	0	0	0.036633
"Streptococcus sanguinis"	0	0	0	0	0	0	0	0	0	0.078586	0	0.071022	0	0	0	0	0	0	0	0	0	0	0	0	0	0	0	0	0	0	0	0	0	0	0	0	0	0	0	0	0	0	0	0	0	0	0	0	0	0	0	0	0	0	0	0	0	0	0	0	0	0	0	0	0	0.042974	0	0	0	0	0	0	0	0	0	0	0	0	0	0	0	0.034023	0	0	0	0	0	0	0	0	0	0	0	0	0	0	0
"Streptococcus sobrinus"	0	0	0	0	0	0	0	0	0	0	0	0	0	0	0	0	0	0	0	0	0	0	0	0	0	0	0	0	0	0.245381	0	0	0	0	0	0	0	0	0	0	0	0	0	0	0	0	0	0	0	0	0	0	0	0	0	0	0	0	0	0	0	0	0	0	0	0	0	0	0	0	0	0	0	0	0	0	0	0	0	0	0	0	0	0	0	0	0	0	0	0	0	0	0	0	0	0	0
"Streptococcus sp000314795"	0	0	0	0	0	0	0	0	0	0	0	0	0	0	0	0	0	0	0	0	0	0	0	0	0	0	0	0	0	0	0	0	0	0	0	0	0	0	0	0	0	0	0	0	0	0	0	0	0	0	0	0	0	0	0	0	0	0	0	0	0	0	0	0	0	0	0	0	0	0	0	0	0	0	0	0.259588	0	0	0	0	0	0	0	0	0	0	0	0	0	0	0	0	0	0	0	0	0
"Streptococcus sp000411475"	0	0	0	0	0	0	0	0	0	0	0	0.064338	0	0	0	0	0	0	0	0	0	0	0	0	0	0	0	0	0	0	0	0	0	0	0	0	0	0	0	0	0	0	0	0	0	0	0	0	0	0	0	0	0	0	0	0	0	0	0	0	0	0	0	0	0	0.088552	0	0	0	0	0	0	0	0	0	0	0	0	0	0	0	0	0	0	0	0	0	0	0	0	0	0	0	0	0	0	0
"Streptococcus sp000479315"	0	0	0	0	0	0	0.06054	0.079719	0	0.08242	0	0	0	0	0	0	0	0	0	0	0	0	0	0	0	0	0	0	0	0	0	0	0	0	0	0	0	0	0	0	0	0	0	0	0.118301	0	0	0	0	0	0	0	0	0	0	0	0	0	0	0.071339	0	0	0	0.22164	0	0	0	0	0	0	0	0	0	0	0	0.336353	0	0	0	0	0	0.058325	0	0	0	0	0.036818	0	0	0	0.049904	0	0	0	0	0	0
"Streptococcus sp001556435"	0	0	0	0.04927	0	0.092812	0.051226	0.082064	0	0.09967	0	0.085227	0.054025	0.07842	0.087168	0	0	0.02717	0	0.071659	0	0	0	0	0	0.03119	0	0.043216	0	0.048318	0	0.068942	0	0.056642	0.038272	0	0	0.063887	0.059549	0.072986	0.063287	0.048984	0	0.057948	0.066702	0	0	0	0.092938	0	0	0	0.031551	0.054319	0	0.040972	0	0	0.044893	0.066055	0.062787	0.026105	0.046104	0	0	0.223985	0	0.037319	0.045577	0	0	0.079191	0	0.105917	0	0.088886	0	0	0	0	0	0	0	0	0	0.062235	0	0.063064	0	0.032324	0	0.046264	0.060798	0.041324	0	0	0
"Streptococcus sp001587175"	0	0	0	0	0	0	0.14747	0.069559	0	0.036418	0	0	0	0	0	0	0	0	0	0	0	0	0	0	0	0	0	0	0	0	0	0	0	0	0	0	0	0	0.041603	0.045726	0	0	0	0	0.039014	0	0	0	0	0	0	0	0	0	0	0	0	0	0	0	0	0	0	0.052204	0	0	0	0	0	0	0	0	0	0	0	0.43433	0	0	0	0	0	0.088702	0	0	0	0	0.051186	0	0	0	0	0	0	0	0	0	0
"Streptococcus sp004166885"	0	0	0	0	0	0	0.083825	0.112545	0	0	0	0	0	0	0	0	0	0	0	0	0	0	0	0	0	0	0	0	0	0	0	0	0	0	0	0	0	0	0.033445	0.036933	0	0	0	0	0.036497	0	0	0	0	0	0	0	0	0	0	0	0	0	0	0	0	0	0	0	0	0	0	0	0	0	0	0	0	0	0	0.439381	0	0	0	0	0	0.040098	0	0	0	0.031118	0.140985	0	0	0	0	0	0	0	0	0	0
"Streptococcus suis"	0	0	0	0	0	0	0	0	0	0	0	0	0	0	0	0	0	0	0	0	0	0	0	0	0	0	0	0.02984	0	0	0	0	0	0	0	0	0	0	0	0	0	0	0	0	0	0	0	0	0	0	0	0	0	0	0	0	0	0	0	0	0	0	0	0	0	0	0	0	0	0	0	0	0	0	0	0	0	0	0	0	0	0	0	0	0	0	0	0	0	0	0	0	0	0	0	0	0
"Streptococcus thermophilus"	0	0	0	0	0	0	0	0	0	0	0	0	0	0	0	0	0	0	0	0	0	0	0	0	0	0	0	0.967218	0	0	0	0	0	0	0	0	0	0	0.513917	0	0	0	0	0	0	0	0	0	0	0	0	0	0	1.612348	0	0	0	0	0	0	0	0	0	0	0	0	0	0	0.273464	0	0	0	0	0	0	0	0	0	0	0	0	0	0	0	0	0	0	0	0	0	0	0	0	0	0	0	0
"Streptococcus vestibularis"	0	0	0	0	0	0	0	0	0	0.045043	0	0	0	0	0.058466	0	0	0	0	0	0	0	0	0	0	0	0	0	0	0.072004	0	0	0	0	0	0	0	0	0	0	0	0	0	0	0	0	0	0	0	0	0	0	0	0	0	0	0	0	0	0	0	0	0	0	0	0.14585	0	0	0	0	0	0	0	0.055665	0	0	0	0	0	0	0	0	0	0	0	0	0	0	0	0	0	0	0	0	0	0	0
"CAG-313 sp000433035"	0	0	0	0	0	0	0	0	0	0	0	0	0	0	0	0	0.096616	0	0	0	0	0	0	0	0	0	0	0	0	0	0	0	0	0	0	0	0	0	0	0	0	0	0	0	0	0	0	0	0	0	0	0	0	0	0	0	0	0	0	0	0	0	0	0	0	0	0	0	0	0	0	0	0	0	0	0	1.070554	0	0	0	0	0	0	0	0	0	0	0	0	0	0.089203	0	0	0	0	0	0
"CAG-313 sp003539625"	0	0	0	0.388328	0	0	0	0	0	0	0	0	0	0	0	0	0	0	0	0	0	0	0	0	0	0	0	0	0	0	0	0	0	0	0	0	0	0	0	0	0	0	0	0	0	0	0	0	0	0	0	0	0	0	0	0	0	0	0	0	0	0	0	0	0	0	0.173535	0	0	0	0	0	0	0	0	0	0	0	0	0	0	0	0	0	0	0	0	0	0	0	0	0	0	0	0.201192	0	0
"CAG-1000 sp000434555"	0	0	0	0	0	0	0	0	0	0	0	0	0	0	0	0	0	0	0	0	0	0	0	0	0	0	0	0	0	0	0	0	0	0	0	0	0	0	0	0	0	0	0	0	0	0	0	0	0	0	0	0	0	0	0	0	0	0	0	0	0	0	0	0	0	0	0	0	0	0	0	0	0	0	0	0	0	0	0	0	0	0	0	0	0	0	0	0	0	0	0	0	0	0	0.058904	0	0
"CAG-460 sp000437315"	0	0	0	0	0	0	0	0	0	0	0	0	0	0	0	0	0	0	0	0	0	0	0	0.38364	0	0	0	0	0	0	0	0	0	0	0	0	0	0	0	0	0	0	0	0	0	0	0	0	0	0	0	0	0	0	0	0	0	0	0	0	0	0	0	0	0	0	0	0	0	0	0	0	0	0	0	0	0	0	0	0	0	0	0	0	0	0	0	0	0	0	0.379894	0	0	0	0.485767	0	0
"CAG-460 sp000438075"	0	0	0	0	0	0	0	0	0	0	0	0	0	0	0	0	0	0	0	0	0	0	0	0	0	0	0	0	0	0	0	0	0	0	0	0	0	0	0	0	0	0	0	0	0	0	0	0	0	0	0	0	0	0	0	0	0	0	0	0	0	0	0	0	0	0	0	0	0	0	0	0	0	0	0	0	0	0	0	0	0	0	0	0	0	0	0	0	0	0	0	0	0	0	0.061199	0	0
"CAG-533 sp003150195"	0	0	0	0	0	0	0	0.078156	0	0	0	0	0	0	0	0	0	0	0	0	0	0	0	0	0	0	0	0	0	0	0	0	0	0.047069	0	0	0	0	0	0	0	0	0	0	0	0	0	0	0	0	0	0.029371	0.038023	0	0	0	0	0	0	0	0	0	0.04396	0	0	0	0	0	0	0	0	0	0	0	0	0	0	0	0	0	0	0	0	0	0	0	0	0	0	0	0.050528	0	0	0	0.068084	0	0
"CAG-582 sp000435515"	0	0	0	0	0	0	0	0	0	0	0	0	0	0	0	0	0	0	0	0	0	0	0	0	0	0	0	0	0	0	0	0	0	0	0	0	0	0	0	0	0	0	0	0	0	0	0	0	0	0	0	0	0	0	0	0	0	0	0	0	0	0	0	0	0	0	0	0	0	0	0	0	0	0	0	0	0	0	0	0	0	0	0	0	0	0	0	0	0	0	0.497168	0	0	0	0.29452	0	0
"CAG-605 sp000433255"	0	0	0	0	0	0	0	0	0	0	0	0	0	0	0	0	0	0	0	0	0	0	0	0	0	0	0	0	0	0	0	0	0	0	0	0	0	0	0	0	0	0	0	0	0	0	0	0	0	0	0	0	0	0	0	0	0	0	0	0	0	0	0	0	0	0	0	0	0	0	0	0	0	0	0	0	0	0	0	0	0	0	0	0	0	0	0	0	0	0	0	0	0	0	0.488062	0	0
"CAG-605 sp000433475"	0	0	0	0	0	0	0	0	0	0	0	0	0	0	0	0	0	0	0	0	0	0	0	0	0	0	0	0	0	0	0	0	0	0	0	0	0	0	0	0	0	0	0	0	0	0	0	0	0	0	0	0	0	0	0	0	0	0	0	0	0	0	0	0	0	0	0	0	0	0	0	0	0	0	0	0	0	0	0	0	0	0	0	0	0	0	0	0	0	0	0	0	0	0	0.857552	0	0
"CAG-628 sp003524085"	0	0	0	0	0	0	0	0	0	0	0	0	0	0	0	0	0	0	0	0	0	0	0	0	0	0	0	0	0	0	0	0	0	0	0	0	0	0	0	0	0	0	0	0	0	0	0	0	0	0	0	0	0	0	0	0	0	0	0	0	0	0	0	0	0	0	0	0	0	0	0	0	0	0	0	0	0	0	0	0	0	0	0	0	0	0	0	0	0	0	0	0	0	0	0.048194	0	0
"CAG-302 sp000431795"	0	0	0	0.278766	0	0.592844	0	0.676832	0	0	0	0	0	0	0	0	0.582127	0	0	0	0	0.86983	0	0	0	0	0	0	0	0	0	0	0	0	0	0	0	0	0	0.327119	0	0	0	0	0	0	0	0	0	0	0	0	0	0	0	0	0	0	0	0	0	0	0	0	0	0	0	0	0	0	0	0	0	0	0	0	0	0	0	0	0	0	0	0	0.281188	0	0	0	0	0	0.60259	0	0	0	0.172887	0	0
"CAG-302 sp001916775"	0	0	0.118721	0.29627	0	0	0	0.382184	0	0	0	0	0	0	0	0	0	0	0	0	0	0.354021	0	0	0	0	0	0	0	0	0	0	0	0	0	0	0	0	0	0	0.390267	0	0.361276	0	0	0	0	0	0	0	0	0	0	0	0	0	0	0	0	0	0	0	0	0	0	0	0	0	0	0	0	0	0	0	0	0	0.367117	0	0	0	0	0	0	0.311918	0	0	0	0	0.401122	0	0	0	0	0	0	0	0
"CAG-762 sp000432575"	0	0	0	0	0	0	0	0	0	0	0	0	0	0	0	0	0	0	0	0	0	0	0	0	0	0	0	0	0	0	0	0	0	0	0	0	0	0	0	0	0	0	0	0	0	0	0	0	0	0	0	0	0	0	0	0	0	0	0	0	0	0	0	0	0	0	0.603486	0	0	0	0	0	0	0	0	0	0	0	0	0	0	0	0	0	0	0	0	0	0	0	0	0	0	0	0.755808	0	0
"CAG-914 sp000437895"	0	0	0	0	0	0	0	0	0	0	0	0	0	0	0	0	0	0	0	0	0	0	0	0	0	0	0	0	0	0	0	0	0	0	0	0	0	0	0	0	0	0	0	0	0	0	0	0	0	0	0	0	0	0	0	0	0	0	0	0	0	0	0	0	0	0	0	0	0	0	0	0	0	0	0	0	0	0	0	0	0	0	0	0	0	0	0	0	0	0	0	0	0	0	0.266216	0	0
"CAG-433 sp000433675"	0	0	0	0	0	0	0	0	0	0	0	0	0	0	0	0	0	0	0	0	0	0	0	0	0	0	0	0	0	0	0	0	0	0	0	0	0	0	0	0	0	0	0	0	0	0	0	0	0	0	0	0	0	0	0	0	0	0	0	0	0	0	0	0	0	0	0.420886	0	0	0	0	0	0	0	0	1.382786	0	0	0	0	0	0	0	0	0	0	0	0	0	0	0	0	0	0	0.061199	0	0
"CAG-594 sp000434835"	0	0	0	0	0	0	0	0	0	0	0	0	0	0	0	0	0	0	0	0	0	0	0	0	0	0	0	0	0	0	0	0	0	0	0	0	0	0	0	0	0	0	0	0	0	0	0	0	0	0	0	0	0	0	0	0	0	0	0	0	0	0	0	0	0	0	0	0	0	0	0	0	0	0	0	0	0	0	0	0	0	0	0	0	0	0	0	0	0	0	0	0	0	0	0.885856	0	0
"CAG-417 sp000432835"	0	0	0	0.473255	0	0	0	0	0	0	0	0	0	0	0	0	0	0	0	0	0.067478	0	0	0	0	0	0	0	0	0	0	0	0	0	0	0	0	0	0	0	0	0	0	0	0	0	0	0	0	0	0	0	0	0	0	0	0	0	0	0	0	0	0	0	0	0	0	0	0	0	0	0	0	0	0	0	0	0	0	0	0	0	0	0.553077	0	0	0	0	0.603777	0	0	0	0	0	0	0	0
"CAG-451 sp000438295"	0	0	0	0	0	0	0	0	0	0	0	0	0	0	0	0	0.377957	0	0	0	0	0	0	0	0	0	0	0	0	0	0	0	0	0	0	0	0	0	0	0	0	0	0	0	0	0	0	0	0	0	0	0	0	0	0	0	0	0	0	0	0	0	0	0	0	0	0	0	0	0	0	0	0	0	0	0	0	0	0	0	0	0	0	0	0	0	0	0	0	0	0	0	0	0	0.078029	0	0
"CAG-611 sp000434175"	0	0	0	0	0	0	0	0	0	0	0	0	0	0	0	0	0	0	0	0	0	0	0	0	0	0	0	0	0	0	0	0	0	0	0	0	0	0	0	0	0	0	0	0	0	0	0	0	0	0	0	0	0	0	0	0	0	0	0	0	0	0	0	0	0	0	0	0	0	0	0	0	0	0	0	0	0	0	0	0	0	0	0	0	0	0	0	0	0	0	0.230182	0	0	0	0.333535	0	0
"CAG-710 sp000432595"	0	0	0	0	0	0	0	0	0	0	0	0	0	0	0	0	0	0	0	0	0	0	0	0	0	0	0	0	0	0	0	0	0	0	0	0	0	0	0	0	0	0	0	0	0	0	0	0	0	0	0	0	0	0	0	0	0	0	0	0	0	0	0	0	0	0	0	0	0	0	0	0	0	0	0	0	0	0	0	0	0	0	0	0	0	0	0	0	0	0	0	0	0	0	0.232556	0	0
"CAG-877 sp000433455"	0	0	0	0	0	0	0	0	0	0	0	0	0	0	0	0	0	0	0	0	0	0	0	0.84523	0	0	0	0	0	0	0	0	0	0	0	0	0	0	0	0	0	0	0	0	0	0	0	0	0	0	0	0	0	0	0	0	0	0	0	0	0	0	0	0	0	0	0	0	0	0	0	0	0	0	0	0	0	0	0	0	0	0	0	0	0	0	0	0	0	0	0	0	0	0	0.559206	0	0
"CAG-878 sp000432255"	0	0	0	0	0	0	0	0	0	0	0	0	0	0	0	0	0	0	0	0	0	0	0	0	0	0	0	0	0	0	0	0	0	0	0	0	0	0	0	0	0	0	0	0	0	0	0	0	0	0	0	0	0	0	0	0	0	0	0	0	0	0	0	0	0	0	0	0	0	0	0	0	0	0	0	0	0	0	0	0	0	0	0	0	0	0	0	0	0	0	0	0	0	0	0.479647	0	0
"CAG-884 sp000433875"	0	0	0	0	0	0	0	0	0	0	0	0	0	0	0	0	0	0	0	0	0	0	0	0	0	0	0	0	0	0	0	0	0	0	0	0	0	0	0	0	0	0	0	0	0	0	0	0	0	0	0	0	0	0	0	0	0	0	0	0	0	0	0	0	0	0	0	0	0	0	0	0	0	0	0	0	0	0	0	0	0	0	0	0	0	0	0	0	0	0	0	0	0	0	0.101743	0	0
"CAG-1193 sp000436255"	0	0	0	0	0	0	0	0	0	0	0	0	0	0	0	0	0	0	0	0	0	0	0	0	0	0	0	0	0	0	0	0	0	0	0	0	0	0	0	0	0	0	0	0	0	0	0	0	0	0	0	0	0	0	0	0	0	0	0	0	0	0	0	0	0	0	0	0	0	0	0	0	0	0	0	0	0	0	0	0	0	0	0	0	0	0	0	0	0	0	0.232053	0	0	0	0.577566	0	0
"CAG-288 sp000437395"	0	0	0	0	0	0	0	0	0	0	0	0	0	0	0	0	0	0	0	0	0	0	0	0	0	0	0	0	0	0	0	0	0	1.641829	0	0	0	0	0	0	0	0	0	0	0	0	0	0	0	0	0	0	0	0	0	0	0	0	0	0	0	0	0	0	0	0	1.02761	0	0	0	0	0	0	0	0	0	0	0	0	0	0	0	0	0	0	0	0	0	0	0	0	0	0	0	0	0	0
"CAG-345 sp000433315"	0	0	0	0	0	0	0	0	0	0	0	0	0	0	0	0	0	0	0	0	0	0	0	0	0	0	0	0	0	0	0	0	0	0	0	0	0	0	0	0	0	0	0	0	0	0	0	0	0	0	0	0	0	0	0	0	0	0	0	0	0	0	0	0	0	0	0	0	0	0	0	0	0	0	0	0	0	0	0	0	0	0	0	0	0	0	0	0	0	0	0	0	0	0	0.045899	0	0
"CAG-568 sp000434395"	0	0	0	0	0	0	0	0	0	0	0	0	0	0	0	0	0	0	0	0	0	0	0	0	0	0	0	0	0	0	0	0	0	0	0	0	0	0	0	0	0	0	0	0	0	0	0	0	0	0	0	0	0	0	0	0	0	0	0	0	0	0	0	0	0	0	0	0	0	0	0	0	0	0	0	0.400998	0	0	0	0	0	0	0	0	0	0	0	0	0	0	0	0	0	0	0.429923	0	0
"CAG-449 sp000432895"	0	0	0	0	0	0	0	0	0	0	0	0	0	0	0	0	0	0	0	0	0	0	0	0	0	0	0	0	0	0	0	0	0	0	0	0	0	0	0	0	0	0	0	0	0	0	0	0	0	0	0	0	0	0	0	0	0	0	0	0	0	0	0	0	0	0	0	0	0	0	0	0	0	0	0	0	0	0	0	0	0	0	0	0	0	0	0	0	0	0	0	0	0	0	0.078794	0	0
"CAG-826 sp000437235"	0	0	0	0	0	0	0	0	0	0	0	0	0	0	0	0	0	0	0	0	0	0	0	0	0	0	0	0	0	0	0	0	0	0	0	0	0	0	0	0	0	0	0	0	0	0	0	0	0	0	0	0	0	0	0	0	0	0	0	0	0	0	0	0	0	0	0	0	0	0	0	0	0	0	0	0	0	0	0	0	0	0	0	0	0	0	0	0	0	0	0	0	0	0	0.97689	0	0
"Gemella sanguinis"	0	0	0	0	0	0	0	0	0	0.043127	0	0	0	0	0	0	0	0	0	0	0	0	0	0	0	0	0	0	0	0	0	0	0	0	0	0	0	0	0	0	0	0	0	0	0	0	0	0	0	0	0	0	0	0	0	0	0	0	0	0	0	0	0	0	0	0	0	0	0	0	0	0	0	0	0	0	0	0	0	0	0	0	0	0	0	0	0	0	0	0	0	0	0	0	0	0	0
"Clostridium butyricum"	0	0	0	0	0	0	0	0	0	0	0	0	0	0	0	0	0	0	0	0	0	0	0	0	0	0	0	0	0.041686	0	0	0	0	0	0	0	0	0	0	0	0	0	0	0	0	0	0	0	0	0	0	0	0	0	0	0	0	0	0	0	0	0	0	0	0	0	0	0	0	0	0	0	0	0	0	0	0	0	0	0	0	0	0	0	0	0	0	0	0	0	0	0	0	0	0	0	0
"Clostridium celatum"	0	0	0	0	0	0	0	0	0	0	0	0	0	0	0	0	0	0	0	0	0	0	0	0	0	0	0	0	0	0	0	0	0	0	0	0	0	0	0	0	0	0	0	0	0	0	0	0	0	0	0	0	0	0	0	0	0	0	0	0	0	0	0	0	0	0	0	1.497292	0	0	0	0	0	0	0	0	0	0	0	0	0	0	0	0	0	0	0	0	0	0	0	0	0	0	0	0	0
"Clostridium cuniculi"	0	0	0	0	0.036756	0	0.12108	0	0	0	0	0	0	0	0	0	0	0	0	0	0	0	0	0	0	0	0	0	0	0	0	0	0	0	0	0	0	0	0	0	0	0	0	0	0	0	0	0	0	0	0	0	0	0	0	0	0	0	0	0	0	0	0	0	0	0	0	0.064625	0	0	0	0	0	0.055665	0	0	0	0	0	0	0	0	0	0	0	0	0	0	0	0.179575	0	0	0	0	0	0	0
"Clostridium disporicum_A"	0	0	0	0	0	0	0.069854	0	0	0	0	0	0	0	0	0	0	0	0	0	0	0	0	0	0	0	0	0	0	0	0	0	0	0	0	0	0	0	0	0	0	0	0	0	0.045307	0	0	0	0	0	0	0	0	0	0	0	0	0	0	0	0	0	0	0	0	0	0	0	0	0	0	0	0	0	0	0	0	0	0	0	0	0	0	0	0	0	0	0	0	0	0	0	0	0	0	0	0
"Clostridium neonatale"	0	0	0	0	0	0	0	0	0	0	0	0	0	0	0	0	0	0	0	0	0	0	0	0	0	0	0	0	0	0	0	0	0	0	0	0	0	0	0	0	0	0	0	0	0	0	0	0	0	0	0	0	0	0	0	0	0	0	0	0	0	0	0	0	0	0	0	0	0	0	0	0	0	0.166221	0	0	0	0	0	0	0	0	0	0	0	0	0	0	0	0	0	0	0	0	0	0	0
"Clostridium paraputrificum"	0	0	0	0	0	0	3.180689	0	0	0	0	0	0	0	0	0	0	0	0	0	0	0	0	0	0	0	0	0	0	0	0	0	0	0	0	0	0	0	0	0	0	0	0	0	0.67457	0	0	0	0	0	0	0	0	0	0	0	0	0	0	0	0	0	0	0	0	0	0	0	0.188444	0	0	0	0	0	0	0	0	0	0.11295	0	0	0	0	0	0	0	0	0	0	0	0	0	0	0	0	0	0
"Clostridium saudiense"	0	0	0.038337	0	1.40972	0	3.769016	0	0	0	0	0	0	0	0	0	0	0	0	0	0	0	0	0	0	0	0	0	0	0.199905	0	2.694046	0	0	1.778756	0	0	0.239093	0	0	0	0	0	0.038934	3.180296	0	0	0	0	0	0	0.030459	0	0	0	0	0	0	0	0	0.158906	0	0	0	0.041213	0	0	0.17294	0.077131	0	0	0.050473	0	1.536963	0	0	0	0	0	0	0	0	0	0	0	0	0	0	0	2.51046	0	0	0	0	0	0	0
"Clostridium sp000435835"	0	0	0	0	0	0	0	0.079719	0	0	0	0	0	0	0	0	0	0	0	0	0	0	0	0	0	0	0	0	0	0	0	0	0	0	0	0	0	0	0	0	0	0	0	0	0	0	0	0	0	0	0	0	0	0	0	0	0	0	0	0	0	0.075303	0	0	0	0	0	0	0	0	0	0	0	0	0	0	0	0	0	0	0	0	0	0	0	0	0	0	0	0	0	0	0	0	0	0	0
"Clostridium sp000753455"	0	0	0	0	0.052612	0	0	0	0	0	0	0	0	0	0	0	0	0	0	0	0	0	0	0	0	0	0	0	0	0	0	0	0	0	0	0	0	0	0	0	0	0	0	0	0.868383	0	0	0	0	0	0	0	0	0	0	0	0	0	0	0	0	0	0	0	0	0	0	0	0	0	0	0	0	1.10015	0	0	0	0	0	0	0	0	0	0	0	0	0	0	0	0	0	0	0	0	0	0	0
"Clostridium sp001916075"	0	0	0	0	0	0	0	0.043767	0	0	0	0	0	0	0	0.044846	0	0	0	0	0	0	0	0	0	0	0	0	0	0	0	0	0	0	0	0	0	0	0	0	0	0	0	0	1.00808	0	0	0	0	0	0	0	0	0	0	0	0	0	0.676383	0	0	0.054219	0	0	0	0	0	0.551586	0	0	0	0	0	0	0	0	0	0	0	0	0	0	0	0	0	0	0	0	0	0.050281	0	0	0	0	0	0	0
"Clostridium_P perfringens"	0	0	0	0	0.044684	0.060436	0.513816	0	0	0	0	0	0	0	0	0	0	0	0	0	0	0	0	0	0	0	0	0	0.131416	0	0	0	0	0	0	0	0	0	0	0	0	0	0	0.10141	0	0	0	0	0	0	0	0	0	0	0	0	0	0	0	0	0	0	0	0	0	0	0	0	0	0	0	0	0	0	0	0	0	0	0	0	0	0	0	0	0	0	0	0	0	0	0	0	0	0	0	0	0
"Anaerofustis stercorihominis_A"	0	0	0	0	0	0	0	0	0.19009	0	0	0	0	0	0	0	0	0	0	0	0	0	0	0	0	0	0	0	0	0	0	0	0	0	0	0	0	0	0	0	0	0	0	0	0	0	0	0	0	0	0	0	0	0	0	0	0	0	0	0	0	0	0	0	0	0	0	0	0	0	0	0	0	0	0	0	0	0	0	0	0	0	0	0	0	0	0	0	0	0	0	0	0	0	0	0	0
"Eubacterium callanderi"	0	0	0	0	0	0	0	0	0	0	0	0.217244	0	0	0.110555	0	0	0	2.166312	0	0	0	0.56774	0	0	0	0	1.919001	0	0.854571	0	0	0	0	0	0	0	0	0	0	0	0	0.084322	0	0	0	0	0	0	0	0	0.08485	0	0	0	0	0.839701	0	0	0	0	0	0.10293	0	0	0	0	0	0	0	0.090894	0	0	0	0	0	0	0	0	0	0	0	0	0	0	1.835944	0	0.726605	0	0	0	0.088777	0	0	0	0	0
"Eubacterium limosum"	0	0	0	0	0	0	0	0	0.040511	0	0	0.046791	0	0	0	0	0	0	0.18322	0	0	0	0.111306	0	0	0	0	0.223283	0	0.148745	0	0	0	0	0	0	0	0	0	0	0	0	1.885613	0.074246	0	0	0	0	0	0	0	0	0	0	0	0	0.096246	0	0	0	0	0	0.798782	0	0	0	0.067342	0	0	0	0.196746	0	0	0	0	0	0	0	0	0	0	0	0	0	0	0.172562	0.052982	0.443275	0	0	0.139731	0.471391	0	0	0	0	0
"Eubacterium maltosivorans"	0	0	0	0	0	0	0	0	0	0	0	0.056818	0	0	0	0	0	0	0.255071	0	0	0	0.078475	0	0	0	0	0.216081	0	0.108006	0	0	0	0	0	0	0	0	0	0	0	0	0	0	0	0	0	0	0	0	0	0	0	0	0	0	0.065801	0	0	0	0	0	0.070765	0	0	0	0	0	0	0	2.5554	0	0	0	0	0	0	0	0	0	0	0	0	0	0	0.186706	0	0.143493	0	0	0	0.052516	0	0	0	0	0
"Anaerotignum lactatifermentans"	0	0	0	0	0	0	0.240609	0	0.071673	0	0	0.056818	0	0	0	0	0	0	0.069456	0.068544	0	0	0	0	0	0	0	0	0	0	0.081143	0.094398	0	0	0.080022	0	0	0.066791	0.068522	0	0	0	0.05888	0.794075	0	0	0	0.086676	0	0	0	0	0	0	0.048539	0	0.266151	0	0	0	0	0.027109	0	0.107157	0	0	0	0	0	0	0	0.141848	0	0	0.047642	0	0	0.627406	0	0	0.772756	0	0	0	0	0.545974	0.46606	0	0.047733	0	0	1.016555	0	0	0	0	0.056227
"Anaerotignum sp000436415"	0.069247	0.411251	0.214563	0.127714	0.298376	0.738177	0	1.177813	0	1.080081	0	0.81383	0.987025	0	0	0.581161	0	0	0	0	0	0.300961	1.036987	0.971326	1.109335	0	1.14404	1.241948	1.004699	0	1.442669	0	1.237404	0.761081	0	0	0	0	0.144386	1.139641	0.143612	0.055467	0	0	0	0	0.523657	0	0	0	0	1.247729	0.785548	0	0	0.845508	0	0.94953	0	0.664952	0.858868	0	0	1.33442	0.966632	0.759204	0	0.168388	1.077201	0.217924	0	0	1.014753	0.051026	0	0.122219	0.765029	0	0	1.007499	0	0	0.642902	0.734307	0.683404	0	0	0	0	0	0.208973	0	1.517314	0	0	0.11732	0.034077
"Anaerotignum sp001304995"	0	0	0	0	0	0	0.049674	0	0	0	0	0	0	0	0	0	0	0	0.274232	0.231594	0	0	0	0	0	0	0	0	0	0	0	0	0	0	0	0	0	0	0	0	0	0	0	0.108653	0	0	0	0.364435	0	0	0	0	0	0	0	0	0.090354	0	0	0	0	0	0	0.33246	0	0	0	0	0	0	0	0.03916	0	0	0.22233	0	0	0.147999	0	0	0.113817	0	0	0	0	0.15936	0.11674	0	0	0	0	0.221316	0	0	0	0	0.289655
"UMGS1670 sp900548595"	0	0	0	0	0	0	0	0	0	0	0	0	0	0	0	0	0	0	0	0	0	0	0	0	0	0	0	0	0	0	0	0	0	0	0	0	0.751107	0	0	0	0	0	0	0	0	0	0	0	0	0	0	0	0	0	0	0	0	0	0	0	0	0	0	0	0	0	0	0	0	0	0	0	0	0	0.136751	0	0	0	0	0	0	0	0	0	0	0	0.123026	0.060322	0.034334	0	0	0	0.047581	0	0	0	0
"CAG-274 sp000432155"	0.335217	0.358336	0.194776	0	0	0.614428	0	0	0	0.861573	0.24139	0	0.690318	0	0	0.320325	0	1.160772	0	0	0	0	0	0	0.326275	0	0	0	0	0	0.275646	0	0	0	0	0	0	0.301044	0.263484	0	0	0.212504	0	0	0	0	0.778433	0	0	0.418256	0.246582	0	0.63669	0	0	0	0.940858	0	0.38907	0	0	0	0	0	0.391898	0	0	0	0	0.177739	0	0	0.217305	0	0.191451	0	0	0.23698	0	0	0	0	0.277056	0	0	0	0	0	0.828204	0	0	0.36761	0	0	0	0	0
"AF33-28 sp003477885"	0	0	0	0	0	0.153247	0	0	0.137114	0	0	0	0	0	0	0	0	0	0	0	0.053019	0	0	0	0	0	0	0	0	0	0	0	0	0.038293	0	0	0	0	0	0	0	0	0.720371	0	0	0	0	0	0	0	0	0	0	0	0	0	0	0	0	0	0	0	0	0	0	0	0	0	0	0	0	0	0	0	0	0	0.047814	0	0	0	0	0	4.552928	0	0	0	0.394221	0	0.412009	0	0	0	0	0	0	0	0
"AM51-8 sp003478275"	0	0	0.552175	0	0	0	0.929835	0.046894	0	0	0	0	0	0	1.536074	0	0	0	0	0	0	0.115687	0	1.179195	0	0	0.146768	0	0	0	0	0	0.183118	0	0	0	1.922033	1.402616	1.292949	0	0.331037	0	0	0	0	0	0	0	0.088404	0	0	1.692647	1.30655	0	1.322189	0	0	0	0.84099	0	0	0.050202	0	1.29229	0	0	0	1.27065	1.268275	0	0	0	1.583931	0.907643	1.250165	0	0	0	0	0.603277	0.16174	0	0	0.050542	0	0	0	0	0.235314	0	0.396112	0	0	0	0.771108	1.28768	1.078539
"Acetatifactor sp003447295"	0.055083	0.03342	0	0.06094	0.089369	0	0.066749	0.06018	0.070635	0	0.036477	0	0	0	0	0.052167	0.077779	0	0	0.124625	0.065068	0.069586	0	0.048146	0	0	0.049864	0	0.044512	0	0.041765	0.043487	0.049843	0	0	0.05545	0.037127	0	0	0.066831	0.05923	0.066272	0	0.105937	0	0	0.037908	0	0	0	0.035375	0.044601	0.064721	0	0.05048	0.068907	0	0	0	0.052844	0	0.027109	0	0	0	0.12241	0.058924	0.052792	0.069242	0.073414	0	0	0	0.037883	0.089108	0.597962	0.43195	0	0	0	0.044928	0.052249	0.06577	0.05343	0.061879	0	0.087106	0	0	0	0.192754	0	0.095163	0	0.146878	0	0.041744
"Acetatifactor sp900066365"	0.11646	0.117898	0.082239	0.344892	0.65513	0.854012	0.08072	0.623686	0.698037	1.269838	0.150198	0	0.115768	0	0	0.160163	0.566935	0	0	0.657396	0.478374	0.572348	0.092088	0.114633	0.102138	0	0.139242	0	0.175222	0.122217	0.175411	0.887762	0.151696	0.081373	0.105247	0.179659	0.135656	0.065823	0.098705	0.148611	0.657206	0.664885	0	0.179278	0.031463	0	0.116368	0	0	0.064762	0.151903	0.131626	0.605139	0	0.136879	0.144332	0.102139	0.057639	0	0.170862	0	0.13655	0	0.045793	0.07793	1.136852	0.488876	0.182952	0.823897	0.681592	0	0.100077	0	0.13143	0.618466	1.157541	0.611051	0.163434	0.107057	0.081194	0.154751	0.154317	0.549179	0.247657	0.239328	0.033947	0.861179	0	0.087091	0.1266	0.574519	0	0.539255	0.050507	0.589041	0.137188	0.145679
"Acetatifactor sp900066565"	1.339293	1.668214	1.289852	1.111824	1.23891	0.094251	0.085377	0.534588	1.723278	0.202216	1.994421	0	0.906417	0	0	1.64098	0.921194	0.137361	0	2.139393	1.162195	1.646588	0.583756	1.32134	1.667313	0	1.699125	0	1.388349	1.058266	0.911662	0.171825	1.333839	1.714427	1.48824	1.717847	2.558903	0.249741	0.769243	1.513366	0.211766	0.890355	0	1.533823	0.096907	0	1.099327	0	0.045336	0.193387	2.061094	1.551231	0.755615	0.039746	1.65128	1.502919	1.982872	0.27505	0.101757	1.627592	0.081391	1.744028	0.07827	0.326965	1.327059	1.140759	0.17224	1.876849	0.283981	1.244175	0	1.628202	0.133573	1.308119	0.217036	1.733281	1.516281	1.685189	1.67657	0.501131	1.723226	1.842086	0.420928	0.862106	1.521508	0.026403	0.256827	0	0.341666	1.573976	0.941937	0.046264	0.638382	0.032141	0.914926	1.669915	1.745598
"Agathobacter faecis"	2.643962	1.631081	0.548465	1.173412	1.441431	0.048924	0.457932	1.395869	0	1.705896	1.949362	1.359447	0	0	1.757183	1.868868	1.009303	2.706456	0	1.784212	0.280156	1.506545	1.346882	1.170788	1.829978	2.159021	1.589049	0	1.432155	1.569872	2.188466	1.928258	1.780258	1.437598	0.040881	1.863127	0.027131	1.584597	1.413678	0.035174	1.560256	1.28871	0	0.683611	0.036497	0	1.801063	0	0	1.590271	0	1.884104	1.434373	2.428458	1.729912	0.032591	1.530121	1.630078	1.33481	1.583555	1.263497	1.832384	1.790558	1.619255	0.034469	0.091157	1.148696	1.473627	1.580304	1.32068	0	1.643867	0	1.369196	1.472495	1.592881	0.169376	1.738759	1.642194	0	0	0	1.455983	0.501812	1.659827	1.600204	1.53288	0	1.375037	0	1.13781	0	1.521279	3.434501	0.377139	0	0
"Agathobacter rectalis"	0.407611	0.223728	0.107591	0.1141	0.123963	0.043168	0.388078	0.149278	0.155812	0.133213	0.143761	0	0.116625	0	0.133941	0.216906	0.093578	0.048303	0	0.038426	0.10182	0.218327	0.158551	0.163544	0.212788	0.176742	0.158058	0	0.158265	0.046423	0.330537	0.152733	0.157113	0.105307	0.133081	0.181877	0.052834	0.360092	0.182726	0.174991	0.116837	0.270132	0	0.060665	0.179969	0.034794	0.153395	0	0.189276	0.135821	0	0.180578	0.181218	0.031797	0.147557	0.254211	0.16303	0.157749	0.236435	0.140036	0.124024	0.212858	0.280914	0.145623	0.187332	0.179709	0.049211	0.191144	0.119202	0.154556	0	0.165344	0.200359	0.140708	0.24968	0.178782	0.145874	0.207925	0.150273	0.15453	0.044928	0.191985	0.14305	0.143684	0.171079	0.032061	0.041308	0	0.110539	0.22806	0.152831	0.183805	0.26434	0.091832	0.199662	0.140973	0.128641
"Agathobacter sp000434275"	0	0	0	0	0	0	0	0	0	0	0	0	0	0	0	0	0	0	0	0	0	0	0	0	0	0	0	0	0	0	0	0	0	0	0	0	0	0	0	0	0	0	0	0	0	0	0	0	0	0	0	0	0	0	0	0	0	0	0	0	0	0	0	0	0	0	0.042089	0	0	0	0	0	0	0	0	0	0	0	0	0	0	0	0	0	0.133769	0	0	0	0	0	0	0	0	0.027549	0.543141	0	0
"Anaerobutyricum hallii"	0.04564	0.1671	1.182261	1.027546	1.18846	0.887108	1.923316	1.116851	0.110107	1.352258	1.713336	0.160426	1.38921	2.237782	0	1.563186	0.866506	1.346435	0	0.094507	0.457889	1.162963	0.110505	1.147097	1.535857	0.134	1.306802	0	1.16155	0	1.940265	0.161218	1.940622	1.288413	0.995929	1.487174	0	0.03872	0.419291	0.04045	1.365528	1.173454	1.053297	0.090544	0.157316	0	1.449314	1.610409	1.191191	1.263762	0.07179	0	1.524173	1.644144	1.313452	1.510369	0	0.451002	1.496424	1.251519	1.211562	1.627559	0.036454	0.086092	1.075285	0.217473	1.065166	1.462704	1.455843	0.476805	0	1.420217	1.964713	1.311985	1.124884	1.448441	0.496783	0.309617	1.552816	1.168141	0.065894	2.189604	1.343352	1.193519	1.505128	0	1.246419	0	1.449567	0.978684	1.109739	0	2.053926	0.236466	1.054919	0.124889	0.18146
"Anaerobutyricum hallii_A"	0	0	0.129851	0.037601	0	0.762639	0.093139	1.157492	1.219487	0	0.065444	0.047627	0	0	0	0.06315	0.754699	1.969841	0	1.521461	0.896499	0.977689	1.067416	0.39816	0.043503	1.248744	0.055509	0	0.057936	0	0.051311	1.210199	0	0	0.060017	0.051014	0	1.473279	1.117565	1.204713	0.816234	0	0	1.005043	1.461149	0	0.030855	0.036444	0.053269	0	1.394178	0	0	0.213302	0.045626	0	0	1.537046	0.074821	0.479118	0.040308	0.026105	0	1.216273	0.995856	0.377648	0	0.052792	1.0325	1.072618	0	0	0.113636	1.024384	0.486126	0.43534	1.211566	1.209414	0	0.067225	1.487605	0.027947	0	0.098918	0.427697	0	0	0	0.832391	1.082838	0	0	0.84589	2.213141	0.047429	1.17036	0
"Anaerobutyricum sp900016875"	0	0	0	0	0	0	0	0	0	0	0	0	0	0	0	0	0	0	0	0	0	0	0	0	0	0	0	0	0	0	0	0	0	0	0	0	0	0	0	0	0	0	0	0.045272	0	0	0	0	0	0	0	0	0	0	0	0	0	0	0	0	0	0	0	0	0	0	0	0	0	0	0	0	0	0	0	0	0	0	0	0	0	0	0	0	0	0	0	0	0	0	0	0	0	0	0	0	0
"Anaerostipes caccae"	0	0	0	0	0	0	0	0	0	0	0	1.546611	0.0626	0	0	0	0	0	0	0	0	0	0	0	0	0	0	2.168008	0	0.056845	0	0	0	0.177905	0	0	2.063401	0	0	0	0	0	0	0.874659	0	2.989135	0	0	0	0	0	1.586041	0	0	0	0	0	0	0	0	0	0	1.199781	0	0	0	0	0	0	0	0.442967	0	0	0	0	0	0	0	0	0	0	0.726628	0	0	0	0	0	0	0	0	0	0	0	0	0	0	0
"Anaerostipes hadrus"	0	0.18938	1.215651	0.795457	1.036389	1.04683	2.081652	1.358354	1.325439	1.452887	0.936595	0	1.703069	0	1.245867	1.123883	0.678135	2.866458	0	0.814216	0.933251	1.356065	0.613384	1.291535	1.601112	1.595296	1.369837	0	0.510121	0	1.665812	1.545364	1.759671	0	0.843713	1.622473	0.456947	1.578789	0.839397	1.48083	1.218671	0.831286	0	0	1.769488	0	1.588603	1.149448	1.210459	1.105454	1.540879	0	1.389069	2.359565	1.465863	1.852111	1.311112	1.716031	1.227067	1.579151	1.133272	1.626555	0.130807	1.687945	1.246881	0	0.055686	1.842261	1.575921	0.879423	0	1.706523	1.59689	1.389297	0.408487	0.605032	1.148354	1.114077	0.863331	1.453628	0.891565	1.877324	0.656056	0.782683	0.660655	0.904299	0.105066	1.517187	1.46799	1.729308	1.187714	0.990297	1.153846	0.755315	0.211902	0.221394	1.188438
"Anaerostipes hadrus_A"	0	0	0	0	0	0	0	0	0	0	0	0	0	0	0	0	0	0.031699	0	0	0	0	0.857616	0	0	0.043897	0	0	0	0	0	0	0	0	0	0.042142	0.282736	0	0	0	0.046248	0	0	0	0	0	0	0	0.062336	0	0	0	0	0	0	0.123847	0	0	0	0	0	0.03715	0.042888	0	0	0	0	0	0	0	0	0	0	0	0	0	0	0	0.100182	0	0.063897	0	0	0.062095	0	0	0.949182	0	0	0	0	0.031259	0	0.027549	0	0	0.034929
"Anaerostipes rhamnosivorans"	0	0	0	0	0	0	0	0	0	0	0	0	0	0	0	0	0	0	0	0	0	0	0	0	0	0	0	0	0	0	0	0	0	0	0	0	0.044267	0	0	0	0	0	0	0	0	0	0	0	0	0	0	0	0	0	0	0	0	0	0	0	0	0	0.041815	0	0	0	0	0	0	0	0.117357	0	0	0	0	0	0	0	0	0	0	0	0	0	0	0	0	0	0	0	0	0	0	0	0	0	0
"Anaerostipes sp000508985"	0	0	0	0	0	0	0	0	0	0	0	0.066009	0	0	0	0	0	0	0	0	0	0	0	0	0	0	0	0	0	0	0	0	0	0.038293	0	0	0.27274	0	0	0	0	0	0	0.199198	0	0.173971	0	0	0	0	0	0.244759	0	0	0	0	0	0	0	0	0	0	0.080414	0	0	0	0	0	0	0	0.135766	0	0	0	0	0	0	0	0	0	0	0	0	0	0	0	0	0	0	0	0	0	0	0	0	0	0
"Anaerostipes sp001940315"	0	0	0	0	0	0	0	0	0	0	0	0	0	0	0	0	0	0	0	0	0	0	0	0	0	0	0	0	0	0	0	0	0	0	0	0	0	0	0	0	0	0	0	0	0	0	0	0	0	0	0	0	0	0	0	0	0	0	0	0	0	0	0.100786	0	0	0	0	0	0	0	0	0	0	0	0	0	0	0	0	0	0	0	0	0	0	0	0	0	0	0	0	0	0	0	0	0	0
"Anaerostipes sp900066705"	0	0	0	0	0	0	0	0	0	0	0	0	0	0	0	0	0	0	0	0	0	0	0.04164	0.101642	0	0	0	0	0	0	0	0	0	0	0	0	0.366986	0	0	0	0	0	0	0	0	0	0	0	0.326416	0	0	0	0	0	0	0.374333	0	0	0	0	0	0	0	0	0.069687	0	0	0.133801	0	0	0	0	0	0	0	0	0	0	0.085449	0	0.094847	0	0	0	0	0	0.039512	0	0	0	0	0	0	0	0	0	0.051116
"Bacteroides_F pectinophilus"	0	0	0	0	0	0.0813	0	0	0	0	0	0	0	0	0	0	0	0	0	0	0	0	0	0	0	0	0	0	0	0	0	0	0	0	0	0	0	0	0	0	0	0	0	0	0	0	0	0	0	0	0	0	0	0	0	0	0	0	0	0	0	0	0	0	0	0	0	0	0	0	0	0	0	0	0	0	0	0	0	0	0	0	0	0	0	0	0	0	0	0	0.710507	0	0	0	0.66095	0	0
"Bariatricus comes"	1.572213	1.219829	1.071579	0.854452	1.204316	1.291451	0.051226	1.198134	0.035317	0.05271	0	0	0.05231	2.659292	0.042521	1.369161	0.991074	2.155504	0	0	0.578989	1.018571	1.069818	0.967505	0.226028	1.763952	1.345376	0	1.285901	0	1.637173	1.776585	2.110738	0.315123	0.448821	1.43616	0.045695	0	1.158352	0.043088	0.911975	1.115105	0	0.040745	0.081804	0.061681	1.32413	1.726634	1.793021	1.273656	0.061385	0.030459	0.036405	0.051669	0	0.03166	0.415431	0.36606	1.33481	1.425904	1.213112	0.041166	0.066476	0	0.91418	1.932518	0.09648	1.508215	1.55138	0.065686	0	0	1.779306	1.12489	1.381622	1.261578	0	1.295671	0	1.114885	0.063897	1.714501	0.25157	1.091712	0.976422	0.026403	0	0.033817	1.045095	1.6485	0.955037	0.035011	2.121332	0.027549	0.704554	0.032168	0.681541
"Bariatricus massiliensis"	0	0	0	0	0	0.046046	0	0	0	0	0	0	0	0	0	0	0	0	0	0	0	0	0	0	0	0	0	0.031898	0	0	0	0	0	0	0	0	0	0	0	0	0	0	0.116306	0	0	0	0	0	0	0	0	0	0	0	0	0	0	0	0	0	0	0	0	0	0	0	0	0	0	0	0	0	0	0	0	0	0	0	0.272062	0	0	0	0	0	0	0	0	0.075859	0	0	0	0	0	0	0	0	0
"Blautia coccoides"	0	0	0	0	0	0	0	0	0	0.04121	0	0.049298	0	0	0	0	0	0.058869	2.55311	0	0	0	0.072069	0	0	0	0	0.05865	0	0	0	0	0	0	0	0	0.07711	0	0	0	0	0	0	0.037123	0	0.093312	0	0.068947	0	0	0.076992	2.554201	0	0	0	0	0.03732	0	0	0	0	0	0	0.035719	0.053952	0	0	0	0	0	0.81805	0	0	0	0	0	0	0	0.1267	0	0	0.040098	0	0	0	0.084866	0.088004	2.867118	0	0	0	0	0	0	0	0	0
"Blautia coccoides_A"	0	0	0	0	0	0	0	0	0	0	0	0	0	0	0	0	0	0	0.033531	0	0	0	0	0	0	0	0	0	0	0	0	0	0	0	0	0	0	0	0	0	0	0	0	0.064287	0	0.034794	0	0	0	0	0	0	0	0	0	0	0	0	0	0	0	0	0	0	0	0	0	0	0	0	0	0	0	0	0	0	0	0	0	0	0	0	0	0	0	0.042433	0	0	0	0	0	0	0	0	0	0	0
"Blautia hansenii"	0	0	0	0	0	0	0	0	0	0	0.758502	0.491306	0.523098	0	0	0	0	0	0	0	0	0	0	0	0	0	0	0	0	0	0	0	0	0	0.0461	0.380388	0	1.163522	0	0	0	0	0	0.255335	1.5719	1.393348	0	0	0	0	1.140313	1.35216	0	0.953895	0	0	0	0	0	0	0	0	0	0	0	0	0	0	0.14725	0	0	0	0	0	0.341435	0	0	0	0	0	0	0	0	0	0	0	0.07184	0	0	0	0	1.305392	0	2.658524	0	0	0
"Blautia hominis"	0	0	0	0	0	0	0	0	0	0	0	0	0	0	0	0	0	0	0.104184	0	0	0	0	0	0	0	0	0.054535	0	0	0	0	0	0	0	0	0.029987	0	0	0	0	0	0	0.428275	0	0.039539	0	0	0	0	0.037456	0.083762	0	0	0	0	0	0	0	0	0	0	0	0	0	0	0	0	0	0	0	0	0	0	0	0	0	0	0	0	0	0	0	0	0	0.391329	0.03592	0.088655	0	0	0	0	0	0	0	0	0
"Blautia sp000432195"	0	0	0	0	0	0	0	0	0	0	0	0	0.098617	0	0.10524	0	0	0	0	0	0	0	0	0	0	0	0	0	0	0	0	0	0	0	0	0	0	0.12971	0	0	0	0	0	0	0	0	0	0	0	0	0	0	0	0	0.193183	0	0	0	0	0	0	0	0	0	0	0	0	0	0	0	1.084981	0.03742	0	0	0.418192	0	0	0	0	0	0	0	0	0	0	0	0	0	0	0	0	0	0	0	0	0	0
"Blautia sp000436935"	0.042492	0.213517	0.830427	0.175688	0	0	0	1.049637	0	1.238212	0	0	0	0	0	0.068641	0	0	0	0.383221	0	0	0	0	0	0	1.29269	0	0	0	0	0	0	0	0	0	0	0.789879	1.124906	0	0	0.054747	0	0	0	0	0	1.183922	0	0.553177	0	0	1.15122	0	0	0	0	0	0	0.881612	0.985993	0	0	0	0	0	0	0	0	0.077278	0	0	0	0.937022	0	0	0	1.261168	0	0.1231	0	0	0	0	0.03731	0	0	0	0	0.800905	0	0	1.714248	0	0	0	1.0172
"Blautia sp001304935"	0	0	0	0	0	0.714435	0	0	0	0.532853	0	1.407909	0.030014	0	0	0	0	0.845296	1.718439	0.066467	0	0	1.826539	0	0	0	0	0.91577	0	0.068214	0	0	0	0	0	0.058777	5.511923	0	0	0.043088	0	0	0.09886	0	0	3.469927	0	1.078531	0	0	0.12173	0.079411	0	0	0	0	0.036338	0	0	0	0	0	0.389205	0	0	0	0	0	0	0	0.04142	0	0	0	0	0	0	0	0	0	0.128793	1.464191	0	0	0	0.766627	1.794197	0.106934	0	0	0	0	0	0	0	0	0
"Blautia sp002161285"	0	0	0	0	0	0	0	0	0	0	0.056861	0	0	0	0	0	0	0	0	0	0	0	0	0	0	0	0	0	0	0	0	0	0	0	0	0	0	0	0	0	0	0	0	0.122235	0	0.055354	0	0	0	0	0	0	0	0	0	0	0	0	0	0	0	0	0	0.648435	0	0	0	0	0	0	0	0	0	0	0	0	0	0	0	0	0	0	0.05015	0	0	0	0	0.760422	0	0	0	0	0	0	0	0	0
"Blautia sp003287895"	0	0	0	0	0	0	0	0	0.032201	0	0	0	0.037732	0	0	0	0	0	0	0	0	0	0	0	0	0	0	0	0	0	0	0	0	0	0	0	0	0	0	0	0	0	0	0	0.032722	0	0	0	0	0	0	0	0	0	0	0	0	0	0	0	0	0	0	0	0	0	0	0	0	0	0	0	0	0	0	0	0	0	0	0	0	0	0	0	0	0	0	0	0	0	0	0	0	0	0	0	0
"Blautia sp900120295"	0	0	0	0	0	0	0	0	0	0	0.060079	0	0.040304	0	0	0	0	0	0	0	0	0	0	0	0	0	0	0	0	0	0	0	0	0	0.04436	0.252853	0	0	0	0	0	0	0	0.486224	0.308339	0.170808	0	0	0	0	0.058264	0.093552	0	0.038421	0	0	0	0	0	0	0	0	0.033238	0	0	0	0	0	0	0	0	0	0	0	0	0	0	0	0	0	0	0	0	0	0	0	0	0	0	0	0	0.041262	0	0.064282	0	0	0
"Blautia_A hydrogenotrophica"	0	0	0	0	0	0.112237	0	0	0.071673	0.742736	0	0	0	0	0	1.133036	0	1.150206	0	0	0	0	0	0	0	0	0	0	1.641997	0	0	0	0	0.063822	0	0	0	0	0	0	0.055173	0	1.568679	0	0	0	0	1.412432	0	0	0.16959	0	0	0	0	0	0	0	0.059857	0	0	0	0	0	0	0	0	0	0.222627	0	0	0.060046	0	0	0	0	0	0	0	0	0	0	0	0	0	0	0	2.496961	1.409371	0	0	0	0	0	0	0	0.034077
"Blautia_A massiliensis"	0.108591	0.168028	0.27516	0.898535	0.691166	0.995748	2.056815	1.146551	1.328555	0.050794	0.155563	0.079378	0.071176	1.642627	0.08079	1.179712	0.453913	2.030219	0.061073	1.153818	0.769374	1.133388	0.071268	1.086724	1.185939	1.550244	0.747013	0.070998	0.884587	1.047845	1.48324	1.37566	1.448694	0.529725	0.487092	1.293099	1.760674	0.061951	1.055568	0.072107	1.126176	1.066841	0.95371	0.05161	1.697752	0.115453	1.149577	0.079782	0.88631	1.177412	0.091558	0.066357	0.973238	1.952835	1.28627	1.255226	0.068747	1.217502	1.283931	1.220694	0.942585	0.054219	0.093281	1.002876	1.231894	0.929796	0.259007	0.922041	1.465484	1.046344	0.064432	0.175787	1.517145	1.076183	0.448189	1.14845	1.068123	1.375572	0.069734	1.15941	1.268957	0.082627	0.536026	0.948028	0.995532	0.200851	1.398181	0.033817	1.161496	1.113366	0.744816	1.395419	1.707639	3.005188	0.380964	0.119212	0.572495
"Blautia_A obeum"	0.064525	0.16153	1.106206	1.454772	1.388098	1.580678	2.347097	1.6616	1.208061	0.083378	2.064156	0.057653	1.751091	0.112029	2.240861	2.085774	1.370246	3.067216	0.050296	2.054233	1.258593	1.811856	1.650371	1.153211	1.811063	1.775503	1.882585	0.073056	1.564277	1.933681	2.614465	2.220997	2.125907	1.902703	1.21947	2.112653	0.081394	0.105511	1.6739	1.898523	1.8418	1.71876	1.32589	1.765617	2.08412	0.079078	1.371735	1.83695	2.074101	1.06138	0.106124	2.162585	1.938386	0.119237	1.953189	1.597899	0.112942	0.570325	1.592195	1.750894	1.665801	2.056287	0.139385	1.855549	1.676995	2.668282	0.813929	2.700587	1.813449	1.496874	0.086292	1.583821	1.475279	1.745705	1.853633	0.540388	1.57301	1.887666	1.689339	1.803721	2.037719	2.39617	1.962412	1.39641	1.761746	0.115041	1.60921	0.081343	1.68488	1.832564	1.212042	0.070021	0.207507	0.110198	0.162177	1.881848	0.18572
"Blautia_A obeum_B"	0	0	0.20096	0.177633	0.061982	0.085617	0.06054	0.152404	0.209827	0	0.042914	0	0.039447	0.03781	1.86136	0.098843	0.045574	0.045284	0	0.581583	0.118087	0.156569	0	0.066487	0.042558	0.317673	0.845799	0	0.508002	0.236855	0.187344	0.754121	0.235128	0.749114	0.264421	0.112009	0.037127	0.185854	0.146833	0	0.099798	0.45022	0.220982	1.28392	0.040273	0.026886	0.040553	0	0.081604	0.18799	0	0.045688	1.352663	0	0.054363	0.040972	0.039284	0.03337	0.122707	0.353173	0.981342	0.21587	0.038599	0	1.033323	0.348999	0.082882	0.372275	0.495214	0.416528	0	0.221909	0.131579	0.050253	0.052053	0.306051	0.222053	0.04449	0.039287	0.289853	0.034944	0.068045	0.194022	0.240437	0.04368	0	0	0	0.513336	1.180707	0.20024	0	0.835316	0.064282	0.084914	0.068121	0.172089
"Blautia_A sp000433815"	0	0	0	0	0	0	0	0	0	0.60473	0.318635	0.787092	0.920138	0	1.24693	0	0	0.958505	1.574737	0.980382	0	0	0.794356	0	0.043503	0	0	0	0	0	0	0	0	0	0	0.762995	0.941025	1.084147	0	0	0	0	0.495755	0.118613	0.771477	0	0	0	0	0	1.249558	0.09464	0	0.903551	0	0.083806	0.57355	0.048538	0	0	0	0.632549	0.715151	0.075101	0	0	0	0	0	0	0	0	0.055821	0	0.031761	0	0	0	0.113932	0	0.056908	0.031593	0	0	0	0	0.180497	0.565746	0	0	0	0.223817	0	0.222692	0	0	0.040041
"Blautia_A sp000436615"	0	0.047345	0.174371	0	0	1.266269	0.041912	0.041423	0.494443	0	0	0	0	0	0.031891	0.039354	0.073525	0.031699	0	0.03531	0	0.044361	1.366101	0	1.140544	0	0.584251	0	0.625287	0	0.27326	1.513544	0	0	1.799631	0	0	0	0	0	0.240976	0.140469	0	0	0.037756	0	0	0	0.037402	0.03418	1.983062	0	0.464371	0	0	1.080165	0.267133	0	0	0.034349	0.120924	0.13655	0	0	1.226649	0.052089	0.672123	0.188413	0.035059	0.699366	0	0.03916	1.629785	0	0.077639	0.545438	0.0389	0.17433	0	0.461843	0	2.025566	0	0	0	0	0.093392	0	0	0	0.180902	0	0.034364	0	0.274631	0	0.338215
"Blautia_A sp002159835"	0	0	0	0	0	0	0	0	0	0	0	0	0	0	0	0.043015	0	0	0.059876	0	0	0	0	0	0	0	0	0	0	0	0	0	0	0	0	0	0	0	0	0	0	0	0	0.098693	0	0.096475	0	0	0	0	0	0	0	0	0	0	0	0	0	0	0	0	0	0	0	0	0	0	0	0	0	0	0	0	0	0	0	0	0	0	0	0	0	0	0	0	0	0	0	0	0	0	0	0	0	0	0
"Blautia_A sp003471165"	0.055083	0.229298	0.097079	0	0	0	0.172307	0	0.03324	0.249176	0.582556	0.631679	0.916707	0	0.754749	0.046676	0.043751	0.043774	0.032333	0.637664	0.070491	0	0.187378	0	0.238323	0	0.230501	0	0.03886	0.756987	1.02383	0.977917	0.673963	0.690877	0	0	0.06283	0	0.043234	0	0	0.063391	0	0	0.246671	1.975359	0	0	0.034002	0	0.757434	0.73863	0	1.289083	0.772733	0.039109	0.584353	0.691671	0.059857	0	0	0.034138	1.056108	0.037551	0.395645	0.04688	0	0.689027	0.193703	0.044048	0.033366	0.7162	0.55323	0.042522	0.098813	0.049493	0.152357	0.033595	0.640377	0.584943	0	0.034023	0	0.145128	0	0.465822	0	0	0.082067	0.351069	0.043042	0.050015	0	0.066578	0	0	0
"Blautia_A sp003474435"	0	0	0.105736	0	0	0.057558	0	0	0	0	0	0	0	0.159642	0	0	0	0	0	0	0	0.034793	0	0.051967	0	0	0	0	0	0.191378	0.044151	0	0.154946	0.180298	0	0	0	0	0.089731	0	0	0	0	0	0	0	0	0	0	0	0	0	0	0	0	0	0	0	0	0	0	0	0	0	0	0	0	0.196605	0	0.037866	0	0.476016	0	0	0	0	0.169376	0	0	0	0	0	0	0.12419	0	0	0	0	0	0.175984	0	0	0	0	0.065789	0	0
"Blautia_A sp003478765"	0	0	0	0	0	0.153967	0.360137	0	0	0	0	0	0	0	0	0	0	0	0	0	0.074708	0	0	0.339315	0	0	0	0.555636	0.292507	0	0	0	0.045509	0	0	0	0	0	0	0	0	0	0	0	0	0	0	0	0	0	0	0	0	0	0.044655	0	0	0	0	0	0	0	0	0	0	0.066414	0	0	0	0.180058	0	0	0	0	0	0.051514	0	0	0	0	0	0	0	0.052708	0	0	0	0	0	0	0	0	0	0	0.090269	0	0
"Blautia_A sp003480185"	0.155805	0.099332	0.288764	0.068071	0.094414	0.103604	0.49674	0.091443	0.124649	0.241509	0.138397	0.149564	0.234965	0.166643	0.114807	0.167484	0.088109	0.457365	0.265849	0.097623	0.047596	0.117427	0.1049	0.116162	0.409499	0.127069	0.154295	0.121417	0.113753	0.11748	0.181378	0.285314	0.153863	0.166736	0.142648	0.100919	0.197058	0.218765	0.239828	0.218959	0.103855	0.093646	0	0.250808	0.127111	0.11229	0.103145	0.098496	0.129206	0.083651	0.298604	0.607003	0.145622	0.115262	0.145616	0.321256	0.258294	0.08292	0.116721	0.147082	0.133326	0.219886	0.335596	0.335208	0.180588	0.12241	0	0.233923	0.14725	0.107416	0.250823	0.278474	0.067783	0.136842	0.254092	0.305041	0.206655	0.117128	0.201346	0.212151	0.205669	0.349948	0.050972	0.109749	0.0364	0.060349	0.324177	0	0.110539	0.141864	0.170297	0.347604	0.114988	0.583131	0	0.097451	0.111602
"Blautia_A sp900066145"	0	0.034348	0.882367	0.058995	0.095855	0.148931	0.31512	0.208677	0.089332	0.085295	0.093338	0.0376	0.116625	0.035009	0.122248	0.120808	0.458774	0.125285	0	0.168244	0.085553	0.110468	0.058456	0.75658	0.078495	0.071621	0.058331	0.05865	0.127884	0.90289	0.353209	0.146369	0.159281	0.095733	0.106986	0.143062	0.078538	0.102607	0.23738	0.058917	0.107912	0.159198	0.061061	0.168413	0.040273	0.085404	0.057303	0.106376	0.064603	0.081852	0.068668	0.116397	0.217623	0.116587	0.103872	0.084737	0.76015	0.093032	0.119714	0.065174	0.161232	0.083336	0.115797	0.129137	0.092167	0.102877	0.049211	0.447822	1.041265	0.312203	0.064432	2.027638	0.615032	0.118287	0.16763	0.086866	0.209897	0.57656	0.156166	0.166753	0.11781	0.263676	0.055082	0.298199	2.096623	0.794916	0.055676	0.462468	0.093791	0.204716	0.864586	0.077523	0.091197	0.027549	0.061199	0.379397	0.038337
"Blautia_A sp900066165"	0.077116	0.186595	0.208998	0.347486	1.023416	1.061939	0.159888	1.256751	2.013088	1.345549	1.695097	1.265865	1.324895	0.305279	1.588162	1.160492	0.982567	2.155504	0	1.753056	0.311485	1.089027	1.089037	1.166967	1.215256	0.559105	0.464766	1.574301	0.976437	1.653245	1.781559	1.468997	1.385849	1.321122	0.646267	1.474975	2.25332	1.201274	1.462623	1.540626	1.347678	1.294473	1.196499	1.23231	0.303305	2.071834	1.622103	1.558206	0.489624	0.463229	1.832199	1.42178	1.353472	1.043985	1.26103	1.248708	1.707882	1.272108	1.409631	1.355446	1.110792	1.447835	1.844168	1.496529	0.963635	0.752692	1.010127	1.062213	0.943099	1.101984	1.672918	0.898079	1.285885	1.278741	1.409855	0.738361	1.361493	1.307474	1.713893	1.445771	1.729216	1.351187	0.517939	0.713368	0.235688	0.177277	0.549574	1.362727	1.254449	1.548835	0.784739	0.378864	0.490352	0.066578	0.376374	1.330255	0.081785
"Blautia_A sp900066205"	0	0.041775	0	0	0.044684	0	0.035703	0	0	0	0.846476	0	0	0.047612	0	0	0	0.042265	0	0	0.248827	0	0	0.058081	0	0	0.060213	0	0.044512	0.051161	0	0	0.053094	0.049462	0	0	0	0	0.062812	0	0.05923	0	0	0	0.031463	0	0.055539	0	0.075937	0.209578	0	0	0	0.072867	0	0.029798	0	0	0	0	0	0	0	0.040298	0	0.07553	0.053744	0.04278	0	0	0	0.034809	0.736643	0	0	0	0.046193	0	0	0	0.058905	0	0.15867	0.191339	0.090999	0	0	0	0	0.037711	0.044914	0	0.035686	0.052803	0.450578	0.052983	0
"Blautia_A sp900066335"	0.177838	0.708318	0	0.044084	1.003236	0.05468	0.063645	0.06487	0.063363	0	0.260702	0	0	0.065817	0	0.116232	0	0.069435	0	0.059197	0.10423	0.055669	0	0.945343	0.049178	0.06469	1.217424	0	0.835836	1.275225	0.079949	0.056214	0.094268	1.004404	0.040881	0.052123	0.054262	0	0.891604	0	0.942807	0.056908	0.03998	0	0.280651	0	1.188367	0	1.394068	1.423868	0	0	0.045305	1.416269	0.048539	0.039109	0	0.051572	0.032921	0.039633	0.037982	0	0	1.328925	0.052453	1.351721	0.906524	0.103764	0.063983	0.048685	0	0.043512	0.244218	0.065715	0.037055	0.068685	0.095629	0.059018	0	0.050637	1.281936	0	1.112335	0.275094	0.081899	0	0.036818	0	0.051082	0.083502	0.663099	0.06627	0.088554	0.105606	0.62423	1.264972	0.051968
"Blautia_A sp900066355"	0	0	0.430363	0	0.056937	0.063313	0	0	0.037395	0	0	0	0	0	0.099925	0.045761	0	0.02717	0	0.150588	0	0.05045	0	0	0	0.048517	0.083733	0	0.1837	0.041686	0.040571	0.126217	0.078015	0.097329	0.099158	0.037706	0	0.936045	0.039156	0	0.046248	0.080679	0.091591	0.076963	0	0.03005	0.029092	0	0.058936	0.057566	0	0	0.124587	0	0	0	0.038302	0	0.047886	0.124183	0.106196	0.038154	0	0	0.123639	0.204451	0.146986	0.815546	0.066613	0.061822	0	0.119222	0.110646	0	0	0.118178	0.100491	0.032687	0	0.100401	0	0	0.041928	0.147295	0	0	0	0	0.062806	0.25769	0.101055	0	0.072694	0	0.093329	0	0.102231
"Blautia_A sp900066505"	0	0	0	0	0.041081	0	0	0.037515	0	0	0.274649	0	0	0	0	0	0	0	0	0	0	0	0	0.104698	0	0	0	0	0	0	0	0	0.043342	0.040687	0	0	0	0	0	0	0	0.054026	0	0	0	0	0	0	0	0	0	0	0.0898	0	0	0	0	0	0	0	0	0	0	0	0	0	0.069284	0	0	0	0	0	0	0	0	0	0	0	0	0.10302	0	0	0	0.077979	0	0	0	0	0	0	0	0	0	0	0	0	0
"Blautia_A sp900120195"	0	0	0.293092	0	0.147747	0.069069	0	0	0	0	0	0	0	0	0.112681	0.230634	0	0	0	0.615854	0.139174	0.272257	0	0.092471	0.046341	0.051983	0.082792	0	0.666973	0.160114	0.031025	0.657602	0.435583	0.338258	0.964616	0	0	0.131646	0	0	0.149291	0.057628	0.855577	0.112275	0	0	0	0	0.038535	0.174498	0	0	0.267782	0	0	0	0	0	0.505791	0.897465	0.110847	0.030121	0	0	0.24503	1.631702	0.055039	0.660811	0.054342	0.114371	0	0.938109	0.057815	0	0	0.166662	0.993565	0.065374	0	1.102662	0	0	0.0929	1.047669	0	0	0	0	0.069506	0.196635	0.422312	0	0.087232	0	0.204252	0.192064	0.797403
"Blautia_A wexlerae"	1.468343	1.039733	0.651728	0.774711	0.978011	0.959774	1.359826	1.008214	1.229874	1.003412	1.304581	0.688497	0.848962	1.96191	1.089603	1.200761	0.91451	0.966052	1.529231	1.331409	0.32715	1.089897	0.950505	0.819246	0.818052	1.291485	1.210838	1.382915	1.028014	1.219327	1.637173	0.824123	1.349009	0.966908	0.756732	1.45834	1.720691	0.768583	1.037622	0.833626	1.147271	1.087011	0.083595	0.648298	1.695235	2.090813	1.162801	1.451831	1.449604	1.1981	0.828183	0.930086	1.130186	1.365925	1.385289	0.746804	1.080317	1.385364	1.328824	1.289391	0.676707	1.100435	1.108645	1.191545	0.788293	1.401206	0.275195	1.074956	1.326123	1.02316	1.188531	0.885025	1.183214	1.081595	1.033129	0.832298	0.816085	1.377388	1.102981	1.031072	1.040325	0.961141	0.931468	0.750913	0.326687	1.187187	0.665415	0	1.035046	0.99305	0.632532	1.061568	1.140629	2.068506	0.210372	1.265919	0.770994
"Butyrivibrio_A crossotus"	0	0	0	0	0	0	0	0	0	0	0	0	0	0	0	0	0	0	0	0	0	1.062062	0	0	0	0	0	0	0	0	0	0	0	0	0	0	0	0	0	0	0	0	0	0	0	0	0	0	0	0	0	0	0	0	0	0	0	0	0	0	0	0	0	0	0	0	0	0	0	0	0	0	0	0	0	0	0	0	0	0	0	0	0	0	0	0	0	0	0	0	0	0	0	0	0.940935	0	0
"Butyrivibrio_A sp900543865"	0	0	0	0	0	0	0	0	0	0	0	0	0	0	0	0	0	0	0	0	0	0.302701	0	0	0	0	0	0	0	0	0	0	0	0	0	0	0	0	0	0	0	0	0	0	0	0	0	0	0	0	0	0	0	0	0	0	0	0	0	0	0	0	0	0	0	0	0	0	0	0	0	0	0	0	0	0	0	0	0	0	0	0	0	0	0	0	0	0	0	0	0	0	0	0	0.047429	0	0
"CAG-127 sp900319515"	0	0	0	0.685247	0.551347	0.959055	0	0	0	0	0	0	0	0	0	0	0	0	0	0	0	0	0	1.029407	0	0	0	0	0	0	0	0	0.133276	1.01637	0	0	0	0	0	0	1.061266	0.833447	0	0	0	0	0	0	0	0.067461	0	0	0	0	0	0	0	0	0	0	0	0	0	0	0	0	0.523194	0	0	0.210969	0	0	0	0	0	0.813107	0	0	0	1.120996	0	0	0	0.236104	1.114741	0	0	0	0	0	0.783492	0	0.900079	0	0	0	0
"CAG-194 sp000432915"	0	0	0	1.086541	0	0	0	0	0	0	0	0	0	0	0	0	0	0	0	0	0	0	0	0	0	0	0	0	0	0	0	0	0	0	0	0	0	0	0	0	0	0	0	0	0	0	0	0	0	0	0	0	0	0	0	0	0	0	0	0	0	0	0	0	0	0	1.208915	0	0	0	0	0	0	0	0	0	0	0	0	0.186833	0	0	0	0	0	0	0	0	0	0	0	0	0	0	1.062568	0	0
"CAG-303 sp000437755"	0	0	0	0	0	0	0	0	0	0	0	0	0	0	0	0	0	0	0	0	0	0	0	0	0	0	0	0	0	0	0	0	0	0	0	0	0	0	0	0	0	0	0	1.465914	0	0	0	0	0	0	0	0	0.247557	0	0	0	0	0	0	0	0	0	0	0	1.708467	0	0	0	0	0	0	0	0	0	0	0	0	0	0	0	0	0	0	0	0	0	0	0	0	0	0	0	0	0	0	0	0
"CAG-45 sp000438375"	0	0	0	0	0	0	0	0	0	0	0	0	0	0	0	0	0	0	0	0	0	0	0	0.326323	0	0	0	0	0	0	0	0	0	0	0	0	0	0	0	0	0	0	0	0	0	0	0	0	0	0	0	0	0	0	0	0	0	0	0	0	0	0	0	0	0	0	0	0	0	0	0	0	0	0	0	0	0	0	0	0	0	0	0	0	0	0	0	0	0	0	0	0	0	0	0.898096	0	0
"CAG-45 sp900066395"	0.040918	0.031563	0	1.214255	0.033874	0.825953	0	1.240338	0	0.04121	0	0	0	0	0.037206	0.0421	0.063195	0	0	0.494345	0.044584	0.034793	0	0.042032	0.035938	0	0	1.538287	0	0	0.21121	0.036062	0	0	0	0	0	0.03388	0	0	0	0	0	1.712195	0	0	0.045842	0	0	0.089947	0	0	0	0	0.034948	1.795309	0	0	0	0	0	0.040162	0	0	1.539868	0	0	0.080098	0	0.136009	2.057206	0.053084	0	0.605353	0.042349	0.101007	0.068075	0	0.040269	0.041906	0	0.031593	0	0	0.04459	0	0	0	0.066993	0.131988	0.492801	0	0.044938	0	0.060434	0	0
"CAG-45 sp900315735"	0	0	0	0.036953	0	0	0	0	0	0	0	0	0	0	0	0	0	0	0	0.034272	0	0	0	0	0	0	0	0	0	0	0	0	0	0	0	0	0	0	0	0	0	0	0	0.035312	0	0	0	0	0	0	0	0	0	0	0	0.054939	0	0	0	0	0	0	0	0	0	0	0	0	0	0	0.031065	0	0	0	0	0	0	0	0	0	0	0	0	0	0	0	0	0	0	0	0	0	0	0	0	0	0
"CAG-510 sp000434615"	0	0	0	0	0	0	0	0	0	0	0	0	0	0	0	0	0	0	0	0	0	0	0	0	0	0	0	0	0	0	0	0	0	0	0	0	0	0	0	0	0	0	0	0	0	0	0	0	0	0	0	0	0	0	0	0	0	0	0	0	0	0	0	0	0	0	0.400166	0	0	0	0	0	0	0	0	0	0	0	0	0	0	0	0	0	0	0	0	0	0	0	0	0	0	0	0.065789	0	0
"CAG-590 sp000431135"	0.037771	0	0	0	0	0	0	0	0	0	0	0	0	0	0	0	0	0	0	0	0	0	0	0	0	0	0	0	0	0	0	0	0	0	0	0	0	0	0	0	0	0	0	0	0	0	0	0	0	0	0	0	0	0	0	0	0	0	0	0	0	0	0	0	0	0	0	0	0	0	0	0	0	0	0	0	0	0	0	0	0	0	0	0	0	0	0	0	0	0	0.810939	0	0	0	0	0	0
"CAG-603 sp900066105"	0	0	0	0	0	0	0	0	0	0	0	0	0	0	0	0	0	0	0	0	0	0	0	0	0	0	0	0	0	0	0	0	0	0	0	0	0	0	0	0	0	0	0	0	0	0	0	0	0	0	0	0	0	0	0	0	0	0	0	0	0	0.031125	0	0	0	0	0	0	0	0	0	0	0	0	0	0	0	0	0	0	0	0	0	0	0	0	0	0	0	0	0	0	0	0	0	0	0
"CAG-81 sp000435795"	0.51935	0.823431	0.0742	0	0.343061	0.392831	0	0	0	0	0.71237	0	0	0	0	0.646141	0.256427	0	0	0.707246	0.291001	0	0	0.077186	0.538117	0.264535	0	0	0.180874	0	0	0.527142	0	0.53531	0	0.314957	0	0	0.543283	0	0	0.466068	0.568446	0	0	0	0	0.577186	0	0.638627	0	0	0	0	0.160177	0	0.44784	0	0	0	0.506949	0	0	0.818786	0	0.208358	0	0	0.724854	0	0	0	0	0.198692	0	0	0	0	0	0.128338	0.530146	0	0.055082	0	0.143779	0	0	0	0.125612	0	0	0	0.97013	0	0	0.502394	0
"CAG-81 sp900066055"	0.059804	0.25065	0.089041	0.047325	0.068468	0	0.161441	0.146152	0.060247	0	0	0	0.120055	0.183448	0.156265	0.138197	0.048004	0.128304	0	0	0	0.267038	0.088885	0.611378	0.155099	0.106276	0.162762	0.111127	0.120112	0.11369	0	0.125156	0.218875	0.077385	1.008976	0.117554	0.101385	0.092927	0.075048	0.119592	0.096553	0.133265	0	0.10141	0.135921	0	0.119895	0.192067	0.196076	0.162805	0.178954	0.090289	0.077665	0	0.359185	0.107085	0	0.107189	0.1257	0.119779	0.221693	0	0.110436	0	0.116146	0.076832	0	0.401402	0.107808	0.133691	0	0.056565	0.164474	0.114422	0.488773	0.113128	0.072127	0.110772	0	0.124846	0.083865	0	0	0.634666	0.204748	0	0.104168	0	0.080392	0.113132	0.205854	0	0	0	0.083384	0	0.225761
"CAG-81 sp900066535"	0.086558	0.221872	0.432218	0.170501	0.57369	0.111518	0.371003	0.446272	0.436273	0	0.053642	0	1.49726	2.034729	1.490364	0.839252	0.367019	0.310948	0	0.036349	0	1.089027	0.664633	0.829181	1.588818	0.824795	0.679274	1.510506	0.661321	1.051634	0.100235	1.575062	1.418355	1.417653	0.665403	1.608056	0.258461	0.943789	0.5286	1.061379	0.673433	1.027942	0	0.802224	1.472476	0	1.34088	1.470545	1.684215	1.065878	1.267245	0.250199	1.179535	0.034446	0.168914	1.374417	0.073658	1.519855	1.649059	0.863117	0.862744	0.069279	0.211222	0.112652	1.172698	0.50657	0.055686	1.091339	1.348911	1.030115	0.033366	1.503759	1.57496	0.904551	0.31585	0.322212	1.007342	1.76963	0.042233	0.999642	1.1182	0.072906	0.060837	0.344409	1.358619	0	1.469122	0.076773	0.576142	1.463537	0.322504	0	0.075337	0.04362	0.249386	0.158949	1.357119
"CAG-81 sp900066785"	0.226625	0.830858	0.179318	0.28136	0.185945	0.152528	3.103074	1.724906	0.124649	0	0.047205	0	0.28899	0.30948	0.365681	0.311173	0.148874	2.510226	0	0.040503	0.042174	0.739355	0.213003	1.276251	0.320601	0.270311	1.793207	0.183154	0.254354	0.305069	0.057277	0.266223	1.468198	0.241727	0.67845	0.204057	2.301871	0.264261	0.175384	0.218959	0.215012	0.560434	0.045069	0.302418	0.343578	0	0.261829	0.507254	0.403486	0.331007	0.374555	1.124806	0.148049	0.035771	0.220365	0.257005	0.039284	0.363026	0.206506	0.450054	0.33099	0.029117	1.29199	0.082428	0.328955	0.243518	0.053744	1.921449	0.25944	0.332295	0	0.155771	1.037679	0.290693	1.830694	1.829237	0.167755	0.253323	0.035358	0.319536	0.151756	0.103283	0.047683	0.684486	1.631617	0	0.241561	0.060322	0.214378	0.24512	0.354318	0.047514	0.058155	0.036733	1.140597	0.065283	0.290507
"CAG-882 sp000435595"	0	0	0	0	0	0	0	0	0	0	0	0	0	0	0	0	0	0	0	0	0	0.043491	0	0	0	0	0	0	0	0	0	0	0	0.51377	0	0	0	0	0	0	0	0	0	0	0	0	0	0	0	0	0	0	0	0	0	0	0	0	0	0	0	0	0	0	0	0	0	0	0	0	0	0.690093	0	0	0	0	0	0	0	0	0	0	0	0	0	0	0	0	0	0	0	0	0	0	0	0	0
"CAG-882 sp003486385"	0	0	0	0	0	0	0	0	0	0	0	0	0	0	0	0	0	0	0	0	0	0.109599	0	0	0	0	0	0	0	0	0	0	0	1.507004	0	0	0	0	0	0	0	0	0	0	0	0	0	0	0	0	0	0	0	0	0	0	0	0	0	0	0	0	0	0	0	0	0	0	0	0	0	1.636905	0	0	0	0	0	0	0	0	0	0	0	0	0	0	0	0	0	0	0	0	0	0	0	0	0
"CAG-95 sp000436115"	0	0	0	0	0	0	0	0	0	0	0	0	0	0	0	0	0	0	0	0	0	0	0	0	0	0	0	0	0	0	0	0	0	0	0	0	0	0	0	0	0	0	0	0	0	0	0	0	0	0	0	0	0	0	0	0	0	0	0	0	0	0	0	0	0	0	0	0	0	0	0	0	0	0	0	0	0	0	0	0	0	0	0	0	0	0	0	0	0	0	0	0	0	0	2.291904	0	0
"CAG-95 sp000438155"	0	0	0	0.210047	0	1.557655	0	0.45565	0	0	0	0	0	0	0	0	0	0	0	0	0	0	0	0	0	0	0	0	0	0	0	0	0	0.183489	0	0.031052	0	0	0	0	0	0	0	0	0	0	0	0	0	0	0	0	0	0	0	0.034454	0	0	0	0	0	0	0	0	0	0	1.31705	0	0	0	0	0	0	0	0	0.049493	0	0	0	0	0	0.030377	0	0	0	0	0	0	0	0.036813	1.351773	0	0	0	0.132343	0	0
"CAG-95 sp900066375"	0	0	0	0	0	0	0	0	0	0	0	0	0	0	0	0	0	0	0	0	0	0	0	0	0	0	0	0	0	0	0	0	0	0	0	0	0	0	0	0	0	0	0	0	0	0	0	0	0	0	0	0	0	0	0	0	0	0	0	0	0	0	0	0	0	0	0	0	0	0	0	0	0	0	0	0.047473	0	0	0	0	0	0	0	0	0	0	0	0	0	0	0	0	0	0	0	0	0
"CHH4-2 sp002899675"	0	0	0	0	0	0.046046	0	0	0.034279	0	0	0	0	0	0	0	0	0	0	0	0	0	0	0	0	0	0	0	0	0	0	0	0	0	0	0	0	0	0	0	0	0	0	0.047989	0	0	0	0	0	0	0	0	0	0	0	0	0	0	0	0	0	0	0	0	0	0	0	0	0	0	0.052926	0	0	0	0	0	0	0	0	0	0	0	0	0	0	3.181548	0	0	0	0	0	0.081274	0.038329	0	0	0	0
"COE1 sp001916965"	0	0	0	0	0	0	0	0	0	0	0	0	0	0	0	0	0	0	0	0	0	0	0	0	0	0	0	0	0	0	0	0	0	0	0	0	0	0	0	0	0	0	0	0	0	0	0	0	0	0	0	0	0	0	0	0.028866	0	0	0	0	0	0	0	0	0.030722	0	0	0	0	0	0	2.012845	0	0	0	0	0	0	0	0.132704	0	0	0	0	0.03458	0	0	0	0	1.978918	0	0	0	0	0.052784	0	0
"Clostridium_Q saccharolyticum_A"	0	0	0	0	0.043964	0.085617	0	0	0	0.102545	0.065444	0.63335	0	0	0.030828	0.066811	0.040105	0.049812	0	0.034272	0.044584	0	0	0	0	0	0	0.036013	0.036033	0	0.100235	0	0	0	0.054798	0	0.779666	0.03388	0	0	0	0	0.042888	2.041777	0.066702	2.456151	0	0.046293	0	0	0.037456	2.294212	0.045305	0.055644	0	0.761703	0.600067	0.031348	0	0	0	1.929777	0	0.067774	0	0	0.042089	0	0.067489	0	0	0.220168	0	0	0.51083	0	0	0	0	0.047145	1.232016	0.035238	0	0	0	0.037718	0.064656	1.805087	0	0	0	1.826798	0.050225	0	0	0.079475	1.015496
"Clostridium_Q sp000435655"	0	0	0	0	0	0.507227	0	0	0	1.423177	1.314237	0	0	0	1.549893	0	0	0	0	0	0	0	0	0	0	0	0	0	0	0	0	0	0	0	0	0	0	0	0	0.065072	0	0	0	0.042556	1.539178	0	0	1.126794	0	0.303123	1.450361	0	0	1.763381	0	0	0	0	0	0	0	0	0.036454	0.348946	0.591969	0	0	0	0.334818	0	0	0.344612	0	0	0	0	0	0	0	0	0	0.806824	0	0	0	0	0.891711	0	0	0	0	0	1.699709	0	0	0	0
"Clostridium_Q sp003024715"	1.125258	1.562384	0.916376	0.684599	0.828823	0.076264	2.491462	1.166871	0.383297	0	0.042914	0	1.601022	0.081221	0.037206	1.280385	0.507386	2.335129	0	1.872488	1.023623	1.002914	0.458837	0.865099	0.038775	0.038121	0.054568	0	1.319815	1.208906	0.044151	1.321567	1.74125	1.491049	1.35255	0.048796	0.038555	1.572013	1.619245	0.048364	0.761872	1.08341	0.43106	0.257146	0.064185	0	1.625629	1.207561	1.906359	1.519213	1.873816	0.06962	0.06553	0	0.212599	1.710572	0.044195	1.55727	1.472481	1.581794	1.407676	1.566312	0.037527	1.134761	0.030722	0.833431	0.227279	1.805853	0.652105	1.183898	0.051775	0.046122	1.520136	1.176689	0.918435	0.967647	0.03971	1.616184	1.510583	1.07909	1.63337	2.357287	0.050972	0.047654	1.682576	0	1.494266	0	0.437131	1.054106	1.125334	0.041262	0.130849	0.052803	0.406974	0.061498	1.611845
"Clostridium_Q sp900626075"	0	0	0	0	0	0.046766	0	0	0	0	0	0	0	0	0	0	0	0	0	0	0	0	0	0	0	0	0	0	0	0	0	0	0	0	0	0	0	0	0	0	0	0	0	0	0	0	0	0	0	0	0	0	0	0	0	0	0	0	0	0	0	0	0	0	0	0	0	0	0	0	0.033366	0	0	0	0	0	0	0	0	0	0	0	0	0	0	0	0	0	0	0	0	0	0	0	0	0	0
"Clostridium_Q symbiosum"	0	0	0	0	0	0.556871	0.627134	0	0.114262	0	0.036477	0	0.038589	0	0.049962	0	0	0	0	0	0	0	0.036034	0	0	0	0	0.312802	0	0.05874	0	0	0	0	0.036532	0.03327	0.052834	0.048399	0.035893	0	0	0	0.052338	0.333204	0	0.215091	0.049368	0.058113	0	0	0	0.151207	0	0	0	0.203928	0	0.051572	0	0	0.106196	0	0	0.280256	0	0	0	0	0	0	0.396944	0	0	0	0.030879	0.046463	0	0.046306	0.339832	0	3.096015	0	0.189089	0	0	1.83783	0.141883	0.054838	0	0	0	0.29884	0	0	0	0	0
"Coprococcus eutactus"	0	0	0	0.635976	0	0	0	0.774527	0	0	0	0	0	0	0	0	0	0	0	0	0	0	0	0	0	0	0	0	0	0	0	0	0	0	0	0	0	0	0	0	0	0	0	0	0	0	0	0	0	0	0	0	0	0	0	0	0	0	0	0	0	0	0	0	0	0	0.758243	0	0	0	0	0	0	0	0	0.057574	0	0	0	0	0	0	0	0	0	0	0	0	0	0	0	0	0.05419	0	0.251681	0	0
"Coprococcus eutactus_A"	0	0	1.087037	0.125121	0.038198	0	0	0.153186	0	0	0	0	0	0	0	0	0	0	0	0	0	0	0	0	0	0	0	0	1.220193	0	0	0	0	0	0	0	0	0	0	0	0	0.036738	0	0	0	0	0.0335	0	0	0	0	0.03481	0	0	0	0.034454	0	0	0	0	0	0	0	0	0	0	0.284908	0.037319	0	0	0	0	0	0	0	1.410058	1.358251	0	0	0	0	0	0	0	0.03731	0	0	0	0.098815	1.759836	1.139057	0	2.471583	0	0.850667	0	0.033225
"Coprococcus sp000154245"	0	0	0.041429	0	0	0	0	0	0	0	0	0	0	0	0	0	0	0	0	0	0	0.073066	0	0	0	0	0	0	0	0	0	0	0	0.600728	0	0	0	0	0	0	0	0	0	0	0	0.033213	0	0	0	0	0	0	0.055822	0	0	0	0	0	0	0	0	0	0	0	0	0	0.090005	0	0	0	0	0	0	0.04716	0	0.066665	0	0	0	0	0	0	0	0	0	0	0	0	0	0.043996	0	0	0	0	0	0	0
"Coprococcus sp000433075"	0	0	0	0	0	0	0	0	0	0	0	0	0	0	0	0	0	0	0	0	0	0	0	0	0	0	0	0	0	0	0	0	0	0	0	0	0	0	0	0	0	0	0	0	0	0	0	0	0	0	0	0	0	0	0	0	0	0	0	0	0	0	0	0	0	0	0	0	0	0	0	0	0	0	0	0	0	0	0	0	0	0	0	0	0	0	0	0	0	0	0	0	0	0	1.023554	0	0
"Coprococcus sp900066115"	0	0	1.101877	0	1.170442	0	0	0	0	0	0	0	0	0	0	0	0	0	0	0	0.184963	0.590615	0	0	0	0	0	0	0	0	0	0	0	0.339056	0	0	0	0	0	0	0	0.932136	0	0	0	0.210347	0	0	0	0	0	0	1.19167	0	0	0	0	0	0	0	0	0	0	0	0	0	0.881919	0	0	0	0	0	0	1.04062	1.362213	1.333293	0	0	0	0	0	0	0	1.145143	1.504218	0	0	0	1.272872	0.631207	0.939442	0	0	0	0.050489	0	0
"Coprococcus_A catus"	0.182559	0.286855	0.676461	0.759801	1.023416	1.138203	0.41602	0.252444	1.417887	0	0	0	0.872973	0.42431	0	0.646141	0.407124	0	0	0	0.936263	0.45927	0.709475	0.641182	0	0	0.408317	0	0.736214	0	1.245779	0.778516	1.310001	1.099339	0.865458	0	0	0	0.108493	0.247977	0.481951	0.345049	0	0	0	0	0.186894	0	0	0.125027	0	0	0.951395	0	0	0	0	0	0	1.117648	0.237972	0	0	0.2482	1.028077	0	0	0.895645	1.0474	0.329977	0	0	1.289872	0.432947	0.853147	0.43433	1.050294	0.850766	0	0.842493	0.27356	0	0.26308	0.382677	0.257528	0	0.266705	0	0	1.222009	0.555181	0	1.011102	0	0.226436	0.842053	0.059635
"Dorea faecis"	0	0	0	0	0	0	0	0	0.189052	0	1.319601	0	0	0	0	0	0.407124	0	1.337628	0	0	0	0	0	0	0	0	0	0	0	0	0	0	0.346236	0	0	0	0	0	0	0	0	0	1.082006	0	0	0	0	0	0	0	0	0	0	0	0	0.643279	0.31651	0	0	0	0	0	0.033887	0	0	0	0	0.439996	0	0	0	0	0	0	0	0	0	0	0	0	0	0.292677	0	0	0	0	0	0.054432	0	0	0	0	0	0	0	0
"Dorea formicigenerans"	0.395021	1.215188	0.996142	0.625604	0.947741	1.340375	0.08072	1.265348	1.997507	0.061336	0	0.031751	0.063458	2.202773	0.05634	1.443293	0.772928	0.066416	0.031135	1.760326	0.374746	1.560475	1.519847	1.364901	1.455471	1.001536	1.573996	0.037042	1.331826	0.066319	1.935492	0.029698	1.692491	0.081373	0.885464	1.755553	2.27474	0.060015	1.32721	1.145797	1.498592	1.276464	0.082868	0.053421	2.360996	0.028468	1.430801	0.364435	1.961895	1.657732	1.542959	0.031547	1.591321	1.877319	1.542554	2.17616	1.716721	0.070785	1.457517	1.668986	1.452634	1.320321	1.912788	1.414101	1.330806	1.721556	0.115906	1.849543	1.40413	1.248039	2.238995	1.347118	1.611842	1.561703	0.177335	1.587831	1.541404	1.659766	1.660856	1.514741	1.685287	2.473936	1.443652	1.386302	0.869043	0.040547	1.091964	0.037473	1.265335	0.062851	1.205804	0.060018	1.78562	0.048212	0.533197	0.047306	0.453225
"Dorea hylemonae"	0	0	0	0	0	0	0	0	0	0	0	0	0	0	0	0	0	0	0	0	0	0	0	0	0	0	0	2.020867	0	0	0	0	0	0	0	0	0	0	0	0	0	0	0	0.146682	0	0	0	0	0	0	0	0	0	0	0	0	0	0	0	0	0	0	0	0	0	0	0	0	0	0	0	0	0	0	0	0	0	0	0	0	0	0	0	0	0	0.134843	0	0.044784	0	0	0	0	0	0	0	0	0
"Dorea longicatena"	0.081837	0.36762	0.29	0.748131	0.952065	0.165478	0.170754	0.090661	1.231952	1.202752	0	0	0	1.686038	0	1.118392	0.76199	0.232456	0	1.255595	0.743468	1.143826	1.028179	0.984318	1.246465	1.445123	0.133597	0	0.864804	1.349124	0.174218	0.143187	0	0	0.145258	0.187422	0.037127	0	0.931576	1.071931	1.019887	0.935017	0.074872	0	1.540437	0	1.200709	0.635299	1.111854	1.16392	0.14462	0	0.119733	0.189454	0.148528	0.111741	0	0.134492	0.197528	0.102165	0.109296	1.311284	0	0	0.086922	1.577008	0.10684	1.155964	0.943099	0.929654	0	0.127054	1.240032	0.915374	1.082536	1.262588	0.949803	0.123484	0	0.153657	0.14277	0.130015	1.033411	0.957415	1.145681	0.735509	0	0	1.144747	1.129528	0.817177	0.151295	1.753899	2.920244	0.94935	1.05777	0.997606
"Dorea longicatena_B"	0.040918	0.10026	0.909574	0.065478	0.712788	1.007979	1.968333	0.888635	0.131921	0.069003	0	0	0	0.095225	0	0.110741	0.118491	1.624175	0	0.128779	0.724188	0.25573	0.667035	0.08865	0.37829	1.107812	1.192022	0	0.575123	0.109901	1.55961	1.449906	0.042258	0	1.26557	1.128966	0	0	1.008255	0.511783	0.236919	0.148393	0.93481	0	0.112009	0	0.08375	0.25609	0.262946	0.158308	1.313024	0	0.835706	1.373874	1.2853	1.216117	0	1.34896	1.424595	1.153758	1.145674	0.954848	0	0	0.995856	0.169291	0.739465	0.684476	1.115766	0.127509	0.033366	0.938109	1.08752	0.888315	0.060876	0.56766	0.13858	1.136776	0	1.323544	1.102225	1.616078	0.102766	0.105417	0.165619	0.178219	0	0	0.219403	1.05231	0.60259	1.678003	0.101771	0.222692	0.192777	0.113535	0.142272
"Dorea muris"	0	0	0	0	0	0	0	0	0	0	0	0	0	0	0	0	0	0	0	0	0	0	0	0	0	0	0	0.040129	0	0	0	0	0	0	0	0	0	0	0	0	0	0	0	0	0	0.026886	0	0	0	0	0	0	0	0	0	0	0	0	0	0	0	0	0	0	0	0	0	0	0	0	0	0	0	0	0	0	0	0	0	0	0	0	0	0	0	0	0	0	0	0	0	0	0	0	0	0	0
"Dorea phocaeensis"	0	0	0	0	0	0	0	0	0	0	0	0	0	0	0.214731	0	0.071095	0	0	0	0	0	0	0	0	0	0	0	0	0	0	0	0	0	0	0	0	0	0	0	0	0	0	0.056138	0	0	0	0	0	0	0	0	0	0	0	0	0	0	0	0	0	0	0	0	0	0	0	0	0	0	0	0	0	0	0	0	0	0	0	0	0	0	0	0	0	0	0	0	0	0	0	0	0	0	0	0	0
"Dorea scindens"	0	0	0	0	0	0	0	0	0	0	1.449415	0.072693	0.056597	0	0	0.095182	0	0	0	0	0	0	0	0	0.031209	0	0	0	0	0	0	0	0	0	0	0	0.098529	0	0	0	0	0	0.088683	1.211485	0	2.019643	0	0	0	0	0	0.17949	0	0	0	0.030729	0	0	0	0	0.045734	0.088356	0.046104	1.23917	0	0	0	0	0	0	0.174886	0	0	0.088136	0	0	0	0	0.109021	0	0.115814	0	0	0	0	0	0.739949	0.097795	0	0	0	0	0	0	0	0	0
"Dorea sp000433215"	0	0.174527	0	0.685247	0.367565	0.80221	0	0	0	0	0	0	0	0.574149	0	0	0	0.034718	0	0	1.050735	0	0	0	0	0	0	0	0	1.821885	0.4081	0	0	0	0	0	0	0	0	0	0.527388	0	0	0	0	0	0	0	0	1.637044	0	0	0	0.027822	0	0	0	0	0	0	0	0	0	0	0.938907	0	0	0.47968	0	0.990703	0	1.524645	0	0	0	0.313122	0	0.791748	0	0	0	0	0.612483	0	0.930922	0	0	0	0	0	0	0	0	0	0	0	0
"Dorea sp000433535"	0	0	0	0	0	0.591405	0	0	0	0	0	0	0	0	0.206227	0	0	0	0	0	0	0	0	0	0	0	0	0	0	0	0	0	0.039007	0.842455	0	0.069867	0	0	0	0	0	0	0	0	0	0	0	0.959351	0	0	0	0	0	0	0	0	0	0	0	0	0	0	0	0	0	0	0	0	0	0	1.00214	0	0	0	0.127928	0	0	0	0	0	0	0	0	0	0	0	0.661823	0	0	0	0	0.461388	0	0.036733	0	0.123943	0
"Dorea sp000509125"	0	0	0	0	0	0	0	0	0	0	0.065444	0.908248	0.921853	0	0	0.91613	0.063195	0	0.089814	0.062312	0.265696	0	0	0	0.21468	0	0	0	0	0	0	0	0	0	0	0	0.799657	0.101639	0.035893	0	0	0	0.799605	0.056138	0	0.101219	0.04496	0	0	0	0.190399	1.166143	0.053395	0	0	0.167612	0	0	0	0	0.327114	0.870508	1.164399	0	0	0	0	0	0	0	0.905493	0	0	0.850432	0.055583	0	0.042952	0.049938	1.101999	0	0.705864	0.127585	0	0	0	0	0.054778	0.858216	0	0	0.150959	0	0	0	0	0	0
"Dorea sp000765215"	0	0	0	0	0	0	0	0	0	0	0	0	0	0	0.063782	0	0	0	0.063468	0	0	0	0	0	0	0	0	0	0	0	0	0	0	0	0	0	0	0.030976	0	0	0	0	0	0.129479	0	0	0	0	0	0	0	0	0	0	0	0	0	0	0	0	0	0	0	0	0	0	0	0	0	0	0	0	0	0	0	0	0	0	0	0	0	0	0	0	0	0	0	0	0	0	0	0	0	0	0	0	0
"Dorea sp001185345"	0	0	0	0	0	0	0	0	0	0	0	0	0	0	0	0	0	0	0	0	0	0	0	0	0	0	0	0.047332	0	0	0	0	0	0	0	0	0	0	0	0	0	0	0	0	0	0	0	0	0	0	0	0	0	0	0	0	0	0	0	0	0	0	0	0	0	0	0	0	0	0	0	0	0	0	0	0	0	0	0	0	0	0	0	0	0	0	0	0	0	0	0	0	0	0	0	0	0
"Dorea sp002160985"	0	0	0	0	0	0	0	0	0	0	0	0	0	0	0.051025	0	0	0	0	0	0	0	0	0	0	0	0	0	0	0	0	0	0	0	0	0	0	0	0	0	0	0	0	0.04165	0	0	0	0	0	0	0	0	0	0	0	0	0	0	0	0	0	0	0	0	0	0	0	0	0	0	0	0	0	0	0	0	0	0	0	0	0	0	0	0	0	0	0	0	0	0	0	0	0	0	0	0	0
"Dorea sp900066555"	0.557121	1.583736	0.526205	0.282008	0	1.461965	0	0	0	0.108296	0	0.029244	0.030014	1.201512	0.039332	0	0	0	0	0	1.001331	0.062628	0	0.882677	0	0	0.84674	0.048361	0.640831	0.794884	1.443862	0.469867	0.521183	1.399304	0.081762	0	0.027131	0	0.423369	0	0.063287	0.870906	0	0.972447	0.551235	0	0.031737	0.088646	1.385001	0.502806	0.032253	0.039162	0	0	0.622264	0	0.97916	0	0	0.292403	0	0	0	0.166688	0.249526	0.057298	0.219508	1.101352	0.723101	0.204787	0	0	0.450558	0.039429	0	0.488874	0	0.049938	0.043216	0.033176	0.037939	0.038883	0.068236	0.665714	0.123759	0	0	0	0.445505	0	0.357437	0.042513	1.205393	0.027549	0.102508	1.080478	0.068154
"Dorea sp900066765"	0	0	0	0	0	0	0	0	0	0	0	0	0	0	0	0	0	0	0	0	0	0	0	0	0	0	0	0	0	0	0	0	0	0	0	0	0	0	0	0	0	0	0	0	0	0	0	0	0	0	0	0	0	0	0	0	0	0	0	0	0	0	0	0	0	0	0	0	0	0	0	0	0	0	0	0	0	0	0	0	0	0	0	0	0	0	0	0	0	0	0	0	0	0	0	0.098397	0
"Dorea sp900240315"	0	0	0	0	0	0	0	0	0	0	0	0	0	0	0	0	0	0	0	0	0	0	0	0	0	0	0	0	0	0	0	0	0	0	0	0	0	0	0	0	0	0	0	0	0	0	0	0	0	0	0	0	0	0	0	0	0	0	0	0	0	0	0	0	0.169348	0	0	0	0	0	0	0	0	0	0	0	0	0	0	0	0	0	0	0	0	0	0	0	0	0	0	0	0	0	0	0	0
"Dorea sp900312975"	0	0	0	0	0.200359	0	0	0	0	0	0	0	0	0	0	0	0	0	0	0	0	0	0	0	0	0	0	0	0	0	0	0	0	0	0	0	0	0	0	0	0	0	0	0	0	0	0	0	0	0	0	0	0	0	0	0	0	0	0	0	0	0	0	0	0	0	0	0	0	0	0	0	0	0	0	0	0	0	0	0	0	0	0	0	0	0	0	0	0	0	0	0	0	0	0	0	0
"Eisenbergiella massiliensis"	0	0	0	0	0	0.773431	0	0	0	0	0	0	0	0	0	0	0	0	0.056283	0	0.038559	0	0	0	0	0	0	0	0	1.408811	0	0	0	0	0	0	0	0	0	0	0	0	2.719383	0.047083	0	0	0	0.157594	0	0	0	0	0	0	0	0	0	0	0	0	0	0	0	0	0	0	0	0	0	0	1.695929	0	0	0	0	0	0	0	0.1267	0	0	0	0.055082	0	0	0.031118	1.109924	0	0	0	0	0	0	0	0	0	0
"Eisenbergiella sp003478085"	0	0	0	0	0	0	0	0	0	0	0	0	0	0	0	0	0	0	0.043111	0	0	0	0	0	0	0	0	0	0	0	0	0	0	0	0	0	0	0	0	0	0	0	0	0	0	0	0	0	0	0	0	0	0	0	0	0	0	0	0	0	0	0	0	0	0	0	0	0	0	0	0	0	0	0	0	0	0	0	0	0	0	0	0	0	0	0.033004	0	0	0	0	0	0	0	0	0	0	0
"Eisenbergiella sp900066775"	0.037771	0.088192	0.180555	0.479089	0.338016	0.369089	0.034151	0.549438	0	0	0	0	0	0.756197	0.09142	0.415507	0.230906	0.031699	0	0	0	0.388814	0.233022	0.231559	0	0	0	0	0.157558	0.52487	0.096655	0.365923	0.054177	0	0.655835	0	0	0	0	0	0.348076	0.353693	0	0	0	0	0.535999	0	0.057803	0.074656	0	0	0.239467	0	0	0.473038	0	0.476282	0	0.394568	0.286806	0	0	0.501896	0.197073	0.24482	0.0913	0.266691	0	0.655317	0	0.284566	0.305024	0.249718	0	0	0.198551	0.384979	0	0.28636	0	0.027947	0.432438	0.539358	0.452266	0	0	0	0.364276	0.629411	0.310652	0.030009	0.859107	0.029845	0	0.087044	0.489858
"Eisenbergiella tayi"	0	0	0.260938	0.05316	0	0.055399	0	0.044549	0.539109	0	0.046132	0	0	0.100826	0	0	0.043143	0	5.045146	0.066467	2.709379	0	0.04164	0	0	0	0.058331	1.252238	0.05723	0.039792	0	0	0	0.05026	0	0.03327	0	0	0	0.043968	0	0	0.540097	0.05161	0	0	0	0.089631	0	0	0	0.078323	0.044496	0	0	0	0.03241	0.034381	0	0	0.05116	0	0.035382	0.897551	0.039714	0	0.098423	0	0.039442	0.036321	0.915848	0	0	0.044068	0	0	0.066454	0.051754	0	0	0	0	0.046861	0.126356	0	3.900084	0.059268	0.144407	0.056944	0	0	0	0.074015	0	0.045899	0.077582	0.589533
"Enterocloster aldenensis"	0	0	0	0	0	1.477074	0	0	0.113223	0.202216	0	0.130347	0.030871	0	0.047836	0	0	0	0.134122	0.043619	0	0	0.087283	0	0	0	0	0.31486	0	0.048318	0	1.009737	0	0	0.04349	0.038815	0.088533	0	0	0	0	0	0	0.060665	0	3.189992	0	0.211766	0	0	0.112367	0.13489	0	0	0	0	0.166958	0	0	0	0	0.562266	0	0.119063	0.159607	0	0	0	0	0	2.058357	0	0	0	0	0	0	0	0.053037	0	0.986412	0.046174	0.152915	0	0	2.287622	0.036818	0.23946	0	0	0	0.10128	0	0.059691	0	0.091774	0.148235
"Enterocloster asparagiformis"	0	0.031563	0	0	0	0.178429	0	0	0.229563	0.127463	0.039695	0.128675	0	0	0.772821	0	0	0	3.19498	0.050888	0	0	0.353136	0	0	0	0	2.01778	0	0.072951	0	0	0	0.060631	0.186139	0	0	0.042591	0	0.195216	0	0.083561	0.057426	1.589055	0	0.042702	0	0.075842	0	0	0	0.188193	0.038023	0	1.462951	0	1.791361	0.093032	0	0	0.079065	0.155627	2.26125	0.119979	0	0	0	0	0	0	4.487194	0	0	0	0.142044	0	0.059971	0	0.08152	0	0.071884	0	0.299254	0	0	3.305076	0.437324	1.061117	0.067831	0	0	0.157547	0	0	0	0.40305	0.062191
"Enterocloster bolteae"	0	0.05013	0	0	0	0.079142	0.377212	0	0.709463	0.060377	1.181204	2.891019	0.24011	0.035009	3.110417	0	0	0.150946	4.822408	0.297022	0	0	0.138532	0	0	0	0.047982	3.954273	0	0.300332	0	2.228421	0	0.11488	0.738466	0.505706	1.168071	1.437463	0	0.061555	0	0	2.120406	0.611175	0	3.988676	0	2.718489	0	0	2.047569	2.345339	0.098699	0.564388	0.066012	0.215102	0.668814	0.222467	0	0	0.158906	0.05221	0.14689	0.361768	0.058448	0	0	0	0	0	0.360126	0.059176	0	0	1.388681	0	0.11832	0.033595	0.345725	0.038414	0.179711	0	0.693051	0	0.03185	3.515356	0.296339	1.803259	0	0	0	0.797739	0	0.840259	0	2.553598	0.205314
"Enterocloster citroniae"	0	0.127182	0	0	0	0.520178	0	0	0.079983	0	0.156636	0.436995	0.087469	0	0.082916	0	0.060765	0	1.317271	0	0	0	0.037636	0	0	0	0	0.43319	0	0	0	0.112429	0.055261	0.055845	0.065236	0.084284	0	0.076471	0	0	0	0.070595	0	0.151209	0	0.061681	0	0.095541	0	0	0.046819	0.07506	0	0	0.054363	0.067045	0.211153	0	0	0	0.131776	0.109441	0	0.05312	0	0	0	0	0.06223	0	0.302598	0.040901	0	0	0.091755	0	0	0	0.07661	0	0.646958	0.159178	0.049328	0	0.03276	1.339947	0.235275	0.108762	0	0	0	0.038762	0.038329	0	0	0.071906	0.229168
"Enterocloster clostridioformis"	0	0	0	0	0	0.05396	0	0	0.09141	0	0.093338	0.337564	0.085754	0	0.234929	0	0	0.039246	4.15539	0.088276	0	0	0.116911	0	0	0	0	0.083345	0	0	0	0.142127	0	0	0.095679	0.075412	0.078538	0.086151	0	0	0	0	0.637503	0.138533	0.031463	0.999541	0.0335	0.106376	0	0	0.104043	0.1697	0	0.056969	0.048539	0.040972	0.082497	0.05865	0	0	0	0.026105	0	0.160277	0	0	0	0	0.031553	0	4.382493	0	0	0.037883	0.095284	0	0.051056	0	0.052055	0	0.140773	0	0.067414	0	0.04004	0.116927	0.109556	0.154461	0	0	0	0.175053	0.037008	0.101015	0	0.834484	0.07497
"Enterocloster clostridioformis_A"	0	0	0	0	0	0	0	0	0	0	0	0	0	0	0	0	0	0	0	0	0	0	0	0	0	0	0	0	0	0	0	0	0	0	0	0	0	0	0	0	0	0	0	0	0	0.05061	0	0	0	0	0	0	0	0	0	0	0	0	0	0	0	0	0	0	0	0	0	0	0	0	0.036818	0	0	0	0	0	0	0	0	0	0	0	0	0	0	0	0	0	0	0	0	0	0	0	0	0	0
"Enterocloster lavalensis"	0	0	0	0	0	0.2993	0	0	0	0	0.095483	0.690168	0	0	0.100988	0	0	0	0.616722	0.222248	0	0	0	0	0	0	0	0.366308	0	0	0	0	0	0.173916	0.106116	0.037706	0	0.128742	0	0	0	0	0	1.024058	0	0.058517	0	0	0	0	0	0.090289	0	0	0.165031	0	0.240616	0	0	0	0	0	0.383844	0	0.032221	0	0	0	0	0	1.049313	0	0	0	0.03882	0	0	0	0	0	0.194687	0	0	0	0	0.332865	0.088902	0.203815	0	0	0	0.283835	0	0	0	0.14665	0
"Enterocloster sp000155435"	0	0	0	0	0	0	0	0	0	0	0	0.274897	0	0	0.069097	0	0	0	0.7724	0	0	0	0	0	0	0	0	0.080258	0	0	0	0	0	0	0.066105	0	0	0	0	0	0	0	0.045796	0.21459	0	0.042702	0	0	0	0	0	0	0	0	0	0	0	0	0	0	0	0	0	0	0	0	0	0	0	0	0.047173	0	0	0	0	0	0	0	0.060895	0	0	0	0	0	0	0.044319	0	0	0	0	0	0.083775	0	0.146931	0	0	0
"Enterocloster sp000431375"	3.61971	2.640178	0.309169	0	0.185945	1.573483	0.116423	0.218056	1.429313	0	0.363695	0	2.427688	0.899034	0.034017	1.375567	0.052865	4.178176	0	0	0.494038	0.361849	0.132927	0.23538	3.232487	2.711195	1.094176	0.044245	0.308758	0.074846	3.168144	0.028637	2.809622	0.262469	0.296604	3.425713	0.027131	2.395772	2.180475	2.082307	0.180123	1.94279	2.076791	0	3.319993	0	0.759038	2.581579	2.966078	2.70562	2.793558	0.275218	0.324413	0.060943	2.690004	0.513078	2.614366	2.820277	2.867147	0.073101	0.477493	0.22089	0.040743	1.256571	0.733592	0.25654	0.141159	2.567697	1.350664	0.730277	1.445107	0	3.279505	2.009339	2.374167	0.508065	0.143443	2.538679	2.517311	0.247073	0.27356	3.563878	0.232661	0.08159	2.664459	0	0.335851	0.040215	0.133149	2.567026	0.071113	1.194108	0.352895	0.027549	0.131578	0.320737	0.883448
"Enterocloster sp001517625"	0.179412	0.710175	0	0	0	0	0	0	0.037395	0.087212	0.499946	0	0.953582	0	1.237363	0.052167	0	0	0	0.928455	0	0	0.168961	0	0.070929	0.82826	0	0	0	0	1.317375	0.037123	0	0.388518	0	1.289772	0.058546	0	0.669723	0	0	0	0	0	1.472476	0	0.063474	1.113004	0.463556	0	1.185051	0	0.321986	1.497085	0.90767	0.123847	0	0.059662	0	0	0	1.974959	0.766616	0	0.084674	0	0	0	0.599516	0	0	0.261069	0.41866	0	0.910495	0	0.290938	0	0	0	0	0.047389	0	0	0	0	0	0	0.092116	0	0	0	1.620407	1.898618	0	1.00668	1.002718
"Enterocloster sp005845215"	0	0	0	0	0	0	0	0	0	0	0	0	0	0	0	0	0	0	0	0	0	0	0	0	0	0	0	0	0	0	0	0.029698	0	0	0	0.041033	0.032843	0.02904	0	0	0	0	1.062747	0	0	0	0	0.038413	0	0	0.033294	0.040249	0	0	0	0	0	0.040449	0	0	0	0	0	0	0	0	0	0	0	0	0.039119	0	0	0	0.055583	0	0	0	0	0	0	0	0	0	0	0.03489	0.180497	0.041129	0	0	0	0	0	0	0	0.066229	0
"Eubacterium_F sp000433735"	0	0	0	0	0	0	0	0	0	0	0	0	0	0	0	0	0	0	0	0	0	0	0	0	0	0	0	0	0	0	0	0	0	0	0	0	0	0	0	0	0	0	0	0	0	0	0.971499	0	0	0	0	0	0	0	0	0	0	0	0	0	0	0	0	0	0	0	0	0	0	0	0	0	0	0	0	0	0	0	0	0	0	0	0	0	0	0	0	0	0	0	0	0	0	0	0.936345	0	0
"Eubacterium_F sp000434115"	0	0	0	0	0	0.202891	0	0	0	0	0	0	0	0	0	0	0	0	0	0	0	0	0	0	0	0	0	0	0	0	0	0	0	0	0	0	0	0	0	0	0	0.08284	0	0	0	0	0	0	0	0	0	0	0	0	0	0	0	0	0	0	0	0	0	0	0	0	0.077055	0	0	0	0	0	0	0	0	0	0	0	0	0	0	0	0	0	0	0	0	0	0	0	0	0	0	0	0.116278	0	0
"Eubacterium_F sp003491505"	0	0	1.413519	1.01069	1.637466	0.042449	0	1.595948	0	0	0	0	0	0	0	0.228804	1.327711	0	0	0	0	0	0	0.508208	0	0	0	0	1.663899	0	0	0	0.043342	0	0	0	0	0	1.392469	0	1.759041	0	0	0	0	0	0.054658	2.105844	0	0	0	1.024726	0	0	0	0	0	0	0	0	1.636345	0	0	0	0	0	1.495765	0	1.851138	0.453622	0	0	0	0	0	0.043433	0	2.031125	0	0	0	0	0.458746	0	1.816345	0	0	0	0	0.40135	1.188961	0	0	0	0.071144	0	0
"Eubacterium_G sp000432355"	0	0	0.047612	0.230793	0.064864	0.229511	0	0.039078	0	0	0	0	0	0	0	0	0.354866	0	0	0	0	0	0	0	0	0	0	0	0.065002	0	0	0	0	0	0	0	0	0	0	0	0.815422	0.643995	0	0	0	0	0	0	0	0	0	0	0	0	0	0	0	0	0	0	0	0	0	0	0	0	0	0	0.265575	0.110507	0	0	0	0	0	0	0	0	0	1.075597	0	0	0	0	0	0	0	0	0.232802	0	0.654989	0	0	0	0.072674	0	0
"Eubacterium_G sp000434315"	0	0	0.034627	0	0.854769	0.779907	0	0	0	0	0	0	0.628575	0	0	1.00216	0.423531	0	0	0.741518	0	0	0	0	0	0.404311	0	0	0	0	1.602568	0	0	0	0	0	0	0.542074	0	1.337496	0.51116	0	0	0.38753	0	0	0	0.446187	0	0	0	0	0.379425	0	0	0	0	0.030336	0	0	0	0	0	1.174143	0	0	0.976456	0	0	0	0	0	0	0	1.283691	0	0	0	0	1.138457	0	0	0	0	0.295748	0	0.10776	0	0.947117	0	0.879557	0	0	0	0	0	0.062191
"Eubacterium_G sp000435815"	0	0	0.765502	0	0	0	0	0	0	0	1.280978	0	0	0	0	0	0	0.347175	0	0	0	0	0	0	1.055429	0	0	0	0.823825	0	0	0	0	0	0	0	0	0	0	1.076328	0.081948	0	0	0	0.846988	0	0	0	1.493806	0	0	1.296681	0	0	0	0	0	0	0.275342	0	0.913904	1.241001	0	0	0	0	0	0	0.776566	0	0	0	0.669856	0	0	0	0.321734	0.117128	0	0	0	1.552893	0	0	0	0	0.078126	0	0	0	0.081094	1.309143	0	0	0.091799	0	0
"Eubacterium_G ventriosum"	0.036197	0.272001	0.041429	0.665798	0	0	0	0.468155	0.267996	1.472054	0.260702	0	0.034301	0.749195	0.13713	1.202592	0.073525	0.489064	0	0	0.785039	1.046405	1.096244	0	0	0.032345	1.299276	0	0.932631	0	0	0	0	1.112104	0	0	0	0.874094	1.003361	0	0.658829	1.155445	0	1.138144	0.222759	0	0.993538	0.747584	0	0.732172	0	1.438098	1.021779	0	1.325101	1.186319	0.473375	1.213457	0	0.741576	0	0	0.862041	0	0.988363	0	0.799037	0.070996	0.04996	0.813737	0	0	1.281898	0.855071	1.143412	0	1.246414	0.594719	1.512547	0.376284	0	1.543172	1.010392	0.454158	0	0	0.05388	0	1.102039	1.480597	0.042418	0.053766	0	0.291565	0	0.221394	0
"Eubacterium_I ramulus"	0.09128	0.479948	0.928124	0	0.348106	0.520178	0	0.727634	0	1.109791	0	0	0	0	0.069097	0.175721	0	0	0	0	0	0.046971	0.064862	0.398924	0.087007	0.807467	0.565434	0	0.127884	0.052108	0.046538	0.033941	0.060678	0	0	0	0	0	0.034261	0	0.79027	0.099409	0	0	0	0	1.000591	0	1.509673	0.179895	0.101962	0.125099	0.062294	0.099364	0	1.0364	0	0.111234	0.065843	0.97497	0.935608	0	0	0	0.078679	0	0	1.197834	0	0.035548	0	0	0	0.54273	0.089108	0.494934	0	0.094429	0.095271	0.081194	1.086251	0	0.199776	0	0.294838	0	0	0	0.96889	0.051179	0.324999	0	0.109701	0	0.104803	0	0.974604
"Eubacterium_I ramulus_A"	0	0	0.062452	0	0.19099	0	0	0.176633	0	0.065169	0	0	0	0	1.549893	0.194941	0	0	0	0	0	0.752403	0	0.27512	1.440339	0.477087	0.44595	0	0.862684	0.044529	0.050118	0.027577	0.632788	0.038293	0	0	0	0	0.27572	0	0.696963	0	0	0	0	0	0.052895	0	0.038535	0.435346	1.541919	1.998325	0.932788	2.036301	0	0.046559	0	0.595605	1.089396	0.056367	0.060462	0	0	0	1.273857	0	0.044031	0.645337	0	0.121326	0	0	0	0.814095	1.356037	0	0	1.423694	1.670677	1.276399	0.048921	0	0	0.106861	0.03367	0	0	0	0.057782	0.664428	0.10667	0	1.697066	0	0.243266	0	0.097972
"Faecalimonas nexilis"	0	0	0	0	0	0	0	0	0	0	0	1.300123	0.205809	0	0.055277	0	0	0.040755	0	0	0	0	0	0	0	0.038121	0	1.01352	0	0	0.040571	0	0	0	0	0	2.280451	0	0	0	0	0	0	0.038029	1.915477	1.772921	0	0	0	0	1.046674	1.527299	0	0	0	0.25328	1.468248	0.109211	0	0	0	0	0	0	0	0	0	0	0	0	0	0	0	0	1.296925	0	0	0	0	0	0	0	0	0	0	0.989165	0	1.42579	0	0	0	0.050015	0	2.996005	0	0	0.845111
"Faecalimonas umbilicata"	0	0	0	0	0	0	0.215771	0	0	0.783945	0.090119	1.588389	1.20484	0	2.10373	0	0	1.593986	0	0	0	0	0	0	0	0	0	0	0	0.468025	0	1.086103	0	0	0	0.3449	0.075682	1.448111	0	0	0	0	0	0.705341	1.772005	2.021224	0	0	0	0	0.600329	1.605622	0	1.601749	0	0.620164	0.906484	0	0	0	0	1.458879	0.032166	0.362684	0	0	0	0	0	0	0	0	0	0	1.221051	0	0	0	0	0	0.205669	0	0	0	0	1.305057	0.765991	0	0	0	0	1.903071	0	3.161302	0	0	0
"Frisingicoccus caecimuris"	0	0	0	0	0	0	0	0	0	0	0	0	0	0	0	0	0	0	0	0.061274	0	0	0	0	0	0	0	0	0	0	0	0	0	0	0	0	0	0	0	0	0	0	1.440742	0	0	0	0	0	0	0	0	0	0	0	0	0	0.031427	0	0	0	0	0	0	0	0	0	0.426714	0	0	0	0	0	0	0	0	0	0	0	0	0	0	0	0	0	0	0	0	0	1.303856	0	0	0	0	0	0	0	0
"Fusicatenibacter saccharivorans"	3.478069	2.33847	1.659618	1.549423	1.984851	0.071947	3.064266	0.075811	2.601018	1.838151	2.427851	1.601758	2.034079	2.757317	2.282319	2.443623	1.402451	3.704207	0	2.246362	1.362823	2.211108	1.548674	1.825727	2.102346	2.727367	2.233512	2.087749	1.714064	2.090952	3.230195	2.056596	2.145411	1.665763	1.847471	2.321145	0.042839	2.217662	1.967566	2.224763	2.04383	1.914696	0	0.067908	2.583755	0	2.267418	0.045308	2.092235	1.939268	2.108954	1.860172	2.231247	2.898781	2.071623	0.055871	1.60869	1.943554	2.256607	1.812545	1.802228	2.573371	2.697632	2.166028	1.786397	2.538058	1.634982	2.215446	1.852014	1.29827	2.400074	2.077242	2.319577	2.002381	1.862455	1.670656	1.589218	1.952132	2.11462	1.860469	2.132566	2.656201	1.916373	1.738653	1.764476	0.070722	1.785217	1.965946	1.809655	2.126169	1.1297	2.281934	2.879989	4.952018	1.334904	1.953753	2.012251
"GCA-900066135 sp900066135"	0	0	0.113156	0.070016	0.056216	0.224475	0.035703	0.048457	0	0	1.279906	0	0	0	0	0.101589	0.176826	0	0	0	0.148814	0.094811	0.040038	0.242258	0.034046	0.039276	0.067739	0	0.062175	0	0	0	1.537545	0.23694	0.078283	0	0.027131	0	0.236565	0.107281	0.168764	0.105892	0	0	0	0	0.19571	0	0.034002	0	0.043698	0	0.159375	0	0.212599	0.028866	0.26124	0	0	0.081908	0.048059	0	0.048249	0	0.032221	0	0.164469	0.117417	0.070119	0.080369	0.033366	0.055695	0.039872	0	0.045878	0	0.111837	0.188857	0.360458	0.289853	0.69588	0	0	0.171122	0.03458	0	0	0	0	0.196635	0	0	0	0	0	0	0
"GCA-900066575 sp002160765"	0	0	0	0	0	0	0	0	0	0	0	0	0	0	0	0	0	0	0	0	0	0	0	0	0	0	0	0	0	0	0	0	0	0	0	0	0	0	0	0	0	0	0	0.707152	0	0	0	0	0	0	0	0	0	0	0	0	0	0	0	0	0	0	0	0	0	0	0	0	0	0	0	0	0	0	0	0	0	0	0	0	0	0	0	0	0	0	0	0.045698	0	0	0	0	0	0	0	0	0
"GCA-900066575 sp002160825"	0	0	0	0	0	0	0	0	0	0	0.15449	0	0	0	0	0	0	0	0	0	0	0	0	0	0	0	0	0	0	0	0	0	0	0	0	0	0	0	0	0	0	0	0.036346	0.164791	0	0	0	0	0	0	0	0	0.070384	0	0	0	0	0	0	0	0	0	0	0	0	0	0	0	0	0	0	0	0	0	0	0	0	0	0	0	0	0	0	0	0	0	0	0	0	0	0	0	0	0	0	0	0
"GCA-900066575 sp900066385"	0.034623	0.047345	0.053177	0	0.173692	0.090653	0	0.098477	0	0	0	0	0	0	0	0	0	0	0	0	0	0.071326	0.034433	0	0	0	0	0	0.12647	0.038844	0	0.070003	0.065012	0.303954	0	0	0	0	0.067706	0	0.034889	0.064832	0	0	0	0	0.031737	0	0	0	0	0	0	0	0	0	0	0	0	0.073101	0	0	0	0.041214	0.248027	0.053392	0	0.30583	0.042948	0.140646	0	0.03916	0	0.345585	0	0.061614	0	0.098969	0.76806	0.06286	0.039936	0.038883	0.094544	0	0.03549	0	0	0	0	0.096971	0.523368	0	0.713719	0.032141	0.115513	0	0.103935
"GCA-900066755 sp900066755"	0	0	0	0	0	0	0	0	0	0	0	0	0	0	0	0	0	0	0	0	0	0	0	0	0	0	0	0	0	0	0	0	0	0	0	0	0	0	0	0	0	0	0	0	0	0	0	0	0	0	0	0	0	0	0	0	0	0	0	0	0	0	0	0.033887	0	0	0	0	0	0	0	0	0	0	0	0	0	0	0	0	0	0	0	0	0	0	0	0.095053	0	0	0	0	0	0	0	0	0
"Hespellia stercorisuis"	0	0	0	0	0	0	0	0	0	0	0	0	0	0	0	0	0	0	0	0	0	0	0	0	0	0	0	0	0	0	0	0	0	0	0	0	0	0	0	0	0	0	0	0	0	0.028468	0	0	0	0	0	0	0	0	0	0	0	0	0	0	0	0	0.032166	0	0	0	0	0	0	0	0	0	0	0	0	0	0	0	0	0	0	0	0	0	0	0	0	0	0	0	0	0	0	0	0	0	0
"Hungatella amygdalina"	0	0	0	0	0	0	0	0	0	0	0	0	0	0	0	0	0	0	0	0	0	0	0	0	0	0	0	0	0	0	0	0	0	0	0	0	0	0	0	0	0	0	0	0	0	0.056936	0	0	0	0	0	0	0	0	0	0	0	0	0	0	0	0	0	0	0	0	0	0	0	0	0	0	0	0	0	0	0	0	0	0	0	0	0	0	0	0	0	0	0	0	0	0	0	0	0	0	0
"Hungatella effluvii"	0	0	0	0	0	0.186343	0	0	0.100758	0	0	0.0752	0.798367	0	0.029765	0	0	0	0	0	0	0	0.04164	0	0	0	0	0.150227	0	0	0.038185	0.132581	0	0	0.064366	0	0	0.127774	0	0	0	0.070595	2.170563	0.084206	0	0.069588	0	0	0	0	0	0.045688	0	0	0	0.135952	0.066783	0	0	0	0	0.211854	0.164045	0	0	0	0	0	0.031553	0	0.169133	0	0	0	0	0	0	0	0	0	0.153752	0	0.037818	0	0	0.973135	0.069146	0.032903	0	0	0	0.03251	0.056833	0	0	0.035953	0.18146
"Hungatella sp005845265"	0	0	0	0	0	0.071228	0	0	0	0	0	0.047627	0.056597	0	0	0	0.202347	0	0	0	0	0	0	0	0	0	0	0.032927	0	0	0	0	0	0	0.041751	0	0.047123	0	0	0	0	0	2.090602	0.453628	0	0.211928	0	0	0	0	0	0	0	0	0	0	0.134549	0	0	0	0	0	0	0.036635	0	0	0	0	0	0	0.857169	0	0	0	0	0	0	0	0.042233	0	0.085862	0	0	0	0	0.060349	0	0	0	0	0	0	0	0	0	0	0.046856
"Hungatella_A hathewayi_A"	0	0	0	0	0	0	0	0	0	0	0.042914	0	0	0	0	0	0	0	0	0	0	0	0	0	0	0	0	0	0	0	0	0	0	0	0	0	0	0	0	0	0	0	0	0.038029	0	0	0	0	0	0	0	0	0	0	0	0	0	0	0	0	0	0	0	0	0	0	0	0	0	0	0	0	0	0	0	0	0	0	0	0	0	0	0	0	0	0.027346	0	0	0.039359	0	0	0	0	0	0	0	0
"KLE1615 sp900066985"	0	0.034348	0.353071	0.430467	0.43315	0.368369	0.298044	0.483787	0.578581	0.704401	0	0	0.343015	0	0.569782	0.333138	0.312939	0.759257	0	0.475651	0.422945	0.583656	0.37796	0.562468	0.489885	0	0.516511	0	0.466316	0	0.581125	0.619418	0.602449	0	0.561895	0	0	0.47141	0.391555	0.472212	0.547672	0.485517	0	0.46902	0	1.146626	0.570381	0.636284	0.147341	0.13672	0	0	0.471652	0.074192	0.387337	0.460932	0.515606	0	0.676383	0.749502	0.5085	0.675723	0.658325	0	0.36717	0.177104	0.308866	0.488782	0	0.595813	0	0	0.330941	0.432947	0.232917	0.154541	0.443295	0.719111	0.639395	0.624231	0.557103	0.618484	0	0.511199	0.593315	0	0	0	0.543483	0.569253	0.369913	0.620186	0.297383	0	0.550026	0.505232	0.091156
"Lachnoclostridium_A edouardi"	0	0	0	0	0	0	0	0	0	0	0	0	0	0	0.039332	0	0	0	0	0.046734	0	0	0	0	0	0	0	0	0	0	0	0	0	0	0	0	0	0	0	0	0	0	0	0	0	0	0	0	0	0	0	0	0	0	0	0	0	0	0	0	0	0	0	0	0	0	0	0	0	0	0	0	0	0	0	0	0	0	0	0	0.194687	0	0	0	0	0	0	0	0	0	0	0	0	0	0	0	0.487302
"Lachnoclostridium_A sp002160755"	0	0	0	0	0	0	0	0	0	0	0	0	0	0	0	0	0	0	0	0	0	0	0	0	0	0	0	0	0	0	0	0	0	0	0	0	0	0	0	0	0	0	0	0.079679	0	0	0	0	0	0	0	0	0	0	0	0	0	0	0	0	0	0	0	0	0	0	0	0	0	0	0	0	0	0	0	0	0	0	0	0	0	0	0	0	0	0	0	0	0	0	0	0	0	0	0	0	0
"Lachnoclostridium_A sp003464085"	0	0	0	0	0	0	0	0	0	0	0	0	0	0	0	0	0	0	0	0	0	0	0	0	0	0	0	0.131706	0	0	0	0	0	0	0	0	0	0	0	0	0	0	0	0.28431	0	0	0	0	0	0	0	0	0	0	0	0	0	0	0	0	0	0	0	0	0	0	0	0	0	0	0	0	0	0	0	0	0	0	0	0	0	0	0	0	0	0	0	0	0	0	0	0	0	0	0	0	0
"Lachnospira eligens"	0	0.032492	0	0	0	0	0	0	0	0	0	0	0	0	0	0	0	0	0	0	0	0	0	0.39281	0	0	0	0	0	0	0	0	0	0	0	0	0	0	0	0	0	0	0	0	0	0	0	0	0	0	0	0	0	0	0	0	0	0	0	0	0	0	0	0	0	0	0	0	0.043824	0	0	0	0	0	0	0.066665	0	0	0	0.034922	0	0	0	0	0	0	0	0	0	0	0	0	0.04626	0	0	0	0
"Lachnospira eligens_B"	0.514628	1.326587	0.999233	0.751373	1.185577	0.349663	0.076063	1.27629	1.69731	0	1.08572	0.035929	1.081355	0	0.214731	0.036609	0.937601	0.040755	0	0.045696	0.334982	1.418693	1.28202	0.457769	1.53964	0.623794	0	0	0.830183	0	0.051311	0	0.979521	0.62147	0	0.032161	0	1.562334	0.245538	1.311115	1.372019	1.378754	0	1.727588	0.191296	2.543137	1.362038	0	0	0.058466	0	1.835152	1.373698	0.033121	1.672637	1.604417	1.591012	1.575472	1.218089	1.556252	1.368918	1.645632	1.647957	0	1.24763	0	0.308218	0.334957	1.242857	0.782053	0	1.389759	1.380582	1.273329	0.073228	1.387837	1.117558	0.528438	1.443795	1.388149	1.585447	1.884614	0.05015	1.308322	1.29037	0	1.410753	0	0.037684	1.508431	1.06233	0.03376	1.712926	0	0.107863	0.039737	1.219959
"Lachnospira rogosae"	0.050361	0.068697	0.05936	0.623659	0.075675	0.050363	0.066749	0.639317	0.726083	0.562562	0	0.03008	0	0.876628	0.67077	0.804474	0.528654	0.064907	0	0.041542	0	0.670639	0	0.333201	0.698891	0	0.051745	0	0.405553	0	0.036992	0	0.686965	0	0.784566	0	0	0.064855	0	0.079142	0.555785	0.47039	0	0.629284	0	0	0.074053	0	0	0.63323	0	0.057654	0	0	0	0.06332	0	0.636054	0.433963	0.620035	0.552683	0.039158	0.693707	0	0.547758	0	0.053744	0.048241	0.619675	0.508489	0	0.649192	0	0.459233	0	0.634324	0.56972	0.690964	0	0.608516	0	0.855428	0.601795	0.283037	0	0.626126	0.575616	0	0.608801	0.668019	0.515882	0.043763	0	0	0.529372	0	0.626166
"Lachnospira sp000436475"	0.49889	1.727627	1.307165	0.110858	0.205404	0.041729	0.063645	1.727251	0.044666	0.972744	0	1.370309	0	0.035009	0	0.120808	0.067449	0.256608	0	1.41553	1.313419	0.303571	0	0.919359	0.087952	0	0	0	0.219027	0	1.942651	0	0.073681	0	0.102637	0	0	2.169262	0	0.2172	1.344433	0.045382	0	0.04165	0	0	0.151631	0	0.250479	0.039577	0	2.070121	0.031551	0	0	0	0	0.055617	0.06285	0.061651	1.065834	1.667721	0	0	0.053952	0	0	1.552815	0.059601	0	0	0.675299	0	0.040202	0	0.056564	0	0.546597	0	0.084686	0	0.080196	0.051794	0.054874	0	0.039604	0.088004	0	1.409371	1.655683	0.820296	2.056867	0	0	0.091799	0	0.385923
"Lachnospira sp000436535"	0	0	0	0	1.616565	0	0.249922	0.041423	0	0	0	0	0	0	0	0	0	2.91778	0	0	0	1.659636	0	0	0	0	0	0	0.974317	0	0	0	0	0	0.066975	0	0	0.036784	0	1.828174	0.0357	0	0	0	0	0	1.854839	0	0	0	0	0	0	0	0	0	0	0	0	0	0	0	0	0	0	0	0	0	0	0	0	0.055695	0	0	0	0	0	0	0	0	0	0	0	0	0	0	0.039512	0	0.039359	0.033221	0	0	0	0	0	0	0
"Lachnospira sp000437735"	0	0	0	0.684599	0.745941	0.148211	0	0.797193	0.701153	0	1.102886	0.594915	0	0	0	0.386221	0	0	0	0	0.121702	0.547993	0.566139	0	1.03746	0	0	1.104069	0.682517	0	0	1.093528	0.837577	0.847241	0	0	0	0.195534	0.861422	0	0.076268	0.551069	0	0.832103	1.346623	0	0.928301	0	0	1.031698	1.189213	0	0	1.41097	0	0	0	0.122357	0.912818	0.271265	0.059687	0	0	0.90213	0.748578	0	0	0	0	0	0	0.154031	0.455542	0	0	0.081816	0.577824	0.744534	1.046015	0	0	0	0.042751	0	0	1.064602	0.060166	0.953269	0	0	0.417945	0	0.162569	0	0	0.992488	0
"Lachnospira sp003451515"	0	0.06684	0.038337	0.047325	0.071351	0.043888	0	0.046894	0.046744	0	0.063298	0	0.044592	0	0	0	0.040105	0	0	0	0	0.076545	0.043241	0.07413	0.044449	0.050828	0	0	0.042392	0	0	0	0.048759	0	0	0	0	0.062919	0	0.062434	0.411362	0.038899	0	0.065192	0	0.074333	0.052013	0	0	0	0	0.068533	0	0	0.048539	0.046559	0.049105	0.059662	0.050878	0	0	0.062251	0.069692	0	0.047208	0	0.502474	0	0.052589	0.04173	0	0.053084	0.056818	0.038656	0	0.084846	0.054298	0.037227	0.043216	0.070717	0.046924	0.075336	0	0	0.05278	0	0.054778	0	0	0.050281	0.043666	0	0.120275	0	0.082619	0	0.076673
"Lachnospira sp003537285"	0.037771	0.071482	0	0.057698	0.054054	0	0	0.041423	0.04986	0	0.079391	0	0.051452	0	0	0	0	0	0	0	0	0.065237	0.04164	0.161251	0.042558	0.046207	0	0	0.039566	0	0	0	0.066096	0.036698	0	0	0	0.059047	0	0.046606	0.058418	0	0	0.075152	0	0.031631	0.04496	0	0	0	0	0.055479	0.033978	0	0.033006	0.060526	0.048123	0.071796	0.047886	0	0	0.050202	0.051465	0	0.030722	0	0.044031	0	0.071872	0.044821	0	0.053954	0.067783	0	0	0.351505	0.043762	0	0.069734	0.069844	0.033945	0.092347	0	0	0.05187	0	0.04939	0	0	0.041302	0.041171	0	0.091197	0	0	0	0.051116
"Lachnospira sp900316325"	0	0	0	0	0.996029	0.069789	1.651661	0.808134	0	0	0	0	0	0.126033	0	0.887758	0.540807	0	0	0	0	1.217762	0	0.828417	0.988282	0	0	0	0.039566	0	0	0	0	0	0	0	0	0	0	0	0.0357	0	0	0	0.270583	0	0.333236	0	0	0	0	0	0	0	0	0.977736	0	0	0	0.046679	0.995295	0	0	0	0	0	0.155404	0.487871	0	0.103552	0	0.104428	0	0	0.702281	0	0	0	0.395816	0.77003	0	1.340251	0	0	0	0	0.962652	0	0	1.110672	0.690546	0	0	0.027549	0.954705	0	0.062191
"Lactonifactor longoviformis"	0	0	0	0	0	0.388514	0	0	0	0	0.065444	0	0	0	0	0	0	0	0	0	0.056031	0	0.083279	0	0	0	0.039515	0	0	0	0	0	0.047676	0	0	0	0	0	0	0	0	0	0	0.045272	0	0	0	0.036444	0	0	0	0	0	0	0	0	0	0	0	0	0	0	0	0.2482	0.12289	0	0	0	0	0	0.26578	0	0	0.054118	0	0	0	0	0	0	0	0	0	0	0	0	0.036818	0.361017	0	0	0	0	0	0	0	0	0
"Marvinbryantia formatexigens"	0	0	0	0	0	0	0	0	0	0	0	0	0	0	0	0	0	0	0	0	0	0	0	0	0	0	0	0	0	0	0	0	0	0	0	0	0	0	0	0	0	0	0	0	0	0	0	0	0	0	0	0	0	0	0	0	0	0	0	0	0	0	0	0	0	0	0	0	0	0	0	0	0	0	0	0	0	0	0	0	0	0	0	0	0	0	0	0	0	0	0	0.035011	0	0	0	0	0
"Mediterraneibacter faecis"	0.465841	1.033234	1.125992	0.19384	1.02774	0.997906	0.041912	0.847994	0.057131	1.289006	0.03755	0.049298	0.072033	0.046212	1.24693	0.176636	0.830655	0.092077	0	0.040503	0.852517	0.380116	0.062459	0.573167	0.053906	1.639193	1.042431	0.043216	1.147419	0.051161	1.880601	0.041365	1.32192	1.104924	0.942001	1.589203	1.854919	0.055175	0.047313	0.05452	0.924957	0.08212	0	0	1.671323	0	0.794302	0.036444	0.983781	0.391272	0.035375	0.031547	0.050159	0.034446	1.233849	0.067976	1.308165	0.047527	0.538713	1.345757	1.064283	1.513098	0.049321	0.076017	0.872217	0	0.333471	1.564648	1.200785	1.02316	0	1.248782	1.642743	0.620042	0.055583	0.509075	0.088335	0.040859	0.039287	1.209174	0.038937	0.080196	1.110691	0.855608	0.084629	0.031118	0.05388	0	0.76791	1.193277	0.855852	1.609233	0.101771	0.061986	0.251681	0.042576	1.076835
"Mediterraneibacter lactaris"	0	0	0.792709	0	0	0	0	0	1.267269	0	0	0	0	0	0	1.083614	0	0	0	0	0	0	0	0	0.662953	0	0	0	0.834423	0	0	0	0	0	1.051597	0	2.017707	0.02904	1.01315	0	0	0	0	1.1309	0	0	0.231855	0	0	0	0	0	1.021779	0	0	1.220773	0	0	0.416006	0	0	0	0	0	0	0	0	0	0	0	0	1.038186	1.218102	0.329349	0	0	0	0	0	0	0	0	0	0	0	0	0	0	0	1.09451	0.751678	0	0	0	0.838427	0	0
"Mediterraneibacter massiliensis"	0	0	0	0	0	0	0	0	0.031162	0	0	0	0	0.047612	0	0.051252	0	0	0.045506	0	0	0	0	0	0	0	0	0	0	0	0	0	0	0	0	0	0	0	0	0	0	0	0	0	0	0	0	0	0	0	0	0	0	0	0	0	0	0	0	0	0	0	0	0	0.03297	0	0	0	0	0	0	0	0	0	0	0	0	0	0	0	0	0	0	0	0	0	0	0	0	0	0	0	0	0	0	0	0
"Mediterraneibacter sp002160525"	0	0	0	0	0	0	0	0	0	0	0	0	0	0	0	0	0	0	0	0	0	0	0	0	0	0	0	0	0	0	0	0	0	0	0	0	0	0	0	0	0	0	0	0.058854	0	0	0	0	0	0	0	0	0	0	0	0	0	0	0	0	0	0	0	0	0	0	0	0	0	0	0	0	0	0	0	0	0	0	0	0	0	0	0	0	0	0	0	0	0	0	0	0	0	0	0	0	0
"Mediterraneibacter sp900120155"	0	0	0	0	0	0	0	0	0	0	0	0	0	0	0	0	0.144013	0	0	0	0.188578	0	0	0	0	0	0	0	0	0	0	0	0	0	0	0	0	0	0	0	0	0	0	0	0	0	0	0	0	0	0	0	0	0	0	0	0	0	0	0	0	0	0	0	0	0	0	0	0	0	0	0	0	0	0	0	0	0	0	0	0	0	0	0	0	0	0	0	0	0	0.16905	0	0	0	0	0	0
"Mediterraneibacter torques"	0.135346	0.541218	0.697485	1.076816	0.090089	1.163385	0	0	0	0.304761	1.00633	1.301794	0.966445	0.497129	1.739112	0.211415	0.712771	2.357771	1.981894	1.703206	0.927226	0.553212	0.838398	0	1.555717	1.766262	0.295418	1.302657	0.567351	1.106585	0.059664	1.662035	0	1.331493	0	1.101241	0.068542	0.037752	1.302738	1.110623	0.05355	0.726835	1.17033	1.261284	1.125123	0	0	1.58283	0	1.429265	1.71463	0.548261	0.388324	0.035771	0.125229	0	0.045177	1.446037	1.065454	1.374822	1.292953	0.793197	0.198355	1.436082	1.088024	0.123712	0	0.036408	1.173614	1.151442	0	1.095621	0	0.468511	1.470731	0	1.234258	1.09955	0.852527	0.055002	0.047923	0.027947	1.428853	0	0.227498	1.452159	1.389201	0.060322	0.535109	0.596189	0	1.870561	0	0.149226	0	1.524211	1.351156
"Mediterraneibacter_A butyricigenes"	0	0	0	0	0	0	0	0	0	0	0	0	0	0	0	0.092437	0	0	0	0	0	0	0	0	0	0	0	0	0	0	0	0.044547	0.079098	0	0	0	0	0	0.090547	0.043968	0.111968	0.105171	0	0	0	0	0	0	0	0	0	0	0.444955	0	0	0	0	0	0	0	0.035657	0	0.55325	0	0.050954	0	0	0	0	0	0	0	0	0	0	0	0.113458	0	0	0	0.039936	0	0	0.04982	0	0	0.056574	0	0	0	0	0	0.043616	0	0	0	0
"Muricomes contorta_B"	0	0	0	0	0	0	0	0	0.25657	0	0.042914	0	0.729764	0	0.030828	0	0.271011	0	0.052691	0	0	0	0.070467	0	0	0	0	0	0	0.152534	0	0.569568	0	0	0	0	0	1.102539	0.45192	0.561906	0	0	0.062515	0.338636	0	0.072751	0	0.062052	0	0	0.101962	0	0	0	0	0	0.949697	0	0	0	0	1.026135	0.79771	0	0	0	0	0	0	0	1.011345	0	0	0.048707	0	0	0	0	0	0	0.076876	0	0	0	0	0.089581	0.324177	0.059408	0	0	0	0.158798	0	0	0	0	0
"Muricomes fissicatena"	0	0	0	0	0	0	0	0	0	0.14663	0	0	0	0	0	0	0	0	0	0	0	0	0	0	0	0	0	0	0	0	0	0	0	0	0	0	0	0.403651	0	0	0	0	1.010409	0	0	0	0	0	0	0	0	0	0	0	0	0	0.038302	0	0	0	0	0.036146	0	0	0	0	0	0	0	0	0.033366	0	0	0	0	0	0	0	0	0	0	0	0	0	0	4.078303	0	0.989828	0	0	0	0	0	0	0	0	0
"Muricomes orotica"	0	0	0	0	0	0	0	0	0	0	0	0	0	0	0	0	0	0	0	0	0	0	0	0	0	0	0	0.872554	0	0	0	0	0	0	0	0	0	0	0	0	0	0	0.055245	0	0	0.05061	0	0	0	0	0	0	0	0	0	0	0	0	0	0	0	0	0	0	0	0	0	0	0	0	0	0	0	0	0	0	0	0	0.066788	0	0	0	0	0	0	0.052806	0	0.179138	0	0	0	0	0	0	0	0	0
"Muricomes sp000509105"	0	0	0	0	0	0	0	0	0	0	0	0.132853	0.069461	0	0	0	0	0	0	0	0	0	0.454032	0	0	0	0	0	0	0	0	0.058336	0	0	0	0	0.039983	0.084215	0.077495	0.153007	0	0	0.13884	0	0	0	0	0	0	0	0	0	0	0	0	0	0.206242	0	0	0	0	0.113457	0.075053	0.139212	0	0	0	0	0	0	0.352072	0	0	0	0	0	0.035658	0	0	0	0	0	0	0	0	0.06695	0.04939	0	0	0	0	0	0	0	0	0	0
"Robinsoniella peoriensis"	0	0	0	0	0	0	0	0	0	0	0	0	0	0	0	0	0	0	0	0	0	0	0	0	0	0	0	0	0	0	0	0	0	0	0	0	0	0	0	0	0	0	0	0	0	0	0	0	0	0	0	0	0	0	0	0	0	0	0	0	0	0	0	0	0	0	0	0	0	0	0	0	0	0	0	0	0	0	0	0	0	0	0	0	0	0	0	0.031989	0	0	0	0	0	0	0	0	0
"Roseburia hominis"	0	0	0.868146	0.941971	0.265944	0	0	0	0.150618	0.255884	0.087973	0	1.0239	0	0.030828	0.760543	0.446014	0	0	0	0.873002	1.157744	0	1.002659	0.119161	1.070847	0.032929	0	0.043805	1.249645	0.057277	0	0.046592	1.187893	0	0.036597	0	0	0.686854	1.317271	0.312376	1.053155	0	0.613891	0	0	0.202763	0	0.048736	0.505505	0	0	0.407741	0	0.916407	1.17142	0	0.314488	0.068835	1.234785	1.070485	0	0.767688	0	1.079781	0.165384	0.930483	0.054612	0.107808	0.115144	0	0.084412	0	1.017426	0.037055	0.870681	0.662107	0.721835	0.078574	1.101789	0	0	0	0.633944	1.2112	1.372007	0	0	0.065318	1.28486	0.722983	0	0.068729	0	1.005959	0.187333	0.059635
"Roseburia intestinalis"	0.107018	0.069625	0.170661	0.047325	1.695123	0.559748	0.068302	0.070341	0.065441	1.99724	2.242249	0	0.047165	0	0.054214	0.088776	1.013557	0.072454	0	0.059197	0.054826	1.931892	0.056854	0.095528	2.001154	0.057759	2.02465	0.037042	1.428622	1.747039	1.275611	0.083791	2.241846	1.107317	0.413158	2.22688	0.039983	0.532394	0.060365	0.080021	0.058418	0.538823	0	0.057948	0.061668	3.572728	1.738471	0	0.299215	1.972548	0.045779	0.041337	0.055822	0.042395	0.46694	0.044696	0.457661	2.091191	1.924401	1.706857	1.112343	0.439772	0.042888	0.227135	1.187684	1.573101	0.08871	2.177217	1.965957	1.579561	0.06098	0.07571	2.087321	0.429082	0.502007	2.351444	0.863899	0.075361	1.984973	0.055002	1.863999	0.043743	0.488342	0.090254	1.890055	1.995304	0.314299	0	0.561906	1.887335	1.468423	0.030009	0.089876	4.830341	0.156058	0.63769	1.772007
"Roseburia inulinivorans"	1.951496	1.155774	0.98563	0.875845	1.07747	1.015174	2.075442	0.811261	1.515529	1.496972	1.607124	0.970914	0.907274	0	1.828406	0.106165	0.249136	0.061888	0	1.38022	0.729008	1.297786	0.723889	0.826124	1.185939	0.0335	1.286104	0	1.187692	0.05495	1.239812	1.422329	1.42594	1.296391	1.316018	0.072085	0	0.037752	1.012334	0.988393	0.180935	0.960229	0	1.450522	1.599587	0	1.232446	0.035459	1.22746	1.495826	0.028092	1.285803	1.271762	0	0.046597	0.363159	0.036338	1.345926	1.218089	1.497243	0.989094	1.366507	1.968542	1.210778	1.156212	2.152596	0.119143	1.538252	1.366441	1.236447	0.04027	1.233988	1.344697	0.998871	0.189686	1.136329	1.149164	1.262076	1.441831	0.444382	0.077875	1.595422	1.018613	0.23466	1.20119	1.221134	1.170089	0	0.121425	1.223804	0.907628	0	0.100449	0.041324	0.366429	0.497663	1.431237
"Roseburia sp003470905"	0	0	0.034009	0	0.082162	0.04101	0	0	0	0.072836	0	0	0	0	0	0	0.056511	0	0	0	0	0.078285	0	0	0.073767	0	0.085615	0	0.079839	0.105163	0.102622	0	0.163615	0.085362	1.208162	0.060995	0	0.067759	0	0.042209	0	1.150402	0	0	0	0.07117	0.057303	0	0.477157	0.032381	0	0	0	0	1.290154	0	1.370038	0.06674	0.050878	0.110091	0.084492	0	0	0	0.072685	0.093761	0	0.112866	0.037689	0	0	0	0.040869	0	1.303101	0.306051	0.051866	0	0.048127	0	0.112818	0	0.03864	0	0.092819	0.057521	0.554064	0	0.041033	0.044894	0.112284	0	0	0.126268	0.048959	1.496774	0.103083
"Roseburia sp003483745"	0	0	0	0	0.049009	0	0	0	0	0	0	0	0	0	0	0	0.05165	0	0	0	0	0.04958	0	0	0	0	0.056449	0	0	0.061582	0.063244	0	0.092101	0.047069	0.0461	0	0	0	0	0	0	0.077078	0	0	0	0.028468	0	0	0.048736	0	0	0	0	0	0.038831	0	0.036338	0	0.029928	0.061651	0.043408	0	0	0	0.065191	0.069019	0	0.050061	0	0	0	0	0	0	0.037937	1.849439	0.036469	0	0	0	0	0	0	0	0	0	0.041308	0	0	0	0.056766	0	0	0.075761	0	0.068121	0.036633
"Roseburia sp900552665"	0.553973	0.275715	0.2158	0.188005	0.16144	0.239584	0.420677	0.472063	0.31474	0.26451	0.203841	0.151235	0.526528	0	0.380564	0	0	0	0	0.303254	0.143392	0.264428	0.193784	0.282762	0.311143	0	0.216389	0	0.20207	0	0.26252	0.255616	0.318561	0.122858	0.22528	0	0	0	0.114204	0.333275	0.043002	0.16424	0	0.296986	0.383851	0	0.204526	0	0.295814	0.35979	0	0.26434	0.259692	0	0	0.101498	0	0.258871	0.173585	0.302091	0.158906	0.324307	0.378483	0.246369	0.172345	0.457085	0	0.293997	0.172668	0.18624	0	0.230611	0.208333	0.195599	0.039702	0.345444	0.266626	0.620142	0.279919	0.110877	0	0.244234	0.285277	0.062817	0.147419	0.256485	0.184987	0	0	0.179575	0.126631	0	0	0	0.100978	0.128673	0.289655
"Ruminococcus_A sp000432335"	0	0	0	0	0	0	0	0	0	0	0	0	0	0	0	0	0	0	0	0	0	0	0	0	0	0	0	0	0	0	0.261327	0	0	0	0	0	0	0	0	0	0	0	0	0	0	0	0	0	0	0	0	0	0	0	0	0	0	0	0	0	0	0.032129	0	0	0	0	0	0	0	0	0	0	0	0	0	0	0	0	0	0	0	0	0	0	0	0	0	0	0	0	0	0.035011	0.034364	0	0	0	0.100527
"Ruminococcus_A sp000437095"	0.113313	0.104902	0.05565	0	0.632068	0	0	0.143807	0.048821	0	0	0	0.042877	0.093824	0	0.186704	0.05165	0	0	0	0.501268	0.068717	0	0.043561	0	0	0.084674	0	0.056523	0	0	0	0.094268	0	0	0.070976	0	0	0	0	0.047059	0.090764	0	0	0	0	0.048487	0.078797	1.101654	0.084551	0	0	0.749142	0	0	0.968424	0	0	0.763176	0	0.05271	0	0.096497	0	0	0	0	0.892914	0	0.085779	0	0.07571	1.088517	0.047933	0	0.905023	0.653192	0	0	0	0	0.092347	0	0.059207	0.04368	0	0	0.979774	0	0.861961	0.066747	0	0	0.190551	0.084914	0.793801	0
"Ruminococcus_A sp003011855"	0.316331	0.455811	0.334521	0	0.12108	0	0	0.417354	0.618053	0	0	0	0.420193	0.777202	0	0.42649	0.283164	0	0	0	0.292206	0.496673	0	0.463119	0	0	0.485464	0	0.337019	0	0	0	0.611117	0	0	0.593317	0	0	0	0	0.465724	0.315514	0	0	0	0	0.535999	0.535818	0.160941	0.506404	0	0	0.110025	0	0	0.128502	0	0	0.161614	0	0.449588	0	0.547889	0	0	0	0.074464	0.48332	0	0.295202	0	0.351573	0.151515	0.430628	0	0.193934	0.108595	0	0	0	0	0.591752	0	0.212999	0.107379	0	0	0.116988	0	0.109541	0.277591	0	0.04626	1.202994	0.29146	0.149488	0
"Ruminococcus_B gnavus"	0.086558	0.293353	0.050085	0.047974	0	0.872718	0.077616	0.062525	0.136076	0.99287	2.302328	2.030397	2.281907	0.502731	2.780878	0.083285	0.061372	3.687603	2.578258	1.547425	0.042174	0.044361	1.725643	0.045853	0.096464	0.06469	0.097846	1.508448	0.145547	0.355282	2.813742	2.337668	0.066096	1.215815	0.679319	2.423174	3.514208	2.51193	1.484648	2.036581	0.045436	1.444306	0.039253	2.028196	3.710136	4.040867	0.120776	2.08122	0.064603	1.857415	2.494954	2.226767	0.905281	2.957075	0.046597	1.919155	2.029031	2.509834	0.936761	0.059009	0.375949	2.753095	1.978192	2.048797	0.088421	0.057298	0	0.070086	0.440872	0.050231	1.911085	0.365497	0.083732	1.836933	2.100666	0.055554	1.602995	1.484528	1.951579	0.315171	2.125578	0.433789	0.035351	0.056319	0.04095	0.972192	2.069882	2.297716	0.300632	0.063749	0.053647	3.122187	0.157283	5.149456	0	1.879955	1.378417
"Ruminococcus_G gauvreauii"	0	0	0	0	0	0	0	0	0	0	0	0	0	0	0	0	0	0	0	0	0	0	0	0	0	0	0	0	0	0	0	0	0	0	0	0	0	0	0	0	0	0	0.061061	0	0	0	0	0	0	0	0	0	0	0	0	0	0	0	0	0	0	0	0	0	0	0	0	0	0	0	0	0	0	0	0	0	0	0	0	0	0	0	0	0	0	0	0	0	0	0	0	0	0	0	0	0	0
"Schaedlerella glycyrrhizinilyticum"	0	0	0	0	0	0	0	0	0.06648	0	0.075099	1.050292	0.495657	0.072819	0.310404	0	0	0	0	0.048811	0	0	0	0	0.374507	0	0	0	0	0	0	0.626843	0	0	0	0.143062	2.563187	0	0	0.199613	0	0	0.303123	0.037123	0	0	0	0	0	0	0.419294	0	0	1.255962	0.061159	0.137814	0.556854	0.238647	0	0	0	0	0.152251	0.044878	0.040464	0	0	0	0	0	0	0.072229	0	0	0.113812	0	0	0	0	0	0.210661	0	0.127429	0	0	0.174448	0	0	0	0	0	0	0.199577	0.027549	0	0.138135	0
"Schaedlerella sp900066545"	0	0	0.038955	0	0	0.052521	0	0.062525	0	0	0	0	0	0	0	0	0	0	0	0	0	0	0	0	0	0	0	0	0.065002	0	0.035798	0	0.125691	0	0	0	0.028559	0	0	0	0.044625	0	0	0	0	0	0.031737	0	0	0.03508	0.034334	0.032635	0.033169	0.026497	0	0	0	0	0	0.051082	0.1279	0	0	0	0	0	0	0.321303	0	0	0	0	0.667863	0.09664	0	0	0	0	0.034376	0.363189	0	1.665897	0	0	0	0	0	0	0	0	0	0	0	0	0	0	0
"Sellimonas intestinalis"	0	0	0	0	0	0	0	0	1.34933	1.960822	1.661839	1.753829	0	0	2.494924	0	0	2.157014	0	0.609623	0	0	0	0	0	0	0	0	0	0.367598	0.161092	0	0	1.912276	0	0	2.233329	1.300009	0	0.463419	0	0	0.274046	0.042556	0	0	0	0	0	0	0	0.788669	0	0	0	0	0	0	0	0	0.475168	0	1.724082	2.186178	0.462335	0.757901	0	0	0	0	0	0.211466	0	0	0	0	0	0	0	0	0	0	0	0	0	0	1.602924	2.102127	0	0	0	0	0	2.725102	0	1.05304	0
"Sellimonas sp002161525"	0	0	0	0	0	0	0	0	0.039472	0	0.054715	0	0	0	0.03508	0	0	0	0	0	0	0	0	0	0	0	0	0	0	0	0	0	0	0	0	0.032161	0.027131	0.388163	0	0	0	0	0	1.972963	0	2.127188	0	0	0	0	0	0	0	0	0	0	0.874074	0	0.032921	0	0	0	0	0.079681	0	0	0	0	0.038565	0	0	0	0	0	0	0	0.057539	0	0	0	0	0	0	0	0	1.084404	0	0	0	0	0	0.031259	0	0	0	0	0
"TF01-11 sp000436755"	0	0	0	0	0	0	0	0	0	0	0	0	0	0	0	0	0	0	0	0	0	0.166138	0	0	0	0	0	0	0	0	0	0	0	0	0	0	0	0	0	0	0	0.49128	0	0	0	0	0	0	0	0	0	0	0	0	0	0	0	0	0.029928	0	0	0	0	0	0	0	0	0	0	0	0	0	0	0	0	0.047473	0	1.242101	0	0	0	0	0	0	0	0	0	0	0	0	0	0	0	0	0	0	0
"TF01-11 sp001414325"	0	0	1.354159	0.154294	0.55351	0	0	1.248154	0	0	0	0	0	0	0	0	0	0	0	0	0	0	0	0	1.681499	0	0	0	1.056276	0	0	0	0	0	0	0	0	0	0	0	0	0.059789	0	0	0	0	0	0	0	1.270958	0	0	0	0	0	0	0	0	1.981265	0	0.098444	0	0	0	0	0	0.733637	0	0	0.268927	0	0	1.39055	0	0	2.076705	1.614341	0.11168	0	0	0	0	0	0	0	0	0	0	0	1.423133	0	0	0	0	0.371019	0	0
"TF01-11 sp001916135"	0	0	0	0.313774	0	0	0	0	0	0	0	0	0	0	0	0	0	0	0	0	0	0	0	1.053098	0.176851	0	0	0	0	0	0	0	0.061762	0	0	0	0	0	0	0	0.034077	0	0	0	0	0	0	0	0	0	0	0	0	0	0	0	1.209955	0	0	0	0	0	0	0	0	0	0.062809	0	0	0	0	0	0	0	0	1.695908	0	0	0	0	0	0	0.388043	0.209389	0	0	0	0	0	0	0	0	0	0	0.30217	0	0
"TF01-11 sp003149875"	0	0	0	0	0	0	0	0	0	0	0	0	0	0	0	0	0	0	0	0	0	0	0	0	0.844532	0	0	0	0	0	0	0	0	0	0	0	0	0	0.643619	0.575097	0	0	0	0.812184	0	0	0	0	0	0	0	0	0	0	0.914465	0	0	0	0	0	0	0	0	0	0.687883	0	0	0	0	0	0	0	0	0.268273	0	0.390897	0	0.047214	0	0	0	0	0	0	0	0	0	0	0	0	0	0	0	0	0.137698	0	0
"TF01-11 sp003524945"	0	0	0	0	0	0	0	0	0	0	0	0	0	0	0	0	0	0	0	0	0	0	0	0.061138	0.030263	0	0	0	0.385064	0	0	0	2.598331	0	0	0	0	0	0	0	1.75255	0	0	0	0	0	1.971208	0	0	0	0	0	0	0	0	0	0.061873	0	0	0	0	0	0	0	0	0	1.636276	0	0	0	0	0	0	0	0	0.119188	0	0	0	0	0	0	0	0	1.649817	0	0	0	0	0	0	0	0	0	0	0	0
"TF01-11 sp003529475"	0	0	0.730875	1.356231	1.221613	0	0	1.622522	0	0	0	0	0	0	0	0	0	0	0	0	0	0	0	0.774157	0	0	0	0	1.18204	0	0	0	0.03684	0	0	0	0	0	0	0	1.659243	0	0	0	0	0	0	2.015228	0	0.455134	0	0	0.550126	0	0	0	0	0	0.912818	0	0	0	0	0	0.395645	0	0	0	0.281352	0	0	0	0	1.652931	0	0.042423	1.642705	0	0	0	0	0	0	0	0.03367	0	0	0	1.586903	0.254099	1.162762	0	1.856992	0	0.053549	0.602683	0
"UBA11774 sp003507655"	0	0	0	0.407777	0.547744	0.10864	0	0.33529	0	0	0	0	0	0	0	0.404525	0.472142	0	0	0.194207	0	0	0	0.479932	0	0	0	0	0	0	0	0	0	0	0	0	0	0	0.098705	0.641048	0	0.489119	0.347465	0	0	0	0	0	0	0	0	0	0	0	0	0	0	0	0	0	0	0	0	0	0	0	0.409231	0.039139	0	0	0	0	0	0	0.0547	0	0	0.163434	0	0.137942	0	0	0	0.558131	0.579665	0	0	0	0	0	0.06737	0	0.099128	0	0.545436	0.187333	0
"UBA11957 sp003542935"	0	0	0	0	0	0	0	0	0	0	0	0	0	0	0	0	0	0	0	0	0	0	0	0	0	0	0	0	0	0	0	0	0	0	0	0	0	0	0	0	0	0	0	0	0	0	0	0	0	0	0	0	0	0	0	0	0	0	0	0	0	0	0	0	0	0	0	0	0	0	0	0	0	0	0	0	0	0	0	0	0	0	0	0	0	0	0	0	0	0	0	0	0	0	0.064259	0	0
"UBA9414 sp003458885"	0	0	0	0	0	0	1.01987	0	0	0	0	0	1.1491	0	0	0	0	0	0	0	0	0	0	0	0	0	0	0	0	0	0	0	0	0	0	0	0	0.594345	0.079127	0.23039	0	0	0	0	0	0	0	0	0	0	0	0	0	0	0	0	0	0	0	0	0	0	0	0	0	0	0	0	0	0	0	0	0	0	0	0	0	0	0	0	0	0	0	0	0	0	0	0	0	0	0	0	0.035686	0	0	0	0
"UBA9502 sp003478505"	0.107018	0.24508	0.043902	0	0	0.183465	0.397392	0.226653	0	0.27601	0	0	0.178368	0.098025	0	0	0	1.234736	0	0	0	0.096551	0	0.052731	0	0	0.309531	0	0.053697	0	0	0.038183	0	0.042282	0	0	0	0	0.123993	0.573338	0	0	0	0	2.167183	0	0	0.110315	0.112205	0.08635	0.084275	1.024726	0.224905	0.079491	0.651387	0.838059	1.892518	0	0.032921	0.066055	0.104645	0	0.221943	0	1.155463	0	0	0.486051	0.07976	0.089642	0	0	0.679825	0.103598	1.163704	0.272719	0	0.392242	1.404508	0.067225	0	1.145836	0	0	0.547816	0	0.06286	1.695411	0	0	0	0	0.471848	0	0.104803	0	0.046856
"UBA9502 sp003480315"	0.812074	1.862235	0.317207	0.046677	0	1.135325	3.283142	0.786251	0	0.252051	0	0	1.242572	0.708584	0	0.081454	0	0.33359	0	0	0	0.242683	0	0.207868	0.041612	0	0.056449	0	0.056523	0	0	0.046669	0	0	0	0	0	0	0.816556	0.423848	0.078702	0	0	0	0.164867	0	0	0.279729	0.250479	0.08635	0.07283	0.466675	1.596175	0.506094	0.278611	1.867009	0.199368	0	0	0.27743	0.523227	0	0.168334	0	0.166351	0	0	0.991216	0.45402	0.313749	0	0	0.978868	0.090455	0.165865	0.665636	0	1.20215	0.220989	0	0	2.571144	0	0	0.485026	0	0.035022	0.23489	0	0	0.082965	0	0.107058	0	0.470468	0	0.041744
"UBA9502 sp003481825"	0.080263	0.125325	0.04081	0	0	0.094251	0.155231	0.079719	0	0.048877	0	0	0.10462	0.047612	0	0	0	0.137361	0	0	0	0	0	0.084829	0	0	0.069621	0	0	0	0	0.054093	0.797486	0.044676	0	0	0	0.044527	0.074232	0.325361	0	0	0	0	0.060409	0	0	0.311247	0.046469	0	0.328776	0.253462	0.0898	0.055644	0.049509	0.121053	0.064819	0	0.095771	0.082789	0.040308	0	0.075053	0	0.062944	0	0	0.17385	0.106931	0	0	0.712719	0.131579	0.039429	0.067052	0.221205	0	0.097153	0.064823	0	0	0.369389	0	0	0.063699	0	0.186783	0.093225	0	0	0	0	0.099128	0	0	0	0.067302
"UBA9502 sp003506385"	0.10387	0.21166	0.163241	0	0	0.148211	0.360137	0.167254	0	0.065169	0.036477	0	0.2787	0.119031	0	0	0	0.238494	0	0	0	0.061758	0	0.100113	0.038775	0	0.123248	0	0	0	0	0.080609	0.213458	0.058238	0	0	0	0.217797	0.138676	0.387795	0	0.039619	0	0	0.178711	0	0.038789	2.409211	0.064603	0.040476	2.24317	0.45906	0.189308	0.070217	0.110668	0.261661	0.178743	0	0.299285	0.056367	0.093018	0	0.144746	0	0.150615	0	0	0.314022	0.11482	0.051003	0	0.22539	0.245215	0.088909	0.152631	0.245447	0	0.182502	0.117861	0.042779	0	0.640356	0	0	0.131039	0	0.814483	0.175482	0.034334	0	0	0	0.134814	0.029845	0.060434	0	0.084341
"UMGS1375 sp900066615"	1.622574	1.374861	0.957186	0.641163	0.460537	0.045327	2.011798	1.121541	0.031162	0	0	0	0.035159	0	0.043584	1.339874	1.178837	0.031699	0	0.043619	0	1.259514	0	1.128756	1.12163	0	1.33879	0	0.679691	0.055898	1.742181	1.502938	0.736808	0	0.380976	0	0	0.987348	1.219532	0	1.202444	1.076926	0	0	0.049083	0	1.393774	0.035459	1.526674	0.903972	0.040577	0.028283	0	1.376524	0	0.034454	0.042231	0.052583	1.283931	0	1.109242	1.507074	1.442096	0	0.034469	1.217591	0.566578	1.020343	0	0.976021	0	0	1.526116	1.05299	0.031761	0.052524	0	1.262076	0.03143	1.184729	0	1.726652	0.830346	0	1.394109	0.031118	0	0	1.557593	0.034119	0.989969	0.030009	0.962199	0.050507	0.620405	0.038791	1.258296
"Monoglobus pectinilyticus"	0	0	0	0	0	0	0	0	0	0	0	0	0	0	0	0	0.039497	0	0	0	0	0	0	0	0	0	0	0	0	0	0	0	0	0	0	0	0	0	0	0	0	0	0	0	0	0	0	0	0	0	0	0	0	0	0	0	0.292668	0	0	0	0.55966	0	0	0	0	0	0	0	0.252428	0	0.846814	0	0	0	0	0	0	0	0	0	0.044928	0	0	0	0	0.654414	0	0	0	0	0	0	0	0	0	0	0
"CAG-41 sp900066215"	0	0.051987	0.529915	0.376659	0.638554	0.585649	0.212667	0.983204	0.821647	0.751361	0.731681	0	0.680885	0	0.166895	0.746815	0.487334	1.296623	0	0.632471	0.556697	0.56365	0.403584	0.720662	0.169285	0.440122	0.550381	0.714095	0.579362	0.497395	0.718351	0	0	0.65019	0.530582	0	0	0.69792	0.981336	0.482765	0.829216	0.71603	0	0.544172	0.713585	0.846131	0.481341	0.62151	0.919178	0.82122	0.529579	0.796284	1.160119	0	0.65527	0.785913	0.67176	0.968743	0.682369	0.07222	0.122474	0.606444	1.176193	0.635613	0.500551	0	0.392396	0.858326	0.718718	0.731822	0	0.735345	0.792464	0.477788	0.428779	0	0.64833	0.62105	0.530374	0.569228	0.754785	0	0.834457	0.398562	0.606965	0	0.408588	0.474349	0.608801	0.951748	0.325623	0.681454	1.171028	0	0.057374	0.737033	0.343326
"UBA9506 sp003506415"	0	0	0	0	0	0	0	0	0	0	0	0	0	0	0	0	0.410162	0	0	0	0	0	0	0	0	0	0	0	0	0	0	0	0	0	0	0	0	0	0	0	0	0	0	0	0	0	0	0	0	0	0	0	0	0	0	0	0	0	0	0	0	0	0	0	0	0	0	0	0	0	0	0	0	0	0	0	0	0	0	0	0	0	0	0	0	0	0	0	0	0	0.069866	0	0	0	0	0	0
"Acutalibacter sp000432995"	0	0	0	0	0	0	0	0	0	0	1.996567	0	0	0	0	0.087861	0.05165	0	0	0	0.147609	0	0	0	0	0	0	0	0	0	0	0	0	0	0	0	0	0	0	0	0	0	0	0.205536	0	0	0	0.175323	0	0	0	0	0	0	0	0	0	0	0	0.07222	0	0	0	0	0	0	0	0	0	0	0	0	0	0	0	0	0.337942	0	0	0	0	0	0	0	0	0	0	0	0	0	0	0	0	0	0	0	0
"Acutalibacter sp000435395"	0	0	0	0	0.063423	0	0	0	0	0.136088	0.089046	0	0.031729	0	0	0.064065	1.070675	0	0	0	0.150019	0	0	0	0	0	0	0	0	0	0	0	0	0	0.067845	0	0	0	0.088916	0	0	0	0	0.815805	0	0	0	0.104406	0	0	0	0	0.11407	0	0	0	0.113924	0	0	1.521904	0	0	0.036454	0.206986	0	0	0	0	0	0	0	0	0	0	0	0	0.260953	0	0	0	0	0	0.079746	0	0	0	0	0	0	0	0.061132	0.051265	0	0	0	0	0
"Acutalibacter timonensis"	0	0	0	0	0	0	0	0	0	0	0	0	0	0	0	0	0.070487	0	0.210763	0	1.352581	0	1.786501	0	0	0	0	0	0	0	0	0	0	0	0	0	0	0	0	0	0	0	0.071237	0	0	0	0	0.218661	0	0	0	0	0	0	0	0	0	0	0	0	0	0	0	0	0.406135	0	0	0	0	0	0.165681	0	0	0.219566	0	0	0.03971	0	0	0	0	0	0	0	0	0	0	0.051182	0	0	0.108541	0	0	0	0	0	0
"An172 sp002160515"	0	0	0	0	0	0	0	0	0	0	0	0	0	0	0	0	0.040712	0	0	0	0	0	0	0	0	0	0	0	0	0	0	0	0	0	0	0	0	0	0	0	0	0	0	0	0	0	0	0	0	0	0	0	0	0	0	0	0	0	0	0	0	0	0	0	0	0	0	0	0	0	0	0	0	0	0	0	0	0	0	0	0	0	0	0	0	0	0	0	0	0	0	0	0	0	0	0	0
"An200 sp002160025"	0	0	0	0	0	0	0	0	0	0	0	0	0	0	0	0	0.099047	0	0	0	0	0	0	0	0	0	0	0	0	0	0	0	0	0	0	0	0	0	0	0	0	0	0	0.058854	0	0	0	0	0	0	0	0	0	0	0	0	0	0	0	0	0	0	0	0	0	0	0	0	0	0	0	0	0	0	0	0	0	0	0	0	0	0	0	0	0	0	0	0	0	0	0	0	0	0	0	0	0
"An200 sp003268275"	0	0	0	0	0	0.087775	0	0	0.527683	0	0	0	0	0	0	0	0	0	0	0	0.090373	0	0	0	0	0	0	0	0	0	0	0	0	0	0	0	0	0	0	0	0	0	0.03998	0.105937	0	0	0	0	0	0	0	0	0	0	0	0	0	0	0	0	0	0	0	0.043046	0	0	0	0	0	0	0	0	0	0	0	0	0	0	0	0	0	0	0	0	0	0	0	0	0	0	0	0	0	0	0	0	0
"Anaeromassilibacillus sp001305115"	0	0	0	0	0	0	0	0	0	0	0	0	0	0	0	0	0.039497	0	0	0	0.377156	0	0	0	0	0	0	0	0	0	0	0	0	0	0	0	0	0	0	0	0	0	0	0	0	0	0	0	0	0	0	0	0	0	0	0	0	0	0	0	0	0	0	0	0.121391	0	0	0	0	0	0	0	0	0	0	0	0	0	0	0	0	0	0	0	0	0	0	0.04387	0	0	0	0	0	0	0	0	0.103083
"Anaeromassilibacillus sp002159845"	0	0	0	0	0.118918	0.457584	0	0	0.092448	0.273135	0.079391	0	0.053167	0	0	0.100674	0.795411	0	0	0	0.278951	0	0.477254	0	0	0	0	0	0.041686	0	0	0	0	0	0.107856	0	0	0	0	0	0.047059	0	0	0.532401	0	0	0	0	0	0	0	0	0.252411	0	0.104843	0	0.085443	0	0	0.058128	0.327889	0	0	0.328797	0	0	0	0	0.033306	0	0	0.043512	0	0	0	0	0.523526	0	0	0	0.058905	0	0.034529	0	0	0	0	1.206438	0.034334	0	0.091075	0	0	0	0	0	0
"CAG-177 sp000431775"	0	0	0	0.501131	0	0	0	0	0	0	0	0	0	0	0	0	0	0	0	0	0	0	0	0	0	0	0	0	0	0	0	0	0	0	0	0	0	0	0	0	0	0	0	0	0	0	0	0	0	0	0	0	0	0	0	0	0	0	0	0	0	0	0	0	0	0	0.55816	0	0	0	0	0	0	0	0	0	0	0	0	0	0	0	0	0	0	0	0	0	0	0	0.56641	0	0	0	0.634175	0	0
"CAG-177 sp002451755"	0	0	0.047612	0.048622	0	0	0	0	0	0	0	0	0	0	0	0	0	0	0	0	0	0	0	0	0	0	0	0	0	0	0	0	0.083433	0	0	0	0	0	0	0	0	0	0	0	0	0	0	0	0	0.061164	0	0	0	0	0	0	0	0	0.035914	0	0	0	0	0	0	0	0.061514	0	0	0.047912	0	0	0	0	0	0.057574	0	0	0	0	0	0	0	0.059207	0	0	0	0	0	0	0	0	0	0	0.047429	0	0
"CAG-177 sp003514385"	0	0	0.366674	0.306643	0	0	0	0.439238	0	0	0	0	0	0	0	0	0.084463	0	0	0	0.357877	0.529726	0	0.065723	0	0	0	0.65956	0	0	0	0	0.610034	0.058238	0	0	0	0	0	0	0.511972	0.400516	0.406345	0	0	0	0	0	0	0.468626	0	0	0	0	0	0	0	0	0.646455	0.571595	0	0	0	0	0.068189	0.243518	0.315341	0	0	0.474487	0	0	0	0	0	0.607052	0.445727	0.10714	0	0.495019	0	0	0	0.426721	0.565105	0	0	0	0	0	0.115403	0	0	0	0.237146	0	0
"CAG-177 sp003538135"	0	0.042703	0.032772	0	0	0	0	0	0	0	0	0	0	0	0	0	1.134479	0	0	0	0	0	0	1.302235	0	0	0	0	0	0	0	0	0.050926	0.368574	0	0	0	0	0	0	0	0	0	0	0	0	0	0	0	0.032381	0	0	0	0	0	0	0	0	0	0.032587	0	0	0	0	1.213161	2.656561	0.044031	0	0	0.037866	0	0	0	0	0	0	0	0	0	0	0	0	0	0	0	0	0	0	0	0	0	0	0	0	0.947055	0	0
"CAG-180 sp000432435"	0	0	0	0	0.635671	0	0	0	0	0.820363	0	0	0	0	0	1.141273	0.539591	0	1.518454	0	0.371734	0	0	0	0	0	0	0	0.619635	0	0	0	0.965435	0.740339	0	0	0	0	0	0	0	0	0	1.219634	0	0	0.48046	0	0	0	0	0	0	0	0.832921	0	1.250221	0	0	1.122052	0.703838	0	0	0	0	1.79969	0	0	0	0.682364	0	0	0	0	1.102828	0.900983	0	0.064466	0	0	0.907539	0	1.118912	0.353074	0	0	0	0	0	0	0	0	1.625694	0	0	0.806101	0
"CAG-217 sp000436335"	0.941125	0.550501	0.402538	0.374714	0	0	0	0	0	0	0	0	0	0.754796	0	0	0.490979	0.357741	0	0	0.389808	0.578437	0.563737	0	0	0	0	0	0.382238	0	0	0.567447	0	0.439576	0.476654	0	0	0	0	0	0	0	0	0	0	0	0	0	0	0.500108	0	0	0	0	0	0	0	0	0	0	0	0	0	0	0	0.916774	0	0.56797	0	0	0	0	0.55323	0.419031	0	0.540388	0	0.52753	0	0	0.686894	0	0	0.424555	0	0	0.47055	0.517306	0	0.552194	0.336852	0	0.73751	0	0	0	0.479635
"CAG-488 sp000434055"	0	0	0	0	0	0	0	0	0	0	0	0	0	0	0	0	0	0	0	0	0	0	0	0	0	0	0	0	0	0	0	0	0	0	0	0	0	0	0	0	0	0	0	0	0	0	0	0	0	0	0	0	0	0	0	0	0	0	0	0	0	0	0	0	0	0	0	0	0	0	0	0	0	0	0	0	0	0	0	0	0	0	0	0.649107	0	0	0	0	0	0	0	0	0	0	0	0	0
"Clostridium_A leptum"	0.509907	0.798366	0.952858	1.058664	0.068468	1.073451	0	0	1.136387	1.46247	0.902264	1.585047	1.179114	0	0.362492	1.47258	1.18066	0	1.493306	0	1.110381	0	1.227569	0	0	0.304966	0.073384	0	0.057936	0	0	0	0.230794	1.223793	1.737875	0	0	0.70276	1.326394	0.144214	0.765118	1.193623	0.284223	2.330614	0	0	0.928301	0.25018	1.063118	0.370584	0.353747	0	0.413404	0	1.816311	0	0.714973	1.487496	1.505402	0.259816	1.276675	0	1.600781	0.99097	1.114999	0.084645	0	0	0.056972	0	0	0	0.191388	0.866668	0	1.127239	1.282072	0.163434	0	1.620381	1.413724	0	1.229077	0.043322	0.493216	0	1.104536	1.505306	1.314743	0	0.43354	1.979344	0.088554	0	0	0.874222	0.432779
"Eubacterium_R coprostanoligenes"	0	0	0	0	0	0.310092	0	0	0	0	0	0	0	0	0	0	0	0	0	0	0	0	0	0	0	0	0	0	0	0	0	0	0	0	0	0	0	0	0	0	0	0	0	0	0	0	0	0	0	0	0	0	0	0	0	0	0	0	0	0	0	0	0	0	0	0	0	0	0	0	0	0	0	0	0	0	0	0	0	0	0	0	0	0	0	0	0	0	0	0	0	0	0	0	0	0	0
"Eubacterium_R sp000434995"	0	0	0	0	0	0	0	0	0	0	0	0	0	0	0	0	0.527438	0	0	0	0.524765	0	0	0	0	0	0	0	0	0	0	0	0	0.76507	0	0	0	0	0	0	0	0	0.779251	0	0	0	0	0	0	0	0.041617	0	0	0	0	0	0	0	0	0	0	0	0	0	0	0	0	0	0	1.137532	0	0	0	0	0	0	0	0	0	0	0	0	0	0	0	0	0	0	0	0	0.540834	0	0	0.082648	0	0	0
"Eubacterium_R sp000436835"	0	0	0	0	0.718553	0	0	0.688556	0.933832	0	0	0	0	0	0	0	0	0	0	0	0	0	0	0	0.158882	1.050054	0	0	0.634472	0	0	0	0	0	0	0	0	0	0	0	0.714813	0.597172	0	0	0	0	0	0	0	0	1.30262	0	0.677141	0	0	1.063404	0	0	0.772155	0	0	0	0	0	0	0	0.060219	0	0.717842	0.036321	0	0	0	0	0	0	0	0	0.792614	0.687963	0	0	0.706205	0	0	0	0	0	0.674957	0.035915	0	0	0	1.556545	0	0	0
"Eubacterium_R sp003526845"	0	0	0	0	0	0	0	0	0	0	0	0	0	0	0	0	0	0	0	0	0	0	0	0	0	0	0	0	0	0	0	0	0	0	0	0	0	0	0	0	0	0	0	0	0	0	0	0	0	0	0	0	0	0	0	0	0	0	0	0	0	0	0	0	0	0	0	0	0	0	0	0	0	0	0	0	0.783669	0	0	0	0	0	0	0	0	0	0	0	0	0	0	0	0	0	0.61352	0	0
"GCA-900066995 sp900291955"	0	0	0	0	0	0	0	0	0	0	0	0	0	0	0	0	0	0	0	0	0	1.111643	0	0	0	0	0	0	0	0	0	0	0	0	0	0	0	0	0	0	0	0	0	0	0	0	0	0	0	0	0	0	0	0	0	0	0	0	0.032921	0	0	0	0	0	0	0	0.044679	0	0.035059	0	0	0	0	0	0	0	0	0	0	0.033176	0	0	0	0	0.920003	0	0	0	0	0.342091	0.832148	0	0	0	0.395499	0	0
"Marseille-P4683 sp900232885"	0	0	0	0	0	0	0	0	0	0	0	0	0	0	0	0.036609	0	0	0	0	0.299435	0	0	0	0	0	0	0	0	0	0	0	0	0	0	0	0	0	0	0	0	0	0	0	0	0	0	0	0	0	0	0	0	0	0	0	0	0	0	0	0	0	0	0	0	0	0	0	0	0	0	0	0	0	0	0	0	0	0	0	0	0	0	0	0	0	0	0	0	0	0.053647	0	0	0	0	0.035953	0
"Ruminococcus_E bromii"	0	0	0	0	0	0	0	0	0	0	0	0	0	0	0	0	0	0	0	0	0	0	0	0	0	0	0	0	0	0	0	0	0	0	0	0	0	0	0	0	0	0	0	0	0	0	0	0	0	0	0	0	0	0	0	0	0	0	0	0	0	0	0	0	0	0	0	0	0	0	0	0	0	0	0	0	0	0	0	0	0	0	0	0	0	0	0	0	0.284721	0	0	0	0	0	0.187422	0	0
"Ruminococcus_E bromii_B"	1.49195	0.886558	0.568252	0.702751	0.648644	0.434561	0	0.629938	1.30778	0.864448	0.981654	0	0	0	1.056649	0	0.518324	1.292095	0	0	0.677797	0.063498	0.925681	0.669459	0.7301	0	0.945526	0	1.003285	0	1.194468	0.919582	0	0.758688	0.824577	0.95707	0.596887	0	0.878553	0.69293	0.767552	0	0	0	0	0	0.924775	0	0	0	0	1.199865	0.86564	0	0.855248	0	0.996838	1.076943	0.999611	0.049321	0.870495	0	1.118295	0	1.085026	0	0.762776	0	0.738877	1.081891	0	0	0	0.841928	0.03529	0	0.797446	0.873466	0	0	1.393756	0	0.739913	0.122023	0.560555	0	1.003062	0.924936	0.370138	1.01011	0.150336	0.042513	0.042294	0	0.34042	0.034061	1.149249
"Ruminococcus_E sp003526955"	0	0	0	0	0	0.50291	0	0	0	0	0	0.495484	0	0	0	0	0	0	0	0	0	0	0	0	0	0	0	0	0	0	0	0	0	0	0	0	0	0	0	0	0	0.415643	0	0.515198	0	0	0	0	0	0.5136	0	0	0	0	0	0	0	0	0	0.516109	0	0.6948	0	0	0	0	0	0	0	0	0	0	0	0	0.516123	0	0	0	0	0	0	0	0	0	0	0	0	0	0	0	0	0.706462	0	0.027549	0	0.518478	0
"Ruminococcus_E sp900314705"	0	0	0	0	0	0	0	0	0	0	0	0	0	0	0	0	0	0	0	0	0	0	0	0	0	0	0	0	0	0	0	0	0	0	0	0	0	0	0	0	0	0	0	0	0	0	0	0	0	0	0	0	0	0	0	0	0	0	0	0	0	0	0	0	0	0	0	0	0	0	0	0.476887	0	0	0	0	0	0	0	0	0	0	0	0	0	0	0	0	0	0	0	0	0	0	0.058904	0	0
"Ruminococcus_H sp003531055"	0	0	0.366056	0.200971	0.28252	0.382039	0	0.125831	0	0	0	0	0	0.453718	0	0.327647	0	0.949448	0	0	0.183156	0.626278	0	0.507444	0	0	0.588014	0.451711	0.179461	0.573188	0	0	0.417163	0.192265	0	0	0	0	0	0.591804	0.275053	0.229792	0	0.484413	0	0	0	0.262984	0	0.399367	0	0	0.04935	0	0.219394	0	0.036338	0	0	0	0	0	0	0	0.184335	0.906356	0.374265	0.364993	0.340076	0.421165	0	0	0	0.186322	0	0	0.043762	0	0	0.316917	0	0	0	0.482317	0	0	0.106862	0.195589	0	0	0.283829	0	0.306635	0	0.362604	0	0.294767
"UBA737 sp002431945"	0	0	0.386461	0	0	0	0	0	0	0	0	0	0	0	0	0	0	0	0	0	0.313895	0	0	0	0	0	0	0	0	0	0	0	0	0	0	0	0	0	0	0	0	0	0	0	0	0	0	0	0	0.074656	0	0	0	0	0	0	0	0	0	0	0	0	0	0	0.427117	0	0.117848	0	0	0	0	0	0	0	0	0	0	0	0	0	0	0	0	0.506144	0	0	0	0	0	0	0.670584	0	0	0	0.248621	0	0
"Agathobaculum butyriciproducens"	1.054437	1.339584	0.56516	0.829816	1.370801	0.866243	2.087861	1.33647	2.249922	1.96178	1.3078	0.053475	1.704784	2.748915	1.831595	1.55678	0.757737	1.956256	0	1.581697	0.636225	1.705737	0.755119	1.018708	1.259706	2.137073	1.325619	0.028811	1.323348	1.395547	2.318533	1.852952	1.255824	1.32192	1.194245	1.544843	0	1.329048	0.992756	1.286493	1.256805	1.363627	0.747267	1.020436	1.659997	0	1.806353	1.261733	1.596944	0.589156	1.944566	2.011379	1.090544	0.544515	1.120269	1.948953	1.513425	2.086135	1.385688	0.990823	0.8922	1.841421	1.472118	1.260235	1.500903	1.216288	0.104898	1.874118	2.196473	1.290542	0	1.622981	1.996611	0.947845	1.23252	1.1535	1.465225	1.567153	2.410254	1.243223	0.959455	2.156796	0.992305	1.234675	1.940104	0.032061	0.679783	0.06672	0.933719	1.262413	0.898895	1.825548	2.036743	1.414206	0.424568	1.378508	1.41079
"Agathobaculum sp003481705"	0	0	0.125522	0	0	0	0	0.20008	0	0	0	0	0	0	0	0	0	0.25057	0	0	0	0	0	0	0	0	0	0	0	0	0	0.270465	0.046592	0	0	0	0	0	0	0	0	0	0	0	0	0	0	0	0	0.266245	0	0	0	0	0.248517	0	0	0	0	0.195522	0.087592	0	0	0	0	0	0	0	0	0	0	0	0.297049	0	0	0	0	0.153447	0	0	0	0	0	0.176898	0	0	0	0	0.170833	0	0	0	0	0	0	0	0
"Agathobaculum sp900291975"	0	0.031563	0	0	0	0.069069	0	0.067214	0.182819	0.042168	0.042914	0.184658	0.044592	0	0	0.203178	0.207816	0	0.338898	0.033233	0	0	0.047245	0	0	0	0	1.284136	0	0.045476	0	0	0	0.037496	0	0	0	0	0.075048	0	0.039757	0	0.057426	0	0	0	0	0	0	0	0.053062	0.104431	0.148049	0	0.110668	0.358503	0.039284	0	0	0	0.358895	0.038154	0.050393	0.176763	0	0	0	0	0	0	0.601744	0	0	0	0	0	0	0	0	0	0	0	0.188267	0	0	1.34749	0.139189	1.31977	0.153247	0	0	0	0	0	0	0.438057	0.126937
"Butyricicoccus pullicaecorum"	0	0	0	0	0	0	0	0	0	0	0	0	0	0	0	0	0.04132	0	0	0	0	0	0	0	0	0	0	0	0	0	0	0	0	0	0	0	1.563616	0	0	0	0	0	0	0.082395	0	0	0	0	0	0	0	0	0	0	0	1.291542	0	0	0	0	0	0	0	0.036635	0	0	0	0	0	0	0	0	0	0	0	0	0	0	0	0	0	0	0	0	0	0.293261	0	0	0	0	0	0.03376	0	0	0	0	0
"Butyricicoccus sp900604335"	0	0	0	0	0	0	0	0	0	0	0	0	0	0	0	0	0	0	0.470625	0	0	0	0	0	0	0	0	0	0	0	0	0	0	0	0	0	0	0.03388	0	0	0	0	0	0	0	0.063262	0	0	0	0	0	0	0	0	0	0	0	0	0	0	0	0	0	0	0	0	0	0	0	0	0.034517	0.046992	0	0	0	0	0	0	0	0	0	0	0	0	0	0	0	0	0.066156	0	0	0	0	0	0	0.086098	0.040041
"Intestinibacillus massiliensis"	0	0	0	0	0	0	0	0	0	0	0	0	0	0	0	0	0	0	0.069456	0	0	0	0	0	0	0	0	0.703805	0	0	0	0	0	0	0	0	0	0	0	0	0	0	0	0	0	0	0	0	0	0	0	0	0	0	0	0	0	0	0	0	0	0	0	0	0	0	0	0	0	0	0	0	0	0	0	0	0	0	0	0	0	0	0	0	0	0	0	0	0	0	0	0	0	0	0	0	0
"CAG-272 sp000433515"	0	0	0	0	0	0	0	0	0	0	0	0	0	0	0	0	0	0	0	0	0	0	0	0	0	0	0	0	0	0	0	0	0	0	0	0	0	0	0	0	0	0	0	0	0	0	0	0	0	0	0	0	0	0	0	0	0	0	0	0	0	0	0	0	0	0	0	0	0	0	0	0	0	0	0	0	0	0	0	0	0	0	0	0	0	0	0	0	0	0	0	0	0	0	0.082619	0	0
"CAG-390 sp000437015"	0	0	0	0	0	0	0	0	0	0	0	0	0	0	0	0	0	0	0	0	0	0	0	0.077951	0	0	0	0	0	0	0	0	0	0	0	0	0	0	0	0	0	0	0	0	0	0	0	0	0	0	0	0	0	0	0	0	0	0	0	0	0	0	0	0	0	0	1.188195	0	0	0	0	0	0	0	0	0	0	0	0	0	0	0	0	0.050542	0	0	0	0	0	0	0	0	0	0	1.007489	0	0
"CAG-390 sp003523225"	0	0	0	0	0	0	0	0	0	0	0	0	0	0	0	0	0	0	0	0	0	0	0	0	0	0	0	0	0	0	0	0	0	0	0	0	0	0	0	0	0	0	0	0	0	0	0	0	0	0	0	0	0	0	0	0	0	0	0	0	0	0	0	0	0	0	0	0	0	0	0	0	0	0	0	0	0	0	0	0	0	0	0	0	0	0	0	0	0	0	0	0	0	0	0.062729	0	0
"CAG-448 sp000433415"	0	0	0	0	0	0	0	0	0	0	0	0	0	0	0	0	0	0	0	0	0	0	0	0	0	0	0	0	0	0	0	0	0	0	0	0	0	0	0	0	0	0	0	0	0	0	0	0	0	0	0	0	0	0	0	0	0	0	0	0	0	0	0	0	0	0	0	0	0	0	0	0	0	0	0	0	0	0	0	0	0	0	0	0	0	0	0	0	0	0	0	0	0	0	0.091799	0	0
"CAG-448 sp003150135"	0	0	0.176845	0.505021	0	0	0	0	0	0	0	0	0	0	0	0	0	0	0	0	0	0	0	0	0	0	0	0	0	0	0	0	0	0	0	0	0	0	0	0	0	0	0	0	0	0	0	0	0	0	0	0	0	0	0	0	0	0	0	0	0	0	0	0	0	0	0	0	0	0	0	0	0	0	0	0	0	0	0	0	0	0	0	0	0	0	0	0	0	0	0	0	0	0	0.479647	0	0
"CAG-724 sp003524145"	0	0	0	0	0	0	0	0	0	0	0	0	0	0	0	0	0	0	0	0	0	0	0	0	0	0	0	0	0	0	0	0	0	0	0	0	0	0	0	0	0	0	0	0	0	0	0	0	0	0	0	0	0	0	0	0	0	0	0	0	0	0	0	0	0	0	1.12927	0	0	0	0	0	0	0	0	0	0	0	0	0	0	0	0	0	0	0	0	0	0	0	0	0	0	0	0.053549	0	0
"CAG-841 sp000437375"	0	0	0	0	0	0	0	0	0	0	0	0	0	0	0	0	0	0	0	0	0	0	0	0.044325	0	0	0	0	0	0	0	0	0	0	0	0	0	0	0	0	0	0	0	0	0	0	0	0	0	0	0	0	0	0	0	0	0	0	0	0	0	0	0	0	0	0	0	0	0	0	0	0	0	0	0	0	0	0	0	0	0	0	0	0	0	0	0	0	0	0	0	0	0	0	0.091034	0	0
"QALR01 sp003150035"	0	0	0	0.579575	0	0	0	0	0	0	0	0	0	0	0	0	0.862252	0	0	0	0.923008	0	0	0	0	0	0	0	0	0	0	0	0	0	0	0	0	0	0	0	0	0	0	0	0	0	0	0	0	0	0	0	0	0	0	0	0	0	0	0	0	0	0	0	0	0	0	0	0	0	0	0	0	0	0	0	0	0	0	0	0	0	0	0	0	0	0	0	0	0	0	0	0	0	0	0	0
"UBA11512 sp003522145"	0	0	0	0.458992	0	0	0	0	0	0	0	0	0	0	0	0	0	0	0	0	0	0	0	0.512029	0	0	0	0	0	0	0	0	0	0	0	0	0	0	0	0	0	0	0	0	0	0	0	0	0	0	0	0	0	0	0	0	0	0	0	0	0	0	0	0	0	0	0.969334	0	0	0	0	0	0	0	0	0	0	0	0	0	0	0	0	0	0	0	0	0	0	0	0	0	0	0	1.092403	0	0
"UMGS1865 sp002438075"	0	0	0	0.059643	0	0	0	0	0	0	0	0	0	0	0	0	0	0	0	0	0	0	0	0.99731	0	0	0	0	0	0	0	0	0	0	0	0	0	0	0	0	0	0	0	0	0	0	0	0	0	0	0	0	0	0	0	0	0	0	0	0	0	0	0	0	0	0	1.038618	0	0	0	0	0	0	0	0	0.350494	0	0	0	0	0	0	0	0	0	0	0	0	0	0	0	0	0	0	0.074204	0	0
"UMGS902 sp003343845"	0	0	0	0	0	0	0	0	0	0	0	0	0	0	0	0	0	0	0	0	0	0	0	0.077951	0	0	0	0	0	0	0	0	0	0	0	0	0	0	0	0	0	0	0	0	0	0	0	0	0	0	0	0	0	0	0	0	0	0	0	0	0	0	0	0	0	0	0.308218	0	0	0	0	0	0	0	0	0	0	0	0	0	0	0	0	0	0	0	0	0	0	0	0	0	0	0	1.708218	0	0
"UMGS911 sp003343545"	0	0	0	0	0	0	0	0	0	0	0	0	0	0	0	0	0.085678	0	0	0	0	0	0	0	0	0	0	0	0	0	0	0	0	0	0	0	0	0	0	0	0	0	0	0	0	0	0	0	0	0	0	0	0	0	0	0	0	0	0	0	0	0	0	0	0	0	0	0	0	0	0	0	0	0	0	0	0.161272	0	0	0	0	0	0	0	0	0	0	0	0	0	0	0	0	0	0	0	0
"UMGS911 sp900545935"	0	0	0	0.117341	0	0	0	0	0	0	0	0	0	0	0	0	0.12396	0	0	0	0.254852	0	0	1.749305	0	0	0.142064	0	0	0	0	0	0	0	0	0	0	0	0	0	0	0	0	0	0	0	0	0	0	0	0	0	0	0	0	0	0	0	0	0	0	0	0	0	0	0	0.876739	0	0	0	0	0	0	0	0	0	0	0	0	0	0	0	0	0	1.875495	0	0	0	0	0	0	0	0	0	0.057374	0	0
"UBA1206 sp000433115"	0	0	0	0	0	0	0	0	0	0	0	0	0	0	0	0	0	0	0	0	0	0	0	0	0	0	0	0	0	0	0	0	0	0	0	0	0	0	0	0	0	0	0	0	0	0	0	0	0	0	0	0	0	0	0	0	0	0	0	0	0	0	0	0	0	0	0	0	0	0	0	0	0	0	0	0	0	0	0	0	0	0	0	0	0	0	0	0	0	0	0	0	0	0	0.600516	0	0
"UCG-010 sp003150115"	0	0	0	0.047325	0	0	0	0	0	0	0	0	0	0	0	0	0	0	0	0	0	0	0	0.042796	0	0	0	0	0	0	0	0	0	0	0	0	0	0	0	0	0	0	0	0	0	0	0	0	0	0	0	0	0	0	0	0	0	0	0	0	0	0	0	0	0	0	0.778963	0	0	0	0	0	0	0	0	0	0	0	0	0	0	0	0	0	0	0	0	0	0	0	0	0	0	0	0	0	0
"UCG-010 sp003150215"	0	0	0	0	0	0	0	0	0	0	0	0	0	0	0	0	0	0	0	0	0	0	0	0	0	0	0	0	0	0	0	0	0	0	0	0	0	0	0	0	0	0	0	0	0	0	0	0	0	0	0	0	0	0	0	0	0	0	0	0	0	0	0	0	0	0	0.089357	0	0	0	0	0	0	0	0	0	0.37279	0	0	0	0	0	0	0	0	0	0	0	0	0	0.050528	0	0	0	0	0	0
"UMGS882 sp003343885"	0	0	0	0.06094	0	0	0	0.265731	0	0	0	0	0	0	0	0	0	0	0	0	0	0	0	0	0	0	0	0	0	0	0	0	0	0	0	0	0	0	0	0	0	0	0	0	0	0	0	0	0	0	0	0	0	0	0	0	0	0	0	0	0	0	0	0	0	0	0.488228	0	0	0	0	0	0	0	0	0	0	0	0	0	0	0	0	0	0	0	0	0	0	0	0	0	0	0	0	0	0
"CAG-103 sp000432375"	0	0	0.504563	0.54716	0.529005	0	0	0.971481	0.856965	0.884574	0	0.600764	0	0.159642	0	0	0.667805	0	0	0.058158	0.55248	0.20354	0.56694	0.077951	0	0.512898	0.083733	0	0.630233	0	0	0	0.171199	0.052653	0.033053	0	0	0	0.494339	0.095849	1.002037	0.499924	0	0	0	0	0	0.560442	0	0.715082	0	0	0.613229	0	0.741668	0	0	0	0.918804	0.232513	0.043408	0	0.823442	0	0.689381	0.955841	0.434484	0	0.762542	0.085006	0	0	0	0.081178	0	0.894922	0.332269	0.666449	0	0.646057	0	0	0.613305	0.641164	0.697964	0	0	0	0.434619	0	0.493425	0	0.284166	0	0.686959	0.677427	0.104787
"CAG-110 sp000434635"	0	0	0.322772	0.346189	0.457654	0.143894	0	0	0	0	0	0	0	0	0	0	0	0	0	0	0.389206	0	0	0	0	0	0	0	0.428163	0	0	0	0	0.436385	0	0	0	0	0	0	0	0	0	0	0	0	0	0	0	0	0	0	0	0	0	0	0	0	0	0	0	0	0	0	0	0	0	0	0	0.167693	0	0	0	0	0	0	0	0	0	0	0	0	0	0.186284	0	0	0	0	0.235314	0	0.355566	0	0	0	0.120868	0	0
"CAG-110 sp000435995"	0	0	0	1.534512	0	0	0	0	0	0	0	0	0	0	0	0	0.109984	0	0	0	1.292935	0	0	1.28695	0	0	0	0	0	0	0	0	0	0	0	0	0	0	0	0.451987	0	0	0	0	0	0	0	0	0	0	0	0	0	0	0	0	0	0	0	0	0	0	0	0.170352	0.176841	0	0.113316	0	0	0	0	0	0	0	0	0	1.093246	0	0	0	0	0	0	0	0	0	0.175109	0	0	0	0	0	0	0.027549	0.071909	0.874222	0.072414
"CAG-110 sp002437585"	0	0	0	0	0	0.139577	0	0	0	0	0	0	0	0	0	0	0	0	0	0	0	0	0	0	0	0	0	0	0	0	0	0	0	0	0	0	0	0	0	0	0	0	0	0	0	0	0	0	0	0	0	0	0	0	0	0	0	0	0	0	0	0	0	0	0	0	0	0	0	0	0	0	0	0	0	0	0	0	0	0	0	0	0	0	0	0	0	0	0	0	0	0	0	0	0.107863	0	0
"CAG-110 sp003525905"	0	0	0.385843	0.045381	0.641437	0.528092	0	0.049238	0	0.967952	0	0	0.41076	0.112029	0	0.948162	0.119707	0	0.716116	1.161088	0.62297	0.05219	0.635005	0	0	0.106276	0.958698	0	0.704419	0	0	0	0.656626	0.639819	0.681929	0	0	0	0.811662	0.874077	0.805686	0.496323	0.376541	0	0	0	0	0.747584	0	0.853602	0	0	0.56307	0	0.964945	0	0	0	0	0.731888	0.550358	0	1.056108	0	0.687883	0	0	0	0.691547	0.499216	0	0.799742	0	0	0	0.765633	0.86552	0	0.970387	0.757807	0.040934	0	0.692229	0.607229	0.746194	0	0.149965	0.936817	0.1231	0.414819	0.084213	0.912774	0.229976	0	0.478118	0.552538	0.761622
"CAG-170 sp000432135"	0.705057	0.858708	0.052559	1.114417	0	0	0	0.3306	0	0	0	0	0	0	0	0	0	0	0	0	1.079655	0	0	1.020237	0	0	0	0	0.496697	0	0	0	0	0	0	0	0	0	0	0	0.242598	0	0	0	0	0	0	0	0	0.121429	0	0	0	0	0	0	0	0	0	0	0	0	0	0	0	0.173197	0.159937	0	0	0.067232	0	0	0	0	0	0.791895	0.051866	0	0	0	0	0	0	0.836835	0	0	0	0	0.794708	0	0	0	0	0	0.6686	0	0
"CAG-170 sp000436735"	0.055083	0.047345	0	0.218475	0.04036	0.428805	0	0.057836	0	0	0	0	0	0	0	0	0.380388	0	0	0	0.700089	0	0	0.094764	0	0	0	0	0.053697	0	0	0	0	0.066216	0	0	0	0	0	0	0.042191	0	0	0	0	0	0	0	0	0	0	0	0	0	0	0	0	0	0	0	0	0	0	0	0	0	0.707089	0	0	0	0	0	0	0	0	0.962597	0	0	0	0	0	0	0	0.706869	0	0	0	0	0.731901	0	0	0	0	0	0.381729	0	0.036633
"CAG-170 sp003516765"	0	0	0	0.111507	0	0.041729	0	0.259478	0	0	0	0	0	0	0	0	0	0	0	0	0.413908	0.081764	0	0.098585	0	0	0	0	0.065708	0	0	0	0	0	0	0	0	0	0	0	0.070589	0	0	0	0	0	0	0.056143	0	0	0	0	0	0	0	0	0	0	0	0	0	0	0	0	0.031472	0.255238	0.676656	0	0	0.065686	0	0	0	0	0	0.077775	0	0	0	0	0	0	0	0.615171	0	0	0	0	0.038521	0	0	0	0	0	0.136933	0	0.036633
"CAG-170 sp900553545"	0	0.031563	0.291855	0.041491	0.732968	0.052521	0	0.71591	0	0	0	0	0	0	0	0	0	0	0	0	0.059044	0.193102	0	0.288876	0	0	0	0	0	0	0	0	0.138693	0.062227	0	0	0	0	0	0	0.598788	0	0.050884	0	0	0	0	0	0	0	0	0	0	0	0	0	0	0	0	0	0	0	0	0	0.582977	0.118503	0.062162	0	0	0	0	0	0	0	0	0.052524	0	0	0	0	0	0	0	0.958137	0	0	0	0	0	0	0	0	0.122918	0	0.156823	0	0
"CAG-83 sp000431575"	0.048787	0.216302	0	0.22042	0	0.306495	0.083825	0	0	0.12363	0.050424	0.214738	0	0.102227	0	0.260836	0.125175	0	0.393984	0.289753	0.151826	0	0.22021	0.163544	0	0	0.246495	0.264441	0.202777	0.254856	0.199277	0	0.321812	0.235345	0.200925	0	0	0	0.228407	0.247977	0.240164	0.200258	0.180274	0	0	0	0.265355	0.291548	0	0.127725	0	0	0.22895	0	0.296085	0	0	0	0.245413	0.228109	0.225569	0	0.330235	0	0	0	0	0	0.242787	0.199377	0	0	0.125598	0	0	0.410089	0.221243	0.210649	0	0.316917	0.288535	0	0.221974	0.225996	0.265718	0	0.176905	0.241288	0	0	0	0	0.378007	0	0	0.278161	0.272617
"CAG-83 sp000435555"	0	0	0.293092	0.307291	0	0.320884	0	0.351703	0	0	0	0	0	0	0	0	0.253997	0	0	0	0	0.372287	0	0.225446	0	0	0	0	0	0	0	0	0	0	0	0	0	0	0	0	0.340774	0	0.116306	0	0	0	0	0	0	0.107037	0	0	0	0	0	0	0	0	0	0	0	0	0	0	0.31247	0	0.314693	0	0	0	0	0	0	0	0	0	0.339563	0	0	0	0	0	0.368312	0	0	0	0	0	0	0	0.261372	0	0.167856	0	0.211137	0	0
"CAG-83 sp000435975"	0.075542	0.214445	0.108209	0.370176	0.127567	0.151089	0	0.17507	0	0.089128	0.121232	0	0	0.275872	0	0	0.055296	0	0.053888	0.039465	0.187976	0.188753	0.034433	0.123804	0	0	0.105372	0	0.069947	0.052108	0	0	0.081266	0.203434	0.053058	1.246521	0	0	0.04405	0.058037	0.158216	0.034577	0.734182	0	0	0	0	0.041368	0	0.12053	0	0	0	0	0.0631	0	0	0.162806	0.035914	0.063413	0.034107	0	0.035382	0	0.087671	1.272285	0.121086	0	0.151632	0.136009	0	0	0.051834	0.092774	0	0.076765	0.298232	0.055386	0	0.042779	0.150757	0	0.133184	0.27004	0.06097	0	0.09429	0.074031	0.811456	0.035017	0.164683	0	0.075337	0	0.201957	0.15138	0.907302
"CAG-83 sp001916855"	0.067673	0.253435	0.187356	0	0.144143	0	0	0.161783	0	0.293261	0.336874	0	0	0.452318	0	0	0	0	0	0	0.29823	0.339234	0	0.077186	0	0	0.135478	0	0	0	0	0	0	0.248907	0	0.096483	0	0	0	0	0.266128	0	0.139567	0	0	0	0	0	0	0.22217	0	0	0	0	0	0	0	0.318533	0	0	0	0	0	0	0.239035	0.045578	0.044031	0	0.375136	0.168466	0	0	0	0.219566	0	0	0.047814	0	0	0	0.384381	0	0	0.301809	0	0	0.683375	0	0.061131	0	0.319385	0	0	0	0.116278	0.194902	0.073266
"CAG-83 sp003487665"	0.096001	0.092833	0.136653	0.214585	0.036756	0.798613	0	1.048855	0	0	0.03755	0	0.044592	0.044812	0	0.041185	0.066234	0	0	0	0.233162	0.131344	0	0.392046	0	0	0.066798	0	0	0	0	0	0.045509	0.102913	0	0.032161	0	0	0	0.08178	0.120893	0	0.077053	0	0	0	0	0.062052	0	0.038677	0	0	0.051777	0	0.051451	0	0	0	0	0.066055	0	0	0	0	0.089919	0.067716	0.317284	0	0	0.05564	0	0	0	0	0	0.057574	0.081852	0.051754	0	0.772649	0	0	0.138117	0.187006	0	0	0	0	0.041033	0	0.101055	0	0.083267	0	0.709909	0	0.034077
"CAG-83 sp003539495"	0.097575	0.151318	0.036482	0.652184	0.711346	0.767676	0	0.097695	0	0	0	0	0	0.036409	0	0	0	0	0.039518	0	0.667554	0.04871	0	0.062666	0	0	0.042337	0	0	0	0	0	0.044425	0.062227	0	0	0	0	0	0	0.043002	0	0	0	0	0	0	0.133955	0	0.143016	0	0	0	0	0	0	0	0	0	0	0	0	0	0	0.035218	0	0.078997	0	0	0	0	0	0	0	0	0	0.041331	0	0	0	0	0	0	0.147295	0	0	0	0	0	0	0.042418	0	0.039651	0	0.084914	0	0.032373
"ER4 sp000765235"	1.488803	0.882844	0.7587	0.589299	0.522519	0.574138	0	1.283324	0	0	0	0	0.892696	1.222518	0	0.629668	0.650791	0.02868	0	1.725015	0.572964	0.914191	0	0.917831	0	0.123604	0.692445	0	0.53485	0	0	0	1.304583	1.275649	0	0	0	0	0.239012	0.061555	0.592297	0.522255	0.958072	0	0	0	0	0.957381	0	0.713283	0	0	0.449	0	0	0	0	0	0	0.588329	0.718566	0	0	0	0.576233	1.238426	0.621617	0.988486	0	0.729504	0	0	0	0	0.7958	0.757553	0.644278	0.667357	0.03143	0.625104	0.03095	0	0.693051	0.885211	0.499586	0	0.64117	0	0.211029	0.244222	0.890785	0	1.197462	0	0.879736	0.42765	0.590385
"ER4 sp003522105"	0.04564	0.043632	0.0371	0	0	0.05396	0	0.163346	0	0	0	0	0	0	0	0	0.059549	0	0	0.039465	0	0.059148	0	0.353071	0	0	0.040455	0	0	0	0	0	0.069347	0.151578	0	0	0	0	0	0.036933	0	0	0.051611	0	0	0	0	0.084707	0	0.060265	0	0	0.080901	0	0	0	0	0	0	0	0	0	0	0	0.037466	0	0.051801	0.038229	0	0.042503	0	0	0	0	0.039702	0.045453	0	0.034503	0	0	0	0	0	0.059929	0.03094	0	0.043104	0	0	0	0.10667	0	0	0	0.364134	0.032168	0.051968
"ER4 sp900317525"	0.064525	0.32306	0.312879	0.143921	0	0.345346	0	0.2204	0	0	0	0	0	0	0	0	0.250351	0	0	0	0.085553	0.158309	0	0.084064	0	0	0.060213	0	0.054404	0	0	0	0	0.154769	0	0	0	0	0	0.347344	0	0	0.269685	0	0	0	0	0.396939	0	0	0	0	0	0	0	0	0	0	0	0	0	0	0	0	0.307224	0.083343	0.454557	0	0	0.288247	0	0	0	0	0	0	0.340373	0	0	0.547402	0	0	0	0.492426	0	0	0	0	0	0	0.451007	0	0.042294	0	0.413094	0	0.115862
"Evtepia gabavorous"	1.937332	1.023951	0	0	0	0	0	0	2.174094	1.058039	0	0	0	1.016664	1.598792	0	0	0.034718	0	0	0.737443	0.895925	1.000953	1.537615	0	0	0	1.411726	0	0	0	0	0.890671	0	0	0	0	1.108347	0	0	0	0	0	0	0	0	0	2.044776	0	0	0	0	0	0	0	1.320409	0	0	0	1.088584	1.041029	0	1.501067	0	1.529377	0	0	0	1.181503	0	1.782222	0	0	0	0.909612	0	1.19941	0.046306	2.006581	1.832532	1.954853	0	0	0	0	0	0	1.90471	1.725914	0	0	0.063769	2.15041	0	0.072674	1.870494	0.363773
"F23-B02 sp000431075"	0	0	0	0	0	0	0	0	0	0	0	0	0	0	0	0	0	0	0	0	0	0	0	0	0	0	0	0	0	0	0	0	0	0	0	0	0	0	0	0	0	0	0	0	0	0	0	0	0	0	0	0	0	0	0	0	0	0	0	0	0	0	0	0	0	0	0	0	0	0	0	0	0	0	0	0	0	0	0	0	0	0	0	0	0	0	0	0	0	0	0	0	0	0	0.497242	0	0
"F23-B02 sp001916715"	0	0	0	0.045381	0	0	0	0.038297	0	0	0	0	0	0	0	0	0	0	0	0	0.060851	0.038273	0	0.048146	0	0	0	0	0	0	0	0	0	0.039091	0	0	0	0	0	0	0.038134	0	0	0	0	0	0	0	0	0	0	0	0	0	0	0	0	0	0	0	0	0	0	0	0	0	0.457795	0	0	0	0	0	0	0	0	0	0.091577	0	0	0	0	0	0.043573	0	0	0	0	0	0	0	0	0	0	0	0.612755	0	0.046004
"F23-B02 sp002472405"	0	0	0	0	0	0	0	0	0	0	0	0	0	0	0	0	0	0	0	0	0	0	0	0	0	0	0	0	0	0	0	0	0	0	0	0	0	0	0	0	0	0	0	0	0	0	0	0	0	0	0	0	0	0	0	0	0	0	0	0	0	0	0	0	0	0	0.07835	0	0	0	0	0	0	0	0	0	0	0	0	0	0	0	0	0	0	0	0	0	0	0	0	0	0	0	0.240971	0	0
"F23-B02 sp003533405"	0	0	0	0	0	0	0	0	0	0	0	0	0	0	0	0	0	0	0	0	0	0	0	0	0	0	0	0	0	0	0	0	0	0	0	0	0	0	0	0	0	0	0	0	0	0	0	0	0	0	0	0	0	0	0	0	0	0	0	0	0	0	0	0	0	0	0	0	0	0	0	0	0	0	0	0	0	0	0	0	0	0	0	0	0	0	0	0	0	0	0	0	0	0	0.188952	0	0
"Flavonifractor massiliensis_A"	0	0	0	0	0	0	0	0	0	0	0	0	0	0	0	0	0.048612	0	0	0	0	0	0	0	0	0	0	0	0	0	0	0	0	0	0	0	0	0	0	0	0	0	0	0	0	0	0	0	0	0	0	0	0	0	0	0	0	0	0	0	0	0	0	0	0	0	0.045326	0	0	0	0	0	0	0	0	0	0	0	0	0	0	0	0	0	0	0	0	0	0	0	0	0	0	0	0	0	0
"Flavonifractor plautii"	0.417054	0.236725	0.06307	0	0	0.447511	0.10711	0	0.261764	0.237675	0.337947	0.272391	0.379032	0.260468	0.273198	0.240701	0.063803	1.174357	0.427514	0.202515	0.181951	0	0.302688	0	0.237377	0.392759	0.03481	0.210936	0.050871	0.360966	0.251781	0.35956	0.053094	0.152376	0.552328	0.421422	0.845352	0.237157	0.238196	0.06859	0	0.070595	0.453594	0.8149	0	1.500894	0	0.205857	0.174542	0.177197	0.36103	0.589598	0.111643	0.027822	0.332974	0.475831	0.309363	0.08292	0.068835	0	0.233321	0.702832	0.396711	0.630117	0.064442	0.066414	0.063457	0	0.261193	0.27511	0.372782	0.399436	0.331938	0	0.037937	0.058584	0.110216	0.366819	0.339832	0.094289	0.27356	0.765511	0.269657	0.13502	0.04732	0.382842	0.493898	0.713809	0.172508	0	0	1.074072	0.042294	1.974379	0	0.507124	0.593793
"Flavonifractor sp000508885"	0.864009	0.804864	0.054414	0	0	0.164039	0.088482	0	1.073024	0.27601	0.354039	0.792106	0.383319	0.235261	0.409265	0.136367	0	0.218871	0.868201	0.231594	0.065671	0	0.071268	0	0.97788	0.435501	0	0.321034	0.068534	0.371388	0.220756	0.478352	0.03684	0.242525	0.333136	0.653203	0.249893	0.662104	0.323849	0.085297	0.082759	0.139748	0.212986	0.212779	0	0.143921	0.046724	0.190097	0.128073	0.080053	0.84379	0.716873	0.086564	0	0.360156	0.341742	0.697295	0.098088	0.197528	0	0.267427	0.219886	0.468547	0.234462	0	0.053392	0	0	0.431231	0.170784	0.781232	0.762322	0.32496	0	0.032644	0.049493	0.094008	0.310525	0.698325	0.084686	0.575074	0.437435	0.256503	0.194949	0	0.414903	0.429242	0.39849	0.096303	0	0.043666	0.178804	0	0.541806	0	0.176926	0.30499
"Flavonifractor sp002159175"	0	0	0	0	0	0	0	0	0	0	0.052569	0	0.035159	0	0	0	0.093578	0	0	0	0.040969	0	0	0	0	0	0	0	0	0	0	0	0	0	0.04697	0	0	0.070663	0	0	0	0	0	0.088734	0	0	0	0	0	0	0	0	0.033978	0	0	0	0	0	0	0	0	0	0	0.082428	0	0	0.071227	0	0	0	0	0.040031	0	0.046387	0	0	0	0	0	0	0	0	0	0	0	0.026403	0.061962	0.084085	0	0	0.051152	0.10128	0	0	0	0	0.042596
"Flavonifractor sp002159265"	0	0	0	0	0	0	0	0	0	0	0	0	0	0	0	0	0.078387	0	0	0	0	0	0	0	0	0	0	0	0	0	0	0	0	0	0	0	0	0	0	0	0	0	0	0.056138	0	0	0	0	0	0	0	0	0	0	0	0	0	0	0	0	0	0	0	0.051289	0	0	0	0	0	0	0	0	0	0	0	0	0	0	0	0	0	0	0	0	0	0	0	0	0	0	0	0	0	0	0	0	0
"Flavonifractor sp002159455"	0	0	0	0	0	0	0	0	0	0	0	0	0	0	0	0	0.063195	0	0	0	0	0	0	0	0	0	0	0	0	0	0	0	0	0	0	0	0	0	0	0	0	0	0	0.057043	0	0	0	0	0	0	0	0	0.039641	0	0	0	0	0	0	0	0	0	0	0	0	0	0	0	0	0	0	0.034809	0	0	0	0	0	0	0	0	0	0	0	0	0	0	0	0	0	0	0	0	0	0	0	0	0
"Flavonifractor sp002161085"	0	0.036205	0	0.05316	0.044684	0.057558	0	0	0.034279	0.037376	0.070808	0.034258	0	0	0	0	0.145835	0	0.062271	0	0.119292	0	0	0	0	0	0	0.033956	0	0	0	0	0	0	0.080892	0	0	0.056143	0.061996	0	0	0	0.084322	0.240848	0	0	0	0	0	0	0.032253	0.030459	0.05744	0	0.035918	0.030729	0.035356	0	0	0	0	0	0	0.097082	0	0	0.069932	0	0	0	0	0.105298	0	0.051799	0	0	0.037279	0	0.038305	0	0	0	0.067414	0	0	0.04149	0.141883	0.082257	0.041033	0	0.096065	0.063769	0	0	0	0	0.052819
"Flavonifractor sp002161215"	0	0	0	0	0	0	0	0	0	0	0	0	0	0	0	0	0.432645	0	0	0	0	0	0	0	0	0	0	0	0	0	0	0	0	0	0	0	0	0	0	0	0	0	0	0.067908	0	0	0	0	0	0	0	0	0.038023	0	0	0	0	0	0	0	0	0	0	0	0	0	0	0	0	0	0	0.03742	0	0	0	0	0	0	0	0	0	0	0	0	0	0	0	0	0	0	0	0	0	0	0	0	0
"Flavonifractor sp900199495"	0	0	0	0	0	0	0	0	0	0.062294	0	0.06016	0.048022	0	0	0	0	0	0	0	0	0	0	0	0.083224	0	0	0.042187	0	0	0.223142	0.089094	0	0	0	0	0	0	0	0	0	0	0	0	0	0	0	0	0	0	0.042658	0.055479	0	0	0	0.062389	0	0	0	0	0	0.029117	0	0	0	0	0	0	0	0	0	0	0	0	0	0	0	0	0	0	0	0	0	0	0	0	0	0	0	0	0	0.03251	0	0.528032	0	0	0
"Intestinimonas butyriciproducens"	0	0.048273	0	0	0.168647	0.568382	0	0.052365	1.102109	0	0	0	0	0	0	0	0.944285	0	0.041913	0	0.071093	0	0	0.071073	0	0	0	0.373511	0	0	0	0	0	0	0.04436	0	0	0	0.058733	0.035174	0	0	0.135206	0.131289	0	0	0	0.209796	0	0	0	0	0	0	0.073779	0.156438	0	0	0	0	0	0	0	0.045793	0.030722	0	1.438784	0	0	0.037093	0.841061	1.275759	0	0	0	0	0	0	0.041251	0.041906	0.031949	0	0.437371	0.055596	0.067339	0	0	0	0.054432	0	0.043042	0.03376	0.034364	0	0.056609	0.04636	0.07497
"Intestinimonas massiliensis"	0	0	0	0	0	0	0	0	0	0	0	0	0	0	0	0	0	0	0	0	0	0	0	0	0	0	0	0	0	0	0	0	0	0	0.033053	0	0	0	0	0	0	0	0.252239	0.057043	0	0	0	0.084707	0	0	0	0	0	0	0.03786	0	0	0	0	0.143559	0	0	0	0	0	0	0.332824	0	0	0	0.271533	0	0	0	0	0	0	0.095337	0	0	0	0	0	0.115525	0	0	0.041308	0	0	0	0	0	0	0	0	0.657559	0
"Intestinimonas timonensis"	0.042492	0.052915	0	0	0	0.050363	0	0	0	0	0	0	0	0	0	0	0.164065	0	0	0	0	0	0	0	0	0	0	0.635894	0	0	0	0	0	0	0	0	0	0	0	0	0	0	0	0	0	0	0	0.055158	0	0.045873	0	0	0	0	0	0	0	0	0	0	0	0	0	0	0.03297	0	0	0	0	0	0	0	0	0	0.03529	0	0	0.039043	0.03143	0	0	0	0	0	0	0	0	0	0	0	0	0.107532	0.059477	0	0	0	0
"Lawsonibacter asaccharolyticus"	0.53194	0.937616	0.057505	0.037601	0.530447	0.307934	0.045017	0.12036	0.969149	1.062831	1.206952	0.33088	0.761493	0	0.155202	0.967382	0.712771	0	0.44907	0.957534	0.628995	0	0.769533	0	0	0.125914	0.060213	0	0.106687	0.526765	0	0.059396	0.456171	0.138016	0.938522	0	0	0.978637	0.445394	0.315688	0.323735	0	0.042888	1.005043	0	0	0.593302	0.336856	0.614297	0.356192	0.504609	0	0.855932	0	1.025133	0.127571	0.50382	0.067751	0	0.282715	0	0.359449	0.595066	0.04213	0.061445	0.295608	0	0	0.342706	0.334614	0	0.547375	0	0.180137	0.034408	0	0.350098	1.140408	0	0.125719	1.009375	0	0.138939	0.647663	0	0	0.57382	1.20004	0.960516	0	0.507149	0.03376	0.41898	0	0	0.316007	1.072576
"Lawsonibacter sp000177015"	0	0	0	0	0.034594	0	0	0	0.735432	0	0.125523	0	0	0	0	0	0	0	0.822695	0	0	0	0	0	0.191036	0	0	0	0	0	0	0	0	0	0	0	0.304155	0.211022	0	0	0	0	0	0	0	0	0	0	0	0	0	0	0	0	0	0	0.683546	0	0.463891	0	0	0	0	0.205155	0	0	0	0	0	0	0	0.476016	0	0.074993	0	0	0	0	0.479301	0	0.14277	0	0	0	0	0	0.208335	0	0	0	0	0.285086	0	0	0	0	0
"Lawsonibacter sp002160305"	0	0	0	0	0.038919	0	0	0	0.05817	0	0.053642	0	0	0	0	0	0.545668	0	0.037123	0	0.045186	0	0	0	0	0	0	0	0	0	0	0	0	0	0.035662	0	0	0.061951	0	0.036053	0	0	0	1.144482	0	0	0	0	0	0	0	0	0.370526	0	0	0	0	0	0	0	0	0	0	0.117231	0	0	0	0	0	0	0	0.069618	0	0	0	0	0	0	0	0	0	0	0.044395	0	0	0	0.04939	0.085913	0	0	0.050528	0.112534	0	0	0	0	0.037485
"Lawsonibacter sp002161175"	0	0	0	0	0.064864	0	0	0	0	0	0.033258	0	0	0	0	0	0.164673	0	0	0	0.213882	0	0	0	0	0	0	0	0	0	0	0	0	0	0	0	0	0.055175	0	0	0	0	0	0.044367	0	0	0	0	0	0	0	0	0	0	0	0.066114	0	0	0	0	0	0	0	0.064111	0	0	0.055039	0	0	0	0	0.109649	0	0	0	0	0	0.037227	0	0	0	0	0	0	0	0	0	0.046612	0	0	0	0.048765	0	0	0	0.07096	0.057079
"Lawsonibacter sp003478995"	0	0	0	0.043436	0.04036	0.542481	0	0	0	0	0.061152	0	0	0	0	0	0.164065	0	0.034728	0	0.065068	0	0	0	0	0	0	0	0	0	0	0	0	0	0	0	0	0.075503	0.916077	0	0	0	0.430333	0.043461	0	0	0	0	0	0	0	0	0	0	0	0	0	0	0	0	0	0	0	0.088839	0.048706	0	0.637805	0	0	0	0	0.104428	0	0	0	0	0	0	0	0	0	0	0	0	0	0	0.035022	0.056666	0	0	0.059261	0.111283	0.255089	0	0	0.051091	0.060487
"Lawsonibacter sp900066645"	0	0	0.081621	0.038898	0	0	0	0	0.050899	0.057502	0.03755	0.412764	0	0	0	0.109826	0.148874	0	0.447872	0.109047	0.203038	0	0.479657	0	0	0.038121	0	0	0.046632	0	0	0	0	0.116476	0.077413	0	0	0.041624	0.195778	0.04045	0.077891	0	0.181728	0.056138	0	0	0	0.287608	0	0.078254	0.100922	0	0.174746	0	0.168914	0	0	0	0	0	0	0	0	0.033887	0.076431	0	0	0	0.238404	0.076505	0.031065	0.230611	0	0	0	0	0.178291	0.096245	0.136522	0.303821	0	0	0.27459	0	0.077349	0	0.034124	0.083171	0.234476	0	0	0.770231	0	0	0	0.359528	0.183164
"Lawsonibacter sp900066825"	0	0	0	0	0.036756	0.045327	0.3353	0	1.667186	1.703021	0.072954	0	0	0.03921	1.371305	0.593974	0.377349	1.533608	0.156875	1.18809	0.527175	0	1.067416	0	0.030263	0.860605	0	0	0	1.368072	0.311445	0.062578	0	0.074193	1.596096	1.419525	0	0.077439	1.273371	0.85649	0	0	0	0.04165	0.030205	0.028468	0.030855	0.042353	1.830422	0.071958	1.460765	1.879752	0.08171	0	1.557115	1.411664	1.332718	0.338757	0.050878	0	0.388351	1.443819	1.601853	0.079681	0.385904	0	0	0	1.340147	0.034775	0	1.141743	0	0	0.279677	0	0.226915	0.148907	0.064823	0.044526	0	2.213906	0.360091	0	0.06097	1.151355	0.04939	1.537295	0.293095	0	0	0.097529	0.051546	0	0	0.285731	1.159472
"NK3B98 sp003150485"	0	0	0	0.151701	0	0	0	0	0	0	0	0	0	0	0	0	0.275872	0	0	0	0	0	0	0	0	0	0	0	0	0	0	0	0	0	0	0	0	0	0	0	0	0	0	0	0	0	0	0	0	0	0	0	0	0	0	0	0	0	0	0	0	0	0	0	0	0	0.045326	0	0	0	0	0	0	0	0	0	0	0	0	0	0	0	0	0	0	0	0	0	0	0	0.784739	0	0	0	0	0	0
"Oscillibacter sp000436875"	0	0	0	0	0	0	0	0	0	0	0	0	0	0	0	0	0	0	0	0	0	0	0	0	0	0	0	0	0	0	0	0	0	0	0	0	0	0	0	0	0	0	0	0	0	0	0	0	0	0	0	0	0	0	0	0	0	0	0	0	0	0	0	0	0	0	0	0	0	0	0	0	0	0	0	0	0	0	0	0	0	0	0	0	0	0	0	0	0	0	0	0.051265	0.051546	0	0.049724	0.068121	0.060487
"Oscillibacter sp001916835"	0.354102	0.234868	0.123667	0.160777	0	0.180587	0.04036	0.166473	0	0	0	0	0.070318	0	0	0	0	0	0	0	0.082541	0.210499	0.190581	0.161251	0	0	0.227679	0	0.166037	0.192326	0	0	0.13761	0.182691	0	0	0	0	0.175384	0.191699	0.185803	0.064832	0.149017	0	0	0	0.081105	0.24624	0.279947	0.241059	0	0	0	0	0	0	0	0	0.10475	0.209614	0.325564	0	0	0	0.188831	0.115899	0.143749	0.090111	0	0.184694	0	0.093985	0	0.070354	0.104107	0.247467	0.178291	0.049938	0.255365	0.211278	0	0	0.211286	0.163901	0.192918	0	0	0.21661	0	0.100562	0.12476	0	0.280201	0	0.109393	0.209094	0.149087
"Oscillibacter sp900115635"	0	0	0	0	0	0	0	0	0	0	0	0	0	0	0	0	0	0	0	0	0.050006	0	0	0	0	0	0	0	0	0	0	0	0	0	0	0	0	0	0	0	0	0	0	0	0	0	0	0	0	0	0	0	0	0	0	0	0	0	0	0	0	0	0	0	0	0	0.049211	0	0	0	0	0	0	0	0	0	0	0	0	0	0	0	0	0	0	0	0	0	0	0	0	0	0	0	0	0	0
"Oscillibacter welbionis"	0.136919	0.476235	0.257847	0.042139	1.065217	1.141081	0.08693	0.378276	1.773138	0.970827	1.121124	1.67278	1.511838	0.110629	0.684589	1.594304	0.972237	0.439252	1.340024	0.570159	1.194127	0.091332	1.21796	0	0.923027	2.01809	0.075266	1.615459	0.476914	0.925628	0.112168	0	0.47134	0.313527	1.659592	0.992559	1.866343	1.790779	1.199139	0.321843	0.738343	1.081249	1.141254	0.252619	0	0	0.292684	1.349395	0.129206	0.396668	0.810496	0.23932	1.459453	0	1.760006	1.522474	1.906268	0.280106	1.098375	0.556622	0.1279	1.195819	0.194066	0.21065	0.795786	0.415413	0.056334	0	1.332258	0.314521	2.184918	0.90243	0.257177	1.089326	0.891967	0	0.868762	0.805368	1.714875	0.692329	1.445673	0.036453	1.60561	0.644775	0.233868	1.218305	0.766889	1.370952	1.555918	0.095175	0.863338	2.191908	0.572297	1.579503	0.062729	1.702083	1.382677
"Pseudoflavonifractor capillosus"	0	0	0	0	0.036036	0	0	0	0	0	0.077245	0.03008	0	0	0	0	0.108769	0	0.326923	0	0.056634	0	0	0	0	0	0	0	0.047338	0	0.040571	0	0.095352	0	0.04697	0	0.038555	0.100671	0	0.087056	0	0	0.042161	1.709479	0	0	0	0	0	0	0	0	0.053395	0	0.036889	0	0	0	0	0	0	0	0	0.077849	0.03297	0	0.054391	0	0	0	0	0.228001	0	0.040202	0	0	0	0	0	0	0.035942	0	0.276234	0	0	0.036775	0.202947	0.053924	0.037684	0	0.10667	0.091277	0	0.052803	0.044369	0	0.064746
"UBA1777 sp003150355"	0	0	0	0	0	0	0	0	0	0	0	0	0	0	0	0	0	0	0	0	0.287988	0	0	0.259071	0	0	0	0	0	0	0	0	0	0	0	0	0	0	0	0	0	0	0	0	0	0	0	0	0	0	0	0	0	0	0	0	0	0	0	0	0	0	0	0	0	0	0.102955	0	0	0	0	0	0	0	0	0	0	0	0	0	0	0	0	0	0	0	0	0	0	0	0.2726	0	0	0	0.368724	0	0
"UBA738 sp003522945"	0	0.051987	0.057505	0.427874	0	0.705082	0	0.576792	0	0	0	0	0	0	0	0	0.541414	0	0	0	0	0	0	0	0	0	0.064917	0	0	0	0	0	0	0.362989	0	0	0	0	0	0	0.679113	0	0	0	0	0	0	0	0	0	0	0	0	0	0	0	0	0	0	0	0	0	0	0	0	0	0.710327	0	0	0	0	0	0	0	0	0	0	0	0	0	0	0	0	0.610839	0	0	0	0	0	0	0	0	0	0	0.094859	0	0
"UBA9475 sp002161235"	0	0	0	0	0	0	0	0	0	0	0	0	0	0	0	0	0	0	0	0	0.043379	0	0	0	0	0	0	0	0	0	0	0	0	0	0	0	0	0	0	0	0	0	0	0.056138	0	0	0	0	0	0	0	0	0	0	0	0	0	0	0	0	0	0	0	0	0	0	0	0	0	0	0	0.042641	0	0	0	0	0	0	0	0	0	0	0	0	0	0	0	0	0	0	0	0	0	0	0	0	0
"UBA9475 sp002161675"	0	0	0	0	0	0	0	0	0	0	0	0	0	0	0	0	0.039497	0	0	0	0	0	0	0	0	0	0	0	0	0	0	0	0	0	0	0	0	0	0	0	0	0	0	0.048894	0	0	0	0	0	0	0	0	0	0	0	0	0	0	0	0	0	0	0	0	0	0	0	0	0	0	0	0.041771	0	0	0	0	0	0	0	0	0	0	0	0	0	0	0	0	0	0	0	0.195059	0	0	0	0	0
"UBA9475 sp003534045"	0	0	0	0	0	0	0	0	0	0	0	0	0	0	0	0	0	0	0	0	0	0	0	0	0	0	0	0	0	0	0	0	0	0	0	0	0	0	0	0	0	0	0	0	0	0	0	0	0	0	0	0	0	0	0	0	0	0	0	0	0	0	0	0	0	0	0	0	0	0	0	0.040901	0	0	0	0	0	0	0	0	0	0	0	0	0	0	0	0	0	0	0	0	0	0	0	0	0
"QAMX01 sp003149835"	0	0	0	0	0	0	0	0	0	0	0	0	0	0	0	0	0	0	0	0	0	0	0	0	0	0	0	0	0	0	0	0	0	0	0	0	0	0	0	0	0	0	0	0	0	0	0	0	0	0	0	0	0	0	0	0	0	0	0	0	0	0	0	0	0	0	0.052449	0	0	0	0	0	0	0	0	0	0	0	0	0	0	0	0	0	0	0	0	0	0	0	0	0	0	0	0	0	0
"Anaerofilum sp002160015"	0	0	0	0	0	0	0	0	0	0	0	0	0	0	0	0	0.045574	0	0	0	0	0	0	0	0	0	0	0	0	0	0	0	0	0	0	0	0	0	0	0	0	0	0	0.04165	0	0	0	0	0	0	0	0	0	0	0	0	0	0	0	0	0	0	0	0	0	0	0	0	0	0	0	0	0	0	0	0	0	0	0	0	0	0	0.108521	0	0	0	0	0	0	0	0	0.127538	0	0	0	0	0
"Anaerotruncus colihominis"	0	0	0.038337	0	0.036036	0.048205	0	0	0.113223	0	0.054715	0.074364	0	0	0	0.104334	0.086286	0	0.070654	0	0.163876	0	1.781696	0	0	0	0	0.056593	0	0	0	0	0	0	0	0.043251	0	0	0.03834	0	0	0	0.050157	0.280688	0	0	0	0.036444	0	0	0	0.031547	0	0	0.080574	0.032591	0.299542	0	0	0	0.318587	0	0	0.045793	0.042712	0	0	0	0.03243	0	0.147272	0.063527	0	0	0	0	0.049435	0.063558	0	0	2.226415	0	0	0	0	0.27063	0.045798	0.171826	0.033497	0	0	0.047514	0	0.027549	0	0.045414	0.222353
"Anaerotruncus massiliensis"	0	0	0	0	0	0	0	0	0	0	0	0	0	0	0	0	0	0	0	0	0	0	0	0	0	0	0	0	0	0	0	0	0	0	0	0	0	0	0	0	0	0	0.124302	0	0	0	0	0.082737	0	0	0	0	0	0	0	0	0	0	0	0	0	0	0	0	0	0	0	0	0	0	0	0	0	0	0	0	0	0	0	0	0	0	0	0	0	0	0	0	0	0	0	0	0	0	0	0	0
"Anaerotruncus rubiinfantis"	0	0	0	0	0	0	0	0	0	0	0	0	0	0	0	0	0	0	0	0	0.133752	0	0	0	0	0	0	0	0	0	0	0	0	0	0	0	0	0	0	0	0	0	0	0	0	0	0	0	0	0	0	0	0	0	0	0	0	0	0	0	0	0	0	0	0	0	0	0	0	0	0	0	0	0	0	0	0	0	0	0	0	0	0	0.178342	0	0	0	0	0	0	0.04928	0	0	0	0	0	0
"Angelakisella massiliensis"	0	0	0	0	0	0.182746	0	0	0	0	0	0	0	0	0	0	0.734039	0	0	0	0.098205	0	0	0	0	0	0	0	0	0	0	0	0	0	0	0	0	0	0	0	0.076268	0	0	0.130384	0	0	0	0	0	0	0	0	0	0	0	0	0	0	0	0	0	0	0	0.039382	0	0	0	0	0	0	0	0.041771	0	0	0	0	0	0	0	0	0	0	0	0	0	0	0	0	0	0	0.045537	0	0	0	0	0	0
"Angelakisella sp003453215"	0	0	0.051322	0	0.082162	0	0	0.043767	0	0	0	0	0	0	0	0	0	0	0	0	0	0	0	0	0	0	0	0	0	0	0	0	0	0.036698	0	0	0	0	0	0	0	0	0	0	0	0	0	0	0	0	0	0	0	0	0	0	0	0	0	0	0	0	0	0	0	0	0.057629	0	0	0	0	0	0	0	0	0	0	0	0	0	0	0	0	0	0	0	0	0	0	0	0.059261	0	0	0	0.059669	0	0
"Bittarella massiliensis"	0	0	0	0	0	0	0	0	0	0	0	0	0	0	0	0	0	0	0.061073	0	0	0	0	0	0	0	0	0	0	0	0	0	0	0.051058	0.034792	0	0	0.115191	0	0	0	0	0.128664	0	0	0	0	0.041368	0	0	0	0	0	0	0	0	0	0	0	0	0	0	0	0	0	0	0	0	0	0	0	0	0	0	0	0	0	0	0	0	0	0	0	0	0	0	0	0	0	0	0	0	0	0	0	0	0
"CAG-115 sp000432175"	0	0	0.052559	0	0	0	0	0	0	0	0	0	0	0	0	0	0	0	0	0	0	0	0	0	0.041612	0	0	0	0	0	0	0	0	0	0	0	0	0	0	0	0	0	0	0	0	0	0	0	0	0	0	0	0	0	0	0	0	0	0	0	0	0	0	0	0	0	0	0	0	0	0	0	0	0	0	0	0	0	0	0	0	0	0	0	0	0	0	0	0	0	0.048033	0	0	0	0.066554	0	0
"CAG-115 sp003507295"	0	0	0.28629	0	0	0	0	0	0	0	0	0	0	0	0	0	0	0	0	0	0	0	0	0	0.052961	0	0	0	0	0	0	0	0	0	0	0	0	0	0	0	0	0	0	0	0	0	0	0	0	0	0	0	0	0	0	0	0	0	0	0	0	0	0	0	0	0	0.304333	0	0	0	0	0	0	0	0	0	0	0	0	0	0	0	0	0	0	0	0	0	0	0	0.734835	0	0	0	0.475823	0	0
"CAG-115 sp003531585"	0	0	0.064307	0	0	0	0	0	0	0	0	0	0	0	0	0	0	0	0	0	0	0	0	0	2.458885	0	0	0	0	0	0	0	0	0	0	0	0	0	0	0	0	0	0	0	0	0	0	0	0	0	0	0	0	0	0	0	0	0	0	0	0	0	0	0	0	0	0	0	0	0	0	0	0	0	0	0	0	0	0	0	0	0	0	0	0	0	0	0	0	0	0.041171	0	0	0	0.068849	0	0
"CAG-353 sp900066885"	0	0	0	0	0	0	0	0	0	0	0	0	0	0	0	0	0	0	0	0	0	0	0	0	0	0	0	0	0	0	0	0	0	0	0	0	0	0	0	0	0	0	0	0	0	0	0	0	0	0	0	0	0	0	0	0	0	0	0	0	0	0	0	0	0	0	0	0	0	0	0	0	0	0	0.029115	0	0	0	0	0	0	0	0	0	0	0	0	0	0	0.036813	0	0	0	0	0	0	0
"Faecalibacterium prausnitzii"	0.163674	0.1114	0.537335	0.619769	0.8663	0.0813	0.512263	0.422043	0.072712	1.183585	0.072954	0.04512	0.070318	1.564207	0.075475	0.101589	0.324484	0.060378	0.040716	0.090353	0.661529	0.842865	0.067264	0.568581	0.065255	0.1005	1.008561	0.129648	0.593493	1.031739	0.093075	0.057275	1.422689	0.355012	0.052188	0.042142	0.109953	1.0493	1.130616	0.262926	0.729418	0.677131	0.592434	0	0	0	0.925657	0.152669	1.268262	0.947147	0.054102	1.08782	0.68604	0	0.076691	0.942351	0.118835	0.098088	0.10475	0.861355	0.788329	0	1.029303	0.403898	0.627936	1.328281	0.233106	0.816457	0.260316	0.704002	0	0.329818	1.436404	0.664883	0.524064	0.919164	1.027603	0.799012	0.854491	0.331759	0.059904	0.114219	0.776086	0.877991	0.964592	0.046205	0.346627	0.035645	0.123938	1.097204	0.578886	0.293838	0.378007	0.847146	0.380199	0.897875	0.911561
"Faecalibacterium prausnitzii_A"	0.067673	0.054772	0.153348	0.169853	0.16144	0	0.420677	0.793285	0	0.310511	0	0	0	0.355692	0	0.061319	0.09297	0	0	0	0.130739	0.200061	0	0.75123	0.031209	0.075086	0.120425	0.044245	0.169569	0.148745	0.042958	0.030759	0.237295	0.311134	0	0	0.035699	0.174238	0.112572	0.180267	0.234485	0.151994	0.143929	0	0	0	0.160447	0.074857	0.132606	0.15471	0	0.158822	0.157757	0	0.033006	0.116397	0.062855	0.042471	0.044893	0.189357	0.15348	0	0.109363	0.246369	0.152113	0.235705	0.229869	0.302189	0.187568	0.221788	0	0.26194	0.214314	0.20565	0.118223	0.314132	0.102922	0.506646	0.230811	0.245327	0	0.049819	0.166891	0.23466	0.232048	0	0.301727	0	0.056944	0.216388	0.470345	0.828999	1.058684	0.264016	0.543907	0.12205	0.115862
"Faecalibacterium prausnitzii_C"	1.827167	1.089863	0.612772	0.512152	0.7654	0.737458	0.58367	0.924587	0.068557	0.09392	0.988091	0	0.054025	1.478784	0	0.892334	0.570581	0.048303	0.035926	1.485113	0.488616	0.781977	0.044042	0.284291	0.838858	1.081243	0.909775	0.074085	0.677571	0.129796	0.079949	0.036062	1.027197	0.853624	0.780217	0.041033	0.088533	0.992188	0.077495	0.120471	0.850311	0.864423	0.705106	0	0	0	0.876288	0.109331	0.054403	1.170217	0.032253	0.082674	0.114879	0.051669	0.070866	0.067976	0.086425	0.953575	0.996618	0.680805	0.087592	0	0.049321	0.04213	0.705117	1.235822	0.673418	0.983935	0.083266	0.844648	0	0.817147	1.014753	0.571336	0.043231	0.681798	0.066454	0.912508	0.137504	0.845112	0.112818	1.3281	0.760466	0.782683	0.874503	0.793973	0.142781	0	0.096303	0.856573	0.687427	0.06502	1.151203	2.128197	0.591336	0.082313	0.761622
"Faecalibacterium prausnitzii_D"	0.201445	0.337913	0.383988	0.881032	0.842516	0.662633	0.279416	0.877693	1.193518	0.285594	0.078318	0.974257	1.057343	1.524997	1.175708	0.996669	0.862252	0.046793	0.043111	1.096699	0.219907	1.172531	0.075272	0.414973	0.207114	0.110897	0.113839	1.19153	0.345498	1.014685	0.163479	0.056214	0.292556	1.055462	0.051319	0.047687	1.563616	0.585633	0.884263	1.056103	0.157405	0.871626	0.215166	0	0	0	1.193656	1.147478	0.41142	1.158523	0.068668	0.13489	0.098699	0.034446	0.096106	0.871581	1.251203	1.152784	1.152246	1.097391	0.780578	0	0.072909	0.044878	0.1109	0.225287	0.132741	1.294316	1.030747	0.874014	0	1.01817	1.088517	0.821827	0.042349	1.173702	0.105354	0.924312	1.263075	1.010119	0.354429	0.144596	0.896116	0.910482	1.043761	0.033004	0.962652	0	0.908596	0.998438	0.949422	0.092528	0.151996	0.156114	0.354954	0.106912	0.230872
"Faecalibacterium prausnitzii_E"	0.034623	0	0.032154	0	0	0	1.279106	0.192264	0	0	0	0	0	0.051813	0	0	0	0	0	0	0	0.053929	0	0.058845	0	0	0	0	0	0.044529	0.911662	0	0.03684	0.039091	0	0	0	0.039688	0	0	0.051116	0	0	0	0	0	0.046724	0	0	0	0	0	0.639926	0	0	0	0	0	0.056864	0	0	0	0	0	0.038216	0	0.238286	0.714513	0	0.04173	0	0.062657	1.36563	0	0	0.763613	0	0	0	0.033176	0	0	0	0	0.03549	0	0	0	0.061131	0.338499	0.507773	0	0.04626	0.027549	0.549261	0	0
"Faecalibacterium prausnitzii_F"	0.036197	0.032492	0	0.047325	0.045405	0	0.062093	0.057054	0	0.228092	0	0	0	0.089623	0	0	0	0	0	0	0	0.056539	0	0.040504	0	0.03119	0	0.04939	0.048751	0.044529	0	0	0.039007	0.048665	0	0	0	0.030008	0	0	0	0	0	0	0	0	0.032618	0.049248	0	0.044974	0	0	0.043686	0	0	0	0.033392	0	0.029928	0.039633	0.041858	0	0	0	0	0	0	0.236654	0.034183	0.045594	0	1.177423	0.053828	0.038656	0	0.058584	0	0.057202	0.060895	0.048891	0	0	0	0.096752	0.04732	0	0.054778	0	0.040196	0.047587	0.044914	0	0	0	0.048194	0	0
"Faecalibacterium prausnitzii_G"	1.355031	0.809506	0.580001	0.580223	0.449006	0.06763	1.134741	0.572885	0.842422	0.906617	0.683403	0.029244	0.625145	0.843019	0.03508	0.499707	0.58395	0.831711	0.968793	0.170321	0.12592	0.86896	0.876034	0.621313	0.656333	0.66076	0.613416	0.858148	0.523545	0.93226	0.770855	0.741393	0.964351	0.719597	0.795874	0.765213	1.040982	0.706632	0.577544	0.742174	0.656395	0.392592	0.059607	0	1.496388	0	0.995301	0.880554	0.056669	0.669209	0.672119	0.610267	0.576015	0.344462	0.652358	0.689071	1.010587	1.108291	1.071439	0.884254	0.761974	0	0.784844	0	0.639926	0.229194	0.216918	0.679015	0.64597	0.744187	0	0.703147	0.60307	0.971812	0.032644	0.742402	0.418983	0.707307	0.891814	0.650422	0.126796	0.889451	0.418462	0.308308	0.697964	0	0.895303	0.823485	0.907759	0.619534	0.588243	0.831499	0.798308	0.068874	0.658655	0.583761	0.517119
"Faecalibacterium prausnitzii_H"	0	0	0	0	0	0	0.054331	0	0	0	0	0	0	0.044812	0	0	0	0	0	0	0	0	0	1.049277	0	0	0	0	0	0	0	0	0.042258	0	0	0	0	0	0	0	0	0	0	0	0	0	0	0	0	0	0	0	0	0	0	0	0	0	0	0	0	0	0	0	0	0	0	0.04369	0	0	0	1.259224	0.047847	0	0	0.051514	0	0	0	0	0	0	0	0	0	0	0	0	0	0.035017	0.041171	0	0	0.029845	0.204252	0	0
"Faecalibacterium prausnitzii_I"	0.177838	0.582993	0.474265	0.055105	0.055495	0	0.152127	1.347412	0	0.063252	0.034331	0	0	0.140036	0	0.051252	0.246705	0	0	0	0	0.088723	0	0.49598	0	0.055448	0.072443	0.033956	0.074187	0.057793	0.042958	0	1.803012	0.067013	0	0	0.035699	0.039688	0.052207	0.063313	0.057607	0.065552	0	0	0	0	0.047605	0.036444	0.037402	0.065662	0	0.042425	0.076047	0.026497	0.036889	0.033522	0	0.053594	0.0419	0.071339	0.073639	0	0	0	0.047208	0.402391	0.058924	1.04947	0.035059	0.076505	0	0.114	1.393541	0.048707	0	0.113128	0.042952	0.201569	0.093306	0.080321	0	0.05711	0.05015	0.176898	0.062789	0	0.05388	0	0.056107	0.105949	0.168426	0.048765	0.089876	0.080353	1.301245	0.055822	0.064746
"Faecalibacterium prausnitzii_J"	0	0	0	0	0	0	0.299596	0.042204	0	0	0	0	0	0.058815	0	0	0	0	0	0	0	0	0	0	0	0	0	0	0	0	0	0	0	0	0	0	0	0.02904	0	0.170594	0.043002	0	0	0	0	0	0	0	0	0	0	0	0	0	0	0	0	0	0	0	0	0	0	0	0	0	0.128856	0	0.272587	0	0	0.203634	0	0	0.029115	0	0.040521	0	0.030447	0.238343	0	0	0	0	0	0	0.069146	0	0	0	0	0	0	0.064282	0	0	0
"Faecalibacterium sp002160895"	0	0	0	0	0	0	0	0	0	0	0	0	0	0	0	0	0.041928	0	0.053888	0	0	0	0	0	0	0	0	0	0	0	0	0	0	0	0	0	0	0	0	0	0	0	0	0.062476	0	0	0	0	0	0	0	0	0.034787	0	0	0	0	0	0	0	0	0	0	0.033887	0	0	0	0	0	0	0	0	0	0	0	0	0	0	0	0	0	0	0	0	0	0	0	0	0	0	0	0	0	0	0	0	0
"Faecalibacterium sp003449675"	0	0	0.032772	0	0	0	0.158336	0.085972	0	0	0	0	0	0.07842	0	0	0	0	0	0	0	0.044361	0	0.061138	0	0	0	0	0	0	0	0	0.042258	0.063025	0	0	0	0.048399	0	0.042209	0.0357	0	0.040707	0	0	0	0	0	0	0	0	0.029371	0.038832	0	0	0	0	0	0	0.037871	0	0	0	0.043046	0.035968	0.050787	0.050506	0.061894	0.035936	0.04173	0	0.051344	0.034888	0.04716	0	0.056564	0	0.069914	0.050091	0.049764	0	0	0	0.045488	0.04641	0	0.099678	0	0	0.049383	0.048033	0.056267	0.074015	0.055099	0.052019	0	0
"Fournierella massiliensis"	0	0	0	0	0	0	0	0	0	0	0	0	0	0	0	0	0	0	0	0	0	0	0	0	0	0	0	0	0	0	0	0	0	0	0	0	0.067114	0.492706	0	0	0	0	0	0.621135	0	0	0	0.052203	0	0	0	0	0	0	0	0.650893	0	0	0	0	0	0	0	0	0	0	0	0	0	0	0	0	0	0	0	0	0	0	0	0	0	0	0	0	0	0.150874	0	0	0	0	0	0.085026	0	0	0	0	0
"Fournierella sp002159185"	0	0	0	0	0	0	0	0	0	0	0	0	0	0	0	0	0	0	0	0	0	0	0	0	0	0	0	0	0	0	0	0	0	0	0	0	0.05569	0.030008	0	0	0	0	0	0.060665	0	0	0	0	0	0	0	0	0	0	0	0	0	0	0	0	0	0	0	0	0	0	0	0	0	0	0	0	0	0	0	0	0	0	0	0	0	0	0	0	0	0.307405	0	0	0	0	0	0	0	0	0	0	0
"Fournierella sp002160145"	0	0	0	0	0	0	0	0	0	0	0	0	0	0	0	0	0	0	0	0	0	0	0	0	0	0	0	0	0	0	0	0	0	0	0	0	0.128516	0.077439	0	0	0	0	0	0.84478	0	0	0	0	0	0	0	0	0	0	0	0.043765	0	0	0	0	0	0	0	0	0	0	0	0	0	0	0	0	0	0	0	0	0	0	0	0	0	0	0	0	0	0.119756	0	0	0	0	0	0	0	0	0	0	0
"Fournierella sp002161595"	0	0	0	0	0	0	0	0	0	0	0	0	0	0	0	0	0	0	0	0	0	0	0	0	0	0	0	0	0	0	0	0	0	0	0	0	1.316579	0.073567	0	0	0	0	0	0.161169	0	0	0	0	0	0	0	0	0	0	0	0.033522	0	0	0	0	0	0	0	0	0	0	0	0	0	0	0	0	0	0	0	0	0	0	0	0	0	0	0	0	0	0.314949	0	0	0	0	0	0	0	0	0	0	0
"Gemmiger formicilis"	0.303741	0.38433	0.430363	0.370176	0.558555	0.407221	0.642658	0.500981	0	0.563521	0	0	0	0.920039	0	0.488725	0.371273	0	0	0.681282	0.339802	0.526247	0	0.512793	0.562706	0.936847	0.573902	0.083345	0.51436	0.707721	0.668234	0.036062	0.654459	0	0.129601	0.573355	0	0.464635	0.504128	0.430883	0.454365	0.492	0	0	0	0	0.310315	0.518089	0.754837	0.558574	0	0.054391	0.03236	0	0	0	0	0.531899	0.06285	0.068697	0.408505	0.491983	0	0	0.428615	0.591215	0.399518	0.511537	0.546927	0.443576	0	0.557818	0.576156	0.393518	0.108518	0.659576	0.519474	0.46034	0.561803	0.55526	0.54013	0	0.531915	0.483761	0.480476	0	0	0	0.417033	0.628513	0.43354	0	0.660851	0	0.099448	0	0.53501
"Gemmiger qucibialis"	0.040918	0.043632	0.529915	0.595782	0.588825	0.57126	0.367898	0.618997	0	0.803113	0.838966	0	0	1.127293	0	0.749561	0.607648	1.233226	0	0.060235	0.485604	0.681077	0.55653	0.563996	0.520149	0.79476	0.760184	0	0.560285	0.704879	0.970132	0.813517	0.852747	0.56403	0.687148	0.03327	0	0	0.645251	0.567183	0.698586	0.608698	0.65713	0	0	0	0.829565	0.723945	0.873843	0.720479	0.760555	0.05004	0	0	0.751376	0.752391	0	0.78268	0.029928	0.834053	0.645701	0	0.85668	0	0.537268	1.044393	0.684426	0.749101	0.030677	0.680046	0	0.697925	0.704745	0.330895	0	0.810076	0	0.722743	0.774935	0.671375	0	0.930764	0.617416	0.722032	0.667935	0	0.167027	0	0.761211	0.857471	0.646256	0	0.956913	1.517517	0.520192	0	0.239391
"Gemmiger variabilis"	0	0	0	0	0	0	0	0	0	0	0.163073	0	0	0	0	0	0	0	0	0	0	0	0	0	0	0	0	0	0	0	0	0	0	0	0	0	0	0	0	0	0	0	0	0.036218	0	0	0	0	0	0	0	0	0	0	0	0	0	0	0	0	0	0	0	0	0	0.074227	0	0	0	0	0	0	0	0	0	0	0	0	0	0	0	0	0	0	0	0.180105	0	0	0	0	0	0	0	0	0	0	0
"Gemmiger variabilis_C"	0	0	0	0	0	0	0	0	0	0	0.072954	0	0	0	0	0	0	0	0	0	0	0	0	0	0	0	0	0	0	0	0	0	0	0	0	0	0	0	0	0	0	0	0	0	0	0	0	0	0	0	0	0	0	0	0	0	0	0	0	0	0	0	0	0	0	0	0	0	0	0	0	0	0	0	0	0	0	0	0	0	0	0	0	0	0	0.039604	0	0	0	0	0	0	0	0	0	0	0
"Gemmiger_A sp002160955"	0	0	0	0	0	0	0	0	0	0	0	0	0	0	0	0	0	0	0	0	0	0	0	0	0	0	0	0	0	0	0	0	0	0	0	0	0	0	0	0	0	0	0	0.047989	0	0	0	0	0	0	0	0	0	0	0	0	0	0	0	0	0	0	0	0	0	0	0	0	0	0	0	0	0	0	0	0	0	0	0	0	0	0	0	0	0	0	0	0	0	0	0	0	0	0	0	0	0
"Harryflintia acetispora"	0	0	0	0	0	0	0	0	0	0	0	0	0	0	0	0	0	0	0	0	0	0	0	0	0	0	0	0	0	0	0	0	0	0	0	0	0	0	0	0	0	0	0.051611	0.062476	0	0	0	0	0	0	0	0	0	0	0	0	0	0	0	0	0	0	0	0	0	0	0	0	0	0	0	0	0	0	0	0	0	0	0	0	0	0	0	0	0	0	0	0	0	0	0	0	0	0	0	0	0
"Massilimaliae massiliensis"	0	0	0	0	0.039639	0.237425	0	0	0	0	0	0	2.054659	0	0	0.574755	1.445594	0	0	0	1.570078	0	0	0	0	0	0	0	0	0	0	0	0.351067	0.165938	0	0	0	0	0.174568	0.338551	0	0	0	0	0	0	0	0.135924	0	0	0	0	0	0	0.1893	0	0	0	0	0.051963	0	0	0	0	0.065191	0	0	0	0	0	0	0	0	0	0	0	0.288507	0.041767	0	0	0	0	0	0	0	0	0	2.16976	0	0	1.069816	0	0	0	0	0	0
"Massilimaliae timonensis"	0	0	0	0	0	0.207927	0	0	0.097642	0.066127	0	0.045955	0.192946	0	0	0	0.106338	0	0.252676	0	0.471144	0	0.037636	0	0	0	0	0	0	0	0	0	0.073681	0	0	0	0	0	0	0.050123	0	0	0	0	0	0	0	0.215706	0	0	0	0	0.080092	0	0	0	0	0	0	0	0.043408	0	0	0	0.073434	0	0	0	0	0	0	0	0	0	0	0	0	0.05357	0.03634	0	0.130789	0	0	0	0	0	0	1.072999	0	0	0.063628	0.046264	0	0	0	0.035007	0
"Massilioclostridium coli"	0	0	0	0	0	0	0	0	0	0	0	0	0	0	0	0	0	0	0	0	0.103025	0	0	0	0	0	0	0	0	0	0	0	0	0	0	0	0	0.125839	0	0	0	0	0	0.1829	0	0	0	0	0	0	0	0	0	0	0	0	0	0	0	0	0	0	0	0	0	0	0	0	0	0	0.033366	0	0	0	0	0	0	0	0	0	0	0	0	0	0	0	0	0	0	0	0.041171	0	0	0	0	0	0.034929
"Negativibacillus massiliensis"	0	0	0	0.672929	0.649365	0.064033	0	0.284488	0	0.04121	1.40972	0.87399	0.865255	0	0	0.906978	0.049219	0	0	0	0.106038	0.182664	0	0	0	0	0	0.735703	0.365987	0	0	0	0	0.861601	0	0	0.064258	1.270969	0.27572	0.350862	0.064909	0	0.713102	0.07153	0	0	0	0	0.466956	0.333705	0	1.30212	0.078474	0	0.207745	0	0	0	0.086793	0.14444	0.744146	0	0.91994	0.913121	0.587473	0	0	0	1.004453	0.054867	0	0.062657	0	0.831877	0	0	0	0	0	0	0	0	0	0	0	0	1.014736	0	0.157434	0	0.648751	0	0.581549	0	0	0	0.86215
"Negativibacillus sp000435195"	0.827812	0.966394	0.047612	0	0.818012	0	0	0	0	0	0	0	0	0	0	0	0.043143	0	0	1.070735	0.531393	0	0	0.392046	0	0	0	0	0.765888	0.935102	0	0	0.355401	0	0	0.56781	0	0	0	0	0.05355	0	0.670941	0.057043	0	0	0	0.946546	0.131473	0	0	0	0.039641	0	0	0	0	0	0	0.559264	0	0	0	0	0	1.377766	0	0.330406	0	0.774325	0	0.068748	0	0	0	0	0	0	0	0.642565	0	0	0.72347	0.762466	0	0	0	0	0	0	0.638147	0	0	0	0	0	0
"Neobitarella massiliensis"	0	0	0	0	0	0	0	0	0	0	0	0	0	0	0	0	0	0	0	0	0	0	0	0	0	0	0	0	0	0	0	0	0	0	0	0	0	0	0	0	0	0	0	0	0	0	0	0	0	0	0	0	0	0	0	0	0	0	0	0	0	0	0	0	0	0	0	0	0	0	0	0	0	0	0	0	0	0	0	0	0	0	0	0	0	0	0	0	0	0	0	0	0	0	0	0.04636	0
"Phocea massiliensis"	0	0	0	0	0	0	0	0	0.038434	0	0	1.374487	0	0	0.038269	0.044846	0	0	0	0	0.083746	0	0	0	0.237377	0	0	0.053506	0	0.133586	0	0	0	0	0	0	0	0.302012	0.046497	0	0	0	0.056699	0	0	0	0	0.087661	0	0	0	0	0	0	0.044655	0	0	0	0.038907	0	0	1.30526	0.045032	0	0.03297	0	0	0	0	0	0.051775	0	0	0	0	0	0	0	0.234739	0	0.083865	0	0.171824	0.105417	0	0	0.193069	0	0	0	0	0.660198	0	0	0	0.070013	0.045152
"QAMM01 sp003150405"	0	0	0	0	0	0	0	0	0	0	0	0	0	0	0	0	0	0	0	0	0	0	0	0	0	0	0	0	0	0	0	0	0	0	0	0	0	0	0	0	0	0	0.038526	0	0	0	0	0	0	0	0	0	0	0	0	0	0	0	0	0	0	0	0	0	0.053202	0	0	0	0	0	0.180638	0	0	0	0	0	0	0	0	0	0	0	0	0	0	0	0	0	0	0	0	0	0	0	0	0	0
"QANG01 sp003150145"	0	0	0	0	0	0	0	0	0	0	0	0	0	0	0	0	0	0	0	0	0	0	0	0	0.042558	0	0	0	0	0	0	0	0	0	0	0	0	0	0	0	0	0	0	0	0	0	0	0	0	0	0	0	0	0	0	0	0	0	0	0	0.063562	0	0	0	0	0	0	0	0	0	0	0	0	0	0	0	0	0	0	0	0	0	0	0	0	0	0	0	0	0	0	0	0	0	0	0	0
"Ruminiclostridium_E siraeum"	0	0	0.420469	0.792215	0.04036	1.351167	0	0.735449	0	0	0	0	0	0	0	0	0.661729	0	0	0	0.058441	0	0	0	0	0	0.524038	0	0.132123	0	0	0	0	0	0	0	0	0	0	0	0	0	0	0	0	0	0	0.056143	0	0	0	0	0	0	0	0	0	0	0	0.843741	0	0	0	0	0.035218	0	0	0	0.035936	0	0	0	0	0.789356	0	0	0	0	0	0	0	0	0	0.746581	0.0455	0	1.00396	0	1.002387	0	0.356813	1.494198	0	0	0.207312	0	0.821257
"Ruminiclostridium_E sp003512525"	0	0	0	0	0	0	0	0.043767	0	0	0	0	0	0	0	0	0	0	0	0	0	0	0	0	0	0	0.042337	0	0	0	0	0	0	0	0	0	0	0	0	0	0	0	0	0	0	0	0	0	0	0	0	0	0	0	0	0	0	0	0	0.054605	0	0	0	0	0	0	0	0	0	0	0	0	0	0.054118	0	0	0	0	0	0	0	0	0	0.051264	0	0	0	0	0	0	0	0	0	0	1.568226	0	0
"Ruminococcus sp002438605"	0	0	0	0	0	0	0	0	0	0	0	0	0	0	0	0	0	0	0	0	0	0	0	0	0	0	0	0	0	0	0	0	0	0	0	0	0	0	0	0	0	0	0	0	0	0	0	0	0	0	0	0	0	0	0	0	0	0	0	0	0	0	0	0	0	0	0	0	0	0	0	0	0	0	0	0	0	0	0	0	0	0	0	0	0	0	0	0	0	0	0	0	0	0	0.090269	0	0
"Ruminococcus_C callidus"	0.140067	0.060342	0.038955	0.074554	0.046847	0	0	0	0	0	0.7349	0	0	0	0	0.082369	0.056511	0	0	0	0.304255	0.05132	0	0	0	0	0	0	0.105981	0	0	0	0.073681	0	0	0	0	0	0.052207	0	0	0.586367	0	0	0	0	0.699973	0	0	0	0	0	0.068766	0	0.788265	0.558706	0.073658	0	0.897854	0.52932	0	0	0	0	0	0.059903	0	0	0.089402	0	0	0	0	0.065715	0.062641	0.708059	0.09887	0.608339	0	0.055002	0	0	0.775264	0.072925	0.083719	0	0	0	0	0.586313	0	0	0	0	0.540082	0	0
"Ruminococcus_C sp000433635"	0	0	0.231877	0	0.260899	0.210086	0	0.293086	0	0	0	0	0	0	0	0	0	0	0	0	0	0	0	0.292697	0.395313	0	0	0	0.328541	0	0	0	0	0.287998	0	0	0	0	0	0	0.342396	0	0	0	0	0	0	0	0	0	0	0	0	0	0	0	0	0	0	0	0	0	0	0	0	0	0	0	0	0.250381	0	0	0	0	0	0	0.337131	0	0	0	0	0	0	0.298199	0	0	0	0	0	0	0	0	0	0	0	0	0
"Ruminococcus_C sp000437175"	0	0	0	0	0	0	0	0	0	0	0	0	0	0	0	0	0	0	0	0	0	0	0	0	0	0	0	0	0	0	0	0	0	0	0	0	0	0	0	0	0	0	0	0	0	0	0.43021	0	0	0	0	0	0	0	0	0	0	0	0	0	0	0	0	0	0	0	0	0	0	0	0	0	0	0	0	0	0	0	0	0	0	0	0	0	0	0	0	0	0	0	0	0	0.043616	0	0	0	0
"Ruminococcus_C sp000437255"	0	0	0	0.815554	0	0	0	0	0	0	0	0	0	0	0	0	0	0	0	0	0	0	0	0	0	0	0	0	0	0	0	0	0	0	0	0	0	0	0	0	0	0	0	0	0	0	0	0	0	0	0	0	0	0	0	0	0	0	0	0	0	0	0	0	0	0	0	0	0	0	0	0	0	0	0	0	0	0	0	0	0	0	0	0	0	0	0	0	0	0	0	0	0	0	0	0	0
"Ruminococcus_D bicirculans"	0	0.036205	0.855779	0.578278	0.811526	0	0	1.043384	1.276618	0	0	0	0.891839	0.714186	0	1.08819	0.680566	0	0	0	0.761542	1.101205	0	0.228502	0	0	0	0	0.735507	0	0	0	1.433525	0.041485	0.465347	0	0	0	1.127353	1.079845	0.955789	0.830566	0	1.234121	0	0	1.15134	0	0	1.273656	0	0	0.986182	0	1.156187	0	1.115672	0	0	0.911557	0.876697	0	0	0.424963	0.704368	0	0.120438	0	0.938716	0.994567	0	1.072125	1.020734	0	1.063126	1.174712	1.009774	1.518123	1.161911	0	0	0	1.003815	0.246213	0.112839	0	0	0	1.211741	1.319877	0.154702	0	0	0	0	0	0
"Ruminococcus_D sp000434695"	0	0	0	0	0	0	0	0	0	0	0	0	0	0	0	0	0	0	0	0	0	0	0	0	0	0	0	0	0	0	0	0	0	0	0	0	0	0	0	0	0	0	0	0	0	0	0	0	0	0	0	0	0	0	0	0	0	0	0	0	0	0	0	0	0	0	0.763423	0	0	0	0	0	0	0	0	0	0	0	0	0	0	0	0	0	0	0	0	0	0	0	0	0	0	0	0	0	0
"Ruminococcus_D sp900604945"	0	0	0	0	0	0	0	0	0	0	0	0	0	0	0	0	0	0	0	0	0	0	0	0	0	0	0	0	0	0	0	0	0	0	0	0	0	0	0	0	0	0	0	0	0	0	0	0	0	0	0	0	0	0	0	0	0	0	0	0	0	0	0	0	0	0	0.047269	0	0	0	0	0	0	0	0	0	0	0	0	0	0	0	0	0	0	0	0.04939	0	0	0	0	0	0	0	0	0	0
"Ruthenibacterium lactatiformans"	0	0.181953	0.417378	0.323499	0.046847	1.284975	0	0.136773	1.237146	0.360347	1.67364	1.603429	1.121659	0.03781	0.055277	1.34445	0.958868	0	2.386655	0.075813	0.695269	0.046101	2.232525	0.040504	0.668627	0	0.05739	1.178153	0.356802	0.331596	0.038185	0.530324	0.170116	0.368574	1.249043	0.060995	0.129944	0.287493	1.028649	0.225994	0.453553	0.164961	1.370958	1.583622	0	0	0	1.410462	0	0.434446	0.083234	0.092465	0.728108	0	0.941647	1.02057	0.64819	0	0.317242	0.116257	1.335586	0	0	1.836316	0.231542	0.092459	0.230516	0	1.476878	0.077278	2.038797	0.274993	0	0.221112	0.236446	0	1.098109	0.205201	1.883809	0.56399	0.4972	0.034023	1.888421	0.353796	0.103739	2.288565	1.189845	1.673476	1.197505	0	0.04429	1.614234	0.083267	0	0	0.997218	1.583732
"Ruthenibacterium sp003149955"	0	0	0	0	0	0.55831	0	0	0	0	0.056861	0	0	0	0	0	0	0	0	0	0.103628	0	0	0	0	0	0	0	0	0	0	0	0	0	0	0	0	0	0	0	0	0	0	0.062476	0	0	0	0	0	0	0	0	0	0	0	0	0	0	0	0	0	0	0	0	0	0	0	0	0	0	0	0	0	0	0	0	0	0	0	0	0	0	0	0	0	0	0	0.085913	0	0	0	0	0	0	0	0	0
"UBA3818 sp002369315"	0	0	0	0.134845	0.19099	0	0	0	0	0	0	0	0	0	0	0.035693	0.264934	0	0	0	0.089168	0	0	0	0	0	0	0.038071	0.036033	0	0	0	0	0.124454	0	0	0	0	0	0	0	0	0.293673	0	0	0	0	0	0	0	0	0	0.072811	0	0	0	0	0	0	0	0	0	0	0	0	0	0	0	0.033306	0	0	0	0	0	0	0	0	0	0	0	0	0	0	0	0	0	0.176905	0	0.097978	0	0.096065	0	0	0	0	0.131512	0.086897
"UBA5884 sp002431975"	0	0	0	0	0	0	0	0	0	0	0	0	0	0	0	0	0	0	0	0	0	0	0	0	0	0	0	0	0	0	0	0	0	0	0	0	0	0	0	0	0	0	0	0	0	0	0	0	0	0	0	0	0	0	0	0	0	0	0	0	0	0	0	0	0	0	0	0	0	0	0	0	0	0	0	0	0	0	0	0	0	0	0	0	0	0	0	0	0	0	0	0	0	0	0.084149	0	0
"QAKR01 sp003343705"	0	0	0	0	0	0	0	0	0	0	0	0	0	0	0	0	0.068057	0	0	0	0	0	0	0	0	0	0	0	0	0	0	0	0	0	0	0	0	0	0	0	0	0	0	0	0	0	0	0	0	0	0	0	0	0	0	0	0	0	0	0	0	0	0	0	0	0	0	0	0	0	0	0	0	0	0	0	0	0	0	0	0	0	0	0	0	0	0	0	0	0	0	0	0	0	0	0	0
"CAG-145 sp000435715"	0	0	0	0	0	0	0	0	0	0	0	0	0	0	0	0.067726	0	0	0	0	0.142187	0	0	0	0	0	0	0	0	0	0	0	0	0	0	0	0	0	0	0	0	0	0	0	0	0	0	0	0	0	0	0	0	0	0	0	0	0	0	0	0	0	0	0	0	0	0	0	0	0	0	0	0	0	0	0	0	0.059926	0	0	0	0	0	0	0	0	0.184987	0.051182	0.146548	0	0	0	0	0	0	0	0.177201
"CAG-145 sp003150015"	0	0	0	0	0	0	0	0	0.031162	0	0	0	0	0	0	0	0	0	0	0	0	0	0	0	0	0	0	0	0	0	0	0	0	0	0	0	0	0	0	0	0	0	0	0	0	0	0	0	0	0	0	0	0	0	0	0	0	0	0	0	0	0	0	0	0	0	0	0	0	0	0	0	0	0	0	0	0	0	0	0	0	0	0	0	0	0	0	0	0	0	0	0	0	0	0	0	0
"CAG-238 sp000435615"	0	0	0	0.189302	0	0.212244	0	0.057054	0	0	0	0.039271	0	0	0	0	0	0	0	0	0	0	0	0.147495	0	0	0	0	0.049458	0	0	0	0.134359	0.075789	0	0	0	0	0	0	0	0.059789	0	0	0	0	0	0	0	0	0	0	0	0	0	0	0	0	0	0	0	0	0	0	0	0	0.947318	0	0	0	0	0	0	0	0	0	0.134528	0	0	0.263661	0	0	0.248282	0.338633	0	0	0	0	0	0	0.717369	0	0	0	1.116883	0.078529	0
"Emergencia sp900066695"	0	0	0	0	0	0	0	0	0.037395	0	0	0	0	0	0	0	0	0	0	0	0	0	0	0	0	0	0	0	0	0	0	0	0	0	0	0	0	0	0	0	0	0	0.126483	0.086923	0	0	0	0	0	0	0	0	0	0	0	0	0	0	0	0	0	0	0	0.090671	0	0	0	0	0	0	0	0	0	0	0	0	0	0	0	0	0	0	0	0	0	0	0.199355	0.050268	0	0	0	0.078774	0	0	0	0	0
"Emergencia timonensis"	0	0	0	0	0	0	0	0	1.165472	0	0	0	0	0	0	0.614109	0	0	0	0	0.091578	0	0	0	0	0	0	0	0	0	0	0	0	0	0	0	0	0	0	0	0	0	0	0.057043	0	0	0	0.055158	0	0	0	0	0	0	0	0	0	0	0	0	0	0	0	0	0	0	0	0	0	0	0	0	0	0	0	0	0	0	0	0	0	0	0	0	0	0	0.209233	0	0	0	0	0.058768	0	0	0	0	0
"Mogibacterium diversum"	0	0	0	0	0	0	0	0	0	0	0	0	0	0	0	0	0	0	0	0	0	0	0	0	0	0	0	0	0	0	0	0	0	0	0	0	0	0	0	0	0	0	0	0	0	0	0	0	0	0	0	0	0	0	0	0	0	0	0	0	0	0	0	0	0	0.153664	0	0	0	0	0	0	0	0	0	0	0	0	0	0	0	0	0	0	0	0	0	0	0	0	0	0	0	0	0	0	0
"QAKD01 sp003343965"	0	0	0	0	0	0	0	0	0	0	0	0	0	0	0	0	0.047397	0	0	0	0	0	0	0	0	0	0	0	0	0	0	0	0	0	0	0	0	0	0	0	0	0	0	0	0	0	0	0	0	0	0	0	0	0	0	0	0	0	0	0	0	0	0	0	0	0	0	0	0	0	0	0	0	0	0	0	0	0	0	0	0	0	0	0.508311	0	0	0	0	0.177532	0	0	0	0	0	0	0.050145	0
"UBA1191 sp900066305"	0	0	0	0	0	0	0	0	0	0	0	0	0	0	0	0	0	0	0	0	0	0	0	0	0	0	0	0	0	0	0	0	0	0	0	0	0	0	0	0	0	0	0	0	0	0	0	0	0	0	0	0	0	0	0	0	0	0	0	0	0.048059	0	0	0	0	0	0	0	0	0	0	0	0	0	0	0	0	0	0	0	0	0	0	0	0	0	0	0	0	0	0	0	0	0	0	0	0
"Clostridioides difficile"	0	0	0	0	0	0	0.048122	0	0.03324	0	0	0.028409	0	0	0	0	0	0	0	0	0	0	0	0	0.030263	0	0	0	0	0.040739	0	0	0	0	0	0.037706	0.039983	0	0	0	0	0	0	0.03984	0.03398	0.052191	0	0	0	0	0	0	0	0	0	0	0	0	0	0	0	0.029117	0	0	0	0.048183	0	0	0	0	0	0	0	0	0	0	0	0	0	0	0.031949	0	0	0	0	0	0	0	0	0	0	0	0	0.036733	0	0	0
"Intestinibacter bartlettii"	0	0	0	0	0.192431	0	0	0	0.04155	0	0	0	0	0	0	0	0	0	0	0	0	0	0	0	0	0	0	0	0	0.05495	0	0	0	0	0	0	0.48979	0	0	0	0	0	0.834496	1.014098	0	0.080659	0	0	0	0	0	0.067445	0	0	0	0	0	0	0	0	0.064338	0.192777	0	0	0.262265	0	0	0	0.499597	0	0	0.325466	0	0	0	0	0	0	0.573589	0	0	0	0	0	0	0.052806	0	0	0.054432	0.104154	0	0.058768	0	0	0	0	0.122677
"Peptostreptococcus anaerobius"	0	0	0	0	0	0	0	0	0	0	0	0	0	0	0	0	0	0	0	0	0	0	0	0	0	0	0	0	0	0	0	0	0	0	0	0	0	0	0	0	0	0	0	0	0	0	0	0	0	0	0	0	0	0	0	0	0	0	0	0	0	0	0	0	0	0	0	0	0	0	0	0	0	0	0	0	0	0	0	0	0	0	0.044395	0	0	0	0	0	0	0	0	0	0	0	0	0	0
"Romboutsia timonensis"	0	0	0	0.19773	0.163602	0.144614	0.049674	0.068777	0	0	0	0.040942	0.261549	0	0	0.113487	0	0	0	0	0	0	0	0	0.243051	0	0	0	0	0	0.060857	0	0.200455	0.412452	0.530582	0	0	0	0	0	0	0.394753	0	0	0.791613	0	0	0	0	0	0	0.586335	0.118924	0	0.059217	0	0	0.409542	0	0	0.144953	0.179724	0.083631	0	0	0	0.312103	0.225732	0	0	0	0.291527	0	0.286828	0	0	0	0	0.348672	0.050637	0	0	0.129896	0	0	0	0	0	0.039359	0.464202	0.077975	0	0	0	0.144583	0	0
"Terrisporobacter glycolicus"	0	0	0	0	0	0	0	0	0	0	0	0	0	0	0	0	0	0	0	0	0	0	0	0	0	0	0	0	0	0	0	0	0	0	0	0	0	0	0	0	0	0	0	0	0	0	0	0	0	0	0	0	0	0	0	0	0	0	0	0	0	0	0	0	0	0	0	0.164748	0	0	0	0	0	0	0	0	0	0	0	0	0	0	0	0	0	0	0	0	0	0	0	0	0	0	0	0	0
"Terrisporobacter glycolicus_A"	0	0	0	0	0	0	0	0	0	0	0	0	0	0	0	0	0	0	0	0	0	0	0	0	0	0	0	0	0	0	0	0	0	0	0	0	0	0	0	0	0	0	0	0	0	0	0	0	0	0	0	0	0	0	0	0	0	0	0	0	0	0	0	0	0	0	0	0.036408	0	0	0	0	0	0	0	0	0	0	0	0	0	0	0	0	0	0	0	0	0	0	0	0	0	0	0	0	0
"Terrisporobacter othiniensis"	0	0	0	0	0	0	0	0	0	0	0	0	0	0	0	0	0	0	0	0	0	0	0	0	0	0	0	0	0	0	0	0	0	0	0	0	0	0	0	0	0	0	0	0	0	0	0	0	0	0	0	0	0	0	0	0	0	0	0	0	0	0	0	0	0	0	0	0.414145	0	0	0	0	0	0	0	0	0	0	0	0	0	0	0	0	0	0	0	0	0	0	0	0	0	0	0	0	0
"CAG-245 sp000434195"	0	0	0	0	0	0	0	0	0	0	0	0	0	0	0	0	0	0	0	0	0.256659	0	0	0	0	0	0	0	0	0	0	0	0	0	0	0	0	0	0	0	0	0	0	0	0	0	0	0	0	0	0	0	0	0	0	0	0	0	0	0	0	0	0	0	0	0	0	0.105584	0	0	0	0	0	0	0	0	0	0	0	0	0	0	0	0	0	0	0	0	0	0	0.38426	0	0	0	0	0	0
"CAG-245 sp000435175"	0	0	0	0.61199	0	0	0	0	0.035317	0	0	0	0	0	0	0	0.793588	0	0	0	0	0	0	0.84523	0	0	0	0	1.006818	0	0	0	0	0	0	0	0	0	0	0	0.399192	0	0	0	0	0	0.074934	0	0	0	0	0	0	0	0	0	0	0	0	0	0	0	0	0	0	0	0	1.534611	0	0.792099	0	0	0	0	0	0.098987	0.98303	0	0	0	0	0	0	0	0.03276	0	0.801013	0	0.870075	0	0.818425	0	0	0	1.185731	0	0
"CAG-269 sp000431335"	0	0	0	0	0	0	0	0.604929	0	0	0	0	0	0	0	0	0.468497	0	0	0	0.137367	0	0	0	0	0	0	0	0	0	0	0	0	0	0	0	0	0	0	0	0	0	0	0	0	0	0	0	0	0	0	0	0	0	0	0	0	0	0	0	0	0	0	0	0	0	0	0.107405	0.661747	0	0	0	0	0	0	0	0	0	0	0	0	0	0	0	0.733454	0	0	0	0.034334	0.317848	0	0	0	0	0	0	0
"CAG-269 sp000435535"	0	0	0	0	0	0	0	0	0	0	0	0	0	0	0	0	0	0	0	0	0	0	0	0	0	0	0	0	0.043099	0	0	0	0	0.068609	0	0	0	0	0	0.97872	0	0	0	0	0	0	0	0	0	0	0	0	0	0	0	0	0	0	0	0	0	0	0	0	0	0	0	0	0	0	0	0	0	0	0	0	0	0	0	0	0	0	0	0	0	0	0	0	0	0	0	0	0	0	0	0	0
"CAG-269 sp000437215"	0	0	0	0	0	0	0	0	0	0	0	0	0	0	0	0	0	0	0	0	0	0	0	0	0	0	0	0	0.833009	0	0	0	0	0	0	0	0	0	0	0	0	0	0	0	0	0	0	0	0	0	0	0	0.691703	0	0	0	0	0	0	0	0	0	0	0	0	0	0	0	0.887003	0	0	0	0	0	0	0	0	0	0	0	0	0	0	0	1.024652	0	0	0	0	0	0.295681	0	0	0	0	0	0
"CAG-269 sp000438255"	0	0	0	0.108913	0	0	0	0	0	0	0	0	0	0	0	0	0.17561	0	0	0	0	0	0	0	0	0	0	0	0.284735	0	0	0	0	0.281616	0	0	0	0	0	0	0	0	0	0	0	0	0	0	0	0	0	0	0	0	0	0	0	0	0	0	0	0	0.097569	0	0	0	0	0	0	0	0	0	0	0	0	0	0	0	0	0	0	0	0	0	0	0	0.681579	0	0	0	0	0	0	0	0	0	0
"CAG-269 sp001915995"	0	0	0	0	0	0	0	0	0	0	0	0	0	0	0	0	0.06988	0	0	0	0	0.053929	0	0	0	0	0	0	0	0	0	0	0	0.04308	0	0	0	0	0	0	0	0	0	0	0	0	0	0	0	0	0	0	0	0	0	0	0	0	0	0	0	0	0	0	0	0	0	0	0	0	0	0	0	0	0	0	0	0	0	0	0	0	0	0	0	0	0	0	0	0	0.089827	0	0	0	0	0	0
"CAG-269 sp001916005"	0	0	0	0	0	0	0	0	0	0	0	0	0	0	0	0	0	0	0	0	0	0	0	0	0	0	0	0	0.03462	0	0	0	0	0.479465	0	0	0	0	0	0	0	0	0	0	0	0	0	0	0	0	0	0	0	0	0	0	0	0	0	0	0	0	0	0	0.762066	0	0	0.071906	0	0	0	0.492551	0	0	0	0	0.68804	0	0	0	0	0	0	0	0	0	0	0	0	0	0.442897	0	0	0	0.105568	0	0
"CAG-269 sp001916035"	0	0	0	0	0.410087	0	0	0	0	0	0	0	0	0	0	0	0.856783	0	0	0	0.418125	0	0	0	0	0	0	0	0	0	0	0	0	0	0	0	0	0	0	0	0	0	0	0	0	0	0	0	0	0	0	0	0	0	0	0	0	0	0	0	0	0	1.424941	0	0	0	0	0.077368	0	0.427347	0	0	0	0	0	0.671697	0	0	0	0	0	0	0	0	0	0	0	0	0	0	0.782244	0	0	0	0	0	0
"CAG-269 sp001916055"	0	0	0	0.069367	0	0	0	0	0	0	0	0	0	0	0	0	1.086474	0	0	0	0	0	0	0	0	0	0	0	0	0	0	0.046669	0	1.297986	0	0	0	0	0	0	0	0	0	0	0	0	0	0	0	0	0	0	0	0	0	0	0	0	0	0	0	0	0	0	0	0	0	0.208438	0	0	0	0	0	0	0	0.305041	0	0	0	0	0	0	0	0	0	0	0	0	0	0	1.219527	0	0	0	0.056609	0	0
"CAG-269 sp001916065"	0	0	0	0.129011	0	0	0	0	0	0	0	0	0	0	0	0	0.178041	0	0	0	0	0	0	0	0	0	0	0	0.342671	0	0	0	0	0.603121	0	0	0	0	0	0	0	0	0	0	0	0	0	0	0	0	0	0	0	0	0	0	0	0	0	0	0	0	1.320939	0	0.260766	0	0	0.047331	0	0	0	0	0	0	0	0	0.045383	0	0	0	0	0	0	0	0	0	0.063758	0	0	0	0.050528	0	0	0	0.322825	0	0
"CAG-269 sp003518755"	0	0	0	0	0	0	0	0.294649	0	0	0	0	0	0	0	0	0	0	0	0	0	0	0	0	0	0	0	0	0.285442	0	0	0	0	0	0	0	0	0	0	0	0	0	0	0	0	0	0	0	0	0	0	0	0	0	0	0	0	0	0	0	0	0	0	0	0	0	0	0.30492	0	0	0	0	0	0	0	0	0	0	0	0	0	0	0	0	0	0	0	0	0	0	0.208973	0	0	0	0	0	0
"CAG-269 sp003525075"	0	0	0	0	0	0	0	0	0	0	0	0	0	0	0	0	0.65869	0	0	0	0	0.732397	0	0	0	0	0	0	0.03462	0	0	0	0	0.642212	0	0	0	0	0	0	0	0	0	0	0	0	0	0	0	0	0	0	0	0	0	0	0	0	0	0	0	0	0	0	0	0	0.067342	0.047331	0	0	0	0	0	0	0	0	0	0	0	0	0	0	0	0	0	0	0	0	0	0	0.62068	0	0	0	0	0	0
"CAG-273 sp000437855"	0	0	0	0	0	0	0	0	0	0	0	0	0	0	0	0	0	0	0	0	0	0	0	0.752759	0	0	0	0	0	0	0	0	0	0	0	0	0	0	0	0	0	0	0	0	0	0	0	0	0	0	0	0	0	0	0	0	0	0	0	0	0	0	0	0	0	0	0	0	0	0	0	0	0	0	0	0	0	0	0	0	0	0	0	0	0	0	0	0	0	0	0	0	0	0	0	0	0
"CAG-273 sp000438355"	0	0	0	0	0	0	0	0	0	0	0	0	0	0	0	0	0.243667	0	0	0	0	0	0	0	0	0	0	0	0	0	0	0	0.153863	0	0	0	0	0	0	0	0	0	0	0	0	0	0	0	0	0	0	0	0	0	0	0	0	0	0	0	0	0	0	0	0	0	0	0	0	0	0	0	0	0	0	0	0	0	0	0	0	0	0	0	0	0	0	0	0	0	0	0	0	0	0	0	0
"CAG-273 sp003507395"	0	0	0	0	0	0	0	0	0	0	0	0	0	0	0	0	0	0	0	0	0	0	0	0	0	0	0	0	0	0	0	0	0	0	0	0	0	0	0	0	0	0	0	0	0	0	0	0	0	0	0	0	0	0	0	0	0	0	0	0	0	0	0	0	0	0	0.731695	0	0	0	0	0	0	0	0	0	0	0	0	0	0	0	0	0	0	0	0	0	0	0	0	0	0	0	0.090269	0	0
"CAG-273 sp003534295"	0	0	0	0.284601	0	0	0	0	0	0	0	0	0	0	0	0	0.15252	0	0	0	0	0	0	0	0	0	0	0	0	0	0	0	0	0	0	0	0	0	0	0	0	0	0	0	0	0	0	0	0	0	0	0	0	0	0	0	0	0	0	0	0	0	0	0	0	0	0	0	0	0	0	0	0	0	0	0	0	0	0	0	0	0	0	0	0	0	0	0	0	0	0.305662	0	0	0	0	0	0
"CAG-354 sp001915925"	0	0	0	0	0	0	0	0	0	0	0	0	0	0	0	0	0	0	0	0	0	0	0	0	0	0	0	0	0	0	0	0	0	0	0	0	0	0	0	0	0	0	0	0	0	0	0	0	0	0	0	0	0	0	0	0	0	0	0	0	0	0	0	0	0	0	0.66241	0	0	0	0	0	0	0	0	0	0	0	0	0	0	0	0	0	0	0	0	0	0	0	0	0	0	0	0	0	0
"CAG-452 sp000434035"	0	0	0	0.486869	0	0	0	0	0	0	0	0	0	0	0	0	0.464851	0	0	0	0.585616	0	0	0	0	0	0	0	0	0	0	0	0	0	0	0	0	0	0	0	0	0	0	0	0	0	0	0	0	0	0	0	0	0	0	0	0	0	0	0	0	0	0	0	0	0	0	0	0	0	0	0	0	0	0	0	0	0	0	0	0	0	0	0	0	0	0	0	0	0	0	0	0	0	0.185127	0	0
"CAG-492 sp000434015"	0	0	0.685736	0	0	0	0	0	0	0	0	0	0	0	0	0	0	0	0	0	0	0	0	0	0	0	0	0	0	0	0	0	0	0	0	0	0	0	0	0	0	0	0	0	0	0	0	0	0	0	0	0	0	0	0	0	0	0	0	0	0	0	0	0	0	0	0	0	0	0	0	0	0	0	0	0.965627	0	0	0	0	0	0	0	0	0	0	0	0	0	0	0.664346	0	0	0	0	0	0
"CAG-492 sp000434335"	0	0	0.140363	0	0.44324	0	0	0	0	0	0	0	0	0	0	0	0	0	0	0	0	0	0	0	0	0	0	0	0.127177	0	0	0	0	0	0	0	0	0	0	0	0	0	0	0	0	0	0	0	0	0	0	0	0	0	0	0	0	0	0	0	0	0	0	0	0	0	0	0	0	0	0	0	0	0	0	0	0.654813	0	0	0	0	0	0	0	0	0	0	0	0	0	0	0	0	0	0	0	0
"CAG-793 sp000433915"	0	0	0	0	0	0	0	0	0	0	0	0	0	0	0	0	0	0	0	0	0	0	0	0	0	0	0	0	0	0	0	0	0	0	0	0	0	0	0	1.027963	0	0	0	0	0	0	0	0	0	0	0	0	0	0	0	0	0	0	0	0	0	0	0	0	0	0	0	0	0	0	0	0	0	0	0	0	0	0	0	0	0	0	0	0	0	0	0	0	0	0	0	0	0	0	0	0	0
"UMGS1537 sp900543695"	0	0	0	0	0	0	0	0	0	0	0	0	0	0	0	0	0	0	0	0	0.323535	0	0	0	0	0	0	0	0	0	0	0	0	0	0	0	0	0	0	0	0	0	0	0	0	0	0	0	0	0	0	0	0	0	0	0	0	0	0	0	0	0	0	0	0	0	0	0	0	0	0	0	0	0	0	0	0	0	0	0	0	0	0	0	0	0	0	0	0	0	0	0	0	0	0	0	0
"Borkfalkia ceftriaxoniphila"	0	0	0	0	0	0	0	0	0	0	0	0	0	0	0	0	0	0	0	0	0	0	0	0.120747	0	0	0	0	0	0	0	0	0	0	0	0	0	0	0	0	0	0	0	0	0	0	0	0	0	0	0	0	0	0	0	0	0	0	0	0	0	0	0	0	0	0	0.650755	0	0	0	0	0	0	0	0	0	0	0	0	0	0	0	0	1.681613	0	0	0.595372	0	0	0	0	0	0	0	0	0	0
"Borkfalkia sp003343765"	0	0	0	0	0	0.131663	0	0	0	0	0	0	0	0	0	0	0	0	0	0	0	0	0	0	0	0	0	0	0	0	0	0	0	0	0	0	0	0	0	0	0	0	0	0	0	0	0	0	0	0	0	0	0	0	0	0	0	0	0	0	0	0	0	0	0	0	0.090652	0	0	0	0	0	0	0	0	0	0	0	0	0	0	0	0	0	0	0	0	0	0	0	0	0	0	0	0	0	0
"QALS01 sp003150575"	0	0	0.162004	0.040843	0.730085	0	0	0	0	0	0	0	0	0	0	0.049422	0.93517	0	0	0	0.045789	0	0	0	0	0	0	0	0	0	0	0	0	0	0.138299	0	0	0	0	0	0	0	0	0.720734	0	0	0	0	0	0	0	0	0	0	0	0	0	0	0	0	0	0	0	0	0	0	0.222746	0	0	0	0	0	0	0	0	0	0.068885	0	0.11295	0	0	0	0	0.572571	0	0	0	0	0	0	0.149712	0	0	0	0	0	0
"UBA10281 sp000437515"	0	0	0	0	0	0	0	0	0	0	0	0	0	0	0	0	0	0	0	0	0	0	0	0.051967	0	0	0	0	0	0	0	0	0.050926	0	0	0	0	0	0	0	0	0	0	0	0	0	0	0	0	0	0	0	0	0	0	0	0	0	0	0	0	0	0	0	0	0	0	0	0	0	0	0	0	0	0	0.28181	0	0	0	0	0	0	0	0	0	0	0	0	0	0	0	0	0	0	0.062729	0	0
"UBA11475 sp003538975"	0	0	0	0	0	0	0	0	0	0	0	0	0	0	0	0	0	0	0	0	0	0	0	0	0	0	0	0	0	0	0	0	0	0	0	0	0	0	0	0	0	0	0	0	0	0	0	0	0	0	0	0	0	0	0	0	0	0	0	0	0	0	0	0	0	0	0	0	0	0	0	0	0	0	0	0	0	0	0	0	0	0	0	0	0	0	0	0	0	0	0	0	0	0	0.631115	0	0
"UBA1259 sp003523255"	0	0	0	0	0	0	0	0	0	0	0	0	0	0	0	0	0	0	0	0	0	0	0	0	0	0	0	0	0	0	0	0	0	0	0	0	0	0	0	0	0	0	0	0	0	0	0	0	0	0	0	0	0	0	0	0	0	0	0	0	0	0	0	0	0	0	0.047269	0	0	0	0	0	0	0	0	0	0	0	0	0	0	0	0	0	0	0	0	0	0	0	0	0	0	0	0.875911	0	0
"UBA7597 sp003448195"	0	0	0	0	0	0	0	0	0	0	0	0	0	0	0	0	0	0	0	0	0	0	0	0.085593	0	0	0	0	0.043805	0	0	0	0	0	0	0	0	0	0	0	0	0	0	0	0	0	0	0	0	0	0	0	0	0	0	0	0	0	0	0	0	0	0	0	0	0	0.053096	0	0	0	0	0	0	0	0	0	0.076179	0	0	0	0	0	0	0	0	0	0	0	0	0	0	0	0	0	0	0	0
"UMGS1004 sp003343805"	0	0	0	0	0	0	0	0	0	0	0	0	0	0	0	0	0	0	0	0	0	0	0	0	0	0	0	0	0	0	0	0	0	0	0	0	0	0	0	0	0	0	0	0	0	0	0	0	0	0	0	0	0	0	0	0	0	0	0	0	0	0	0	0	0	0	0.056982	0	0	0	0	0	0	0	0	0	0	0	0	0	0	0	0	0	0	0	0	0	0	0	0	0	0	0	0	0	0
"UMGS775 sp003343995"	0	0	0	0	0	0.049644	0	0	0	0	0	0	0	0	0	0	0	0	0	0	0	0	0	0	0	0	0	0	0	0	0	0	0	0	0	0	0	0	0	0	0	0	0	0	0	0	0	0	0	0	0	0	0	0	0	0	0	0	0	0	0	0	0	0	0	0	0.045326	0	0	0	0	0	0	0	0	0	0	0	0	0	0	0	0	0	0	0	0	0	0	0	0	0	0	0	0	0	0
"CAG-1024 sp000432015"	0	0	0	0	0	0	0	0	0	0	0	0	0	0	0	0	0	0	0	0	0	0	0	0	0	0	0	0	0	0	0	0	0	0	0	0	0	0	0	0	0	0	0	0	0	0	0	0	0	0	0	0	0	0	0	0	0	0	0	0	0	0	0	0	0	0	0	0	0	0	0	0	0	0	0	0	0	0	0	0	0	0	0	0	0	0	0	0	0	0	0	0	0	0	0.082619	0	0
"PeH17 sp000435055"	0	0	0.5058	0.488814	0.578014	0	0	0	0	0	0	0	0	0	0	0	0.533515	0	0	0	0.441622	0	0	0.636597	0	0	0	0	0	0	0	0	0	0	0	0	0	0	0	0	0	0	0.535735	0	0	0	0	0	0	0	0	0	0	0	0	0	0	0	0	0	0	0	0	0	0	0.149757	0.47981	0	0	0	0	0	0	0	0	0	0	0	0	0	0	0	0	0	0	0	0	0	0	0	0.087956	0	0	0	0.569151	0	0
"Phil1 sp001940855"	0	0	0	0.499835	0	0	0	0	0	0	0	0	0	0	0	0	0	0	0	0	0.474759	0	0	0.666402	0	0	0	0	0	0	0	0	0	0	0	0	0	0	0	0	0	0	0	0	0	0	0	0	0	0	0	0	0	0	0	0	0	0	0	0	0	0	0	0	0	0	0.534849	0	0	0.038639	0	0	0	0	0	0	0.641036	0	0	0	0	0	0	0	0	0	0	0	0	0	0	0	0	0	0.742038	0	0
"CAG-1435 sp003537755"	0	0	0	0	0	0	0	0	0	0	0	0	0	0	0	0	0	0	0	0	0	0	0	0	0	0	0	0	0	0	0	0	0	0	0	0	0	0	0	0	0	0	0.109037	0	0	0	0	0	0	0	0	0	0	0	0	0	0	0	0	0	0	0	0	0	0	0	0.898107	0	0	0	0	0	0	0	0	0	0	0	0	0	0	0	0	0	0	0	0	0	0	0	0	0	0	0	0.399324	0	0
"CAG-314 sp000437915"	0	0	0	0.79805	0	0	0	0	0	0	0	0	0	0	0	0	0.737684	0	0	0	1.007356	0	0	0	0	0	0	0	0	0	0	0	0	0	0	0	0	0	0	0	0	0	0	0	0	0	0	0	0	0	0	0	0	0	0	0	0	0	0	0	0	0	0	0	0	0	0	0	0	0	0	0	0	0	0	0	0	0	0	0	0	0	0	0	0	0	0	0	0	0	0	0	0	0	0	0	0
"CAG-552 sp000435495"	0	0	0	0	0	0	0	0	0	0	0	0	0	0	0	0	0	0	0	0	0	0	0	0	0	0	0	0	0	0	0	0	0	0	0	0	0	0	0	0	0	0	0	0	0	0	0	0	0	0	0	0	0	0	0	0	0	0	0	0	0	0	0	0	0	0	0.505711	0	0	0	0	0	0	0	0	0	0	0	0	0	0	0	0	0	0	0	0	0	0	0	0	0	0	0	0	0	0
"UBA10677 sp003533505"	0	0	0	0	0	0	0	0	0	0	0	0	0	0	0	0	0	0	0	0	0	0	0	0.288876	0	0	0	0	0	0	0	0	0	0	0	0	0	0	0	0	0	0	0	0	0	0	0	0	0	0	0	0	0	0	0	0	0	0	0	0	0	0	0	0	0	0	0.135979	0	0	0	0	0	0	0	0	0	0	0	0	0	0	0	0	0	0	0	0	0	0	0	0	0	0	0	0.087974	0	0
"UBA11524 sp000437595"	0	0	0.658529	0	0.059819	0	0	0.866752	0	0	0	0	0	0	0	0	0.713986	0	0	0	0	1.2282	0	0.256779	0	0	0	0	0.753171	0	0	0	0	0	0	0	0	0	0	0	0.980941	0	0	0	0	0	0	0	0	0	0	0	0	0	0	0	0	0	0	0	0	0	0	0	0	0	0.634567	0	0	0.859331	0	0	0	0	0	0.319182	0	0	0	0	0	0	0	0.8029	0	0	0	0	0	1.193277	0	0	0	0	0.432983	0	0
"CAG-1138 sp000434675"	0	0	0	0	0	0	0	0	0	0	0	0	0	0	0	0	0	0	0	0	0	0	0	0	0	0	0	0	0	0	0	0	0	0	0	0	0	0	0	0	0	0	0	0	0	0	0	0	0	0	0	0	0	0	0	0	0	0	0	0	0	0	0	0	0	0	0	0	0	0	0	0	0	0	0	0	0	0	0	0	0	0	0	0	0	0	0	0	0	0	0	0	0	0	0.134638	0	0
"CAG-349 sp003539515"	0	0	0.073582	0	0	0	0	0	0	0	0	0	0	0	0	0	0	0	0	0	0	0	0	0	0	0	0	0	0	0	0	0	0	0	0	0	0	0	0	0	0	0	0	0	0	0	0	0	0	0	0	0	0	0	0	0	0	0	0	0	0	0	0	0	0	0	0	0	0	0	0	0	0	0	0	0	0	0	0	0	0	0	0	0	0	0	0	0	0	0	0	0	0	0	0	0	0
"CAG-475 sp000434435"	0	0	0	0	0	0	0	0	0	0	0	0	0	0	0	0	0	0	0	0	0	0	0	0	0	0	0	0	0	0	0	0	0	0	0	0	0	0	0	0	0	0	0	0	0	0	0	0	0	0	0	0	0	0	0	0	0	0	0	0	0	0	0	0	0	0	0.393043	0	0	0	0	0	0	0	0	0	0	0	0	0	0	0	0	0	0	0	0	0	0	0	0	0	0	0	0	0	0
"CAG-917 sp000437555"	0	0	0	0	0	0	0	0	0	0	0	0	0	0	0	0	0	0	0	0	0	0	0	0	0	0	0	0	0	0	0	0	0	0	0	0	0	0	0	0	0	0	0	0	0	0	0	0	0	0	0	0	0	0	0	0	0	0	0	0	0	0	0	0	0	0	0.761481	0	0	0	0	0	0	0	0	0	0	0	0	0	0	0	0	0	0	0	0	0	0	0	0	0	0	0	0	0	0
"Catabacter hongkongensis"	0	0	0	0	0	0	0	0	0	0	0	0	0	0	0	0	0	0	0	0	0	0	0	0	0	0	0	0	0	0	0	0	0	0	0	0	0	0	0	0	0	0	1.723511	0	0	0	0	0	0	0	0	0	0	0	0	0	0	0	0	0	0	0	0	0	0	0	0	0	0	0	0	0	0	0.328576	0	0	0	0	0	0	0	0	0	0	0	0	0	0.04844	0	0	0	0	0	0	0	0	0
"Christensenella minuta"	0	0	0	0	0	0	0	0	0.32305	0	0	0	0	0	0	0	0	0	0	0	0	0	0	0	0	0	0	0	0	0	0	0	0	0	0	0	0	0	0	0	0	0	0.460863	0	0	0	0	0	0	0	0	0	0	0	0	0	0	0	0	0	0	0	0	0	0	0	0	0	0	0	0	0	0	0	0	0	0	0	0	0	0	0	0	0	0	0	0	0	0	0	0	0	0	0	0	0	0
"Christensenella sp001678845"	0	0	0	0	0	0	0	0	0	0	0	0	0	0	0	0	0	0	0	0	0	0	0	0	0	0	0	0	0	0	0	0	0	0	0	0	0	0	0	0	0	0	0.040707	0	0	0	0	0	0	0	0	0	0	0	0	0	0	0	0	0	0	0	0	0	0	0	0	0	0	0	0.037969	0	0	0.060303	0	0	0	0	0	0	0	0	0	0	0	0	0	0	0	0	0	0	0	0	0	0	0
"Christensenella_A timonensis"	0	0	0	0	0	0	0	0	0	0	0	0	0	0	0	0	0	0	0	0	0	0	0	0	0	0	0	0	0	0	0	0	0	0	0	0	0	0	0	0	0	0	0.204263	0	0	0	0	0	0	0	0	0	0	0	0	0	0	0	0	0	0	0	0	0	0	0	0	0	0	0	0	0	0	0	0	0	0	0	0	0	0	0	0	0	0	0	0	0	0	0	0	0	0	0	0	0	0
"QAKS01 sp003343685"	0	0	0	0	0	0	0	0	0	0	0	0	0	0	0	0	0	0	0	0	0	0	0	0	0	0	0	0	0	0	0	0	0	0	0	0	0	0	0	0	0	0	0	0	0	0	0	0	0	0	0	0	0	0	0	0	0	0	0	0	0	0	0	0.083344	0	0	0	0	0	0	0	0	0	0	0	0	0	0	0	0	0	0	0	0	0	0	0	0	0	0	0	0	0	0	0	0	0
"QANA01 sp003149735"	0	0	0	0	0	0	0	0.124268	0.057131	0	0	0	0	0	0	0.14735	0	0	0	0	0	0	0	0	0	0	0	0	0	0	0	0	0	0	0	0	0	0	0	0	0	0	0	0	0	0	0	0	0	0	0	0	0	0	0	0	0	0	0	0	0	0	0	0	0	0	0.927892	0	0	0	0	0	0	0	0	0	0	0	0	0	0	0	0	0.719144	0	0	0	0	0	0	0	0	0	0	0.060434	0	0
"GCA-900066905 sp900066905"	0	0	0	0	0	0	0	0	0.0831	0	0	0	0	0	0	0	0.106946	0	0	0	0.730213	0	0.048046	0	0	0	0	0	0	0	0	0	0	0	0	0	0	0	0	0	0	0	0.620057	0	0	0	0	0.040383	0	0	0	0	0	0	0	0	0	0	0	0	0.040308	0	0	0.16852	0	0	0	0	0	0	0	0	0	0	0	0	0	0	0	0	0	0	0	0	0	0	0	0	0	0	0.058013	0	0	0	0	0	0
"QALW01 sp003150515"	0	0	0	0	0	0	0	0	0	0	0	0	0	0	0	0	0.060765	0	0	0	0.106038	0	0	0	0	0	0	0	0	0	0	0	0	0	0	0	0	0	0	0	0	0	0	0	0	0	0	0	0	0	0	0	0	0	0	0	0	0	0	0	0	0	0	0	0	0	0	0	0	0	0	0	0	0	0	0	0	0	0	0	0	0	0	0	0	0	0	0	0	0	0	0	0	0	0	0.109751	0
"QAND01 sp003150225"	0	0	0	0.079092	0	0	0	0	0.069596	0	0	0	0	0	0	0	0.054081	0	0	0	0.192795	0	0	0	0	0	0	0	0	0	0	0	0	0	0	0	0	0	0	0	0	0	0.143929	0	0	0	0	0	0	0	0	0	0	0	0	0	0	0	0	0	0	0	0	0	0.03372	0	0.056334	0	0	0	0	0	0	0.050253	0	0	0	0	0	0	0	0	0	0	0	0	0	0	0.072018	0	0.083589	0	0	0	0	0.044468	0
"Desulfitobacterium hafniense"	0	0	0	0	0	0	0	0	0	0	0	0	0	0	0	0	0	0	0	0	0	0	0	0	0	0	0	0	0	0	0	0	0	0	0	0	0	0	0	0	0	0	0	0	0	0	0	0	0	0	0	0	0	0	0	0	0	0	0	0	0	0	0	0	0	0	0	0	0	0	0.036818	0	0	0	0	0	0	0	0	0	0	0	0	0	0	0	0	0	0	0	0	0	0	0	0	0	0
"QAKL01 sp003343815"	0	0	0.075437	0	0	0	0	0.123487	0	0	0	0	0	0	0	0	0	0	0	0	0	0	0	0	0	0	0	0	0.151906	0	0	0	0	0	0	0	0	0	0	0	0	0	0	0	0	0	0	0	0	0	0	0	0	0	0	0	0	0	0	0	0	0	0	0	0	0	0	0	0	0	0	0	0	0	0	0	0	0	0	0	0	0	0	0	0	0	0.04939	0	0	0	0.138483	0	0	0	0	0	0
"Acidaminococcus fermentans"	0	0	0	0	0	0	0	0	0	0	0	0	0	0	0	0	0	0	0	0	0	0	0	0	0	0	0	0	0	0	0	0	0	0	0	0	0	0	0	0	0	0	0	0.053421	0	0	0	0	0	0	0	0	0	0	1.140655	0	0	0	0	0	0	0	0	0	0	0	0	0	0	0	0.054076	0	0	0	0	0	0	0	0	0	0	0	0	0	0	0	0	0	0	0	0	0	0	0	0	0	0
"Acidaminococcus intestini"	1.938906	1.173413	0	0.929654	0.828102	0	0	0	1.337904	0	1.334621	1.231607	1.181686	1.785464	0	1.228218	0	0	0	1.27325	0	0	1.168312	0.253722	1.51978	1.477468	1.382068	0	0	1.41639	1.606148	1.335356	0	0	0.095679	1.474975	1.84064	1.276777	0	0.866162	1.031246	0.927814	1.043847	0	1.649928	0	1.297682	0	1.606012	1.172915	0	0	1.185198	1.962109	1.009601	0	1.448606	0	1.18816	0	0	0	1.369187	1.151247	0	1.639515	0	0	1.292816	1.005386	1.534851	0	0	0.232709	0	0.85654	0	1.210322	0	0.096909	0	0	1.279227	0.236827	0.824453	1.258852	0	1.228373	1.159821	0.289116	0	1.606732	0	0	0	1.312279	0
"Acidaminococcus massiliensis"	0	0	0	0	0	0	0	0	0	0	0	0	0	0	0	0	0	0.02717	0	0	0	0	0	0	0	0	0	0	0	0	0	0	0	0	0	0	0	0	0	0	0	0	0	0.043461	0	0	0	0	0	0	0	0	0	0	0	0	0	0	0.188549	0	0	0	0	0	0	0.092459	0	0	0	0	0	0	0	0	0	0	0	0	0	0	0	0	0	0	0	0	0	0	0	0	0	0	0	0	0	0	0
"Acidaminococcus provencensis"	0	0	0	0	0.089369	0	0	0	0	0.477268	0	0	0	0	2.072902	0	0	0	0	0	0	0	0	0	0	0	0	2.246208	0	0	0	0	0	0	0	0	0	0	1.693477	0	0	0	0	1.861594	0	0	0	0	0	0	0.7231	0	0	0	0	0	0.039284	1.646257	0	0	1.820831	2.274165	0	0	0	0	0	0	0	0	0.579884	0	0	0.584479	0	0	0	0	0	0	0	0	0	0	0	0	0	0	0	0	0	0	0	0	0	0	0
"Acidaminococcus sp000437815"	0	0	0	0	0	0	0	0	0	0	0	0	0	0	0	0	0.230299	0	0	0.366605	0	0	0	0	0	0	0	0	0.050164	0	0	0	0	0	0	0	0	0	0	0	0	0	0	0	0	0	0	0	0	0	0	0	0	0	0	0	0	0	0	0	0	0	0	0	0	0	0	0	0	0	0.411901	0	0	0.039429	0	0	0	0	0	0	0	0	0	0	0	0	0	0	0	0	0	0	0	0	0	0	0
"Acidaminococcus timonensis"	0	0	0	0	0	0	0	0	0	0	0	0	0	0	0	0	0	0	0	0	0	0	0	0	0	0	0	0	0	0	0	0	0	0	0	0	0	0	0	0	0	0	0	0.065192	0	0	0	0	0	0	0	0	0	0	0	0	0	0	0	0	0	0	0	0	0	0	0	0	0	0	0	0	0	0	0	0	0	0	0	0	0	0	0	0	0	0	0	0	0	0	0	0	0	0	0	0	0
"Phascolarctobacterium faecium"	0.871878	1.089863	0.035864	0.040843	0.136215	0.922362	1.103695	0.937874	0.722967	0.056544	1.191932	1.030239	1.000746	1.446576	1.259687	0	0.095401	1.501909	1.10052	0	0.20846	0.941156	0.85121	0	0.282772	0	0.22862	1.140082	0.258593	0	0.782788	1.167773	0	0.130038	0.915037	1.234321	1.782093	0	0	0.140696	0	0	0.634595	0.993273	0.776511	0	0.582723	0.757434	0	0.091746	1.167364	1.264046	0	1.628246	1.166866	0.95725	1.210937	0.804927	0	0.546053	0.566636	1.244013	1.305928	1.121939	0.818266	0	0.725219	0	0	0.756551	0	0	0.8124	0.594529	0.899025	0	0.212328	1.172187	1.170751	1.003134	1.142161	1.572335	0.968463	0	0.03185	0.93636	0.699539	0	0	0.505504	0	1.137841	0	2.493227	0	0.999111	1.219107
"Phascolarctobacterium sp000436095"	0	0	0	0.225606	0	0	0	0	0	0	0	0	0	0	0	0	0	0	0	0.157858	0	0	0	0	0	0	0.144887	0	0	0	0	0	0	0.134825	0	0	0	0	0	0	0	0	0	0	0	0	0	0	0	0.161006	0	0	0	0	0	0	0	0	0	0	0	0	0	0	0	0	0	0	0.128843	0	0	0.137497	0	0	0	0	0.178291	0	0	0	0	0	0	0	0	0	0	0.148977	0	0	0.097313	0	0	0	0	0	0
"Phascolarctobacterium sp003150755"	0	0	0	0	0	0	0	0	0	0	0	0	0	0	0	0	0	0	0	0.043619	0	0	0	0	0	0	0.037633	0	0	0	0	0	0	0	0	0	0	0	0	0	0	0	0	0	0	0	0	0	0	0.035979	0	0	0	0	0	0	0	0	0	0	0	0	0	0	0	0	0	0	0	0	0	0	0	0	0	0	0	0	0	0	0	0	0	0	0	0	0	0	0	0	0	0	0	0.101015	0	0	0
"Phascolarctobacterium_A succinatutens"	0	0	0	0	0	0	0	0	0	0	0	0	0	0	0	0	0	0	0	0	0	0	0	0	0	0	0	0	0	0.636665	0	0	0.470257	0	0	0	0	0	0	0	0	0.14407	0	0	0	0	0	0	0	0	0	0	0	0	0	0	0	0	0	0	0	0	0	0	0	0.251332	0	0.607109	0	0	0	0	0	0	0	0.132319	0	0	0	0	0	0	0	0.494592	0	0	0	0	0	0	0	0	0.247158	0	0	0	0
"Megamonas funiformis"	2.14035	1.262532	0.949766	0.543919	0	0	0	1.106691	0	0	1.386117	1.176461	0	2.167764	1.447843	0	0	0	0	1.656472	0.310883	0	1.059409	0	1.505594	0	0	0	0	1.42397	0	0	0	1.045888	0	1.483847	0	1.451983	1.106144	1.151073	0	1.14536	0	0	0	0	1.347932	1.413417	1.522141	1.185508	0	0	1.027442	1.777954	0	0	1.514408	0	0.900847	0	0	0	0	0	0	0	0	0	0	1.08421	0	0	0	1.019745	1.207817	0	0	0	0	1.300844	0	0	0.739913	0.352352	0	1.323916	0	0	1.101202	0	0.64688	1.720516	1.940259	3.28757	0	1.436222	1.170547
"Mitsuokella jalaludinii"	0	0	0	0	0	0	0	0	0	0	0	0	0	0	0	0.246193	0	0	0	0	0	0	0	0	0	0	0	0	0	0	0	0	0	0	0	0	0	0	0	0	0	0	0	0	0	0	0	0	0.040802	0	0	0	0	0	0	0	0	0	0	0	0	0	0	0	0	0.053392	0	0	0	0	0	0	0	0	0	0.328273	0	0	0	0	0	0	0.034529	0	0	0	0	0	0	0	0	0	0	0	0	0	0
"Mitsuokella multacida"	0	0	0	0	0	0	0	0	0	0.346929	0	0	0	0	0	0.351442	0	0	0	0.635587	0	0	0	0	0	0	0	0	0	0	0	0	0	0	0	0	0	0	0.452736	0	0.595542	0.291743	0	0.381192	0	0	0	0	0.779771	0	0	0	0	0	0	0	0	0.038426	0	0	0	0	0	0	0	0.408902	0	0	0	0.574175	0.42916	0	0	0	0	0.074745	0	0	0	0	0	0	0.552468	0	0.728904	0	0	0	0	0	0	0	0	0	0.517132	0	0
"Mitsuokella sp003458855"	0	0	0	0	0	0	0	0	0	0	0	0	0	0	0	0	1.011126	0	0	0	0	0	0	0	0	0	0	0	0	0	0	0	0	0	0	0	0	0	0	0	0	0	0	0	0	0	0	0	0	0	0	0	0	0	0	0	0	1.76558	0	0	0	0	0	0	0	0	0	0.39503	0	0	0	0	2.039474	0	0	0	0	0	0	0	0	0	0	0	0	0	0	0	0	0	0	0	0	0	0	0	0
"Allisonella histaminiformans"	0	0.049202	0	0	0	0	0.243713	0	0	0.03546	0	0.050969	0.114052	0.278672	0.049962	0.187619	0.065018	0	0	0	0	0	0	0	0	0.402001	0	0	0	0.128849	0	0	0.27847	0	0	0.136407	0	0.247805	0.219434	0.170594	0	0.234114	0	0	0	0	0	0.173353	0.123539	0	0.093639	0.175139	0.069575	0.531267	0.095135	0	0	0.188086	0.371113	0	0.061237	0	0.140457	0	0.050954	0.089854	0	0.250307	0	0.040957	0	0	0	0	0	0	0	0.225176	0	0.041906	0	0	0	0	0.100099	0	0	0	0	0	0	0.212564	0.087232	0.410946	0	0	0
"Dialister invisus"	0	0	0	0	0	0	0	0	0	0	0	0	0	0	0	0	0	0	0	0	0	0.284434	0	0	0	0	0	0	0	0	0	0	0	0	0	0	0	0	0	0	0	0	0	0	0	0	0	0	0	0	0	0	0	0	0	0	0	0	0	0	0	0	0	0	0	0	0	0	0	0	0	0	0	0	0	0	0	0	0	0	0	0	0	0	0	0	0	0	0	0	0	0	0	0	0	0	0
"Dialister sp000434475"	0	0	0	0	0	0	0	0	0	0	0	0	0	0	0	0.357849	0	0	0	0	0	0	0	0	0	0	0	0	0	0	0	0	0	0	0	0	0	0	0	0	0	0	0	0	0	0	0	0	0	0	0	0	0	0	0	0	0	0	0	0	0	0	0	0	0	0	0	0	0	0	0	0	0	0	0	0.616143	0	0	0	0	0	0	0	0	0	0	0	0	0	0	0	0	0	0	0	0	0
"Dialister sp900343095"	0	0	0	0.598375	0.821616	0	0.475008	0	0	1.082956	1.213389	0	0	0.093824	0	0	0.661729	0.629443	0	1.169396	0.538622	0	0	0.714548	0.838858	1.245278	0	0	0.658494	0	1.242199	0	0	0	0	0	0	0.952501	0.712141	0	0.767552	0	0.636049	0	1.283697	1.793481	0.737881	0	1.287529	0	0	0	0.883438	0	0	0	0	1.16593	1.161225	0.932694	0.889874	0	0	0.821534	0	0	0	0	0	0.706321	1.010194	0	1.025718	0	0	0	0	0.104416	0	0	0	0	0.743201	0	0.814443	0.971249	0	0	0.777122	0	0.540834	0	0	0	0	0	0
"Dialister succinatiphilus"	0	0	0	0	0	0	0	0	0	0	0	0	0	0	0	0	0	0	0	0	0	0	0	0	0	0	0	0	0	0	0	0	0	0	0	0	0	0	0	0.063313	0	0	0	0	0	0	0	0	0	0	0	0	0	0	0	0	0	0	0	0	0	0	0	0	0	0.080739	0	0	0	0	0	0	0	0	0	0	0	0	0	0	0	0	0	0	0	0	0	0	0	0	0	0	0	0	0	0	0
"UBA5809 sp002417965"	0	0	0.075437	0	0	0	0	0	0	0	0	0	0	0	0	0	0	0	0	0	0	0	0	0	0	0	0	0	0	0	0	0	0	0	0	0	0	0	0	0	0	0	0	0	0	0	0	0	0	0	0	0	0	0	0	0	0	0	0	0	0	0	0	0	0	0	0	0	0	0	0	0	0	0	0	0	0	0	0	0	0	0	0	0	0	0	0	0	0	0	0	0	0	0	0	0	0
"Megasphaera cerevisiae"	0	0	0	0	0	0	0	0	0	0	0	0	0	0	0	0	0	0	0	0	0	0	0	0	0	0	0	0	0	0	0	0	0	0	0	0	0	0	0	0	0	0	0	0	0	0	0	0	0	0	0	0	0	0.030472	0	0	0	0	0	0	0	0	0	0	0	0	0	0	0	0	0	0	0	0	0	0	0	0	0	0	0	0	0	0	0	0	0	0	0	0	0	0	0	0	0	0	0
"Megasphaera elsdenii"	0.140067	0.057557	0	0.044732	0.051171	0	0	0	0	0.067086	0.068662	0.062667	0	0.112029	0.064845	0	0.063803	0	0	0.086199	0.071093	0	0.062459	0.06878	0	0.068155	0	0	0.062175	1.15964	0	0	0	0	0	0.084284	0.094245	0.091959	0.068522	0	0.073834	0.047543	0	0.093261	0	0	0.075816	0	0.080471	0.074656	0.099881	0.085938	0	0.082141	0.055334	0	0.103121	0.075841	0.068835	0	0.074415	0	0.071837	0	0	0.089854	0	0	0.061354	0.06955	0.087443	0.048733	0	0.046387	0	0.117168	0	0.06265	0	0	0	0	0.064126	0	0.03367	0.067893	0	0.050268	0	0	0	0.13254	0	0.208917	0.061964	0	0
"Megasphaera massiliensis"	0	0	0	0	0	0	0	0	0	0	0	0	0	0.050413	0	0	0	0	0	0	0	0	0	0	0	0	0	0	0	0	0	0	0	0	0	0	0	0	0	0.038692	0	0	0	0	0	0	0	0	0	0	0	0	0	0	0	0	0	0.037415	0	0	0	0	0	0	0	0	0	0	0	0	0	0	0	0	0	0	0	0	0	0	0	0	0	0	0	0	0	0	0	0	0	0	0	0	0	0	0
"Megasphaera sp000417505"	1.079618	0.913479	0	0.621066	0.741616	0	0	0	0	0.984244	1.050316	0.909083	0	1.387761	1.055586	0	0.558428	0	0	0.976228	0.186771	0	0.66143	0.654174	0	1.155175	0	0	0.635179	0	0	0	0	0	0	0.961506	1.219477	0.953469	0.836134	0	0.822725	0.609418	0	0.882808	0	0	0.872762	0	1.119788	0.901274	0.366232	1.086732	0	1.213567	0.951355	0	0.390878	1.026383	1.110346	0	0.671281	0	1.053963	0	0	1.221497	0	0	0.287487	0.701684	1.229952	0.343741	0	0.346358	0	0.301001	0	0.739994	0	0	0	0	0.793351	0.190616	0.250248	0.50637	0	0.201073	0	0	0	0.813994	0	0.909133	0.771108	0	0
"Megasphaera sp001546855"	0	0	0	0	0	0	0	0	0	0	0	0	1.246002	1.952108	1.555208	0	0	0	0	0	0	0	0	0	0	0.127069	0	0	0	0	0	0	0	0	0	1.645762	0	0	0	1.131727	0	0	0	0	0	0	0	0	1.670615	0	0	0	0	1.967409	0	0	0	1.363117	0	0	0	0	0	0	0	0	0	0	0	0	0	0	0	0	1.282809	0	0	0	0	0	0	0	0	0	0	0	0	0	0	0	0	0	0	0	0	1.364316	0
"Megasphaera stantonii"	0	0	0	0	0	0	0	0	0	0	0	0	0	0	0	0	0	0	0	0	0	0	0	0	0	0	0	0	0	0	0	0	0	0	0	0	0	0	0	0	0	0	0	0	0	0	0	0	0	0	0	0	0	0	0	0	0	0	0	0	0	0	0	0	0	0	0	0	0	0	0	0	0	0	0	0	0.636174	0	0	0	0	0	0	0	0	0	0	0	0	0	0	0	0	0	0	0	0
"Megasphaera_B hexanoica"	0	0	0	0	0	0	0	0	0	0.152381	0	0	0	0	0	0.072302	0.116061	0	0	0	0	0	0.111306	0.106991	0	0	0	0	0.041686	0.162009	0	0	0	0	0	0	0	0	0.109309	0	0.081948	0.043221	0	0.136722	0	0	0	0	0	0.10254	0	0	0	0	0	0	0	0	0	0	0	0	0	0	0	0	0	0	0	0	0	0	0	0.142254	0	0	0	0	0	0.132704	0	0	0	0	0.076439	0	0	0	0	0	0	0	0	0	0	0	0
"Megasphaera_B sp003467125"	0	0	0	0	0	0	0	0	0	0.743694	0	0	0	0	0	1.038769	0.731	0	0	0	0	0	0.512488	0.563996	0	0	0	0	0.205603	0.787305	0	0	0	0	0	0	0	0	1.005808	0	0.490065	0.71675	0	1.063897	0	0	0	0	0	0.481219	0	0	0	0	0	0	0	0	0	0	0	0	0	0	0	0	0	0	0	0.060277	0	0	0	0.897592	0	0	0	0	0	1.12798	0	0	0	0	0.420417	0	0	0	0	0	0	0	0	0	0	0	0
"Veillonella atypica"	0	0	0	0	0	0	0	0	0	0	0	0	0	0	0	0	0	0	0	0.047773	0	0	0	0	0	0	0	0.867409	0	0	0	0	0	0	0.047839	0	0	0	0	0.472212	0	0	0	0	0.843213	0	0	0	0.051002	0	0	0	0	0	0	0	0	0	0	0	0	0	0	0	0	0.091157	0	0	0	0	0	0	0	0	0	0	0	0	0	0	0	0	0	0	0	0	0	0	0	0.17329	0	0	0	0	0	0	0
"Veillonella dispar"	0	0	0	0	0	0	0	0	0	0	0	0	0	0	0	0	0	0	0	0	0	0	0	0	0	0	0	0	0	0	0	0	0	0	0	0	0	0	0	0.047485	0	0	0	0	0.137179	0	0	0	0	0	0	0	0	0	0	0	0	0	0	0	0	0	0	0	0	0.113295	0	0	0	0	0	0	0	0	0	0	0	0	0	0	0	0	0	0	0	0	0	0	0	0	0	0	0	0	0	0	0
"Veillonella dispar_A"	0	0	0	0	0	0	0	0	0	0.108296	0	0	0	0	0	0	0	0	0	0	0	0	0	0	0	0	0	0	0	0	0	0	0	0	0	0	0	0	0	0.069469	0	0	0	0	0.251705	0	0	0	0	0	0	0	0	0	0	0	0	0	0	0	0	0	0	0	0	0.097668	0	0	0	0	0	0	0	0	0	0	0	0	0	0	0	0	0	0	0	0	0	0	0	0.060158	0	0	0	0	0	0	0
"Veillonella infantium"	0	0	0	0	0	0	0	0	0	0	0	0	0	0	0	0	0	0	0	0	0	0	0	0	0	0	0	0	0	0	0	0	0	0	0	0	0	0	0	0.042209	0	0	0	0	0.065443	0	0	0	0	0	0	0	0	0	0	0	0	0	0	0	0	0	0	0	0	0	0	0	0	0	0	0	0	0	0	0	0	0	0	0	0	0	0	0	0	0	0	0	0	0	0	0	0	0	0	0	0
"Veillonella parvula_A"	0	0	0	0	0	0	1.036945	0	0	0.049835	0	0	0	0	0	0	0	0	0	0	0	0	0	0	0	0	0	0	0	0.120322	0	0	0	0	0	0	0	0	0	0	0	0	0	0	0.050341	0.60099	0	0	0	0	0	0	0	0	0	0	0	0	0	0	0	0.056227	0	0	0	0.11069	0	0	0	0	0	0	0	0.462326	0	0	0	0	0	0	0	0	0	0	0	0	0	0	0	0	0	0	0	0	0	0	0
"Veillonella rogosae"	0	0	0	0	0	0	0	0.075811	0	0.207966	0	0	0	0	0	0	0	0	0	0	0	0	0	0	0	0	0	0	0	0	0	0	0	0	0	0	0	0	0	0	0	0	0	0	0.269325	0	0	0	0	0	0	0	0	0	0	0	0	0	0	0.262458	0	0	0	0	0	0	0	0	0	0	0	0	0	0	0	0.110098	0	0	0	0	0	0	0	0	0	0	0	0	0	0	0	0	0	0	0	0	0.033225
"Veillonella sp002959755"	0	0	0	0	0	0	0	0	0	0	0	0	0	0	0	0	0	0	0	0	0	0	0	0	0	0	0	0	0	0	0	0	0	0	0	0	0	0	0	0.128386	0	0	0	0	0.124594	0	0	0	0	0	0	0	0	0	0	0	0	0	0	0	0	0	0	0	0	0.093761	0	0	0	0	0	0	0	0	0	0	0	0	0	0	0	0	0	0	0	0	0	0	0	0.052077	0	0	0	0	0	0	0
"Veillonella sp003463825"	0	0	0	0	0	0	0	0	0	0	0	0	0	0	0	0	0	0	0	0	0	0	0	0	0	0	0	0	0	0	0	0	0	0	0	0	0	0	0	0.043968	0	0	0	0	0.059151	0	0	0	0	0	0	0	0	0	0	0	0	0	0	0	0	0	0	0	0	0.045578	0	0	0	0	0	0	0	0	0	0	0	0	0	0	0	0	0	0	0	0	0	0	0	0	0	0	0	0	0	0	0
"Veillonella tobetsuensis"	0	0	0	0	0	0	0.117976	0	0	0	0	0	0	0	0	0	0	0	0	0	0	0	0	0	0	0	0	0	0	0	0	0	0	0	0	0	0	0	0	0.049244	0	0	0	0	0.045307	0	0	0	0	0	0	0	0	0	0	0	0	0	0	0.358458	0	0	0	0	0	0	0	0	0	0	0	0	0	0	0	0.155551	0	0	0	0	0	0	0	0	0	0	0	0	0	0	0	0	0	0	0	0	0
"Veillonella_A magna"	0	0	0	0	0	0	0	0	0	0	0	0	0	0	0	0	0	0	0	0	0	0	0	0	0	0	0	0	0	0	0	0	0	0	0	0	0	0	0	0	0	0	0	0	0	0.026886	0	0	0	0	0	0	0	0	0	0	0	0	0	0	0	0	0	0	0	0	0	0	0	0	0	0	0	0	0	0	0	0	0	0	0	0	0	0	0	0	0	0	0	0	0	0	0	0	0	0	0
"Cetobacterium_A somerae"	0	0	0	0	0	0	0	0	0	0	0	0	0	0	0.342295	0	0	0	0	0	0	0	0	0	0	0	0	0	0	0	0	0	0	0	0	0	0	0	0	0	0	0	0	0	0	0	0	0	0	0	0	0	0	0	0	0	0	0	0	0	0	0	0	0	0	0.954539	0	0	0	0	0	0	0	0	0	0	0	0	0	0	0	0	0	0	0	0	0	0	0	0	0	0	0	0	0	0	0
"Cetobacterium_A sp000799075"	0	0	0	0	0	0	0	0	0	0	0	0	0	0	0.066971	0	0	0	0	0	0	0	0	0	0	0	0	0	0	0	0	0	0	0	0	0	0	0	0	0	0	0	0	0	0	0	0	0	0	0	0	0	0	0	0	0	0	0	0	0	0	0	0	0	0	0.048183	0	0	0	0	0	0	0	0	0	0	0	0	0	0	0	0	0	0	0	0	0	0	0	0	0	0	0	0	0	0	0
"Fusobacterium_A mortiferum"	0	0	0	0	0	0	0	0	0	0.067086	0	0	0	0	0	0	0	0	0	0	0	0	0	0	0	0	0	0	1.112092	0	0	0	0	0	0	0	0	0	0	0	0	0	0	0	0	0	0	0	0	0	0	0	0	2.064123	0	1.536442	0	0	0	0	0	0	0	0	0	1.975492	0	0	0	0	0	0	0	0	1.786581	0	0	0	0	0	1.160132	0.883375	0	0	0	0	0	0	0	0	0	0	0	0	0	0	0
"Fusobacterium_A necrogenes"	0	0	0	0	0	0	0	0	0	0	0	0	0	0	0	0	0	0	0	0	0	0	0	0	0	0	0	0	0	0	0	0	0	0	0	0	0	0	0	0	0	0	0	0	0	0	0	0	0	0	0	0	0	0	0	0	0	0	0	0	0	0	0	0	0	0	0	0	0	0	0	0	0	0	0.063523	0	0	0	0	0	0.033945	0	0	0	0	0	0	0	0	0	0	0	0	0	0	0	0
"Fusobacterium_A ulcerans"	0	0	0	0	0	0	0.049674	0	0	0	0	0	0	0	0	0	0	0	0.057481	0	0	0	0	0	0	0	0	0	0	0	0	0.04985	0	0	0	0	0.052834	0.043559	0	0	0	0	0	0	0	0.069588	0	0	0	0	0	0.060918	0	0	0	0	0	0	0	0	0	0.054219	0	0	0	0	0	0	0	0	0	0	0	0	0	0	0	0	0	0	0	0	0	0	0	0	0	0	0	0	0	0	0	0	0	0	0
"Fusobacterium_A ulcerans_A"	0	0	0	0	0	0	0	0	0	0	0	0	0	0	0	0	0	0	0	0	0	0	0	0	0	0	0	0	0	0	0	0.037123	0	0	0	0	0.228474	0	0	0	0	0	0	0	0	0.05061	0	0	0	0	0	0.886573	0	0	0	0	0	0	0	0	0	0	0	0	0	0	0	0	0	0	0	0	0	0	0	0	0	0	0	0	0	0	0	0	0	0	0	0	0	0	0	0	0	0	0	0	0
"Fusobacterium_A varium"	1.033978	2.130524	0	0	0	0	0.799441	0	0	0	0	0	0	0	0	0	0	0	1.544799	0	0	0	0	0	0	0	0	0	0	0	0	1.528394	0	0	0	0	0	0.879902	0	0	0	0	0.33438	0	0	0.064844	0	0	0	0	0	0.05004	0	0	0	0	0	0	0	0	0	1.944838	0	0	0	0	0	0	0	0	0	0	0	0	0	0	0	0	0	0	0	0	0	0	0	0	0	0	0	0	0	0.036261	0	0	0	0	0.094564
"51-20 sp001917175"	0	0	1.350449	1.04505	0	0	0	0	0	0	0	0	0	0	0	0	0	0	0	0	0	0	0	0	0	0	0	0	0	0	0	0	0	0	0	0	0	0	0	0	0	0	0	0	0	0	0	1.620259	0	0	0	0	0	0	0	0	0	0	0	0	0	0	0	0	0	0	0	0	0	1.261176	0	0	0	0	0	0	0	0	0	0	0	0	0	0	0	0	0	0	0	0	0	0	0	0	0	0	0
"CAG-267 sp001917135"	0	0	1.019638	0	0	0	0	0	0	0	0	0	0	0	0	0	0	0	0	0	0	0	0	0	0	0	1.38395	0	0	0	0	0	0	0	0	0	0	0	0	0	0	0	0	0	0	0	0	0	0	0	0	0	0	0	0	0	0	0	0	0	0	0	0	0	0	0	0	0	0	0	0	0	0	0	0	0	0	0	0	0	0	0	0	0	0	0	0	0	0	0	0	0	0	0	0	0	0
"CAG-495 sp000436375"	0	0	0	0	0	0	0	0	0	0	0	0	0	0	0	0	0	0	0	0	0	0	0	0	0	0	0	0	0	0	0	0	0	0	0	0	0	0	0	0	0	0	0	0	0	0	0	0	0	0	0	0	0	0	0	0	0	0	0	0	0	0	0	0	0	0	0.587946	0	0	0	0	0	0	0	0	0	0	0	0	0	0	0	0	0	0	0	0	0	0	0	0	1.112834	1.246365	0	0	0	0
"CAG-495 sp001917125"	0	0	0	0	0	0	0	0	0	0	0	0	0	0	1.494616	0	0	0	0	0	0	0	0	0	0	0	0	0	0	0	0	0	0	0	0	0	0	0	0	0	0	0	0	0	0	0	0	0	0	0	0	0	0	0	0	0	0	0	0	0	0	0	0	0	0	0	0	0	0	0	0	0	0	0	0	0	0	0	0	0	0	0	0	0	1.19755	0	0	0	0	0	0	0	0	0	0	0	0
"Rs-D84 sp002437665"	0	0	0	0	0	0	0	0	0	0	0	0	0	0	0	0	0	0	0	0	0	0	0	0	0	0	0	0	0	0	0	0	0	0	0	0	0	0	0	0	0	0	0	0	0	0	0	0	0	0	0	0	0	0	0	0	0	0	0	0	0	0	0	0	0	0	0	0	0	0	0	0	0	0	0	0	0	0	0	0	0	0	0	0	0	0	0	0	0	0	0	0	0	0	0.092564	0	0
"CAG-521 sp000437635"	0	0	0	0.092706	0	0	0	0	0	0	0	0	0.101189	0	0	0	0	0	0	0	0	0	0	0	0	0	0	0	0	0	0	0	0	0.080576	0	0	0	0	0	0	0	0	0	0	0	0	0	0	0	0.093545	0	0	0	0	0.137849	0	0	0	0	0	0.091468	0	0	0	0	0.250029	0	0	0	0	0	0	0	0	0	0	0	0.147999	0	0	0	0	0	0	0	0	0	0	0	0	0	0	0	0	0	0	0
"Comamonas kerstersii"	0	0	0.043284	0	0	0	0	0	0	0.825155	0	0	0	0	0	0	0	0	0	0	0	0	0	0	0	0	0	0	0	0	0	0	0	0	0	0	0	0	0	0	0	0	0	0	0	0.026886	0	0	0	0	0	0	0	0	0	0	0	0	0	0	0	0	0	0	0	0	0	0	0	0	0	0	0	0	0	0.068685	0	0	0	0	0	0	0	0	0	0	0	0	0	0	0	0	0	0	0	0	0
"Duodenibacillus massiliensis"	0	0	0	0	0	0	0	0	0	0	0	0	0	0	0	0	0	0	0	0	0	0	0	0	0	0	0	0	0	0	0	0	0	0	0	0	0	0	0	0	0	0	0	0	0	0	0	0	0	0	0	0	0	0	0	0	0	0	0	0	0	0	0	0	0	0	0.615789	0	0	0	0	0	0	0	0	0	0	0	0	0	0	0	0	0	0	0	0	0	0	0	0	0	0	0	0	0	0
"Duodenibacillus sp003472385"	0	0	0	0	0	0	0	0	0	0	0	0	0	0	0	0.493301	0	0	0	0	0	0	0	0	0	0	0	0	0	0	0	0	0	0.986853	0	0	0	0	0	0	1.082362	0	0	0	0	0	0	0	0.652832	0.394869	0	0	0.968384	1.644144	0	0	0	0	0	0	0	0	0	0	0.277251	0	0	0	0.406689	0	0	0	0	0	0	0	0.956286	0	0	0	0	0	0	0	0	0	0	0	0	0	0.273848	0	0	0	0	0	0.35355
"Mesosutterella massiliensis"	0.176264	0.388971	0	0.246352	0.193152	0	0	0	0	0	0.210278	0	0.244398	0	0.418833	0	0	0	0	0	0.259069	0	0	0.041268	0	0.279552	0	0	0	0	0.258941	0	0	0	0.17918	0.226237	0	0	0.151728	0	0.058418	0.088603	0	0.219118	0	0	0.266236	0	0.422754	0	0.19352	0.2143	0.30985	0	0	0.169474	0.291685	0	0.356149	0.117137	0.176735	0	0.05361	0	0	0	0	0.081919	0.418084	0	0.398095	0.202764	0.288078	0	0	0	0	0.033595	0	0	0	0	0.21293	0	0.382197	0	0.105066	0	0	0	0.230806	0	0	0	0	0	0
"Mesosutterella multiformis"	0.286429	0.866134	0	0.70664	0.753868	0	0	0	0	0	1.042807	0	0.445919	0	1.150195	0	0	0	0	0	0.615138	0	0	0.065723	0	1.214089	0	0	0	0	1.239812	0	0	0	0.872417	1.031374	0	0	0.781479	0	0.086005	0.151994	0	0.961582	0	0	0.933591	0	0.89991	0	0.991531	1.041043	0.826807	0	0	0.89393	1.029247	0	1.113339	0.221064	0.746471	0	0.104002	0	0	0	0	0.128339	0.879992	0	1.302437	0.871101	1.073565	0	0	0	0	0.04903	0	0	0	0	0.849255	0	0.816263	0	0.211029	0	0	0	0.726102	0	0	0	0	0	0
"Oxalobacter formigenes"	0	0.035277	0	0	0	0	0	0	0	0	0	0	0	0	0	0	0.038889	0	0	0	0	0	0	0	0	0	0.198514	0	0	0	0	0	0	0	0	0	0	0	0	0	0	0	0	0	0	0	0	0	0	0	0	0	0	0	0	0	0	0	0	0	0	0	0.099714	0.457934	0	0	0	0	0	0	0.698391	0	0	0	0.067934	0	0	0	0	0.35795	0.421322	0	0.577132	0	0.121939	0	0.039512	0	0	0	0	0	0	0	0	0	0
"Parasutterella excrementihominis"	0.270691	0.738953	0	0	0.276755	0.056119	0.917417	0	0	0	0	0.106951	0	0	0.936527	0	0	0	1.42385	0	0.140379	0	0	0.050439	0	0.324604	0	0	0	0	0.865124	0	1.234153	0	0	0.466891	0.074254	0	0.21454	0.063313	0	0	0.555362	0	0	1.942147	0.454013	0	0	0	0	0	0	0	0	0	0.779792	0	0	0	0	0	0.68513	0.895719	0	0	0	0	0	0	0	0.883285	0	0	0.033526	0	0	0	0	0	0.933497	0	0.48752	0	0	0	0.891711	0.431393	0	0	0.05739	0.705212	0.18636	0	0	0.140027	0
"Parasutterella sp000980495"	0	0.038062	0	0	0	0.136699	0.077616	0	0	0	0	0	0	0.051813	0.04571	0	0	0	0	0	0	0	0	0	0	0.045052	0	0	0	0	0.068017	0	0	0	0	0.05545	0.099957	0	0.033445	0	0	0	0	0	0	0	0.177197	0	0	0	0	0	0	0	0	0	0.046159	0	0	0	0	0	0	0	0	0	0	0	0	0	0	0	0	0	0	0	0	0	0	0	0	0	0.053438	0	0	0	0	0.037473	0	0	0	0.073772	0	0	0	0	0
"Sutterella megalosphaeroides"	0	0	0	0	0	0	0	0	0	0	0	0	0	0	0	0	0	0	0	0.041542	0	0	0	0	0	0	0	0	0	0	0	0	0	0	0	0	0	0	0	0	0	0	0	0	0	0	0	0	0.065737	0	0	0	0	0	0	0	0	0	0	0	0	0	0	0	0	0	0	0	0	0	0	0	0	0	0	0	0	0	0	0	0	0	0	0	0	0	0	0	0	0	0	0	0	0	0	0	0
"Sutterella parvirubra"	0	0	0	0	0	0	0	0	0	0	0	0	0	0	0	0	0	0	0	0	0	0	0	0	0	0	0	0	0	0	0	0	0	0	0	0	0	0	0	0	0	0	0	0	0	0	0	0	0	0	0	0	0	0	0	0	0	0	0	0	0	0	0	0	0	0	0	0	0	0	0	0	0	0.053345	0	0	0	0	0	0	0	0	0	0	0	0	0	0	0	0	0	0	0	0	0	0	0
"Sutterella sp006337085"	0	0	0	0	0	0	0	0	0	0	0	0	0	0	0	0	0	0	0	0	0	0	0	0	0	0	0	0	0	0	0	0	0	0	0	0	0	0	0	0	0	0	0	0	0	0	0	0	0	0	0	0	0	0	0	0	0	0	0	0	0	0	0	0	0	0	0	0	0	0	0	0	0	0	0	1.58076	0	0	0	0	0	0	0	0	0	0	0	0	0	0	0	0	0	0	0.094859	0	0
"Sutterella wadsworthensis"	0	0	0.335757	0.548457	0	0.786382	0	0.44549	0	1.159626	0	1.154736	0	2.185968	0	0	0.613117	0	0	0	0	0.489714	0.763126	0.676337	0	0	1.751811	0	0.248702	0.481288	0	0	0	0	0	0	2.289019	1.210954	0	1.565248	0.8495	1.261337	0	0	1.959526	0	0	0	0	0.903972	0	0	0	2.416534	1.045519	0	0	1.511765	0	1.602931	0.699962	0	1.281268	0	0.397893	1.14727	0	0.608929	1.106125	1.436597	0	0	0	0	1.019013	0	0	1.150396	1.294505	0	1.536526	1.151911	0	0.581958	0	0	0	1.336221	0.990663	0.943667	0	1.905572	1.97198	0	0	1.705868	0.44215
"Sutterella wadsworthensis_A"	0	0	0.753135	0	0	0	0	0.938655	1.208061	0.958368	0	0	0	0	0	1.165068	0	0	0	0	0	0.166138	0	0	1.0176	1.449744	0	1.003231	0.792737	1.269541	0	0	0	0	0	0	0	1.088987	0	0	0	1.501934	0	0	0	0	0	0	0	0	0	0	0	0	0	0	0	1.179076	1.511388	0	0	0	0	0	0	0.488338	0	1.156874	0	0	0	0	0	1.07541	0	0.317162	0	0	1.114767	1.002261	0	1.551678	0	1.046947	0	1.102321	0	0	0	0	0	0	0	0	0	0	0
"Turicimonas muris"	0	0	0	0	0	0	0	0	0	0	0.231735	0	0	0	0	0	0	0	0	0	0	0	0	0	0	0	0	0	0	0	0	0	0	0	0	0	0	0	0	0	0	0	0.153379	0	0	0	0	0	0	0	0	0	0	0	0	0	0	0	0	0	0	0	0	0	0	0	0	0	0	0	0	0	0	0	0	0	0	0	0	0	0	0	0	0	0	0	0	0	0	0	0	0	0	0	0	0	0
"Aeromonas caviae"	0	0	0	0	0	0	0	0	0	0	0	0	0	0	2.18452	0	0	0	0	0	0	0	0	0	0	0	0	0	0	0	0	0	0	0	0	0	0	0	0	0	0	0	0	0	0	0	0	0	0	0	0	0	0	0	0	0	0	0	0	0	0	0	0	0	0	0	0	0	0	0	0	0	0	0	0	0	0	0	0	0	0	0	0	0	0	0	0	0	0	0	0	0	0	0	0	0	0
"Citrobacter braakii"	0	0	0	0	0	0.058277	0.125737	0	0	0	0	0	0	0	0	0	0	0	0	0	0	0	0	0	0	0	0	0	0	0	0	0	0	0	0	0	0	0	0	0	0	0	0	0	0.057892	0	0	0	0	0	0	0	0	0	0	0	0	0	0	0	0	0	0	0	0	0	0	0	0	0	0	0	0	0	0	0	0	0	0	0	0	0	0	0	0	0	0	0	0	0	0	0	0	0	0	0	0
"Citrobacter europaeus"	0	0	0	0	0	0	0.162993	0	0	0	0	0	0	0	0	0	0	0	0	0	0	0	0	0	0	0	0	0	0	0	0	0	0	0	0	0	0	0	0	0	0	0	0	0	0	0	0	0	0	0	0	0	0	0	0	0	0	0	0	0	0	0	0	0	0	0	0	0	0	0	0	0	0	0	0	0	0	0	0	0	0	0	0	0	0	0	0	0	0	0	0	0	0	0	0	0	0
"Citrobacter freundii"	0	0	0	0	0	0.125188	0.760633	0	0	0	0	0	0	0	0	0	0	0	0	0	0	0	0	0	0	0	0	0	0	0.037897	0	0	0	0	0	0	0	0	0	0	0	0	0	0	3.471016	0	0	0	0	0	0	0	0	0	0	0	0	0	0.06285	0.064293	0	0	0	0	0	0	0	0	0	0	0	0	0	0	0	0	0	0	0	0	0	0	0	0	0	0	0	0	0	0	0	0	0	0	0	0	0
"Citrobacter murliniae"	0	0	0	0	0	0	0	0	0	0	0	0	0	0	0	0	0	0	0	0	0	0	0	0	0	0	0	0	0	0	0	0	0	0	0	0	0	0	0.034261	0	0	0	0	0	0	0	0	0	0	0	0	0	0	0	0	0	0	0	0	0	0	0	0	0	0	0	0	0	0	0	0	0	0	0	0	0	0	0	0	0	0	0	0	0	0	0	0	0	0	0	0	0	0	0	0	0	0
"Citrobacter portucalensis"	0	0	0	0	0	0.044607	2.809686	0	0	0	0	0	0	0	0	0	0	0	0	0	0	0	0	0	0	0	0	0	0	0	0	0	0	0	0	0	0	0	0	0	0	0	0	0	0.041531	0	0	0	0	0	0	0	0	0	0	0	0	0	0.047886	0.066055	0	0	0	0	0	0	0	0	0	0	0	0	0	0	0	0	0	0	0	0	0	0	0	0	0	0	0	0	0	0	0	0	0	0	0	0	0
"Cronobacter dublinensis"	0	0	0	0	0	0	0	0	0	0	0	0	0	0	0	0	0	0	0	0	0	0	0	0	0	0	0	0	0	0	0	0	0	0	0	0	0	0	0	0.044847	0	0	0	0	0	0	0	0	0	0	0	0	0	0	0	0	0	0	0	0	0	0	0	0	0	0	0	0	0	0	0	0	0	0	0	0	0	0	0	0	0	0	0	0	0	0	0	0	0	0	0	0	0	0	0	0	0
"Cronobacter malonaticus"	0	0	0	0	0	0	0	0	0	0	0	0	0	0	0	0	0	0	0	0	0	0	0	0	0	0	0	0	0	0	0	0	0	0	0	0	0	0	0	0.76152	0	0	0	0	0	0	0	0	0	0	0	0	0	0	0	0	0	0	0	0	0	0	0	0	0	0	0	0	0	0	0	0	0	0	0	0	0	0	0	0	0	0	0	0	0	0	0	0	0	0	0	0	0	0	0	0	0
"Cronobacter sakazakii"	0	0	0	0	0	0	0	0	0	0	0	0	0	0	0	0	0	0	0	0	0	0	0	0	0	0	0	0	0	0	0	0	0	0	0	0	0	0	0	0.473971	0	0	0	0	0.047824	0	0	0	0	0	0	0	0	0	0	0	0	0	0	0	0	0	0	0	0	0	0	0	0	0	0	0	0	0	0	0	0	0	0	0	0	0	0	0	0	0	0	0	0	0	0	0	0	0	0	0	0
"Enterobacter asburiae"	0	0	0	0	0	0	0	0	0	0	0	0	0	0	0	0	0	0.042265	0	0	0	0	0	0	0.100247	0	0	0	0	0.047371	0	0	0	0	0.058277	0	0	0	0	0	0	0	0	0	0	0	0	0	0	0	0	0	0	0	0	0	0	0	0	0	0	0	0	0.070522	0	0	0	0	0	0	0	0	0	0	0	0	0	0	0	0	0	0	0	0	0	0	0	0	0	0	0	0	0	0	0	0	0
"Enterobacter cloacae"	0	0	0	0	0	0.048205	0	0	0	0	0	0	0	0	0	0	0	0.034718	0	0	0	0	0	0	0.086061	0	0	0	0	0.046423	0	0	0	0	0	0	0	0	0	0	0	0	0	0	0	0	0	0	0	0	0	0	0	0	0	0	0	0	0	0	0	0	0	0.046709	0	0	0	0	0	0	0	0.080931	0	0	0	0	0	0	0	0	0	0	0	0	0	0	0	0	0	0	0	0	0	0	0.086444	0	0
"Enterobacter cloacae_M"	0	0	0	0	0	0	0	0	0	0	0	0	0	0	0	0	0	0	0	0	0	0	0	0	0	0	0	0	0	0	0	0	0	0	0.074803	0	0	0	0	0	0	0	0	0	0	0	0	0	0	0	0	0	0	0	0	0	0	0	0	0	0	0	0	0	0	0	0	0	0	0	0	0	0	0	0	0	0	0	0	0	0	0	0	0	0	0	0	0	0	0	0	0	0	0	0	0	0
"Enterobacter himalayensis"	0	0	0	0	0	0	0	0	0	0	0	0	0	0	0	0	0	0.096605	0	0	0	0	0	0	0.120107	0	0	0	0	2.221696	0	0	0	0	0.035662	0	0	0	0	0	0	0	0.759624	0	3.065771	0.037957	0	0	0	0	0	0	0	0	0	0	0	0	0	0	0	0	0	0.049457	0	0	0	0	0	1.974452	0	0.041771	0	0	0	0	0	0	0	0	0	0	0	0	0	0	0.106862	0	0	0	0	0	0	0	0.319765	0	0
"Enterobacter kobei"	0	0	0	0	0	0	0	0	0	0	0	0	0	0	0	0	0	3.77968	0	0	0	0	0	0	0	0	0	0	0	0	0	0	0	0	0	0	0	0	0	0	0	0	0	0	0	0	0	0	0	0	0	0	0	0	0	0	0	0	0	0	0	0	0	0	0	0	0	0	0	0	0	0.067878	0	0	0	0	0	0	0	0	0	0	0	0	0	0	0	0	0	0	0	0	0	0	0	0	0
"Enterobacter ludwigii"	0	0	0	0	0	0	0	0	0	0	0	0	0	0	0	0	0	0	0	0	0	0	0	0	0.212788	0	0	0	0	0	0	0	0	0	0	0	0	0	0	0	0	0	0	0	0	0	0	0	0	0	0	0	0	0	0	0	0	0	0	0	0	0	0	0	0	0	0	0	0	0	0	0	0	0	0	0	0	0	0	0	0	0	0	0	0	0	0	0	0	0	0	0	0	0	0	0	0
"Enterobacter mori"	0	0	0	0	0	0	0	0	0	0	0	0	0	0	0	0	0	0	0	0	0	0	0	0	1.108389	0	0	0	0	0	0	0	0	0	0	0	0	0	0	0	0	0	0	0	0	0	0	0	0	0	0	0	0	0	0	0	0	0	0	0	0	0	0	0	0	0	0	0	0	0	0	0	0	0	0	0	0	0	0	0	0	0	0	0	0	0	0	0	0	0	0	0	0	0	0	0	0
"Enterobacter roggenkampii"	0	0	0	0	0	0	0	0	0	0	0	0	0	0	0	0	0	0.2234	0	0.060235	0	0	0	0	0	0	0	0	0	1.270488	0	0	0	0	0.063496	0	0	0	0	0	0	0	0	0	0	0	0	0	0	0	0	0	0	0	0	0	0	0	0	0	0	0	0	1.075229	0	0	0	0	0	0	0	0	0	0	0	0	0	0	0	0	0	0	0	0	0	0	0	0	0	0	0	0	0	0	0	0	0
"Enterobacter sesami"	0	0	0	0	0	0	0	0	0	0	0	0	0	0	0	0	0	0.153965	0	0	0	0	0	0	0.045395	0	0	0	0	0.124112	0	0	0	0	0	0	0	0	0	0	0	0	0	0	0	0	0	0	0	0	0	0	0	0	0	0	0	0	0	0	0	0	0	0.117231	0	0	0	0	0	0	0	0	0	0	0	0	0	0	0	0	0	0	0	0	0	0	0	0	0	0	0	0	0	0	0	0	0
"Escherichia coli"	0.044066	0.230227	0	0	0.209008	0	0	0	0	0	0	0.048462	0	0	0.048899	0	0	0	0.280219	0.059197	0.054826	0	0.04244	0	0	0.051983	0	0.070998	0.051577	0	0.325764	0.046669	0.050926	0	0	0	0	0	0.094626	0.250616	0	0.206741	0.070511	0	0.07677	0.186623	0.089921	0.032504	0.055536	0.161905	0	0	0.031551	0.026497	0	0	0	0.037415	0.074821	0.244843	0.051935	0.033134	0.141529	0	0	0.425831	0.049211	0	0	0.054095	0.047173	0	0.04386	0.077312	0.260267	0.054544	0	0	0	0	0.215653	0	0.294321	0	0	0.030175	0.06286	0.170912	0	0	0	0	0	0.050507	0	0	0
"Escherichia coli_C"	0	0	0	0	0	0	0	0	0	0	0	0	0	0	0	0	0	0	0	0	0	0	0	0	0	0	0	0	0	0	0	0	0	0	0	0	0	0	0	0	0	0	0	0	0	0	0	0	0	0	0	0	0	0	0	0	0	0	0	0	0	0	0	0	0	0	0	0	0	0	0	0	0	0	0	0	0	0	0	0	0	0	0	0	0	0	0	0	0	1.048719	0	0	0	0	0	0	0
"Escherichia coli_D"	0	0.067768	0	0	0	0	0	0	0	0	0	0.080213	0	0	0.049962	0	0	0.034718	0	0.061274	0.147609	0	0	0	0	0.385828	0.054568	0.154343	0	0	0.143193	0.988524	0.039007	0	0.051319	0	0	0	0.059549	0.036933	0	0.059789	0	0	0.095648	0.086985	0.253894	0.056143	0.052136	0.05127	0	0	0.046923	0.038421	0	0	0	0.04955	0.293299	0.195522	0.120149	0.102413	0.076126	0	0	0.100272	0.137274	0	0	0.108962	0.085142	0	0.063796	0.239667	0.031761	0.060604	0	0	0	0	0.060902	0	0	0	0	0.038661	0.717499	0.05758	0.069506	0.064647	0	0	0	0.059691	0.073439	0	0
"Escherichia dysenteriae"	0	0	0	0	0	0	0	0	0	0	0	0	0	0	0	0	0	0	0	0.032195	0	0	0.033632	0	0	0.040431	0	0	0	0	0.035798	0	0	0	0	0	0	0	0	0	0	0	0	0	0.047824	0	0	0	0	0	0	0	0	0	0	0	0	0	0.038907	0.040514	0	0.306234	0	0	0	0.050787	0	0	0	0	0.034517	0	0.04386	0.037883	0	0.048483	0	0	0	0	0	0	0	0	0	0	0.03592	0	0	0	0	0	0	0.032141	0	0	0
"Escherichia fergusonii"	0	0	0	0	0	0	0	0	0	0	0	0	0	0	0	0	0	0	0	0	0	0	0	0	0	0	0	0	0	0	0	0	0	0	0	0	0	0	0	0	0	0	0	0	0	0	0	0	0	0	0	0	0	0	0	0	0	0	0	0	0	0	0	0	0	0	0	0	0	0	0	0	0	0	0	0	0	0	0	0	0	0	0	0	0	0	0	0	0	0.0422	0	0	0	0	0	0	0
"Escherichia flexneri"	0.083411	0.280356	0	0.856396	0.124684	1.334619	0.099348	0.05002	0	0	0	0.14288	0	0	2.069713	0	0.136721	0.117738	0.310157	0.564966	0.309678	0	1.427759	1.36108	0.069984	1.863297	0.21733	0.229457	1.374925	0.089057	0.423613	0.429562	0.417163	0	0.247895	0.065431	2.410396	1.728828	0.426632	0.179388	0	0.221148	1.224849	1.761995	1.271112	0.260956	0.312079	0.35951	0.345683	0.259948	0	0	0.659342	0.08744	0	0	0	1.305478	0.269356	0.37343	0.99607	1.200839	0.345245	0.038466	0	1.201964	0.228574	0	0	0.378662	0.582185	1.622111	1.125399	0.574428	0.124399	0.71412	0	1.460921	0	0	0.220645	0	0.215397	0	1.533338	1.046686	0.305319	0.200159	0.24955	0.224469	0	0	0	0.468341	0.589806	0.118266	1.276186
"Hafnia alvei"	0	0	0	0	0	0	0	0	0	0	0	0	0	0	0	0	0	0	0	0	0	0	0	0	0	0	0	0	0	0	0	0	0	0	0	0	0	0	0	0	0	0	0	0	0	0	0	0	0.086138	0	0	0	0	0	0	0	0	0	0	0	0	0	0	0	0	0	0	0	0	0	0	0	0	0	0	0	0	0	0	0	0	0	0	0	0	0	0	0	0	0	0	0	0	0	0	0	0
"Hafnia paralvei"	0	0	0	0	0	0	0	0	0	0	0	0	0	0	0	0	0	0	0	0	0	0	0	0	0	0	0	0	0	0	0	0	0	0	0	0	0	0	0	0	0	0	0	0	0	0	0	0	0.035135	0	0	0	0	0	0	0	0	0	0	0	0	0	0	0	0	0	0	0	0	0	0	0	0	0	0	0	0	0	0	0	0	0	0	0	0	0	0	0	0	0	0	0	0	0	0	0	0
"Klebsiella pneumoniae"	0	0	0	0	0.320718	0.858329	0.307358	0.322003	0	0.674691	0.11694	0.569013	0	0.036409	0.653762	0	0	0.922278	0	0	0	0.086983	0.478055	0.565524	0.13051	0	0	0.763484	0.600558	1.039318	0.040571	0	0	0	0.654095	0	0	0	0.057918	0.982237	0	0.564036	0	0	1.277404	0.716443	0	0	0.958847	0.673707	0	0	0	0.49682	0	0	0.151244	0.276062	0.401042	0.114495	0	0	0	0.250948	0	0.967561	0	0.12925	0	0.531672	0	0.201023	0.720694	0.220339	0.091755	0.335343	0.05916	0.566572	0.699308	0	0.033945	0	0.159492	0	0	0.149931	0.59178	0.573972	0	0.266669	0.189011	0	0.569654	0.034437	0.112453	0.037845	0
"Klebsiella quasipneumoniae"	0	0	0	0	0	0.311531	3.357653	0	0	0	2.064156	0	0	0	0	0	0	0	0	0	0	0.069586	1.475805	0	0	0	0	0	0	0.306964	0	0	0	0	0	0	0	0	0	0.581252	0	0	0	0	0.039014	3.599614	0	0	0.038535	0	0	0	0	0	0	0	0.109996	0.087976	0.035914	0.047559	0	0	0	0.119063	0	0	0	0	0	0	0	0	0	0	1.611011	0.107067	0	0	0	0	0	0	0	0	0	0	0	0	0	0	0.828405	0	0.111023	0	0	0	0
"Klebsiella variicola"	0	0	0	0	0	0.225194	0.221981	0	0	0	0.148053	0.028409	0	0	0.038269	0	0	0.046793	0	0	0	0.072196	0.128122	0	0	0	0	0	0.03886	0.428233	0	0	0	0	0.040011	0	0	0	0	0.154766	0	0	0	0	0.328475	0.208765	0	0	0.057803	0.031482	0	0	0	0.034446	0	0	0.054016	0.114267	0.212492	0	0	0	0	0.094334	0	0.074227	0	0	0	0	0	0.207115	0.047847	0.051799	0.108518	0.192923	0	0	0.040269	0	0	0	0.036996	0	0	0	0.063758	0.036559	0	0.032324	0.126631	0	0.068729	0	2.197046	0	0
"Klebsiella_A grimontii"	0	0	0	0	0	0	0	0	0	0	0	0	0	0	0	0	0	0	0	0	0	0	0	0	2.493876	0	0	0	0	0.120322	0	0	0	0	0	0	0	0	0	0	0	0	0	0	0	0	0	0	0	0	0	0	0	0	0	0	0	0	0	0	0	0	0	0	0	0	0	0	0	0	0	0	0	0	0	0	0	0	0	0	0	0	0	0	0	0	0	0	0	0	0	0	0	0	0	0	0
"Klebsiella_A michiganensis"	0	0	0	0	0	0	0	0	0	0	0	0	0	0	0	0	0	0	0	0	0	0	0	0	0.448274	0	0	0	0	0.862151	0	0	0	0	0	0	0	0	0	0	0	0	0	0	0	0	0	0	0	0	0	0	0	0	0	0	0	0	0	0	0	0	0	0	0	0	0	0	0	0	0	0	0	0	0	0	0	0	0	0	0	0	0	0	0	0	0	0	0	0	0	0	0	0	0	0	0
"Klebsiella_A oxytoca"	0	0	0	0	0	0	0	0	0	0	0	0	0	0	0	0	0	0	0	0	0	0	0	0	0.048232	0	0	0	0	0.185694	0	0	0	0	0	0	0	0	0	0	0	0	0	0	0	0	0	0	0	0	0	0	0	0	0	0	0	0	0	0	0	0	0	0	0	0	0	0	0	0	0	0	0	0	0	0	0	0	0	0	0	0	0	0	0	0	0	0	0	0	0	0	0	0	0	0	0
"Klebsiella_B aerogenes"	0	0	0	0	0	0	0	0	0	0	0	0	0	0	0	0	0	0	0	0	0	0	0	0	0	0	0	0	0	0.076741	0	0	0	0	0	0	0	0	0	0	0	0	0	0	0.164867	0	0	0	0	0	0	0	0	0	0	0	0	0	0	0.07222	0	0	0	0	0	0	0	0	0	0	0	0	0	0.731372	0	0	0	0	0	0	0	0	0	0	0	0	0	0	0	0	0	0	0	0	0	0	0
"Kluyvera ascorbata"	0	0	0	0	0	0	0	0	0	0	0	0	0	0	0	0	0	0	0	0	0	0	0	0	0	0	0	0	0	0	0	0	0	0	0	0	0	0	0	0	0	0	0	0	0	1.891537	0	0	0	0	0	0	0	0	0	0	0	0	0	0	0	0	0	0	0	0	0	0	0	0	0	0	0	0	0	0	0	0	0	0	0	0	0	0	0	0	0	0	0	0	0	0	0	0	0	0	0
"Kluyvera cryocrescens"	0	0	0	0	0	0	0.052779	0	0	0	0	0	0	0	0	0	0	0	0	0	0	0	0	0	0	0	0	0	0	0	0	0	0	0	0	0	0	0	0	0	0	0	0	0	0	0.22458	0	0	0	0	0	0	0	0	0	0	0	0	0	0	0	0	0	0	0	0	0	0	0	0	0	0	0	0	0	0	0	0	0	0	0	0	0	0	0	0	0	0	0	0	0	0	0	0	0	0	0
"Kluyvera georgiana"	0	0	0	0	0	0	0.069854	0	0	0	0	0	0	0	0	0	0	0	0	0	0	0	0	0	0	0	0	0	0	0	0	0	0	0	0	0	0	0	0	0	0	0	0	0	0	0	0	0	0	0	0	0	0	0	0	0	0	0	0	0	0	0	0	0	0	0	0	0	0	0	0	0	0	0	0	0	0	0	0	0	0	0	0	0	0	0	0	0	0	0	0	0	0	0	0	0	0
"Kluyvera georgiana_A"	0	0	0	0	0	0	0.077616	0	0	0	0	0	0	0	0	0	0	0	0	0	0	0	0	0	0	0	0	0	0	0	0	0	0	0	0	0	0	0	0	0	0	0	0	0	0	0.026886	0	0	0	0	0	0	0	0	0	0	0	0	0	0	0	0	0	0	0	0	0	0	0	0	0	0	0	0	0	0	0	0	0	0	0	0	0	0	0	0	0	0	0	0	0	0	0	0	0	0	0
"Plesiomonas shigelloides"	0	0	0	0	0	0	0	0	0	0	0	0	0	0	1.031136	0	0	0	0	0	0	0	0	0	0	0	0	0	1.028721	0	0	0	0	0	0	0	0	0	0	0	0	0	0	0	0	0	0	0	0	0	0	0	0	0	0	0	0	0	0	0	0	0	0	0	0	0	0	0	0	0	0	0	0	0	0	0	0	0	0	0	0	0	0	0	0	0	0	0	0	0	0	0	0	0	0	0	0
"Raoultella ornithinolytica"	0	0	0	0	0	0	0	0	0	0	0	0	0	0	0	0	0	0	0	0	0	0	0	0	0.412336	0	0	0	0	0	0	0	0	0	0	0	0	0	0	0	0	0	0	0	0	0	0	0	0	0	0	0	0	0	0	0	0	0	0	0	0	0	0	0	0	0	0	0	0	0	0	0	0	0	0	0	0	0	0	0	0	0	0	0	0	0	0	0	0	0	0	0	0	0	0	0	0
"Raoultella planticola"	0	0	0	0	0	0	0	0	0	0	0	0	0	0	0	0	0	0	0	0	0	0	0	0	0.219408	0	0	0	0	0	0	0	0	0	0	0	0	0	0	0	0	0	0	0	0	0	0	0	0	0	0	0	0	0	0	0	0	0	0	0	0	0	0	0	0	0	0	0	0	0	0	0	0	0	0	0	0	0	0	0	0	0	0	0	0	0	0	0	0	0	0	0	0	0	0	0	0
"Raoultella terrigena"	0	0	0	0	0	0	0	0	0	0	0	0	0	0	0	0	0	0	0	0	0	0	0	0	0.034992	0	0	0	0	0	0	0	0	0	0	0	0	0	0	0	0	0	0	0	0	0	0	0	0	0	0	0	0	0	0	0	0	0	0	0	0	0	0	0	0	0	0	0	0	0	0	0	0	0	0	0	0	0	0	0	0	0	0	0	0	0	0	0	0	0	0	0	0	0	0	0	0
"Salmonella enterica"	0	0	0	0	0	0.048205	0.074511	0	0	0	0	0	0	0	0	0	0	0.030189	0	0	0	0	0	0	0.043503	0.047362	0	0	0	0.067267	0	0	0	0	0	0	0	0	0	0	0	0	0	0	0.094389	0.080659	0	0	0	0	0	0	0	0	0	0	0	0	0.047886	0.032587	0	0	0	0	0	0	0	0	0	0	0	0	0.035885	0	0	0	0	0	0	0	0	0	0	0	0	0	0	0	0	0	0	0	0	0.036733	0	0	0
"Aggregatibacter aphrophilus"	0	0	0	0	0	0	0	0	0	0	0	0	0	0	0	0	0	0	0	0	0	0	0	0	0	0	0	0	0	0	0	0	0	0	0	0	0	0	0	0	0	0	0	0	0.035239	0	0	0	0	0	0	0	0	0	0	0	0	0	0	0	0	0	0	0	0	0	0	0	0	0	0	0	0	0	0	0	0	0	0	0	0	0	0	0	0	0	0	0	0	0	0	0	0	0	0	0	0
"Haemophilus influenzae"	0	0	0	0	0	0	0	0	0	0.042168	0	0	0	0	0	0	0	0	0	0	0	0	0	0	0	0	0	0	0	0	0	0.047729	0	0	0	0	0	0	0	0	0	0	0	0	0	0	0	0	0	0	0	0	0	0	0	0	0	0	0	0	0	0	0	0	0	0	0	0	0	0	0	0	0	0	0	0	0	0	0	0	0	0.032808	0	0	0	0	0	0	0	0	0	0	0	0	0	0	0
"Haemophilus_A sputorum"	0	0	0	0	0	0	0	0	0	0	0	0	0	0	0	0	0	0	0	0	0	0	0	0	0	0	0	0	0	0	0	0	0	0	0	0	0	0	0	0	0	0	0	0	0	0	0	0	0	0	0	0	0	0	0	0	0	0	0	0	0	0	0	0	0	0	0	0	0	0	0	0	0	0	0	0.127269	0	0	0	0	0	0	0	0	0	0	0	0	0	0	0	0	0	0	0	0	0
"Haemophilus_D parainfluenzae"	0	0	0	0	0	0	0.071406	0	0	0.117879	0	0	0	0	0	0	0	0	0	0	0	0	0	0	0	0	0	0	0	0	0	0.571689	0	0	0	0	0	0	0	0.065951	0	0	0	0	0.096907	0	0	0	0	0	0	0	0	0	0	0	0	0	0	0.455338	0	0	0	0	0	0	0	0	0	0	0	0	0	0.334761	0	0.052524	0	0	0	0	0	0.094778	0	0	0	0	0	0	0	0	0	0	0	0	0	0	0
"Haemophilus_D parainfluenzae_A"	0	0	0	0	0	0	0	0	0	0	0	0	0	0	0	0	0	0	0	0	0	0	0	0	0	0	0	0	0	0	0	0	0	0	0	0	0	0	0	0	0	0	0	0	0	0	0	0	0	0	0	0	0	0	0	0	0	0	0	0	0	0	0	0	0	0	0	0	0	0	0	0	0	0	0	0	0	0	0	0	0	0.027947	0	0	0	0	0	0	0	0	0	0	0	0	0	0	0
"Haemophilus_D parainfluenzae_J"	0	0	0	0	0	0	0	0	0	0	0	0	0	0	0	0	0	0	0	0	0	0	0	0	0	0	0	0	0	0	0	0	0	0	0	0	0	0	0	0	0	0	0	0	0	0	0	0	0	0	0	0	0	0	0	0	0	0	0	0	0	0	0	0	0	0	0	0	0	0	0	0	0	0	0	0	0	0	0	0	0	0.031593	0	0	0	0	0	0	0	0	0	0	0	0	0	0	0
"Haemophilus_D parainfluenzae_K"	0	0	0	0	0	0	0.058988	0.052365	0	0.197424	0	0	0	0	0	0	0	0	0	0	0	0	0	0	0	0	0	0	0	0	0	0.043487	0	0	0	0	0	0	0	0	0	0	0	0	0.137179	0	0	0	0	0	0	0	0	0	0	0	0	0	0	0.045798	0	0	0	0	0	0	0	0	0	0	0	0	0	0	0	0.086866	0	0	0	0	0	0.038883	0	0	0	0	0	0	0	0	0	0	0	0	0	0	0
"Haemophilus_D parainfluenzae_L"	0	0	0	0	0	0	0.069854	0	0	0.044085	0	0	0	0	0	0	0	0	0	0	0	0	0	0	0	0	0	0	0	0	0	0	0	0	0	0	0	0	0	0	0	0	0	0	0.032722	0	0	0	0	0	0	0	0	0	0	0	0	0	0	0	0	0	0	0	0	0	0	0	0	0	0	0	0	0	0	0.233326	0	0	0	0	0	0	0	0	0	0	0	0	0	0	0	0	0	0	0	0	0
"Haemophilus_D parainfluenzae_M"	0	0	0	0	0	0	0.043465	0	0	0.037376	0	0	0	0	0	0	0	0	0	0	0	0	0	0	0	0	0	0	0	0	0	0	0	0	0	0	0	0	0	0	0	0	0	0	0.032722	0	0	0	0	0	0	0	0	0	0	0	0	0	0	0.034349	0	0	0	0	0	0	0	0	0	0	0	0	0	0	0	0	0	0	0	0	0	0.034023	0	0	0	0	0	0	0	0	0	0	0	0	0	0	0
"Haemophilus_D sp001679485"	0	0	0	0	0	0	0.150574	0	0	0	0	0	0	0	0	0	0	0	0	0	0	0	0	0	0	0	0	0	0	0	0	0	0	0	0	0	0	0	0	0	0	0	0	0	0.049083	0	0	0	0	0	0	0	0	0	0	0	0	0	0	0	0	0	0	0	0	0	0	0	0	0	0	0	0	0	0	0.074745	0	0	0	0	0	0.042528	0	0	0	0	0	0	0	0	0	0	0	0	0	0	0
"Haemophilus_D sp001815355"	0	0	0	0	0	0	0	0	0	0.053669	0	0	0	0	0	0	0	0	0	0	0	0	0	0	0	0	0	0	0	0	0	0	0	0	0	0	0	0	0	0	0	0	0	0	0.236603	0	0	0	0	0	0	0	0	0	0	0	0	0	0	0	0	0	0	0	0	0	0	0	0	0	0	0	0	0	0	0	0	0	0	0	0	0	0	0	0	0	0	0	0	0	0	0	0	0	0	0	0
"Succinatimonas hippei"	0	0	0	0	0	0	0	0	0	0	0	0	0	0	0	0	0	0	0	0	0	0	0	0	0	0	0	0	0	0	0.899729	0	0	0	0	0	0	0	0	0	0	0	0	0	0	0	0	0	0	0.183493	0	0	0	0	0	0	0	0	0	0	0	0	0	0	0	0	0	0	0	0	0	0	0	0	0	0	0	0	0	0	0	0	0	0	0	0	0	0	0	0	0	0	0	0	0	0	0
"Succinivibrio sp000431835"	0	0	0	0	0	0	0	0	0	0	0	0	0	0	0	0	0	0	0	0	0	0	0	0	0	0	0	0	0	0	0	0	0	0	0	0	0	0	0	0	0	0	0	0	0	0	0	0	0	0	0	0	0	0	0	0	0	0	0	0	0	0	0	0	0	0	0	0	0	0	0	0	0	0	0	0.708059	0	0	0	0	0	0	0	0	0	0	0	0	0	0	0	0	0	0	0	0	0
"Pseudomonas aeruginosa"	0	0	0	0	0	0	0	0	0	0	0	0	0	0	0	0	0	0	0	0	0	0	0	0	0	0	0	0	0	0	0	0	0	0	0	0	0	0	0	0	0	0	0	0	0	0	0	0	0	0	0	0	0	0	0	0	0	0	0	0	0	0	0	0	0	0	0	0	0	0	0	0	0	0	0	0	0	0	0	0	0	0	0	0	0	0	0	0	0	0	0	0	0	0	0	0	0.047708
"Pyramidobacter piscolens"	0	0	0	0	0	0	0	0	0	0	0	0	0	0	0	0	0	0	0	0	0	0	0	0	0	0	0	0	0	0	0	0	0	0	0	0	0	0	0	0	0	0	0	0	0	0	0	0	0	0	0	0	0	0	0	0	0	0	0	0	0.458115	0	0	0	0	0	0	0	0	0	0	0	0	0	0	0	0	0	0	0	0	0	0	0	0	0	0	0	0	0	0	0	0	0	0	0	0
"Pyramidobacter sp002007215"	0	0	0	0	0	0	0	0	0	0	0	0	0	0	0	0	0	0	0	0	0	0	0	0	0	0	0	0	0	0	0	0	0	0	0	0	0	0	0	0	0	0	0	0	0	0	0	0	0	0	0	0	0	0	0	0	0	0	0	0	0.046509	0	0	0	0	0	0	0	0	0	0	0	0	0	0	0	0	0	0	0	0	0	0	0	0	0	0	0	0	0	0	0	0	0	0	0	0
"An23 sp002159945"	0	0	0	0.053808	0	0	0	0	0	0	0	0	0	0	0	0	0	0	0	0	0	0	0	0	0	0	0	0	0	0	0	0	0	0	0	0	0	0	0	0	0	0	0	0	0	0	0	0	0	0	0	0	0	0	0	0	0	0	0	0	0	0	0	0	0	0	0	0	0	0	0	0	0	0	0	0	0.047004	0	0	0	0	0	0	0	0	0	0	0	0	0	0	0	0	0	0	0	0
"Cloacibacillus evryensis"	0	0	0	0	0	0	0	0	0	0	0	0	0	0	0	0	0	0	0	0	0.628393	0	0.08408	0	0	0	0	0	0	0	0	0	0	0	0	0	0	0	0	0	0	0	1.280094	0	0	0	0	0	0	0	0	0	0	0	0	0	0	0	0	0	0	0	0	0.09525	0	0	0	0	0	0	0	0	0	0	0	0	0	0	0	0	0	0	0	0	0	0	0	0	0	0	0	0	0	0	0	0.361421	0
"Cloacibacillus porcorum"	0	0	0	0	0	0	0	0	0	0	0	0	0	0	0	0	0	0	0.195196	0	0	0	0	0	0	0	0	0	0	0	0	0	0	0	0	0	0	0	0	0	0	0	1.412392	0	0	0	0	0	0	0	0	0	0	0	0	0	0	0	0	0	0	0	0	0	0	0	0.077702	0	0	0	0	0	0	0	0	0	0	0	0	0	0	0	0.035351	0	0	0	0	0	0	0	0	0	0	0	0	0	0.133752
"UBA11452 sp003526375"	0	0	2.123989	0.100486	0.044684	0	0	0	0	0	0	0	0	0	0	0	2.395348	0	0	0	0	0	0	0.109284	0	0	0	0	0	0	0	0	0	0	0	0	0	0	0	0	0	0	0	0	0	0	0	0	0	0	0	0	0	0	0	0	0	0	0	0	0	0	0	0	0	0	1.19467	0	0	0	0	0	0	0	0	0	0.05835	0	0	0	0	0	0	2.371876	0	0	0	0	0	0	0.291314	0	0	0	0.080324	0	0
"Victivallis sp002998355"	0	0	0.207143	0.176984	0	0	0	0	0	0	0	0	0	0	0	0.186704	0.086286	0	0	0	1.717085	0.186144	0	0.06343	0	0	0.064917	0	0	0	0	0	0	0	0	0	0	0	0	0	0	0	0.325657	0	0	0	0	0	0	0	0	0	0	0	0	0	0.047141	0	0	0	0	0	0	0.119979	0.566492	0	1.343599	0	0	0	0	0	0	0	0	0	0.300663	0	0	0	0	0	0.107698	0.399284	0	0	0	0	0.302307	0	0	0	0	0	0	1.051148	0
"Victivallis vadensis"	0	0	1.113626	0	0	0	0	0	0	0	0	0	0	0	0	0	0	0	0	0	0	0	0	0.056552	0	0	0	0	0	0	0	0	0	0	0	0	0	0	0	0	0	0	0.154106	0	0	0	0	0	0	0	0	0	0	0	0	0	0	0	0	0	0	0	0	0	0	0	0.050506	0	0	0	0	0	0	0	0	0	0	0.173422	0	0	0	0	0	0	0	0	0	0	0	0	0	0	0	0	0	0	0
"CAG-312 sp000438015"	0	0	0	0	0	0	0	0	0	0	0	0	0	0	0	0	0	0	0	0	0	0	0	0	0	0	0	0	0	0	0	0	0	0	0	0	0	0	0	0	0	0	0	0	0	0	0	0	0	0	0	0	0	0	0	0	0	0	0	0	0	0	0	0	0	0	1.19467	0	0	0	0	0	0	0	0	0	0	0	0	0	0	0	0	0	0	0	0	0	0	0	0	0	0	0	0.115513	0	0
"CAG-312 sp001917305"	0	0.056628	0.379041	0	0.404321	0	0	0	0	0	0	0	0	0	0	0	0	0	0	0	1.6966	0	0	0.077951	0	0	0	0	0	0	0	0	0	0	0	0	0	0	0	0	0	0	0	0	0	0	0	0	0	0	0	0	0	0	0	0	0	0	0	0	0	0	0	0	0	0	0.113316	0	0	0	0	0	0	0	0	0	0	0	0	0	0	0	0	0	0	0	0	0	0	0	0	0	0	0	0.107863	0	0
"Akkermansia muciniphila"	0	0	0.544755	0.692378	0	0	0	0	1.70562	0	0	0	0	0	0	0	0	0	0	0	0	0	1.332469	0.662581	0	0	0.704676	0	0	0	0	0	0	0	1.149015	1.101241	0	0	0	0	0.793516	0	0.041434	0	0	0	0	0	0	0	0.483801	0	0	0	0.045626	0	0	0	0	0.073101	0	0	0	0	0	0	0	0	0	0	0	0	0.042863	0	0	0	0	0	0	0	1.543515	0	1.237298	1.025286	0	0	0	0	0.054432	0	0	0	0	0	1.178082	1.219558	0
"Akkermansia muciniphila_A"	0	0	0	0	0	0	0	0	0	0	0	0	0	0	0	0	0	0	0	0	0	0	0	0	0	0	0.05739	0	0	0	0	0	0	0	0	0.05545	0	0	0	0	0.045436	0	0	0	0	0	0	0	0	0	0.044739	0	0	0	0	0	0	0	0	0	0	0	0	0	0	0	0	0	0	0	0	0	0	0	0	0	0	0	0	0	0	0	0	0	0	0	0	0	0	0	0	0	0	0	0	0	0
"Akkermansia muciniphila_B"	0	0	0	0	0	0	0	0	0	0	0.04506	0	0	0	0	0	0	0	0	0	0	0	0	0	0	0	0	0	0	0	0	0	0	0	0	0	0	0	0	0	0	0	0	0	0	0	0	0	0	0	0	0	0	0	1.163953	0	1.385752	0	0	0	0	0	0	0	0.071186	0	0	0	0	0	0	0	0	0	0	0	0	0	0	0	0	0	0	0	0	0	0	0	0	0	0	0	0	0	0	0	0
"Akkermansia muciniphila_C"	0	0	0	0	0	0	0	0	0	0	0	0	0	0	0	0	0	0	0	0	0	0	0	0	0	0.039276	0	0	0	0	0	0	0	0	0	0	0	0	0	0	0	0	0	0	0	0	0	0	0	0	0	0	0	0	0.046597	0	0	0	0	0	0	0	0	0	0	0	0	0	0	0	0	0	0	0	0	0	0	0	0	0	0	0	0	0	0	0	0	0	0	0	0	0	0	0	0	0	0
"Chlamydia trachomatis"	0	0	0	0	0	0	0	0	0	0	0	0	0	0	0	0	0	0	0	0	0	0	0	0	0	0	0	0	0	0	0	0	0	0	0	0	0	0	0	0	0	0	0	0	0	0	0	0	0	0	0	0	0	0	0	0	0	0	0	0	0	0	0	0	0	0	0	0	0	0	0	0	0	0	0	0	0	0	0	0	0	0	0	0	0	0	0	0	0	0	0	0	0	0	0.058139	0	0
